{
  "summary": {
    "successRate": 1,
    "total": 10.000693586,
    "slowest": 0.006343715,
    "fastest": 0.000116785,
    "average": 0.0009384026991449757,
    "requestsPerSec": 53187.71097482958,
    "totalData": 6914882,
    "sizePerRequest": 13,
    "sizePerSec": 691440.2426727845
  },
  "responseTimeHistogram": {
    "0.000116785": 1,
    "0.0007394779999999999": 35437,
    "0.0013621709999999997": 494609,
    "0.001984864": 1565,
    "0.0026075569999999995": 202,
    "0.003230249999999999": 0,
    "0.0038529429999999993": 23,
    "0.004475636": 12,
    "0.0050983289999999995": 14,
    "0.005721021999999999": 1,
    "0.006343714999999999": 50
  },
  "latencyPercentiles": {
    "p10": 0.000794839,
    "p25": 0.000878771,
    "p50": 0.00095233,
    "p75": 0.001013178,
    "p90": 0.001058368,
    "p95": 0.001099546,
    "p99": 0.001211886
  },
  "rps": {
    "mean": 53183.517740048504,
    "stddev": 3319.9188044237835,
    "max": 68663.71305935172,
    "percentiles": {
      "p10": 50826.778922194986,
      "p25": 51696.65724004172,
      "p50": 52617.690067400355,
      "p75": 54316.26228893005,
      "p90": 57485.38303942799,
      "p95": 58906.69769152837,
      "p99": 62317.09381928459
    }
  },
  "details": {
    "DNSDialup": {
      "average": 0.0007554844800000001,
      "fastest": 0.000093354,
      "slowest": 0.001363366
    },
    "DNSLookup": {
      "average": 0.000007295140000000001,
      "fastest": 0.000003367,
      "slowest": 0.000045936
    }
  },
  "statusCodeDistribution": {
    "200": 531914
  },
  "errorDistribution": {}
}