{
  "summary": {
    "successRate": 1,
    "total": 10.000476067,
    "slowest": 0.004545156,
    "fastest": 0.000331844,
    "average": 0.0009388132582597343,
    "requestsPerSec": 53167.96884845743,
    "totalData": 6912165,
    "sizePerRequest": 13,
    "sizePerSec": 691183.5950299465
  },
  "responseTimeHistogram": {
    "0.000331844": 1,
    "0.0007531752": 52453,
    "0.0011745064": 468992,
    "0.0015958376": 9634,
    "0.0020171688": 411,
    "0.0024385": 109,
    "0.0028598312": 52,
    "0.0032811624": 9,
    "0.0037024936": 3,
    "0.0041238248": 20,
    "0.004545156": 21
  },
  "latencyPercentiles": {
    "p10": 0.000756971,
    "p25": 0.000880825,
    "p50": 0.000961386,
    "p75": 0.001026577,
    "p90": 0.001076777,
    "p95": 0.001117898,
    "p99": 0.00121463
  },
  "rps": {
    "mean": 53161.63202131537,
    "stddev": 4717.052197093209,
    "max": 75165.11553959036,
    "percentiles": {
      "p10": 49815.94608434132,
      "p25": 50750.17993245591,
      "p50": 51797.37911296377,
      "p75": 54000.66263521728,
      "p90": 59403.67114687588,
      "p95": 63633.17150131704,
      "p99": 68713.08297100141
    }
  },
  "details": {
    "DNSDialup": {
      "average": 0.00078856478,
      "fastest": 0.000070171,
      "slowest": 0.001365261
    },
    "DNSLookup": {
      "average": 0.00000732234,
      "fastest": 0.000003426,
      "slowest": 0.000033914
    }
  },
  "statusCodeDistribution": {
    "200": 531705
  },
  "errorDistribution": {}
}