{
  "summary": {
    "successRate": 1,
    "total": 10.000589108,
    "slowest": 0.004879392,
    "fastest": 0.000258876,
    "average": 0.0009875920225128115,
    "requestsPerSec": 50537.12281766511,
    "totalData": 6570213,
    "sizePerRequest": 13,
    "sizePerSec": 656982.5966296465
  },
  "responseTimeHistogram": {
    "0.000258876": 1,
    "0.0007209276": 11133,
    "0.0011829791999999999": 483714,
    "0.0016450307999999999": 10081,
    "0.0021070824": 364,
    "0.002569134": 49,
    "0.0030311856": 9,
    "0.0034932372": 8,
    "0.0039552888": 9,
    "0.0044173404": 15,
    "0.004879392": 18
  },
  "latencyPercentiles": {
    "p10": 0.000863639,
    "p25": 0.000923472,
    "p50": 0.000997849,
    "p75": 0.001057671,
    "p90": 0.001099846,
    "p95": 0.001132454,
    "p99": 0.001224953
  },
  "rps": {
    "mean": 50537.32402415593,
    "stddev": 2405.726541050989,
    "max": 63991.475814676654,
    "percentiles": {
      "p10": 48692.60851253746,
      "p25": 49416.26783537103,
      "p50": 50355.87345144671,
      "p75": 51638.07735564481,
      "p90": 53121.07439787497,
      "p95": 54123.253006325256,
      "p99": 56713.53752140942
    }
  },
  "details": {
    "DNSDialup": {
      "average": 0.0006644191200000001,
      "fastest": 0.000149275,
      "slowest": 0.001081423
    },
    "DNSLookup": {
      "average": 0.0000063101800000000005,
      "fastest": 0.000003466,
      "slowest": 0.000028643
    }
  },
  "statusCodeDistribution": {
    "200": 505401
  },
  "errorDistribution": {}
}