{
  "summary": {
    "successRate": 1,
    "total": 10.00065601,
    "slowest": 0.006176872,
    "fastest": 0.000168367,
    "average": 0.0009612351744046223,
    "requestsPerSec": 51924.69368816936,
    "totalData": 6750653,
    "sizePerRequest": 13,
    "sizePerSec": 675021.0179462017
  },
  "responseTimeHistogram": {
    "0.000168367": 1,
    "0.0007692174999999999": 32124,
    "0.001370068": 484989,
    "0.0019709185": 2000,
    "0.002571769": 48,
    "0.0031726194999999995": 21,
    "0.0037734699999999997": 22,
    "0.0043743205": 10,
    "0.004975171": 13,
    "0.005576021499999999": 4,
    "0.006176871999999999": 49
  },
  "latencyPercentiles": {
    "p10": 0.00082292,
    "p25": 0.000896248,
    "p50": 0.000972418,
    "p75": 0.001034066,
    "p90": 0.001085584,
    "p95": 0.001131398,
    "p99": 0.001253488
  },
  "rps": {
    "mean": 51921.56447618761,
    "stddev": 3140.942072900699,
    "max": 70835.62323491684,
    "percentiles": {
      "p10": 49432.80855503809,
      "p25": 50561.811814944165,
      "p50": 51644.41936509356,
      "p75": 53213.771724121405,
      "p90": 55421.703138944504,
      "p95": 56921.96618675265,
      "p99": 60547.614644149864
    }
  },
  "details": {
    "DNSDialup": {
      "average": 0.0006838793800000002,
      "fastest": 0.000070291,
      "slowest": 0.001538288
    },
    "DNSLookup": {
      "average": 0.000006001160000000001,
      "fastest": 0.000003106,
      "slowest": 0.000027341
    }
  },
  "statusCodeDistribution": {
    "200": 519281
  },
  "errorDistribution": {}
}