{
  "summary": {
    "successRate": 1,
    "total": 10.000676001,
    "slowest": 0.005650698,
    "fastest": 0.00012784,
    "average": 0.0009460551605688104,
    "requestsPerSec": 52758.233538137,
    "totalData": 6859034,
    "sizePerRequest": 13,
    "sizePerSec": 685857.035995781
  },
  "responseTimeHistogram": {
    "0.00012784": 1,
    "0.0006801258": 17905,
    "0.0012324116": 506607,
    "0.0017846974000000002": 2805,
    "0.0023369832000000004": 154,
    "0.0028892690000000003": 52,
    "0.0034415548000000006": 2,
    "0.0039938406000000004": 10,
    "0.0045461264": 16,
    "0.0050984122": 10,
    "0.005650698": 56
  },
  "latencyPercentiles": {
    "p10": 0.000820557,
    "p25": 0.000888052,
    "p50": 0.000958463,
    "p75": 0.001017468,
    "p90": 0.001056919,
    "p95": 0.001087272,
    "p99": 0.001187169
  },
  "rps": {
    "mean": 52758.530553761644,
    "stddev": 3026.640783002885,
    "max": 74236.59282606885,
    "percentiles": {
      "p10": 50628.82298892755,
      "p25": 51534.14652549008,
      "p50": 52381.71547614043,
      "p75": 53753.06502579294,
      "p90": 56000.75041005909,
      "p95": 57526.99166448558,
      "p99": 60931.21047919914
    }
  },
  "details": {
    "DNSDialup": {
      "average": 0.00079172984,
      "fastest": 0.000112579,
      "slowest": 0.001262327
    },
    "DNSLookup": {
      "average": 0.00000624556,
      "fastest": 0.000003297,
      "slowest": 0.000033131
    }
  },
  "statusCodeDistribution": {
    "200": 527618
  },
  "errorDistribution": {}
}