{
  "summary": {
    "successRate": 1,
    "total": 10.000578897,
    "slowest": 0.005245915,
    "fastest": 0.000124292,
    "average": 0.0009411815029857953,
    "requestsPerSec": 53031.430026425194,
    "totalData": 6894485,
    "sizePerRequest": 13,
    "sizePerSec": 689408.5903435276
  },
  "responseTimeHistogram": {
    "0.000124292": 1,
    "0.0006364543": 16139,
    "0.0011486166": 503502,
    "0.0016607789": 10279,
    "0.0021729412": 283,
    "0.0026851035": 41,
    "0.0031972657999999998": 0,
    "0.0037094281": 0,
    "0.0042215904": 9,
    "0.0047337527": 24,
    "0.005245915": 67
  },
  "latencyPercentiles": {
    "p10": 0.000802884,
    "p25": 0.000881784,
    "p50": 0.000954807,
    "p75": 0.001016084,
    "p90": 0.001060888,
    "p95": 0.001095599,
    "p99": 0.001194246
  },
  "rps": {
    "mean": 53031.12820523788,
    "stddev": 3288.5830508987756,
    "max": 74190.04445695669,
    "percentiles": {
      "p10": 50622.93218828126,
      "p25": 51513.355137980754,
      "p50": 52551.939251969256,
      "p75": 54316.68501744629,
      "p90": 56629.45297849287,
      "p95": 58255.20935428382,
      "p99": 62586.41306051523
    }
  },
  "details": {
    "DNSDialup": {
      "average": 0.0006152100200000001,
      "fastest": 0.00007405,
      "slowest": 0.001089859
    },
    "DNSLookup": {
      "average": 0.000006053659999999999,
      "fastest": 0.000003115,
      "slowest": 0.000029365
    }
  },
  "statusCodeDistribution": {
    "200": 530345
  },
  "errorDistribution": {}
}