{
  "summary": {
    "successRate": 1,
    "total": 10.000638092,
    "slowest": 0.008605983,
    "fastest": 0.000116531,
    "average": 0.0009560580277833018,
    "requestsPerSec": 52204.26888736571,
    "totalData": 6786988,
    "sizePerRequest": 13,
    "sizePerSec": 678655.4955357542
  },
  "responseTimeHistogram": {
    "0.000116531": 1,
    "0.0009654762": 257714,
    "0.0018144214": 263990,
    "0.0026633666": 238,
    "0.0035123118": 22,
    "0.0043612569999999995": 11,
    "0.0052102022": 11,
    "0.006059147399999999": 55,
    "0.0069080925999999996": 0,
    "0.0077570378": 23,
    "0.008605983": 11
  },
  "latencyPercentiles": {
    "p10": 0.000823381,
    "p25": 0.000894101,
    "p50": 0.000967333,
    "p75": 0.001027869,
    "p90": 0.001074361,
    "p95": 0.001110351,
    "p99": 0.001217631
  },
  "rps": {
    "mean": 52203.53643064639,
    "stddev": 3266.343484919265,
    "max": 71167.49727199464,
    "percentiles": {
      "p10": 49915.11928963245,
      "p25": 50903.491525021,
      "p50": 51921.064375818096,
      "p75": 53383.68285853867,
      "p90": 55501.087821318826,
      "p95": 56948.919242799995,
      "p99": 60601.75139061606
    }
  },
  "details": {
    "DNSDialup": {
      "average": 0.00059933476,
      "fastest": 0.000074009,
      "slowest": 0.001425058
    },
    "DNSLookup": {
      "average": 0.0000069453,
      "fastest": 0.000003877,
      "slowest": 0.000029154
    }
  },
  "statusCodeDistribution": {
    "200": 522076
  },
  "errorDistribution": {}
}