{
  "summary": {
    "successRate": 1,
    "total": 10.000676663,
    "slowest": 0.006186094,
    "fastest": 0.000157492,
    "average": 0.0009449049444336082,
    "requestsPerSec": 52823.32564100018,
    "totalData": 6867497,
    "sizePerRequest": 13,
    "sizePerSec": 686703.2333330023
  },
  "responseTimeHistogram": {
    "0.000157492": 1,
    "0.0007603521999999999": 29783,
    "0.0013632123999999999": 496353,
    "0.0019660726": 1831,
    "0.0025689327999999997": 196,
    "0.0031717929999999996": 7,
    "0.0037746532": 4,
    "0.0043775134": 21,
    "0.0049803736": 23,
    "0.0055832338": 0,
    "0.006186094": 50
  },
  "latencyPercentiles": {
    "p10": 0.00081856,
    "p25": 0.000884913,
    "p50": 0.000955674,
    "p75": 0.001013974,
    "p90": 0.001056398,
    "p95": 0.001091528,
    "p99": 0.001209766
  },
  "rps": {
    "mean": 52822.08783291405,
    "stddev": 3099.8305907517574,
    "max": 63069.117445809716,
    "percentiles": {
      "p10": 50749.84649922808,
      "p25": 51598.183462861685,
      "p50": 52630.230804580395,
      "p75": 54060.43071894546,
      "p90": 56229.584481607315,
      "p95": 57942.172709176724,
      "p99": 59986.85715089572
    }
  },
  "details": {
    "DNSDialup": {
      "average": 0.00054745438,
      "fastest": 0.000072582,
      "slowest": 0.000953101
    },
    "DNSLookup": {
      "average": 0.00000640626,
      "fastest": 0.000003165,
      "slowest": 0.000024615
    }
  },
  "statusCodeDistribution": {
    "200": 528269
  },
  "errorDistribution": {}
}