{
  "summary": {
    "successRate": 1,
    "total": 10.000659821,
    "slowest": 0.005938409,
    "fastest": 0.00013448,
    "average": 0.0009309247216207633,
    "requestsPerSec": 53615.76231940907,
    "totalData": 6970509,
    "sizePerRequest": 13,
    "sizePerSec": 697004.9101523178
  },
  "responseTimeHistogram": {
    "0.00013448": 1,
    "0.0007148729": 37758,
    "0.0012952658": 495089,
    "0.0018756587": 3024,
    "0.0024560516": 180,
    "0.0030364445": 37,
    "0.0036168374": 7,
    "0.0041972303": 13,
    "0.0047776232": 31,
    "0.0053580161": 3,
    "0.0059384089999999995": 50
  },
  "latencyPercentiles": {
    "p10": 0.000773954,
    "p25": 0.000870152,
    "p50": 0.000945473,
    "p75": 0.001009401,
    "p90": 0.001057661,
    "p95": 0.001100943,
    "p99": 0.00123296
  },
  "rps": {
    "mean": 53611.496622016,
    "stddev": 3960.5416513811383,
    "max": 70004.31926649698,
    "percentiles": {
      "p10": 50514.99532585447,
      "p25": 51929.29876098389,
      "p50": 53214.64317817515,
      "p75": 55221.624788264846,
      "p90": 57823.24494446116,
      "p95": 60189.17628358154,
      "p99": 64831.783566454666
    }
  },
  "details": {
    "DNSDialup": {
      "average": 0.0009078593199999999,
      "fastest": 0.000577612,
      "slowest": 0.001254503
    },
    "DNSLookup": {
      "average": 0.00000556006,
      "fastest": 0.000002625,
      "slowest": 0.000031359
    }
  },
  "statusCodeDistribution": {
    "200": 536193
  },
  "errorDistribution": {}
}