{
  "summary": {
    "successRate": 1,
    "total": 10.0006416,
    "slowest": 0.006037108,
    "fastest": 0.000108361,
    "average": 0.000935971647983618,
    "requestsPerSec": 53324.77868219975,
    "totalData": 6932666,
    "sizePerRequest": 13,
    "sizePerSec": 693222.1228685968
  },
  "responseTimeHistogram": {
    "0.000108361": 1,
    "0.0007012356999999999": 34746,
    "0.0012941104": 496676,
    "0.0018869851": 1577,
    "0.0024798598": 106,
    "0.0030727345": 34,
    "0.0036656092": 12,
    "0.0042584839": 29,
    "0.0048513586": 28,
    "0.0054442333": 23,
    "0.006037108": 50
  },
  "latencyPercentiles": {
    "p10": 0.000773205,
    "p25": 0.000875485,
    "p50": 0.000951508,
    "p75": 0.001017132,
    "p90": 0.001064189,
    "p95": 0.001103418,
    "p99": 0.001204542
  },
  "rps": {
    "mean": 53319.58171894744,
    "stddev": 4011.102808790208,
    "max": 68024.4247936185,
    "percentiles": {
      "p10": 50106.478767704684,
      "p25": 51088.94524907759,
      "p50": 52381.615785482136,
      "p75": 55224.90643280306,
      "p90": 58483.55649040118,
      "p95": 60653.22722366181,
      "p99": 63953.50990173301
    }
  },
  "details": {
    "DNSDialup": {
      "average": 0.0007451249800000001,
      "fastest": 0.000075413,
      "slowest": 0.001205563
    },
    "DNSLookup": {
      "average": 0.000006843520000000002,
      "fastest": 0.000002945,
      "slowest": 0.000030817
    }
  },
  "statusCodeDistribution": {
    "200": 533282
  },
  "errorDistribution": {}
}