{
  "summary": {
    "successRate": 1,
    "total": 10.000642259,
    "slowest": 0.005028981,
    "fastest": 0.000261998,
    "average": 0.000909146177127801,
    "requestsPerSec": 54898.07412178127,
    "totalData": 7137208,
    "sizePerRequest": 13,
    "sizePerSec": 713674.9635831565
  },
  "responseTimeHistogram": {
    "0.000261998": 1,
    "0.0007386962999999999": 58912,
    "0.0012153946": 486362,
    "0.0016920929000000002": 3444,
    "0.0021687912": 184,
    "0.0026454894999999997": 11,
    "0.0031221878": 2,
    "0.0035988861": 9,
    "0.0040755844": 14,
    "0.0045522827": 23,
    "0.005028981": 54
  },
  "latencyPercentiles": {
    "p10": 0.000727416,
    "p25": 0.000844321,
    "p50": 0.000923946,
    "p75": 0.000998444,
    "p90": 0.001047789,
    "p95": 0.00108224,
    "p99": 0.001187529
  },
  "rps": {
    "mean": 54896.5493964008,
    "stddev": 4323.19600444193,
    "max": 73202.87687306014,
    "percentiles": {
      "p10": 51002.27980190661,
      "p25": 52109.744522225395,
      "p50": 54306.33630010092,
      "p75": 56813.74892723878,
      "p90": 60233.730889297585,
      "p95": 62411.17927476142,
      "p99": 67057.75636225232
    }
  },
  "details": {
    "DNSDialup": {
      "average": 0.0006829374000000001,
      "fastest": 0.000104812,
      "slowest": 0.00101068
    },
    "DNSLookup": {
      "average": 0.00000757674,
      "fastest": 0.000003547,
      "slowest": 0.00003199
    }
  },
  "statusCodeDistribution": {
    "200": 549016
  },
  "errorDistribution": {}
}