{
  "summary": {
    "successRate": 1,
    "total": 10.000630664,
    "slowest": 0.005476366,
    "fastest": 0.000150295,
    "average": 0.0009414738111969505,
    "requestsPerSec": 53016.45644295139,
    "totalData": 6892574,
    "sizePerRequest": 13,
    "sizePerSec": 689213.9337583681
  },
  "responseTimeHistogram": {
    "0.000150295": 1,
    "0.0006829021": 18663,
    "0.0012155091999999999": 507533,
    "0.0017481162999999997": 3687,
    "0.0022807234": 164,
    "0.0028133305": 51,
    "0.0033459375999999996": 12,
    "0.0038785446999999996": 14,
    "0.0044111518": 23,
    "0.004943758899999999": 0,
    "0.005476366": 50
  },
  "latencyPercentiles": {
    "p10": 0.000812762,
    "p25": 0.000882237,
    "p50": 0.0009529,
    "p75": 0.001012093,
    "p90": 0.001055397,
    "p95": 0.001088916,
    "p99": 0.001192289
  },
  "rps": {
    "mean": 53014.93623216529,
    "stddev": 2985.2399999471477,
    "max": 70746.26805930758,
    "percentiles": {
      "p10": 50739.5947731407,
      "p25": 51756.77126014688,
      "p50": 52801.67909339453,
      "p75": 54210.25115849359,
      "p90": 56234.522373285625,
      "p95": 57356.43006334426,
      "p99": 60091.89252203831
    }
  },
  "details": {
    "DNSDialup": {
      "average": 0.0007169774599999999,
      "fastest": 0.000076245,
      "slowest": 0.001096139
    },
    "DNSLookup": {
      "average": 0.00000638926,
      "fastest": 0.000003176,
      "slowest": 0.000028203
    }
  },
  "statusCodeDistribution": {
    "200": 530198
  },
  "errorDistribution": {}
}