{
  "summary": {
    "successRate": 1,
    "total": 10.000661908,
    "slowest": 0.007345458,
    "fastest": 0.000125716,
    "average": 0.0009655067702908954,
    "requestsPerSec": 51683.67901593899,
    "totalData": 6719323,
    "sizePerRequest": 13,
    "sizePerSec": 671887.8272072069
  },
  "responseTimeHistogram": {
    "0.000125716": 1,
    "0.0008476902000000001": 75048,
    "0.0015696644000000003": 440709,
    "0.0022916386": 904,
    "0.0030136128000000004": 90,
    "0.0037355870000000007": 32,
    "0.0044575612": 19,
    "0.0051795354": 19,
    "0.0059015096": 13,
    "0.006623483800000001": 16,
    "0.007345458000000001": 20
  },
  "latencyPercentiles": {
    "p10": 0.00079282,
    "p25": 0.00090553,
    "p50": 0.000982787,
    "p75": 0.001050861,
    "p90": 0.001097169,
    "p95": 0.001133424,
    "p99": 0.001244433
  },
  "rps": {
    "mean": 51675.03231532769,
    "stddev": 3794.1535756005346,
    "max": 66837.64964804672,
    "percentiles": {
      "p10": 48971.351258784234,
      "p25": 49788.63372576138,
      "p50": 50828.25542719244,
      "p75": 52872.797197137195,
      "p90": 56303.51896993544,
      "p95": 58793.770184066605,
      "p99": 63318.56500326108
    }
  },
  "details": {
    "DNSDialup": {
      "average": 0.0008171081199999997,
      "fastest": 0.00009755,
      "slowest": 0.001147061
    },
    "DNSLookup": {
      "average": 0.00000638996,
      "fastest": 0.000003527,
      "slowest": 0.000025268
    }
  },
  "statusCodeDistribution": {
    "200": 516871
  },
  "errorDistribution": {}
}