{
  "summary": {
    "successRate": 1,
    "total": 10.000463465,
    "slowest": 0.005368003,
    "fastest": 0.00004265,
    "average": 0.0009248575200337135,
    "requestsPerSec": 53971.49860993968,
    "totalData": 7016620,
    "sizePerRequest": 13,
    "sizePerSec": 701629.4819292158
  },
  "responseTimeHistogram": {
    "0.00004265": 1,
    "0.0005751853": 17958,
    "0.0011077206": 498329,
    "0.0016402559": 23001,
    "0.0021727912": 349,
    "0.0027053265": 47,
    "0.0032378618": 7,
    "0.0037703971": 13,
    "0.0043029324": 17,
    "0.0048354677": 14,
    "0.005368003": 4
  },
  "latencyPercentiles": {
    "p10": 0.000756666,
    "p25": 0.000868413,
    "p50": 0.000946461,
    "p75": 0.001008979,
    "p90": 0.001057616,
    "p95": 0.001099283,
    "p99": 0.001198182
  },
  "rps": {
    "mean": 53994.576596968865,
    "stddev": 5147.387989197709,
    "max": 83915.80627900749,
    "percentiles": {
      "p10": 50704.015758047986,
      "p25": 51558.31214834996,
      "p50": 52567.26507238327,
      "p75": 54067.129748299725,
      "p90": 60702.93598529559,
      "p95": 65613.26043993789,
      "p99": 73324.0502884933
    }
  },
  "details": {
    "DNSDialup": {
      "average": 0.00075834522,
      "fastest": 0.0001445,
      "slowest": 0.001516766
    },
    "DNSLookup": {
      "average": 0.000024036559999999997,
      "fastest": 0.000003376,
      "slowest": 0.000865159
    }
  },
  "statusCodeDistribution": {
    "200": 539740
  },
  "errorDistribution": {}
}