{
  "summary": {
    "successRate": 1,
    "total": 10.000606348,
    "slowest": 0.005707335,
    "fastest": 0.00009503,
    "average": 0.0009334405516134201,
    "requestsPerSec": 53470.257841609826,
    "totalData": 6951555,
    "sizePerRequest": 13,
    "sizePerSec": 695113.3519409278
  },
  "responseTimeHistogram": {
    "0.00009503": 1,
    "0.0006562604999999999": 19419,
    "0.001217491": 511219,
    "0.0017787215": 3714,
    "0.0023399519999999997": 278,
    "0.0029011824999999997": 5,
    "0.0034624129999999997": 2,
    "0.0040236435": 20,
    "0.004584874": 20,
    "0.0051461045": 0,
    "0.005707335": 57
  },
  "latencyPercentiles": {
    "p10": 0.000799077,
    "p25": 0.000874622,
    "p50": 0.000946225,
    "p75": 0.001006377,
    "p90": 0.001050397,
    "p95": 0.001085038,
    "p99": 0.00119474
  },
  "rps": {
    "mean": 53467.43658543966,
    "stddev": 3378.598006348213,
    "max": 73467.36957789963,
    "percentiles": {
      "p10": 50889.08347857285,
      "p25": 51901.832134679535,
      "p50": 53069.28726145092,
      "p75": 54877.75079733011,
      "p90": 57309.57643022101,
      "p95": 58968.38422114531,
      "p99": 62649.166192398196
    }
  },
  "details": {
    "DNSDialup": {
      "average": 0.0006364942000000001,
      "fastest": 0.000081294,
      "slowest": 0.001115976
    },
    "DNSLookup": {
      "average": 0.00000702708,
      "fastest": 0.000003115,
      "slowest": 0.000035978
    }
  },
  "statusCodeDistribution": {
    "200": 534735
  },
  "errorDistribution": {}
}