{
  "summary": {
    "successRate": 1,
    "total": 10.000671774,
    "slowest": 0.005819952,
    "fastest": 0.000250629,
    "average": 0.0009261529676224104,
    "requestsPerSec": 53891.67969707632,
    "totalData": 7006389,
    "sizePerRequest": 13,
    "sizePerSec": 700591.8360619921
  },
  "responseTimeHistogram": {
    "0.000250629": 1,
    "0.0008075612999999999": 88347,
    "0.0013644936": 449271,
    "0.0019214259": 1147,
    "0.0024783582": 76,
    "0.0030352905": 12,
    "0.0035922228": 11,
    "0.0041491550999999995": 11,
    "0.0047060873999999996": 26,
    "0.0052630197": 1,
    "0.005819952": 50
  },
  "latencyPercentiles": {
    "p10": 0.000711507,
    "p25": 0.0008653,
    "p50": 0.000946211,
    "p75": 0.001018511,
    "p90": 0.001068242,
    "p95": 0.001110157,
    "p99": 0.001212677
  },
  "rps": {
    "mean": 53887.297745837655,
    "stddev": 4626.863058372121,
    "max": 73690.1230204511,
    "percentiles": {
      "p10": 49921.12562596028,
      "p25": 51018.58249128448,
      "p50": 52776.09257026492,
      "p75": 56139.37160394378,
      "p90": 60101.84512664987,
      "p95": 62560.589881094136,
      "p99": 67356.68512092391
    }
  },
  "details": {
    "DNSDialup": {
      "average": 0.0007845989,
      "fastest": 0.000086071,
      "slowest": 0.00178184
    },
    "DNSLookup": {
      "average": 0.00000653436,
      "fastest": 0.000003105,
      "slowest": 0.000029284
    }
  },
  "statusCodeDistribution": {
    "200": 538953
  },
  "errorDistribution": {}
}