{
  "summary": {
    "successRate": 1,
    "total": 10.000237915,
    "slowest": 0.004378053,
    "fastest": 0.000289376,
    "average": 0.0009646343075256829,
    "requestsPerSec": 51744.36892384675,
    "totalData": 6726928,
    "sizePerRequest": 13,
    "sizePerSec": 672676.7960100077
  },
  "responseTimeHistogram": {
    "0.000289376": 1,
    "0.0006982436999999999": 11168,
    "0.0011071114": 477612,
    "0.0015159790999999998": 27996,
    "0.0019248467999999999": 453,
    "0.0023337145": 101,
    "0.0027425821999999996": 34,
    "0.0031514498999999996": 47,
    "0.0035603175999999997": 11,
    "0.0039691853": 20,
    "0.004378053": 13
  },
  "latencyPercentiles": {
    "p10": 0.000846946,
    "p25": 0.000900577,
    "p50": 0.000974905,
    "p75": 0.001029871,
    "p90": 0.001075643,
    "p95": 0.001112932,
    "p99": 0.001204642
  },
  "rps": {
    "mean": 51741.80813973565,
    "stddev": 2670.0494659603974,
    "max": 67925.24101955329,
    "percentiles": {
      "p10": 49875.51152445086,
      "p25": 50722.255853281415,
      "p50": 51523.922557244565,
      "p75": 52324.04813252352,
      "p90": 53750.810641298536,
      "p95": 55853.22812640461,
      "p99": 60804.58466568099
    }
  },
  "details": {
    "DNSDialup": {
      "average": 0.00072005004,
      "fastest": 0.000084347,
      "slowest": 0.001585066
    },
    "DNSLookup": {
      "average": 0.000006583880000000002,
      "fastest": 0.000003457,
      "slowest": 0.000026901
    }
  },
  "statusCodeDistribution": {
    "200": 517456
  },
  "errorDistribution": {}
}