{
  "summary": {
    "successRate": 1,
    "total": 10.000673833,
    "slowest": 0.004621755,
    "fastest": 0.000166293,
    "average": 0.0009007417532407915,
    "requestsPerSec": 55415.06594998657,
    "totalData": 7204444,
    "sizePerRequest": 13,
    "sizePerSec": 720395.8573498254
  },
  "responseTimeHistogram": {
    "0.000166293": 1,
    "0.0006118392": 70407,
    "0.0010573854": 350666,
    "0.0015029316": 131462,
    "0.0019484778000000002": 1023,
    "0.0023940240000000002": 421,
    "0.0028395702": 35,
    "0.0032851164000000004": 26,
    "0.0037306626000000002": 33,
    "0.0041762088": 88,
    "0.004621755": 26
  },
  "latencyPercentiles": {
    "p10": 0.000589838,
    "p25": 0.000720491,
    "p50": 0.000954303,
    "p75": 0.001054113,
    "p90": 0.001109277,
    "p95": 0.001145505,
    "p99": 0.001258561
  },
  "rps": {
    "mean": 55411.41228699441,
    "stddev": 8518.49779332396,
    "max": 84334.8134310861,
    "percentiles": {
      "p10": 48509.21891988585,
      "p25": 49552.848112510954,
      "p50": 52561.80509499915,
      "p75": 59361.535941948525,
      "p90": 67244.18466729976,
      "p95": 74163.07573622047,
      "p99": 81610.14414091696
    }
  },
  "details": {
    "DNSDialup": {
      "average": 0.00079208688,
      "fastest": 0.000086737,
      "slowest": 0.00137088
    },
    "DNSLookup": {
      "average": 0.000006349439999999998,
      "fastest": 0.000003176,
      "slowest": 0.000030518
    }
  },
  "statusCodeDistribution": {
    "200": 554188
  },
  "errorDistribution": {}
}