{
  "summary": {
    "successRate": 1,
    "total": 10.000751197,
    "slowest": 0.005934376,
    "fastest": 0.00025135,
    "average": 0.0009364823000508397,
    "requestsPerSec": 53294.29654843157,
    "totalData": 6928779,
    "sizePerRequest": 13,
    "sizePerSec": 692825.8551296104
  },
  "responseTimeHistogram": {
    "0.00025135": 1,
    "0.0008196526": 66912,
    "0.0013879552": 464652,
    "0.0019562578": 1250,
    "0.0025245604": 67,
    "0.003092863": 1,
    "0.0036611656000000003": 23,
    "0.0042294682": 17,
    "0.0047977708": 10,
    "0.0053660734": 0,
    "0.005934376": 50
  },
  "latencyPercentiles": {
    "p10": 0.000794595,
    "p25": 0.000878216,
    "p50": 0.000950023,
    "p75": 0.001012292,
    "p90": 0.001056073,
    "p95": 0.001090927,
    "p99": 0.001195798
  },
  "rps": {
    "mean": 53292.516213402305,
    "stddev": 3392.7502153862383,
    "max": 68276.19500686297,
    "percentiles": {
      "p10": 50725.69256328367,
      "p25": 51711.65580721879,
      "p50": 52820.09176062586,
      "p75": 54734.15958899772,
      "p90": 57329.09939893673,
      "p95": 59110.96309993114,
      "p99": 64122.19269088837
    }
  },
  "details": {
    "DNSDialup": {
      "average": 0.0007262816399999999,
      "fastest": 0.000071075,
      "slowest": 0.001314256
    },
    "DNSLookup": {
      "average": 0.0000062675400000000025,
      "fastest": 0.000003476,
      "slowest": 0.000025428
    }
  },
  "statusCodeDistribution": {
    "200": 532983
  },
  "errorDistribution": {}
}