{
  "summary": {
    "successRate": 1,
    "total": 10.000621778,
    "slowest": 0.00547821,
    "fastest": 0.000134953,
    "average": 0.0009493807769596911,
    "requestsPerSec": 52571.53121784625,
    "totalData": 6834724,
    "sizePerRequest": 13,
    "sizePerSec": 683429.9058320012
  },
  "responseTimeHistogram": {
    "0.000134953": 1,
    "0.0006692787": 15370,
    "0.0012036044": 505996,
    "0.0017379301": 4079,
    "0.0022722558": 132,
    "0.0028065815000000004": 71,
    "0.0033409072000000002": 5,
    "0.0038752329": 16,
    "0.0044095586": 18,
    "0.0049438843000000005": 10,
    "0.005478210000000001": 50
  },
  "latencyPercentiles": {
    "p10": 0.000823817,
    "p25": 0.000890433,
    "p50": 0.000961833,
    "p75": 0.001020136,
    "p90": 0.001060452,
    "p95": 0.001091679,
    "p99": 0.001189784
  },
  "rps": {
    "mean": 52568.891340208116,
    "stddev": 2977.2250806824245,
    "max": 70558.87432473684,
    "percentiles": {
      "p10": 50529.90865293005,
      "p25": 51259.06077054222,
      "p50": 52141.36623692149,
      "p75": 53623.25640630467,
      "p90": 56016.04283433605,
      "p95": 57422.05683599419,
      "p99": 60238.383093189084
    }
  },
  "details": {
    "DNSDialup": {
      "average": 0.00077611824,
      "fastest": 0.000094394,
      "slowest": 0.001115325
    },
    "DNSLookup": {
      "average": 0.00000628298,
      "fastest": 0.000003076,
      "slowest": 0.000028474
    }
  },
  "statusCodeDistribution": {
    "200": 525748
  },
  "errorDistribution": {}
}