{
  "summary": {
    "successRate": 1,
    "total": 10.000674241,
    "slowest": 0.004284639,
    "fastest": 0.000108546,
    "average": 0.0009469731237247997,
    "requestsPerSec": 52703.74649732579,
    "totalData": 6851949,
    "sizePerRequest": 13,
    "sizePerSec": 685148.7044652352
  },
  "responseTimeHistogram": {
    "0.000108546": 1,
    "0.0005261553": 2133,
    "0.0009437645999999999": 228828,
    "0.0013613739": 294280,
    "0.0017789831999999999": 1547,
    "0.0021965925": 232,
    "0.0026142018000000003": 1,
    "0.0030318111": 0,
    "0.0034494204": 10,
    "0.0038670297": 18,
    "0.004284639": 23
  },
  "latencyPercentiles": {
    "p10": 0.000775618,
    "p25": 0.000885416,
    "p50": 0.000963968,
    "p75": 0.001031577,
    "p90": 0.001080987,
    "p95": 0.001125484,
    "p99": 0.00123665
  },
  "rps": {
    "mean": 52702.92444390138,
    "stddev": 3816.19059946299,
    "max": 73541.77805935065,
    "percentiles": {
      "p10": 49792.32991736868,
      "p25": 50704.7916028077,
      "p50": 51766.32740121377,
      "p75": 54146.558489863215,
      "p90": 57509.38553171761,
      "p95": 59935.69655252007,
      "p99": 64418.35584519335
    }
  },
  "details": {
    "DNSDialup": {
      "average": 0.0008632478999999999,
      "fastest": 0.000084087,
      "slowest": 0.001896948
    },
    "DNSLookup": {
      "average": 0.000006962219999999999,
      "fastest": 0.000003066,
      "slowest": 0.000029255
    }
  },
  "statusCodeDistribution": {
    "200": 527073
  },
  "errorDistribution": {}
}