{
  "summary": {
    "successRate": 1,
    "total": 10.000674317,
    "slowest": 0.005522905,
    "fastest": 0.000113638,
    "average": 0.0009423359234080277,
    "requestsPerSec": 52966.728363463015,
    "totalData": 6886139,
    "sizePerRequest": 13,
    "sizePerSec": 688567.4687250193
  },
  "responseTimeHistogram": {
    "0.000113638": 1,
    "0.0006545647": 15576,
    "0.0011954914": 508696,
    "0.0017364181": 5124,
    "0.0022773448": 177,
    "0.0028182715": 31,
    "0.0033591982": 7,
    "0.0039001249": 18,
    "0.0044410516": 21,
    "0.004981978299999999": 2,
    "0.005522905": 50
  },
  "latencyPercentiles": {
    "p10": 0.000812304,
    "p25": 0.00088229,
    "p50": 0.000954181,
    "p75": 0.001014287,
    "p90": 0.001056786,
    "p95": 0.001092994,
    "p99": 0.001197258
  },
  "rps": {
    "mean": 52968.29034879208,
    "stddev": 3022.253586970008,
    "max": 67734.14478238387,
    "percentiles": {
      "p10": 50741.9483687164,
      "p25": 51607.78447377406,
      "p50": 52648.51560713518,
      "p75": 54206.52104447832,
      "p90": 56254.50299246785,
      "p95": 57728.57629785549,
      "p99": 61773.9430688954
    }
  },
  "details": {
    "DNSDialup": {
      "average": 0.0007619725200000001,
      "fastest": 0.00009851,
      "slowest": 0.001137373
    },
    "DNSLookup": {
      "average": 0.000006554620000000001,
      "fastest": 0.000003276,
      "slowest": 0.000028864
    }
  },
  "statusCodeDistribution": {
    "200": 529703
  },
  "errorDistribution": {}
}