{
  "summary": {
    "successRate": 1,
    "total": 10.000649935,
    "slowest": 0.004570238,
    "fastest": 0.000292239,
    "average": 0.001001042903948128,
    "requestsPerSec": 49860.45939423236,
    "totalData": 6482281,
    "sizePerRequest": 13,
    "sizePerSec": 648185.9721250207
  },
  "responseTimeHistogram": {
    "0.000292239": 1,
    "0.0007200389": 10155,
    "0.0011478388": 462005,
    "0.0015756387": 25775,
    "0.0020034386": 554,
    "0.0024312385000000002": 87,
    "0.0028590384": 9,
    "0.0032868383000000004": 1,
    "0.0037146382": 22,
    "0.0041424381": 11,
    "0.004570238": 17
  },
  "latencyPercentiles": {
    "p10": 0.000876698,
    "p25": 0.000935576,
    "p50": 0.001011298,
    "p75": 0.001071244,
    "p90": 0.001116389,
    "p95": 0.001151131,
    "p99": 0.001247475
  },
  "rps": {
    "mean": 49862.290834327796,
    "stddev": 2808.710418537268,
    "max": 72808.10354192373,
    "percentiles": {
      "p10": 47912.60580658915,
      "p25": 48705.85817759021,
      "p50": 49651.98562895174,
      "p75": 50609.863862465914,
      "p90": 52408.621218192646,
      "p95": 53907.525490558284,
      "p99": 57963.470110657865
    }
  },
  "details": {
    "DNSDialup": {
      "average": 0.00056372492,
      "fastest": 0.00007043,
      "slowest": 0.000810377
    },
    "DNSLookup": {
      "average": 0.000006255120000000002,
      "fastest": 0.000003106,
      "slowest": 0.000035325
    }
  },
  "statusCodeDistribution": {
    "200": 498637
  },
  "errorDistribution": {}
}