{
  "summary": {
    "successRate": 1,
    "total": 10.000616332,
    "slowest": 0.005617579,
    "fastest": 0.000125464,
    "average": 0.000950146127187858,
    "requestsPerSec": 52530.86235485431,
    "totalData": 6829433,
    "sizePerRequest": 13,
    "sizePerSec": 682901.210613106
  },
  "responseTimeHistogram": {
    "0.000125464": 1,
    "0.0006746755": 17315,
    "0.0012238870000000001": 503542,
    "0.0017730985": 4175,
    "0.00232231": 118,
    "0.0028715215000000003": 59,
    "0.003420733": 31,
    "0.0039699445": 22,
    "0.004519156": 21,
    "0.0050683675": 0,
    "0.005617579": 57
  },
  "latencyPercentiles": {
    "p10": 0.0008172,
    "p25": 0.000888958,
    "p50": 0.000961424,
    "p75": 0.001022243,
    "p90": 0.001067514,
    "p95": 0.00110412,
    "p99": 0.001211193
  },
  "rps": {
    "mean": 52527.60788276624,
    "stddev": 3079.246474197943,
    "max": 65344.92463568818,
    "percentiles": {
      "p10": 50313.74068258054,
      "p25": 51176.72927019457,
      "p50": 52211.94240452241,
      "p75": 53620.72440997633,
      "p90": 55856.95876741655,
      "p95": 57572.78377494239,
      "p99": 60779.72042935745
    }
  },
  "details": {
    "DNSDialup": {
      "average": 0.0007063685400000001,
      "fastest": 0.000077015,
      "slowest": 0.001130491
    },
    "DNSLookup": {
      "average": 0.000006821519999999998,
      "fastest": 0.000003035,
      "slowest": 0.000028995
    }
  },
  "statusCodeDistribution": {
    "200": 525341
  },
  "errorDistribution": {}
}