{
  "summary": {
    "successRate": 1,
    "total": 10.000706446,
    "slowest": 0.006167139,
    "fastest": 0.000147336,
    "average": 0.0009411966555457765,
    "requestsPerSec": 53028.55381902687,
    "totalData": 6894199,
    "sizePerRequest": 13,
    "sizePerSec": 689371.1996473493
  },
  "responseTimeHistogram": {
    "0.000147336": 1,
    "0.0007493163000000001": 30046,
    "0.0013512966000000003": 498684,
    "0.0019532769": 1392,
    "0.0025552572000000005": 86,
    "0.0031572375000000004": 14,
    "0.0037592178000000007": 19,
    "0.004361198100000001": 6,
    "0.0049631784000000005": 17,
    "0.0055651587": 57,
    "0.006167139": 1
  },
  "latencyPercentiles": {
    "p10": 0.000812015,
    "p25": 0.000882373,
    "p50": 0.000953279,
    "p75": 0.001013037,
    "p90": 0.001054779,
    "p95": 0.001086871,
    "p99": 0.001188742
  },
  "rps": {
    "mean": 53026.2987797979,
    "stddev": 3077.2353590155412,
    "max": 68201.15595451143,
    "percentiles": {
      "p10": 50836.71608477725,
      "p25": 51817.803772315645,
      "p50": 52689.68790409688,
      "p75": 54089.29088237376,
      "p90": 56351.74397618298,
      "p95": 58077.72185815834,
      "p99": 61106.94938280806
    }
  },
  "details": {
    "DNSDialup": {
      "average": 0.0006544682,
      "fastest": 0.000079209,
      "slowest": 0.001192408
    },
    "DNSLookup": {
      "average": 0.000006447220000000001,
      "fastest": 0.000003306,
      "slowest": 0.000028544
    }
  },
  "statusCodeDistribution": {
    "200": 530323
  },
  "errorDistribution": {}
}