{
  "summary": {
    "successRate": 1,
    "total": 10.000584179,
    "slowest": 0.006172213,
    "fastest": 0.00011712,
    "average": 0.0009486772371757,
    "requestsPerSec": 52611.926521737645,
    "totalData": 6839950,
    "sizePerRequest": 13,
    "sizePerSec": 683955.0447825893
  },
  "responseTimeHistogram": {
    "0.00011712": 1,
    "0.0007226293": 30050,
    "0.0013281386000000002": 494002,
    "0.0019336479000000002": 1861,
    "0.0025391572000000003": 108,
    "0.0031446665000000006": 31,
    "0.0037501758000000004": 7,
    "0.0043556851": 23,
    "0.0049611944000000005": 17,
    "0.005566703700000001": 0,
    "0.006172213000000001": 50
  },
  "latencyPercentiles": {
    "p10": 0.000803228,
    "p25": 0.000888165,
    "p50": 0.000962395,
    "p75": 0.001025845,
    "p90": 0.001070428,
    "p95": 0.001106424,
    "p99": 0.001218954
  },
  "rps": {
    "mean": 52610.308741823355,
    "stddev": 3486.4308788554717,
    "max": 76508.26737263639,
    "percentiles": {
      "p10": 49938.91814547208,
      "p25": 50939.93691053829,
      "p50": 52105.03324523093,
      "p75": 54110.59844916379,
      "p90": 56219.6515892881,
      "p95": 57760.784164425,
      "p99": 63170.21380346468
    }
  },
  "details": {
    "DNSDialup": {
      "average": 0.00080309814,
      "fastest": 0.000127438,
      "slowest": 0.001116721
    },
    "DNSLookup": {
      "average": 0.0000063294,
      "fastest": 0.000003226,
      "slowest": 0.000026199
    }
  },
  "statusCodeDistribution": {
    "200": 526150
  },
  "errorDistribution": {}
}