{
  "summary": {
    "successRate": 1,
    "total": 10.000633199,
    "slowest": 0.006129739,
    "fastest": 0.000125678,
    "average": 0.0009588652111158458,
    "requestsPerSec": 52053.90395200715,
    "totalData": 6767436,
    "sizePerRequest": 13,
    "sizePerSec": 676700.751376093
  },
  "responseTimeHistogram": {
    "0.000125678": 1,
    "0.0007260841000000001": 24934,
    "0.0013264902000000001": 493006,
    "0.0019268963000000003": 2152,
    "0.0025273024000000005": 276,
    "0.0031277085000000005": 11,
    "0.003728114600000001": 40,
    "0.0043285207000000004": 33,
    "0.0049289268": 39,
    "0.0055293329": 29,
    "0.006129739": 51
  },
  "latencyPercentiles": {
    "p10": 0.00082123,
    "p25": 0.000895782,
    "p50": 0.000970066,
    "p75": 0.001031845,
    "p90": 0.001078315,
    "p95": 0.001117272,
    "p99": 0.001235144
  },
  "rps": {
    "mean": 52056.42843604857,
    "stddev": 3352.5306127997997,
    "max": 67116.41667551945,
    "percentiles": {
      "p10": 49644.81437393611,
      "p25": 50795.14947399136,
      "p50": 51814.16599297756,
      "p75": 53643.37603385864,
      "p90": 55559.498667121945,
      "p95": 57213.18191711306,
      "p99": 60468.31710466341
    }
  },
  "details": {
    "DNSDialup": {
      "average": 0.0007652894199999999,
      "fastest": 0.000077687,
      "slowest": 0.001600029
    },
    "DNSLookup": {
      "average": 0.000007110540000000001,
      "fastest": 0.000003236,
      "slowest": 0.000028693
    }
  },
  "statusCodeDistribution": {
    "200": 520572
  },
  "errorDistribution": {}
}