{
  "summary": {
    "successRate": 1,
    "total": 10.000691553,
    "slowest": 0.005616522,
    "fastest": 0.000106289,
    "average": 0.000932025492108244,
    "requestsPerSec": 53545.897017428,
    "totalData": 6961448,
    "sizePerRequest": 13,
    "sizePerSec": 696096.661226564
  },
  "responseTimeHistogram": {
    "0.000106289": 1,
    "0.0006573123": 18331,
    "0.0012083356": 513251,
    "0.0017593589": 3614,
    "0.0023103821999999998": 174,
    "0.0028614054999999998": 27,
    "0.0034124287999999997": 17,
    "0.0039634521": 10,
    "0.0045144754": 11,
    "0.0050654987": 10,
    "0.005616522": 50
  },
  "latencyPercentiles": {
    "p10": 0.000801212,
    "p25": 0.000874731,
    "p50": 0.000944379,
    "p75": 0.001004881,
    "p90": 0.001044599,
    "p95": 0.001074841,
    "p99": 0.001179026
  },
  "rps": {
    "mean": 53545.593661716695,
    "stddev": 3163.256617552318,
    "max": 70538.33890094212,
    "percentiles": {
      "p10": 51349.06064444374,
      "p25": 52106.50810286248,
      "p50": 53120.98379658778,
      "p75": 54716.524310171524,
      "p90": 56757.89256737471,
      "p95": 58352.10829185493,
      "p99": 62139.90002981137
    }
  },
  "details": {
    "DNSDialup": {
      "average": 0.0007537434800000001,
      "fastest": 0.000076951,
      "slowest": 0.001451324
    },
    "DNSLookup": {
      "average": 0.000022764680000000004,
      "fastest": 0.000003206,
      "slowest": 0.000806485
    }
  },
  "statusCodeDistribution": {
    "200": 535496
  },
  "errorDistribution": {}
}