{
  "summary": {
    "successRate": 1,
    "total": 10.000741017,
    "slowest": 0.006404928,
    "fastest": 0.000142177,
    "average": 0.0009348092366753957,
    "requestsPerSec": 53395.34331428833,
    "totalData": 6941909,
    "sizePerRequest": 13,
    "sizePerSec": 694139.4630857483
  },
  "responseTimeHistogram": {
    "0.000142177": 1,
    "0.0007684521": 44263,
    "0.0013947272": 487920,
    "0.0020210022999999997": 1592,
    "0.0026472773999999997": 117,
    "0.0032735524999999996": 0,
    "0.0038998275999999996": 7,
    "0.0045261026999999995": 25,
    "0.0051523778": 18,
    "0.0057786529": 0,
    "0.006404928": 50
  },
  "latencyPercentiles": {
    "p10": 0.000792224,
    "p25": 0.000875622,
    "p50": 0.000948786,
    "p75": 0.001009919,
    "p90": 0.001054722,
    "p95": 0.001093364,
    "p99": 0.001209222
  },
  "rps": {
    "mean": 53393.44690808432,
    "stddev": 3686.927155756795,
    "max": 87551.2262224729,
    "percentiles": {
      "p10": 50912.04792197546,
      "p25": 51853.8606050098,
      "p50": 52811.218468264145,
      "p75": 54470.88207963366,
      "p90": 57161.91015614249,
      "p95": 59164.78014056471,
      "p99": 63802.80094296217
    }
  },
  "details": {
    "DNSDialup": {
      "average": 0.0007382324999999999,
      "fastest": 0.000089105,
      "slowest": 0.001042302
    },
    "DNSLookup": {
      "average": 0.000006672959999999999,
      "fastest": 0.000003206,
      "slowest": 0.000039574
    }
  },
  "statusCodeDistribution": {
    "200": 533993
  },
  "errorDistribution": {}
}