{
  "summary": {
    "successRate": 1,
    "total": 10.000626524,
    "slowest": 0.005664457,
    "fastest": 0.000143147,
    "average": 0.0009507419287576656,
    "requestsPerSec": 52497.81088615324,
    "totalData": 6825143,
    "sizePerRequest": 13,
    "sizePerSec": 682471.5415199922
  },
  "responseTimeHistogram": {
    "0.000143147": 1,
    "0.0006952780000000001": 18692,
    "0.001247409": 503370,
    "0.0017995400000000003": 2600,
    "0.0023516710000000005": 165,
    "0.0029038020000000005": 83,
    "0.003455933000000001": 2,
    "0.004008064": 22,
    "0.004560195": 16,
    "0.005112326": 9,
    "0.005664457": 51
  },
  "latencyPercentiles": {
    "p10": 0.000823567,
    "p25": 0.000890691,
    "p50": 0.000962807,
    "p75": 0.001021564,
    "p90": 0.001064536,
    "p95": 0.001097628,
    "p99": 0.001196516
  },
  "rps": {
    "mean": 52497.94327907788,
    "stddev": 3036.3753470672,
    "max": 66342.06228265824,
    "percentiles": {
      "p10": 50432.50374866888,
      "p25": 51239.00825698353,
      "p50": 52176.527312612096,
      "p75": 53445.92608428775,
      "p90": 55757.23540383524,
      "p95": 57404.8392279483,
      "p99": 60515.39243629847
    }
  },
  "details": {
    "DNSDialup": {
      "average": 0.0006884947600000001,
      "fastest": 0.000071908,
      "slowest": 0.001588732
    },
    "DNSLookup": {
      "average": 0.000007147680000000001,
      "fastest": 0.000003216,
      "slowest": 0.000034674
    }
  },
  "statusCodeDistribution": {
    "200": 525011
  },
  "errorDistribution": {}
}