{
  "summary": {
    "successRate": 1,
    "total": 10.000646588,
    "slowest": 0.0058917,
    "fastest": 0.000126195,
    "average": 0.0009404691919542589,
    "requestsPerSec": 53070.668514258665,
    "totalData": 6899633,
    "sizePerRequest": 13,
    "sizePerSec": 689918.6906853627
  },
  "responseTimeHistogram": {
    "0.000126195": 1,
    "0.0007027455": 24015,
    "0.0012792959999999999": 503945,
    "0.0018558464999999997": 2442,
    "0.0024323969999999998": 238,
    "0.0030089475": 2,
    "0.0035854979999999995": 16,
    "0.0041620484999999995": 11,
    "0.004738599": 18,
    "0.0053151495": 3,
    "0.0058917": 50
  },
  "latencyPercentiles": {
    "p10": 0.000805939,
    "p25": 0.000880414,
    "p50": 0.000952696,
    "p75": 0.001013032,
    "p90": 0.00105752,
    "p95": 0.001093219,
    "p99": 0.001204636
  },
  "rps": {
    "mean": 53068.12350562562,
    "stddev": 3355.5418396719633,
    "max": 85869.11698628259,
    "percentiles": {
      "p10": 50708.97548866207,
      "p25": 51710.636133379936,
      "p50": 52757.47927366955,
      "p75": 54332.01205929144,
      "p90": 56481.63290403441,
      "p95": 57714.375296473285,
      "p99": 61502.34938974847
    }
  },
  "details": {
    "DNSDialup": {
      "average": 0.0007662154199999999,
      "fastest": 0.000103238,
      "slowest": 0.001218948
    },
    "DNSLookup": {
      "average": 0.000006398199999999998,
      "fastest": 0.000003587,
      "slowest": 0.000035526
    }
  },
  "statusCodeDistribution": {
    "200": 530741
  },
  "errorDistribution": {}
}