{
  "summary": {
    "successRate": 1,
    "total": 10.000666483,
    "slowest": 0.007324803,
    "fastest": 0.000150672,
    "average": 0.000975087702652294,
    "requestsPerSec": 51182.78875414028,
    "totalData": 6654206,
    "sizePerRequest": 13,
    "sizePerSec": 665376.2538038236
  },
  "responseTimeHistogram": {
    "0.000150672": 1,
    "0.0008680851": 70302,
    "0.0015854982": 440703,
    "0.0023029113": 659,
    "0.0030203244": 36,
    "0.0037377375000000003": 50,
    "0.0044551506": 11,
    "0.0051725637000000005": 10,
    "0.0058899768": 1,
    "0.0066073899": 21,
    "0.007324803": 68
  },
  "latencyPercentiles": {
    "p10": 0.000836273,
    "p25": 0.00091468,
    "p50": 0.000988087,
    "p75": 0.001051199,
    "p90": 0.001093648,
    "p95": 0.001126435,
    "p99": 0.001234598
  },
  "rps": {
    "mean": 51180.901679317314,
    "stddev": 3360.6474246743915,
    "max": 74603.18344032251,
    "percentiles": {
      "p10": 49142.434492186854,
      "p25": 49784.568594084296,
      "p50": 50705.70618568661,
      "p75": 52120.368267630794,
      "p90": 54615.118878238965,
      "p95": 56686.277828440856,
      "p99": 61021.58636087705
    }
  },
  "details": {
    "DNSDialup": {
      "average": 0.00088351936,
      "fastest": 0.000124493,
      "slowest": 0.001261485
    },
    "DNSLookup": {
      "average": 0.00000650788,
      "fastest": 0.000003276,
      "slowest": 0.000035106
    }
  },
  "statusCodeDistribution": {
    "200": 511862
  },
  "errorDistribution": {}
}