{
  "summary": {
    "successRate": 1,
    "total": 10.000737307,
    "slowest": 0.005727311,
    "fastest": 0.000258213,
    "average": 0.0009304769792623685,
    "requestsPerSec": 53642.444904987446,
    "totalData": 6974032,
    "sizePerRequest": 13,
    "sizePerSec": 697351.7837648368
  },
  "responseTimeHistogram": {
    "0.000258213": 1,
    "0.0008051228": 67758,
    "0.0013520326": 467189,
    "0.0018989424": 1271,
    "0.0024458522": 134,
    "0.0029927620000000004": 11,
    "0.0035396717999999997": 11,
    "0.0040865816": 32,
    "0.0046334914": 5,
    "0.0051804012": 2,
    "0.0057273110000000006": 50
  },
  "latencyPercentiles": {
    "p10": 0.000774981,
    "p25": 0.000872426,
    "p50": 0.000946177,
    "p75": 0.001009552,
    "p90": 0.001055589,
    "p95": 0.00109452,
    "p99": 0.001198802
  },
  "rps": {
    "mean": 53639.374109715856,
    "stddev": 4110.081430228878,
    "max": 79718.12473290275,
    "percentiles": {
      "p10": 50684.05261186822,
      "p25": 51692.933535836506,
      "p50": 52733.570190780076,
      "p75": 54901.80626942694,
      "p90": 58717.89279982867,
      "p95": 61534.9580096533,
      "p99": 65920.20549471941
    }
  },
  "details": {
    "DNSDialup": {
      "average": 0.00072076572,
      "fastest": 0.000133899,
      "slowest": 0.001305517
    },
    "DNSLookup": {
      "average": 0.0000072483600000000005,
      "fastest": 0.000003828,
      "slowest": 0.000030657
    }
  },
  "statusCodeDistribution": {
    "200": 536464
  },
  "errorDistribution": {}
}