{
  "summary": {
    "successRate": 1,
    "total": 10.000652978,
    "slowest": 0.00558147,
    "fastest": 0.000181484,
    "average": 0.0009470098918420371,
    "requestsPerSec": 52704.658501750084,
    "totalData": 6852053,
    "sizePerRequest": 13,
    "sizePerSec": 685160.5605227511
  },
  "responseTimeHistogram": {
    "0.000181484": 1,
    "0.0007214826": 26308,
    "0.0012614812": 497783,
    "0.0018014797999999998": 2714,
    "0.0023414784": 132,
    "0.002881477": 19,
    "0.0034214755999999995": 33,
    "0.0039614742": 20,
    "0.0045014728": 21,
    "0.0050414714": 0,
    "0.00558147": 50
  },
  "latencyPercentiles": {
    "p10": 0.00081386,
    "p25": 0.000887365,
    "p50": 0.000960467,
    "p75": 0.00102008,
    "p90": 0.001062784,
    "p95": 0.001099206,
    "p99": 0.001206821
  },
  "rps": {
    "mean": 52703.96734579338,
    "stddev": 3211.3209660517987,
    "max": 71537.87337595504,
    "percentiles": {
      "p10": 50403.54969508553,
      "p25": 51316.92432164343,
      "p50": 52210.24364979952,
      "p75": 53759.542193366644,
      "p90": 56215.04876855345,
      "p95": 57878.22078915019,
      "p99": 62001.46756872495
    }
  },
  "details": {
    "DNSDialup": {
      "average": 0.0006963306,
      "fastest": 0.000066404,
      "slowest": 0.001624946
    },
    "DNSLookup": {
      "average": 0.0000071338800000000016,
      "fastest": 0.000003367,
      "slowest": 0.000032921
    }
  },
  "statusCodeDistribution": {
    "200": 527081
  },
  "errorDistribution": {}
}