{
  "summary": {
    "successRate": 1,
    "total": 10.000771126,
    "slowest": 0.005641254,
    "fastest": 0.000096371,
    "average": 0.000838268620413944,
    "requestsPerSec": 59553.70765876279,
    "totalData": 7742579,
    "sizePerRequest": 13,
    "sizePerSec": 774198.1995639163
  },
  "responseTimeHistogram": {
    "0.000096371": 1,
    "0.0006508593": 149408,
    "0.0012053476": 441373,
    "0.0017598359": 4187,
    "0.0023143242": 362,
    "0.0028688125000000003": 106,
    "0.0034233008": 75,
    "0.003977789099999999": 55,
    "0.0045322774": 6,
    "0.0050867657": 4,
    "0.005641254": 6
  },
  "latencyPercentiles": {
    "p10": 0.000562565,
    "p25": 0.000650298,
    "p50": 0.000889797,
    "p75": 0.000994472,
    "p90": 0.001050687,
    "p95": 0.001084853,
    "p99": 0.001189655
  },
  "rps": {
    "mean": 59540.67907087974,
    "stddev": 8910.918218359788,
    "max": 87301.59761923479,
    "percentiles": {
      "p10": 51272.08365500838,
      "p25": 52507.99764328672,
      "p50": 57119.93420106592,
      "p75": 64337.482766927045,
      "p90": 72818.16084931468,
      "p95": 77609.49164082886,
      "p99": 84323.9058273046
    }
  },
  "details": {
    "DNSDialup": {
      "average": 0.00074886878,
      "fastest": 0.000086121,
      "slowest": 0.001576473
    },
    "DNSLookup": {
      "average": 0.000009239379999999997,
      "fastest": 0.000003386,
      "slowest": 0.000154868
    }
  },
  "statusCodeDistribution": {
    "200": 595583
  },
  "errorDistribution": {}
}