{
  "summary": {
    "successRate": 1,
    "total": 10.000645728,
    "slowest": 0.004354686,
    "fastest": 0.000296374,
    "average": 0.0010026043209512784,
    "requestsPerSec": 49781.28548300876,
    "totalData": 6471985,
    "sizePerRequest": 13,
    "sizePerSec": 647156.7112791139
  },
  "responseTimeHistogram": {
    "0.000296374": 1,
    "0.0007022052": 10252,
    "0.0011080363999999999": 420042,
    "0.0015138675999999999": 66628,
    "0.0019196988": 711,
    "0.0023255299999999997": 103,
    "0.0027313611999999995": 21,
    "0.0031371923999999997": 38,
    "0.0035430235999999995": 6,
    "0.003948854799999999": 20,
    "0.004354686": 23
  },
  "latencyPercentiles": {
    "p10": 0.000869657,
    "p25": 0.000937524,
    "p50": 0.001013446,
    "p75": 0.00107793,
    "p90": 0.001121368,
    "p95": 0.001153077,
    "p99": 0.001239269
  },
  "rps": {
    "mean": 49781.469228372924,
    "stddev": 2515.8529638006457,
    "max": 57606.63822515955,
    "percentiles": {
      "p10": 47713.269060126935,
      "p25": 48623.626534816365,
      "p50": 49557.38931271749,
      "p75": 50936.983803751624,
      "p90": 52662.48930981337,
      "p95": 53927.913087816276,
      "p99": 55981.4754393547
    }
  },
  "details": {
    "DNSDialup": {
      "average": 0.0007605904400000001,
      "fastest": 0.000082574,
      "slowest": 0.00179068
    },
    "DNSLookup": {
      "average": 0.000007518339999999998,
      "fastest": 0.000002966,
      "slowest": 0.000040536
    }
  },
  "statusCodeDistribution": {
    "200": 497845
  },
  "errorDistribution": {}
}