{
  "summary": {
    "successRate": 1,
    "total": 10.00072405,
    "slowest": 0.004301442,
    "fastest": 0.000072221,
    "average": 0.0006328507959304538,
    "requestsPerSec": 78833.59205376734,
    "totalData": 10249109,
    "sizePerRequest": 13,
    "sizePerSec": 1024836.6966989754
  },
  "responseTimeHistogram": {
    "0.000072221": 1,
    "0.0004951431": 126482,
    "0.0009180652": 650042,
    "0.0013409872999999998": 9877,
    "0.0017639093999999998": 990,
    "0.0021868315": 620,
    "0.0026097535999999996": 130,
    "0.0030326756999999997": 76,
    "0.0034555977999999998": 62,
    "0.0038785199": 111,
    "0.004301442": 2
  },
  "latencyPercentiles": {
    "p10": 0.000450877,
    "p25": 0.000553772,
    "p50": 0.000646757,
    "p75": 0.000709665,
    "p90": 0.000769359,
    "p95": 0.000819687,
    "p99": 0.000958265
  },
  "rps": {
    "mean": 78829.32165854612,
    "stddev": 8697.336411316397,
    "max": 110218.4959049452,
    "percentiles": {
      "p10": 70330.48414723737,
      "p25": 73819.55480006663,
      "p50": 77808.94024723633,
      "p75": 83813.14598630338,
      "p90": 89795.65931587435,
      "p95": 94023.52468587908,
      "p99": 101037.84877816314
    }
  },
  "details": {
    "DNSDialup": {
      "average": 0.0005218056599999999,
      "fastest": 0.000086842,
      "slowest": 0.000924593
    },
    "DNSLookup": {
      "average": 0.000005037080000000002,
      "fastest": 0.00000196,
      "slowest": 0.000025449
    }
  },
  "statusCodeDistribution": {
    "200": 788393
  },
  "errorDistribution": {}
}