{
  "summary": {
    "successRate": 1,
    "total": 10.000645098,
    "slowest": 0.005808858,
    "fastest": 0.00009977,
    "average": 0.0009507768762506587,
    "requestsPerSec": 52498.71331850357,
    "totalData": 6825273,
    "sizePerRequest": 13,
    "sizePerSec": 682483.2731405464
  },
  "responseTimeHistogram": {
    "0.00009977": 1,
    "0.0006706788": 16033,
    "0.0012415876": 505457,
    "0.0018124964": 3187,
    "0.0023834052": 243,
    "0.002954314": 1,
    "0.0035252228": 16,
    "0.0040961316": 7,
    "0.0046670404": 13,
    "0.0052379492000000005": 13,
    "0.005808858": 50
  },
  "latencyPercentiles": {
    "p10": 0.000820759,
    "p25": 0.000889295,
    "p50": 0.000961656,
    "p75": 0.001023099,
    "p90": 0.001068001,
    "p95": 0.001103313,
    "p99": 0.001208129
  },
  "rps": {
    "mean": 52497.52559613067,
    "stddev": 3148.775676545844,
    "max": 68201.88237195316,
    "percentiles": {
      "p10": 49994.78010412058,
      "p25": 51032.44132294873,
      "p50": 52122.28227567279,
      "p75": 53702.94317176583,
      "p90": 55941.57577912195,
      "p95": 57353.465172384065,
      "p99": 61876.775760668745
    }
  },
  "details": {
    "DNSDialup": {
      "average": 0.00078063854,
      "fastest": 0.000105588,
      "slowest": 0.001288177
    },
    "DNSLookup": {
      "average": 0.000007047199999999999,
      "fastest": 0.000003567,
      "slowest": 0.000030127
    }
  },
  "statusCodeDistribution": {
    "200": 525021
  },
  "errorDistribution": {}
}