{
  "summary": {
    "successRate": 1,
    "total": 10.000598665,
    "slowest": 0.008953518,
    "fastest": 0.000087295,
    "average": 0.0009009535575921737,
    "requestsPerSec": 55399.1834447843,
    "totalData": 7202325,
    "sizePerRequest": 13,
    "sizePerSec": 720189.3847821959
  },
  "responseTimeHistogram": {
    "0.000087295": 1,
    "0.0009739173000000001": 332332,
    "0.0018605396000000002": 220536,
    "0.0027471619": 551,
    "0.0036337842": 163,
    "0.004520406500000001": 113,
    "0.005407028800000001": 157,
    "0.006293651100000001": 72,
    "0.007180273400000001": 0,
    "0.0080668957": 37,
    "0.008953518": 63
  },
  "latencyPercentiles": {
    "p10": 0.000599313,
    "p25": 0.00078718,
    "p50": 0.000934183,
    "p75": 0.001023961,
    "p90": 0.001083486,
    "p95": 0.001137705,
    "p99": 0.001362942
  },
  "rps": {
    "mean": 55394.791041564036,
    "stddev": 7219.87689533355,
    "max": 77157.55953942459,
    "percentiles": {
      "p10": 49432.54671223707,
      "p25": 51110.485536584536,
      "p50": 53609.674672445144,
      "p75": 59518.71939001224,
      "p90": 65376.58867363162,
      "p95": 68127.94065513735,
      "p99": 74621.22227561637
    }
  },
  "details": {
    "DNSDialup": {
      "average": 0.0008960735999999998,
      "fastest": 0.000086178,
      "slowest": 0.001771141
    },
    "DNSLookup": {
      "average": 0.000006573540000000003,
      "fastest": 0.000002845,
      "slowest": 0.000025387
    }
  },
  "statusCodeDistribution": {
    "200": 554025
  },
  "errorDistribution": {}
}