{
  "summary": {
    "successRate": 1,
    "total": 10.000610729,
    "slowest": 0.006009287,
    "fastest": 0.000120165,
    "average": 0.0009016775370827052,
    "requestsPerSec": 55355.319290120526,
    "totalData": 7196631,
    "sizePerRequest": 13,
    "sizePerSec": 719619.1507715669
  },
  "responseTimeHistogram": {
    "0.000120165": 1,
    "0.0007090772": 94600,
    "0.0012979894": 453584,
    "0.0018869015999999998": 4883,
    "0.0024758138": 267,
    "0.0030647260000000003": 45,
    "0.0036536382": 58,
    "0.0042425504000000005": 60,
    "0.0048314626": 39,
    "0.0054203748": 0,
    "0.006009287": 50
  },
  "latencyPercentiles": {
    "p10": 0.000620876,
    "p25": 0.000826665,
    "p50": 0.000933315,
    "p75": 0.00101202,
    "p90": 0.001066624,
    "p95": 0.001113982,
    "p99": 0.001293521
  },
  "rps": {
    "mean": 55353.34602788139,
    "stddev": 6165.581780837205,
    "max": 79334.01049029441,
    "percentiles": {
      "p10": 50456.44922224469,
      "p25": 51609.5981426135,
      "p50": 53342.10826026124,
      "p75": 58525.2243717029,
      "p90": 64197.35528929606,
      "p95": 67312.33756014782,
      "p99": 73761.56139915508
    }
  },
  "details": {
    "DNSDialup": {
      "average": 0.0006949074000000001,
      "fastest": 0.000078818,
      "slowest": 0.001259505
    },
    "DNSLookup": {
      "average": 0.000006708,
      "fastest": 0.000003296,
      "slowest": 0.000025628
    }
  },
  "statusCodeDistribution": {
    "200": 553587
  },
  "errorDistribution": {}
}