{
  "summary": {
    "successRate": 1,
    "total": 10.000554076,
    "slowest": 0.006228497,
    "fastest": 0.000246793,
    "average": 0.0009477618149202902,
    "requestsPerSec": 52663.582037311906,
    "totalData": 6846645,
    "sizePerRequest": 13,
    "sizePerSec": 684626.5664850548
  },
  "responseTimeHistogram": {
    "0.000246793": 1,
    "0.0008449633999999999": 71949,
    "0.0014431338": 453304,
    "0.0020413042": 1200,
    "0.0026394746": 110,
    "0.003237645": 8,
    "0.0038358154": 11,
    "0.0044339858": 15,
    "0.0050321562": 15,
    "0.005630326600000001": 2,
    "0.006228497": 50
  },
  "latencyPercentiles": {
    "p10": 0.00081916,
    "p25": 0.000887266,
    "p50": 0.000958636,
    "p75": 0.001018211,
    "p90": 0.001061348,
    "p95": 0.001095375,
    "p99": 0.001204281
  },
  "rps": {
    "mean": 52660.13314959919,
    "stddev": 3082.9869194856556,
    "max": 63403.61418630674,
    "percentiles": {
      "p10": 50451.90997016824,
      "p25": 51420.88202018635,
      "p50": 52464.42841264522,
      "p75": 53817.13537590299,
      "p90": 56007.54568923769,
      "p95": 57488.79319686119,
      "p99": 60390.42001233082
    }
  },
  "details": {
    "DNSDialup": {
      "average": 0.0007238976999999998,
      "fastest": 0.000113387,
      "slowest": 0.001294137
    },
    "DNSLookup": {
      "average": 0.000007678500000000003,
      "fastest": 0.000003847,
      "slowest": 0.000040686
    }
  },
  "statusCodeDistribution": {
    "200": 526665
  },
  "errorDistribution": {}
}