{
  "summary": {
    "successRate": 1,
    "total": 10.000579979,
    "slowest": 0.005884586,
    "fastest": 0.00017711,
    "average": 0.0009321199358805265,
    "requestsPerSec": 53548.494299782455,
    "totalData": 6961708,
    "sizePerRequest": 13,
    "sizePerSec": 696130.425897172
  },
  "responseTimeHistogram": {
    "0.00017711": 1,
    "0.0007478575999999999": 40165,
    "0.0013186051999999999": 493038,
    "0.0018893527999999998": 2049,
    "0.0024601003999999995": 162,
    "0.0030308479999999996": 2,
    "0.0036015955999999993": 1,
    "0.004172343199999999": 21,
    "0.0047430907999999996": 18,
    "0.0053138384": 7,
    "0.005884586": 52
  },
  "latencyPercentiles": {
    "p10": 0.000787095,
    "p25": 0.000871494,
    "p50": 0.000945793,
    "p75": 0.001009484,
    "p90": 0.001057179,
    "p95": 0.001095005,
    "p99": 0.001210261
  },
  "rps": {
    "mean": 53548.027212770765,
    "stddev": 3831.1611347812027,
    "max": 76100.06088004861,
    "percentiles": {
      "p10": 50530.15557472843,
      "p25": 51722.64066017551,
      "p50": 53135.499827437656,
      "p75": 55024.90427167273,
      "p90": 57628.34161840992,
      "p95": 60027.42653118144,
      "p99": 64715.93673153017
    }
  },
  "details": {
    "DNSDialup": {
      "average": 0.0007058878400000001,
      "fastest": 0.000076052,
      "slowest": 0.001400645
    },
    "DNSLookup": {
      "average": 0.00000671028,
      "fastest": 0.000003256,
      "slowest": 0.000034675
    }
  },
  "statusCodeDistribution": {
    "200": 535516
  },
  "errorDistribution": {}
}