{
  "summary": {
    "successRate": 1,
    "total": 10.000672172,
    "slowest": 0.00647748,
    "fastest": 0.000130123,
    "average": 0.0009706907046359971,
    "requestsPerSec": 51417.84383650727,
    "totalData": 6684769,
    "sizePerRequest": 13,
    "sizePerSec": 668431.9698745946
  },
  "responseTimeHistogram": {
    "0.000130123": 1,
    "0.0007648587": 31284,
    "0.0013995944": 480991,
    "0.0020343301": 1586,
    "0.0026690658000000003": 251,
    "0.0033038015": 8,
    "0.0039385372": 5,
    "0.0045732729000000005": 18,
    "0.0052080086": 15,
    "0.0058427443": 4,
    "0.00647748": 50
  },
  "latencyPercentiles": {
    "p10": 0.000828307,
    "p25": 0.000906281,
    "p50": 0.000983633,
    "p75": 0.001046788,
    "p90": 0.00109645,
    "p95": 0.001139744,
    "p99": 0.001249919
  },
  "rps": {
    "mean": 51416.40056361999,
    "stddev": 3354.030307853863,
    "max": 64440.247755212826,
    "percentiles": {
      "p10": 49024.91073211997,
      "p25": 49922.77476984989,
      "p50": 51050.16699911319,
      "p75": 52712.21869229371,
      "p90": 55062.34454056215,
      "p95": 57122.73390606966,
      "p99": 60900.535924718504
    }
  },
  "details": {
    "DNSDialup": {
      "average": 0.00078340908,
      "fastest": 0.000108074,
      "slowest": 0.001234902
    },
    "DNSLookup": {
      "average": 0.000006233719999999999,
      "fastest": 0.000003467,
      "slowest": 0.000030156
    }
  },
  "statusCodeDistribution": {
    "200": 514213
  },
  "errorDistribution": {}
}