{
  "summary": {
    "successRate": 1,
    "total": 10.000236251,
    "slowest": 0.004213808,
    "fastest": 0.000201349,
    "average": 0.0009142122428044128,
    "requestsPerSec": 54601.5100338653,
    "totalData": 7098364,
    "sizePerRequest": 13,
    "sizePerSec": 709819.6304402489
  },
  "responseTimeHistogram": {
    "0.000201349": 1,
    "0.0006025949": 24313,
    "0.0010038408": 382747,
    "0.0014050867": 138105,
    "0.0018063326": 551,
    "0.0022075785": 178,
    "0.0026088244": 69,
    "0.0030100703": 21,
    "0.0034113162000000002": 0,
    "0.0038125621000000003": 21,
    "0.004213808": 22
  },
  "latencyPercentiles": {
    "p10": 0.000715092,
    "p25": 0.000856548,
    "p50": 0.000935751,
    "p75": 0.001004899,
    "p90": 0.001049763,
    "p95": 0.001082224,
    "p99": 0.001166421
  },
  "rps": {
    "mean": 54733.64701689929,
    "stddev": 5771.129574801035,
    "max": 187617.2607714596,
    "percentiles": {
      "p10": 51129.471027100924,
      "p25": 52110.5471747472,
      "p50": 53803.62098369309,
      "p75": 56522.47898989291,
      "p90": 59826.58094991678,
      "p95": 62061.23287661352,
      "p99": 65514.64252260058
    }
  },
  "details": {
    "DNSDialup": {
      "average": 0.0007158377000000002,
      "fastest": 0.00006898,
      "slowest": 0.001680772
    },
    "DNSLookup": {
      "average": 0.000006680980000000002,
      "fastest": 0.000003025,
      "slowest": 0.000030788
    }
  },
  "statusCodeDistribution": {
    "200": 546028
  },
  "errorDistribution": {}
}