{
  "summary": {
    "successRate": 1,
    "total": 10.0005934,
    "slowest": 0.005679396,
    "fastest": 0.000154199,
    "average": 0.0009560545111617963,
    "requestsPerSec": 52206.20208396834,
    "totalData": 6787209,
    "sizePerRequest": 13,
    "sizePerSec": 678680.6270915885
  },
  "responseTimeHistogram": {
    "0.000154199": 1,
    "0.0007067187000000001": 20314,
    "0.0012592384000000001": 498654,
    "0.0018117581000000002": 2846,
    "0.0023642778": 138,
    "0.0029167975000000002": 42,
    "0.0034693172": 0,
    "0.0040218369": 23,
    "0.0045743566": 18,
    "0.0051268763": 3,
    "0.005679396000000001": 54
  },
  "latencyPercentiles": {
    "p10": 0.000825767,
    "p25": 0.000895467,
    "p50": 0.000968216,
    "p75": 0.001028045,
    "p90": 0.001071682,
    "p95": 0.001106338,
    "p99": 0.001212523
  },
  "rps": {
    "mean": 52193.40197998754,
    "stddev": 2968.8855485093636,
    "max": 63341.510146461515,
    "percentiles": {
      "p10": 49968.97217228982,
      "p25": 50918.58018991094,
      "p50": 51902.67298765986,
      "p75": 53318.208168091165,
      "p90": 55413.9865703752,
      "p95": 56926.2942553167,
      "p99": 59903.743983996144
    }
  },
  "details": {
    "DNSDialup": {
      "average": 0.00071192964,
      "fastest": 0.000081919,
      "slowest": 0.001427064
    },
    "DNSLookup": {
      "average": 0.00000743998,
      "fastest": 0.000003376,
      "slowest": 0.000054041
    }
  },
  "statusCodeDistribution": {
    "200": 522093
  },
  "errorDistribution": {}
}