{
  "summary": {
    "successRate": 1,
    "total": 10.000672923,
    "slowest": 0.008800811,
    "fastest": 0.000132475,
    "average": 0.0009981260934421577,
    "requestsPerSec": 49997.635544109675,
    "totalData": 6500130,
    "sizePerRequest": 13,
    "sizePerSec": 649969.2620734258
  },
  "responseTimeHistogram": {
    "0.000132475": 1,
    "0.0009993086": 230728,
    "0.0018661422": 268843,
    "0.0027329757999999997": 329,
    "0.0035998094": 6,
    "0.004466643": 3,
    "0.0053334765999999995": 0,
    "0.0062003102": 50,
    "0.0070671438": 0,
    "0.0079339774": 22,
    "0.008800811": 28
  },
  "latencyPercentiles": {
    "p10": 0.000860104,
    "p25": 0.000936469,
    "p50": 0.001011397,
    "p75": 0.001075823,
    "p90": 0.001118367,
    "p95": 0.001148769,
    "p99": 0.001250995
  },
  "rps": {
    "mean": 49996.21342026231,
    "stddev": 3134.5303212256,
    "max": 61737.96625827583,
    "percentiles": {
      "p10": 48135.788345634224,
      "p25": 48805.41481545924,
      "p50": 49621.97757387115,
      "p75": 50982.93892365295,
      "p90": 53273.726178108554,
      "p95": 55218.08392248133,
      "p99": 58129.77407027566
    }
  },
  "details": {
    "DNSDialup": {
      "average": 0.00058611626,
      "fastest": 0.000072844,
      "slowest": 0.000860095
    },
    "DNSLookup": {
      "average": 0.000006753159999999998,
      "fastest": 0.000003246,
      "slowest": 0.000051456
    }
  },
  "statusCodeDistribution": {
    "200": 500010
  },
  "errorDistribution": {}
}