{
  "summary": {
    "successRate": 1,
    "total": 10.00058221,
    "slowest": 0.006265985,
    "fastest": 0.000278392,
    "average": 0.0009356530689828529,
    "requestsPerSec": 53343.49428841904,
    "totalData": 6935058,
    "sizePerRequest": 13,
    "sizePerSec": 693465.4257494475
  },
  "responseTimeHistogram": {
    "0.000278392": 1,
    "0.0008771512999999999": 141597,
    "0.0014759106": 390821,
    "0.0020746699": 800,
    "0.0026734292000000002": 98,
    "0.0032721885000000003": 7,
    "0.0038709478000000003": 8,
    "0.0044697071": 25,
    "0.0050684664": 59,
    "0.0056672256999999995": 0,
    "0.006265985": 50
  },
  "latencyPercentiles": {
    "p10": 0.000741875,
    "p25": 0.000871142,
    "p50": 0.000952922,
    "p75": 0.00102343,
    "p90": 0.001078032,
    "p95": 0.001128714,
    "p99": 0.001235338
  },
  "rps": {
    "mean": 53343.81424236175,
    "stddev": 4589.9651694636,
    "max": 72842.76747784196,
    "percentiles": {
      "p10": 49580.18582290927,
      "p25": 50845.9673671373,
      "p50": 52311.294008378114,
      "p75": 55317.72164343294,
      "p90": 59342.536730328255,
      "p95": 61736.99439054935,
      "p99": 67719.7963196907
    }
  },
  "details": {
    "DNSDialup": {
      "average": 0.0008104454399999999,
      "fastest": 0.000077244,
      "slowest": 0.001368547
    },
    "DNSLookup": {
      "average": 0.00000777728,
      "fastest": 0.000003326,
      "slowest": 0.000031098
    }
  },
  "statusCodeDistribution": {
    "200": 533466
  },
  "errorDistribution": {}
}