{
  "summary": {
    "successRate": 1,
    "total": 10.000694504,
    "slowest": 0.006126317,
    "fastest": 0.000125891,
    "average": 0.0009600110710959732,
    "requestsPerSec": 51990.88921194788,
    "totalData": 6759285,
    "sizePerRequest": 13,
    "sizePerSec": 675881.5597553224
  },
  "responseTimeHistogram": {
    "0.000125891": 1,
    "0.0007259336": 23895,
    "0.0013259761999999998": 491947,
    "0.0019260187999999997": 3514,
    "0.0025260613999999997": 409,
    "0.0031261039999999998": 80,
    "0.0037261465999999994": 0,
    "0.0043261892": 7,
    "0.0049262318": 1,
    "0.0055262743999999996": 20,
    "0.006126317": 71
  },
  "latencyPercentiles": {
    "p10": 0.000824363,
    "p25": 0.000896403,
    "p50": 0.000969772,
    "p75": 0.001030461,
    "p90": 0.001076027,
    "p95": 0.001118171,
    "p99": 0.001280884
  },
  "rps": {
    "mean": 51989.161145869795,
    "stddev": 3642.0915253400867,
    "max": 81047.05592067554,
    "percentiles": {
      "p10": 49815.31526489435,
      "p25": 50855.9771740738,
      "p50": 51844.78352401003,
      "p75": 53159.14852333874,
      "p90": 55210.053750787425,
      "p95": 56545.12300816873,
      "p99": 59643.000934071766
    }
  },
  "details": {
    "DNSDialup": {
      "average": 0.0006309759800000001,
      "fastest": 0.000090269,
      "slowest": 0.001010481
    },
    "DNSLookup": {
      "average": 0.00000654242,
      "fastest": 0.000003216,
      "slowest": 0.000028263
    }
  },
  "statusCodeDistribution": {
    "200": 519945
  },
  "errorDistribution": {}
}