{
  "summary": {
    "successRate": 1,
    "total": 10.000702138,
    "slowest": 0.005846547,
    "fastest": 0.00012217,
    "average": 0.000938541866230074,
    "requestsPerSec": 53179.36607462631,
    "totalData": 6913803,
    "sizePerRequest": 13,
    "sizePerSec": 691331.7589701421
  },
  "responseTimeHistogram": {
    "0.00012217": 1,
    "0.0006946076999999999": 24161,
    "0.0012670453999999998": 504981,
    "0.0018394830999999996": 2489,
    "0.0024119207999999995": 98,
    "0.0029843584999999996": 5,
    "0.0035567961999999993": 8,
    "0.004129233899999999": 15,
    "0.004701671599999999": 22,
    "0.0052741093": 1,
    "0.005846546999999999": 50
  },
  "latencyPercentiles": {
    "p10": 0.00080278,
    "p25": 0.000879401,
    "p50": 0.000951398,
    "p75": 0.001011631,
    "p90": 0.001056316,
    "p95": 0.001094962,
    "p99": 0.00120388
  },
  "rps": {
    "mean": 53178.80223784795,
    "stddev": 3192.779730491573,
    "max": 70437.09217273696,
    "percentiles": {
      "p10": 50847.3490514377,
      "p25": 51741.54846341747,
      "p50": 52641.09392404526,
      "p75": 54095.5337161705,
      "p90": 56952.12828301825,
      "p95": 58651.04400359106,
      "p99": 62668.3210035572
    }
  },
  "details": {
    "DNSDialup": {
      "average": 0.0007793598399999999,
      "fastest": 0.000087444,
      "slowest": 0.001541337
    },
    "DNSLookup": {
      "average": 0.000023186760000000004,
      "fastest": 0.000003737,
      "slowest": 0.00081891
    }
  },
  "statusCodeDistribution": {
    "200": 531831
  },
  "errorDistribution": {}
}