{
  "summary": {
    "successRate": 1,
    "total": 10.000206661,
    "slowest": 0.004412543,
    "fastest": 0.000146187,
    "average": 0.0009043636108202977,
    "requestsPerSec": 55193.15937264909,
    "totalData": 7175259,
    "sizePerRequest": 13,
    "sizePerSec": 717511.0718444382
  },
  "responseTimeHistogram": {
    "0.000146187": 1,
    "0.0005728225999999999": 22333,
    "0.0009994582": 378537,
    "0.0014260937999999996": 150144,
    "0.0018527293999999997": 676,
    "0.0022793649999999998": 101,
    "0.0027060005999999994": 104,
    "0.0031326361999999995": 3,
    "0.0035592717999999995": 10,
    "0.0039859074": 22,
    "0.004412543": 12
  },
  "latencyPercentiles": {
    "p10": 0.000645796,
    "p25": 0.00084598,
    "p50": 0.00093199,
    "p75": 0.001005368,
    "p90": 0.001050783,
    "p95": 0.001083783,
    "p99": 0.001173025
  },
  "rps": {
    "mean": 55184.14235102502,
    "stddev": 4700.794971116315,
    "max": 74273.02019493861,
    "percentiles": {
      "p10": 50945.301093248876,
      "p25": 52057.985574618986,
      "p50": 54017.89072540958,
      "p75": 57872.369397933006,
      "p90": 61413.44906445615,
      "p95": 63634.56164405192,
      "p99": 68310.6906833644
    }
  },
  "details": {
    "DNSDialup": {
      "average": 0.0007335619400000001,
      "fastest": 0.000077866,
      "slowest": 0.001656041
    },
    "DNSLookup": {
      "average": 0.000006153520000000001,
      "fastest": 0.000003277,
      "slowest": 0.000022451
    }
  },
  "statusCodeDistribution": {
    "200": 551943
  },
  "errorDistribution": {}
}