{
  "summary": {
    "successRate": 1,
    "total": 10.000813664,
    "slowest": 0.005880363,
    "fastest": 0.000114143,
    "average": 0.0009434225472635,
    "requestsPerSec": 52908.59501809432,
    "totalData": 6878677,
    "sizePerRequest": 13,
    "sizePerSec": 687811.7352352261
  },
  "responseTimeHistogram": {
    "0.000114143": 1,
    "0.0006907650000000001": 23606,
    "0.001267387": 502557,
    "0.001844009": 2618,
    "0.0024206310000000003": 247,
    "0.0029972530000000005": 4,
    "0.0035738750000000002": 8,
    "0.004150497": 14,
    "0.004727119": 21,
    "0.005303741": 2,
    "0.005880363": 51
  },
  "latencyPercentiles": {
    "p10": 0.000804321,
    "p25": 0.000882175,
    "p50": 0.000956229,
    "p75": 0.001018359,
    "p90": 0.00106444,
    "p95": 0.001102641,
    "p99": 0.001209632
  },
  "rps": {
    "mean": 52904.49373083769,
    "stddev": 3611.5266803384875,
    "max": 82140.75002609081,
    "percentiles": {
      "p10": 50406.119302882624,
      "p25": 51422.998670522175,
      "p50": 52504.61018533469,
      "p75": 54066.85366455685,
      "p90": 56546.83208633274,
      "p95": 58200.76242999013,
      "p99": 63013.33836359105
    }
  },
  "details": {
    "DNSDialup": {
      "average": 0.0007759554000000001,
      "fastest": 0.000082494,
      "slowest": 0.001610045
    },
    "DNSLookup": {
      "average": 0.000006512159999999999,
      "fastest": 0.000003146,
      "slowest": 0.000034514
    }
  },
  "statusCodeDistribution": {
    "200": 529129
  },
  "errorDistribution": {}
}