{
  "summary": {
    "successRate": 1,
    "total": 10.000640024,
    "slowest": 0.005912825,
    "fastest": 0.000107236,
    "average": 0.0009396501188649196,
    "requestsPerSec": 53117.40035889526,
    "totalData": 6905704,
    "sizePerRequest": 13,
    "sizePerSec": 690526.2046656385
  },
  "responseTimeHistogram": {
    "0.000107236": 1,
    "0.0006877949": 23331,
    "0.0012683538": 505183,
    "0.0018489126999999999": 2347,
    "0.0024294716": 246,
    "0.0030100305": 8,
    "0.0035905894": 7,
    "0.0041711483": 14,
    "0.0047517072": 17,
    "0.0053322661": 4,
    "0.005912825": 50
  },
  "latencyPercentiles": {
    "p10": 0.000801242,
    "p25": 0.00087986,
    "p50": 0.000952267,
    "p75": 0.001014201,
    "p90": 0.001058544,
    "p95": 0.001094145,
    "p99": 0.001197
  },
  "rps": {
    "mean": 53119.51622774145,
    "stddev": 3232.6577514055875,
    "max": 65440.16717461201,
    "percentiles": {
      "p10": 50703.91941297175,
      "p25": 51663.178901476145,
      "p50": 52804.73451666867,
      "p75": 54584.40248691853,
      "p90": 56880.16121120054,
      "p95": 58384.45311142573,
      "p99": 61222.29716062328
    }
  },
  "details": {
    "DNSDialup": {
      "average": 0.0006894736000000001,
      "fastest": 0.00006913,
      "slowest": 0.001116172
    },
    "DNSLookup": {
      "average": 0.0000075578,
      "fastest": 0.000003296,
      "slowest": 0.000039303
    }
  },
  "statusCodeDistribution": {
    "200": 531208
  },
  "errorDistribution": {}
}