{
  "summary": {
    "successRate": 1,
    "total": 10.000202337,
    "slowest": 0.005360402,
    "fastest": 0.000128468,
    "average": 0.0009429140853723327,
    "requestsPerSec": 52937.62887589862,
    "totalData": 6882031,
    "sizePerRequest": 13,
    "sizePerSec": 688189.175386682
  },
  "responseTimeHistogram": {
    "0.000128468": 1,
    "0.0006516614": 32032,
    "0.0011748548000000002": 486110,
    "0.0016980482000000002": 10700,
    "0.0022212416000000003": 430,
    "0.0027444350000000004": 64,
    "0.0032676284000000004": 7,
    "0.0037908218000000005": 15,
    "0.0043140152": 10,
    "0.0048372086": 14,
    "0.005360402": 4
  },
  "latencyPercentiles": {
    "p10": 0.000780502,
    "p25": 0.000883111,
    "p50": 0.000962749,
    "p75": 0.001026783,
    "p90": 0.001078107,
    "p95": 0.001122336,
    "p99": 0.001218764
  },
  "rps": {
    "mean": 52948.22333986895,
    "stddev": 4500.399791939551,
    "max": 79353.11020668811,
    "percentiles": {
      "p10": 49699.72157021763,
      "p25": 50636.54651132388,
      "p50": 51753.425060689704,
      "p75": 53825.81662211735,
      "p90": 59223.374132998564,
      "p95": 61937.16113032549,
      "p99": 68225.01128914923
    }
  },
  "details": {
    "DNSDialup": {
      "average": 0.00080191484,
      "fastest": 0.000104541,
      "slowest": 0.001722748
    },
    "DNSLookup": {
      "average": 0.00003840344,
      "fastest": 0.000003066,
      "slowest": 0.00162499
    }
  },
  "statusCodeDistribution": {
    "200": 529387
  },
  "errorDistribution": {}
}