{
  "summary": {
    "successRate": 1,
    "total": 10.000638854,
    "slowest": 0.016603477,
    "fastest": 0.000217129,
    "average": 0.0037268852389435816,
    "requestsPerSec": 13391.844456660148,
    "totalData": 1741051,
    "sizePerRequest": 13,
    "sizePerSec": 174093.97793658194
  },
  "responseTimeHistogram": {
    "0.000217129": 1,
    "0.0018557637999999997": 51,
    "0.0034943985999999995": 73067,
    "0.005133033399999999": 57428,
    "0.006771668199999999": 1267,
    "0.008410303": 147,
    "0.010048937799999998": 515,
    "0.011687572599999998": 311,
    "0.013326207399999998": 336,
    "0.014964842199999998": 784,
    "0.016603477": 20
  },
  "latencyPercentiles": {
    "p10": 0.003246536,
    "p25": 0.00336148,
    "p50": 0.003466199,
    "p75": 0.003808723,
    "p90": 0.004273193,
    "p95": 0.004761493,
    "p99": 0.01019315
  },
  "rps": {
    "mean": 13454.627458588611,
    "stddev": 2823.1309561191324,
    "max": 25537.552172418546,
    "percentiles": {
      "p10": 11467.162021242213,
      "p25": 12761.065526865825,
      "p50": 14136.599656510813,
      "p75": 14762.557814996668,
      "p90": 15231.217819425237,
      "p95": 15704.758541838884,
      "p99": 18156.70156331118
    }
  },
  "details": {
    "DNSDialup": {
      "average": 0.0005126451000000001,
      "fastest": 0.000072767,
      "slowest": 0.000896077
    },
    "DNSLookup": {
      "average": 0.000006157259999999998,
      "fastest": 0.000003206,
      "slowest": 0.000030528
    }
  },
  "statusCodeDistribution": {
    "200": 133927
  },
  "errorDistribution": {}
}