{
  "summary": {
    "successRate": 1,
    "total": 10.00067706,
    "slowest": 0.01498517,
    "fastest": 0.000604751,
    "average": 0.00346146451356092,
    "requestsPerSec": 14419.12373880814,
    "totalData": 1874613,
    "sizePerRequest": 13,
    "sizePerSec": 187448.60860450583
  },
  "responseTimeHistogram": {
    "0.000604751": 1,
    "0.0020427929": 25,
    "0.0034808348": 111564,
    "0.0049188767": 30794,
    "0.0063569186": 1348,
    "0.0077949605": 52,
    "0.0092330024": 165,
    "0.010671044300000002": 210,
    "0.0121090862": 11,
    "0.0135471281": 13,
    "0.01498517": 18
  },
  "latencyPercentiles": {
    "p10": 0.003153478,
    "p25": 0.003216798,
    "p50": 0.003290962,
    "p75": 0.00342528,
    "p90": 0.004125957,
    "p95": 0.004483122,
    "p99": 0.005050096
  },
  "rps": {
    "mean": 14422.07839117812,
    "stddev": 1669.7035839404164,
    "max": 16523.48648368847,
    "percentiles": {
      "p10": 12574.821486898853,
      "p25": 13358.204368071723,
      "p50": 15129.551039090613,
      "p75": 15526.131184516998,
      "p90": 15750.848220173975,
      "p95": 15878.188965925738,
      "p99": 16253.60383603422
    }
  },
  "details": {
    "DNSDialup": {
      "average": 0.0007898543199999997,
      "fastest": 0.000080278,
      "slowest": 0.00161326
    },
    "DNSLookup": {
      "average": 0.0000070732800000000025,
      "fastest": 0.000003397,
      "slowest": 0.00003169
    }
  },
  "statusCodeDistribution": {
    "200": 144201
  },
  "errorDistribution": {}
}