{
  "summary": {
    "successRate": 1,
    "total": 10.000626187,
    "slowest": 0.017457732,
    "fastest": 0.000692668,
    "average": 0.003554718839775487,
    "requestsPerSec": 14039.420869716385,
    "totalData": 1825239,
    "sizePerRequest": 13,
    "sizePerSec": 182512.471306313
  },
  "responseTimeHistogram": {
    "0.000692668": 1,
    "0.0023691744": 88,
    "0.0040456808": 125257,
    "0.005722187200000001": 12994,
    "0.007398693600000001": 568,
    "0.0090752": 405,
    "0.010751706400000002": 741,
    "0.012428212800000001": 148,
    "0.014104719200000001": 74,
    "0.0157812256": 106,
    "0.017457732": 21
  },
  "latencyPercentiles": {
    "p10": 0.003036364,
    "p25": 0.003207523,
    "p50": 0.003399895,
    "p75": 0.003605803,
    "p90": 0.004131319,
    "p95": 0.004678878,
    "p99": 0.008081179
  },
  "rps": {
    "mean": 14059.284809768542,
    "stddev": 2383.3914211441474,
    "max": 19892.5253412777,
    "percentiles": {
      "p10": 11731.103848744786,
      "p25": 13413.026731561675,
      "p50": 14520.939194320234,
      "p75": 15346.824696833277,
      "p90": 16059.66970277997,
      "p95": 16453.54556022449,
      "p99": 18605.200153443904
    }
  },
  "details": {
    "DNSDialup": {
      "average": 0.0008241456,
      "fastest": 0.000122529,
      "slowest": 0.001697581
    },
    "DNSLookup": {
      "average": 0.000005999740000000001,
      "fastest": 0.000002826,
      "slowest": 0.00003224
    }
  },
  "statusCodeDistribution": {
    "200": 140403
  },
  "errorDistribution": {}
}