{
  "summary": {
    "successRate": 1,
    "total": 10.00062494,
    "slowest": 0.019195935,
    "fastest": 0.000367238,
    "average": 0.0036571976422441945,
    "requestsPerSec": 13645.047266416133,
    "totalData": 1773967,
    "sizePerRequest": 13,
    "sizePerSec": 177385.61446340973
  },
  "responseTimeHistogram": {
    "0.000367238": 1,
    "0.0022501077": 230,
    "0.0041329774000000005": 122338,
    "0.0060158471": 11382,
    "0.0078987168": 376,
    "0.009781586500000002": 431,
    "0.011664456200000001": 1003,
    "0.013547325900000002": 530,
    "0.015430195600000002": 113,
    "0.0173130653": 5,
    "0.019195935": 50
  },
  "latencyPercentiles": {
    "p10": 0.003266373,
    "p25": 0.003342383,
    "p50": 0.003422357,
    "p75": 0.003543891,
    "p90": 0.004151308,
    "p95": 0.004739344,
    "p99": 0.010352378
  },
  "rps": {
    "mean": 13678.89607898617,
    "stddev": 2593.152679170116,
    "max": 18380.325699377463,
    "percentiles": {
      "p10": 11641.556865542596,
      "p25": 13435.24565423649,
      "p50": 14510.74085037718,
      "p75": 14900.207112880442,
      "p90": 15234.70923805794,
      "p95": 15507.286971069158,
      "p99": 15927.44966467582
    }
  },
  "details": {
    "DNSDialup": {
      "average": 0.0007387406,
      "fastest": 0.000091902,
      "slowest": 0.001191964
    },
    "DNSLookup": {
      "average": 0.000007046780000000002,
      "fastest": 0.000003236,
      "slowest": 0.00003217
    }
  },
  "statusCodeDistribution": {
    "200": 136459
  },
  "errorDistribution": {}
}