{
  "summary": {
    "successRate": 1,
    "total": 10.000728854,
    "slowest": 0.018548138,
    "fastest": 0.000294011,
    "average": 0.0031832345517177614,
    "requestsPerSec": 15676.257429706733,
    "totalData": 2038062,
    "sizePerRequest": 13,
    "sizePerSec": 203791.34658618752
  },
  "responseTimeHistogram": {
    "0.000294011": 1,
    "0.0021194237": 3436,
    "0.0039448363999999994": 138815,
    "0.0057702490999999995": 11471,
    "0.0075956617999999995": 1984,
    "0.0094210745": 62,
    "0.011246487199999999": 205,
    "0.0130718999": 150,
    "0.014897312599999999": 309,
    "0.016722725299999998": 267,
    "0.018548138": 74
  },
  "latencyPercentiles": {
    "p10": 0.002560785,
    "p25": 0.002760139,
    "p50": 0.002964499,
    "p75": 0.003244418,
    "p90": 0.003843945,
    "p95": 0.004804476,
    "p99": 0.006629814
  },
  "rps": {
    "mean": 15831.78606747954,
    "stddev": 3599.3628066602378,
    "max": 45597.555969089764,
    "percentiles": {
      "p10": 11842.1545174361,
      "p25": 14436.843349202838,
      "p50": 16129.234237054256,
      "p75": 17693.02149764556,
      "p90": 19224.26679197179,
      "p95": 20172.076847785444,
      "p99": 24411.132290028232
    }
  },
  "details": {
    "DNSDialup": {
      "average": 0.0005495650200000002,
      "fastest": 0.000076418,
      "slowest": 0.001038516
    },
    "DNSLookup": {
      "average": 0.000006530699999999999,
      "fastest": 0.000003117,
      "slowest": 0.000047811
    }
  },
  "statusCodeDistribution": {
    "200": 156774
  },
  "errorDistribution": {}
}