{
  "summary": {
    "successRate": 1,
    "total": 10.000445584,
    "slowest": 0.014925508,
    "fastest": 0.001300264,
    "average": 0.003566446148477649,
    "requestsPerSec": 13994.076446344074,
    "totalData": 1819311,
    "sizePerRequest": 13,
    "sizePerSec": 181922.99380247295
  },
  "responseTimeHistogram": {
    "0.001300264": 1,
    "0.0026627884000000003": 856,
    "0.0040253128": 123965,
    "0.0053878371999999996": 14388,
    "0.0067503616": 284,
    "0.008112886000000001": 162,
    "0.0094754104": 218,
    "0.0108379348": 29,
    "0.012200459200000001": 8,
    "0.013562983600000002": 16,
    "0.014925508000000002": 20
  },
  "latencyPercentiles": {
    "p10": 0.003263057,
    "p25": 0.003328547,
    "p50": 0.003408535,
    "p75": 0.003737619,
    "p90": 0.004046437,
    "p95": 0.004271545,
    "p99": 0.005003203
  },
  "rps": {
    "mean": 13997.642223116556,
    "stddev": 1413.507976511081,
    "max": 22143.9801589907,
    "percentiles": {
      "p10": 12525.112851266284,
      "p25": 13385.223719423435,
      "p50": 14333.784730609996,
      "p75": 14910.04489724839,
      "p90": 15178.349120324108,
      "p95": 15369.777251745872,
      "p99": 15887.003586440658
    }
  },
  "details": {
    "DNSDialup": {
      "average": 0.0007288113200000001,
      "fastest": 0.000071176,
      "slowest": 0.001662331
    },
    "DNSLookup": {
      "average": 0.000007175560000000003,
      "fastest": 0.000003476,
      "slowest": 0.000036649
    }
  },
  "statusCodeDistribution": {
    "200": 139947
  },
  "errorDistribution": {}
}