{
  "summary": {
    "successRate": 1,
    "total": 10.000976337,
    "slowest": 0.021175919,
    "fastest": 0.002091745,
    "average": 0.003596556449693822,
    "requestsPerSec": 13877.645074164122,
    "totalData": 1804270,
    "sizePerRequest": 13,
    "sizePerSec": 180409.38596413357
  },
  "responseTimeHistogram": {
    "0.002091745": 1,
    "0.0040001624": 118190,
    "0.005908579800000001": 19990,
    "0.007816997200000002": 390,
    "0.009725414600000001": 161,
    "0.011633832": 8,
    "0.013542249400000001": 0,
    "0.015450666800000002": 6,
    "0.017359084200000003": 8,
    "0.0192675016": 15,
    "0.021175919": 21
  },
  "latencyPercentiles": {
    "p10": 0.003326285,
    "p25": 0.003386369,
    "p50": 0.003450548,
    "p75": 0.003544074,
    "p90": 0.004248951,
    "p95": 0.004398484,
    "p99": 0.005042399
  },
  "rps": {
    "mean": 13885.30103113869,
    "stddev": 1333.5601651529112,
    "max": 15814.152947070756,
    "percentiles": {
      "p10": 12628.497467384259,
      "p25": 13246.253267157212,
      "p50": 14263.194509594425,
      "p75": 14640.106571952938,
      "p90": 15011.864129942338,
      "p95": 15280.252387905797,
      "p99": 15606.106127892015
    }
  },
  "details": {
    "DNSDialup": {
      "average": 0.00111159768,
      "fastest": 0.000092357,
      "slowest": 0.002237585
    },
    "DNSLookup": {
      "average": 0.000006035619999999999,
      "fastest": 0.000003607,
      "slowest": 0.000028153
    }
  },
  "statusCodeDistribution": {
    "200": 138790
  },
  "errorDistribution": {}
}