{
  "summary": {
    "successRate": 1,
    "total": 10.000583891,
    "slowest": 0.017129759,
    "fastest": 0.000490202,
    "average": 0.003802410570645985,
    "requestsPerSec": 13124.533670291072,
    "totalData": 1706289,
    "sizePerRequest": 13,
    "sizePerSec": 170618.93771378393
  },
  "responseTimeHistogram": {
    "0.000490202": 1,
    "0.0021541577": 142,
    "0.0038181134000000003": 89987,
    "0.0054820691000000005": 38081,
    "0.007146024800000001": 1017,
    "0.008809980500000002": 127,
    "0.0104739362": 379,
    "0.012137891900000001": 1007,
    "0.013801847600000002": 433,
    "0.015465803300000002": 63,
    "0.017129759": 16
  },
  "latencyPercentiles": {
    "p10": 0.003068917,
    "p25": 0.003397471,
    "p50": 0.003736669,
    "p75": 0.00384675,
    "p90": 0.004400804,
    "p95": 0.004952109,
    "p99": 0.010900084
  },
  "rps": {
    "mean": 13156.551934584122,
    "stddev": 2738.6129589524503,
    "max": 22612.17447513543,
    "percentiles": {
      "p10": 10940.569821010224,
      "p25": 12623.679498002351,
      "p50": 13503.96819953736,
      "p75": 14538.461499897616,
      "p90": 15240.92991723126,
      "p95": 16608.259287342877,
      "p99": 18249.17422494183
    }
  },
  "details": {
    "DNSDialup": {
      "average": 0.0007391239400000001,
      "fastest": 0.000072614,
      "slowest": 0.001656975
    },
    "DNSLookup": {
      "average": 0.000006952560000000001,
      "fastest": 0.000003056,
      "slowest": 0.00003773
    }
  },
  "statusCodeDistribution": {
    "200": 131253
  },
  "errorDistribution": {}
}