{
  "summary": {
    "successRate": 1,
    "total": 10.000408703,
    "slowest": 0.014611493,
    "fastest": 0.001152814,
    "average": 0.0036313236077308597,
    "requestsPerSec": 13744.338264771817,
    "totalData": 1786837,
    "sizePerRequest": 13,
    "sizePerSec": 178676.39744203363
  },
  "responseTimeHistogram": {
    "0.001152814": 1,
    "0.0024986819": 5858,
    "0.0038445498000000003": 97680,
    "0.0051904177": 32368,
    "0.0065362856": 1033,
    "0.0078821535": 186,
    "0.0092280214": 227,
    "0.0105738893": 51,
    "0.0119197572": 11,
    "0.013265625100000001": 15,
    "0.014611493000000001": 19
  },
  "latencyPercentiles": {
    "p10": 0.003277473,
    "p25": 0.003391953,
    "p50": 0.003517518,
    "p75": 0.003841736,
    "p90": 0.004173352,
    "p95": 0.004475983,
    "p99": 0.005307465
  },
  "rps": {
    "mean": 13745.237126392052,
    "stddev": 1855.0048387903098,
    "max": 22552.33881453551,
    "percentiles": {
      "p10": 12108.082144831746,
      "p25": 12857.095790989968,
      "p50": 13769.594283428036,
      "p75": 14538.022744686683,
      "p90": 15065.811986500139,
      "p95": 15601.154767280617,
      "p99": 20762.280613152845
    }
  },
  "details": {
    "DNSDialup": {
      "average": 0.00068525978,
      "fastest": 0.000099246,
      "slowest": 0.001601556
    },
    "DNSLookup": {
      "average": 0.000008137079999999999,
      "fastest": 0.000003547,
      "slowest": 0.000041728
    }
  },
  "statusCodeDistribution": {
    "200": 137449
  },
  "errorDistribution": {}
}