{
  "summary": {
    "successRate": 1,
    "total": 10.000633946,
    "slowest": 0.01818376,
    "fastest": 0.00159428,
    "average": 0.0036187545670610353,
    "requestsPerSec": 13792.5256283548,
    "totalData": 1793142,
    "sizePerRequest": 13,
    "sizePerSec": 179302.8331686124
  },
  "responseTimeHistogram": {
    "0.00159428": 1,
    "0.003253228": 9729,
    "0.004912176": 122352,
    "0.006571123999999999": 5303,
    "0.008230072": 141,
    "0.00988902": 158,
    "0.011547967999999999": 200,
    "0.013206915999999999": 4,
    "0.014865864": 9,
    "0.016524812": 17,
    "0.01818376": 20
  },
  "latencyPercentiles": {
    "p10": 0.00327779,
    "p25": 0.003346134,
    "p50": 0.003426298,
    "p75": 0.00356138,
    "p90": 0.00431306,
    "p95": 0.004842002,
    "p99": 0.00543116
  },
  "rps": {
    "mean": 13799.298894762342,
    "stddev": 1694.9484679595437,
    "max": 16309.045540292964,
    "percentiles": {
      "p10": 11636.748852877348,
      "p25": 12834.352713681383,
      "p50": 14443.68057880579,
      "p75": 14874.503412692578,
      "p90": 15153.862890257706,
      "p95": 15386.340256017565,
      "p99": 15764.047800661216
    }
  },
  "details": {
    "DNSDialup": {
      "average": 0.0007812450800000002,
      "fastest": 0.000081914,
      "slowest": 0.001459525
    },
    "DNSLookup": {
      "average": 0.000007758959999999999,
      "fastest": 0.000003286,
      "slowest": 0.000046827
    }
  },
  "statusCodeDistribution": {
    "200": 137934
  },
  "errorDistribution": {}
}