{
  "summary": {
    "successRate": 1,
    "total": 10.000430782,
    "slowest": 0.014981196,
    "fastest": 0.000596751,
    "average": 0.003553266177399498,
    "requestsPerSec": 14045.094962590181,
    "totalData": 1825941,
    "sizePerRequest": 13,
    "sizePerSec": 182586.23451367236
  },
  "responseTimeHistogram": {
    "0.000596751": 1,
    "0.0020351955": 215,
    "0.00347364": 71146,
    "0.0049120845": 67657,
    "0.006350529000000001": 917,
    "0.007788973500000001": 203,
    "0.009227418": 216,
    "0.0106658625": 30,
    "0.012104307": 43,
    "0.0135427515": 14,
    "0.014981196": 15
  },
  "latencyPercentiles": {
    "p10": 0.003178456,
    "p25": 0.003295665,
    "p50": 0.003462206,
    "p75": 0.003729125,
    "p90": 0.003971086,
    "p95": 0.004320308,
    "p99": 0.004944745
  },
  "rps": {
    "mean": 14049.995126315736,
    "stddev": 1622.8892160731398,
    "max": 23608.158979743803,
    "percentiles": {
      "p10": 12341.695183005684,
      "p25": 13218.77065432806,
      "p50": 14077.730187229317,
      "p75": 15035.30289118928,
      "p90": 15506.255223357153,
      "p95": 15871.835040022495,
      "p99": 17921.193603555435
    }
  },
  "details": {
    "DNSDialup": {
      "average": 0.0007609017399999999,
      "fastest": 0.000069988,
      "slowest": 0.001732092
    },
    "DNSLookup": {
      "average": 0.000006631880000000001,
      "fastest": 0.000002936,
      "slowest": 0.00003207
    }
  },
  "statusCodeDistribution": {
    "200": 140457
  },
  "errorDistribution": {}
}