{
  "summary": {
    "successRate": 1,
    "total": 10.000620941,
    "slowest": 0.01666107,
    "fastest": 0.001030615,
    "average": 0.0037355204804664375,
    "requestsPerSec": 13360.770374988258,
    "totalData": 1737008,
    "sizePerRequest": 13,
    "sizePerSec": 173690.01487484737
  },
  "responseTimeHistogram": {
    "0.001030615": 1,
    "0.0025936605": 2194,
    "0.004156706": 117702,
    "0.0057197515": 11125,
    "0.007282797000000001": 1643,
    "0.008845842500000001": 85,
    "0.010408888": 169,
    "0.0119719335": 343,
    "0.013534979": 324,
    "0.015098024500000001": 15,
    "0.01666107": 15
  },
  "latencyPercentiles": {
    "p10": 0.003048618,
    "p25": 0.003422965,
    "p50": 0.003602801,
    "p75": 0.003851804,
    "p90": 0.004190336,
    "p95": 0.004977419,
    "p99": 0.006036695
  },
  "rps": {
    "mean": 13388.720009927443,
    "stddev": 2320.6258315978585,
    "max": 22570.11870218299,
    "percentiles": {
      "p10": 11046.736532923534,
      "p25": 12555.937959201474,
      "p50": 13601.769590224218,
      "p75": 14402.786939273388,
      "p90": 15385.611285152037,
      "p95": 16960.154429913837,
      "p99": 18012.212279928746
    }
  },
  "details": {
    "DNSDialup": {
      "average": 0.0007870208400000003,
      "fastest": 0.000109793,
      "slowest": 0.001247981
    },
    "DNSLookup": {
      "average": 0.000006465439999999998,
      "fastest": 0.000003497,
      "slowest": 0.000031228
    }
  },
  "statusCodeDistribution": {
    "200": 133616
  },
  "errorDistribution": {}
}