{
  "summary": {
    "successRate": 1,
    "total": 10.000662093,
    "slowest": 0.016287047,
    "fastest": 0.001899361,
    "average": 0.0036577374469916706,
    "requestsPerSec": 13647.896382334053,
    "totalData": 1774344,
    "sizePerRequest": 13,
    "sizePerSec": 177422.65297034266
  },
  "responseTimeHistogram": {
    "0.001899361": 1,
    "0.0033381295999999998": 30429,
    "0.004776898199999999": 99277,
    "0.0062156668": 4496,
    "0.0076544353999999995": 155,
    "0.009093203999999999": 204,
    "0.0105319726": 1523,
    "0.0119707412": 322,
    "0.013409509799999999": 54,
    "0.014848278399999998": 13,
    "0.016287046999999995": 14
  },
  "latencyPercentiles": {
    "p10": 0.003276579,
    "p25": 0.003347631,
    "p50": 0.003413148,
    "p75": 0.003554264,
    "p90": 0.004235628,
    "p95": 0.004771607,
    "p99": 0.009894075
  },
  "rps": {
    "mean": 13657.644549870243,
    "stddev": 2322.3275936445884,
    "max": 18101.02813839851,
    "percentiles": {
      "p10": 11308.593400124773,
      "p25": 13061.411867962666,
      "p50": 14515.660946594397,
      "p75": 14850.819504343977,
      "p90": 15162.243587508872,
      "p95": 15461.56951596935,
      "p99": 16125.967905617088
    }
  },
  "details": {
    "DNSDialup": {
      "average": 0.00048554150000000004,
      "fastest": 0.000069171,
      "slowest": 0.000857737
    },
    "DNSLookup": {
      "average": 0.000006504899999999999,
      "fastest": 0.000003056,
      "slowest": 0.000036459
    }
  },
  "statusCodeDistribution": {
    "200": 136488
  },
  "errorDistribution": {}
}