{
  "summary": {
    "successRate": 1,
    "total": 10.000660711,
    "slowest": 0.015606799,
    "fastest": 0.002331693,
    "average": 0.003661412296465247,
    "requestsPerSec": 13632.399292383114,
    "totalData": 1772329,
    "sizePerRequest": 13,
    "sizePerSec": 177221.19080098046
  },
  "responseTimeHistogram": {
    "0.002331693": 1,
    "0.0036592036": 114023,
    "0.0049867142": 17771,
    "0.0063142248": 2345,
    "0.0076417353999999995": 103,
    "0.008969246": 163,
    "0.010296756599999998": 905,
    "0.0116242672": 427,
    "0.012951777799999998": 570,
    "0.0142792884": 11,
    "0.015606798999999998": 14
  },
  "latencyPercentiles": {
    "p10": 0.003302806,
    "p25": 0.003367917,
    "p50": 0.003432654,
    "p75": 0.003513744,
    "p90": 0.004229523,
    "p95": 0.004751098,
    "p99": 0.009883969
  },
  "rps": {
    "mean": 13656.561130208565,
    "stddev": 2453.0980149758225,
    "max": 17884.08760749958,
    "percentiles": {
      "p10": 11570.401263528056,
      "p25": 13655.738628359399,
      "p50": 14461.047311224176,
      "p75": 14732.090913636503,
      "p90": 15092.743278732014,
      "p95": 15381.28277334788,
      "p99": 15883.519754971292
    }
  },
  "details": {
    "DNSDialup": {
      "average": 0.0008028556999999998,
      "fastest": 0.000080798,
      "slowest": 0.001435796
    },
    "DNSLookup": {
      "average": 0.00001439462,
      "fastest": 0.000002925,
      "slowest": 0.000365511
    }
  },
  "statusCodeDistribution": {
    "200": 136333
  },
  "errorDistribution": {}
}