{
  "summary": {
    "successRate": 1,
    "total": 10.000581878,
    "slowest": 0.015663837,
    "fastest": 0.001811069,
    "average": 0.0035799558857480492,
    "requestsPerSec": 13941.188792894756,
    "totalData": 1812460,
    "sizePerRequest": 13,
    "sizePerSec": 181235.45430763182
  },
  "responseTimeHistogram": {
    "0.001811069": 1,
    "0.0031963458": 6067,
    "0.0045816226": 123794,
    "0.0059668994000000005": 8768,
    "0.0073521762": 360,
    "0.008737453": 61,
    "0.0101227298": 219,
    "0.0115080066": 109,
    "0.0128932834": 12,
    "0.0142785602": 13,
    "0.015663837": 16
  },
  "latencyPercentiles": {
    "p10": 0.00324684,
    "p25": 0.00331285,
    "p50": 0.003393042,
    "p75": 0.003540899,
    "p90": 0.004285913,
    "p95": 0.004705295,
    "p99": 0.005356685
  },
  "rps": {
    "mean": 13942.644132555506,
    "stddev": 1663.9138319331164,
    "max": 15904.108031104244,
    "percentiles": {
      "p10": 11969.93795347455,
      "p25": 13134.140885818624,
      "p50": 14572.86578621793,
      "p75": 14994.46965718038,
      "p90": 15248.500906834772,
      "p95": 15434.864972715071,
      "p99": 15733.859265138559
    }
  },
  "details": {
    "DNSDialup": {
      "average": 0.0008329152199999997,
      "fastest": 0.000079009,
      "slowest": 0.001731271
    },
    "DNSLookup": {
      "average": 0.000006654219999999998,
      "fastest": 0.000002755,
      "slowest": 0.000035146
    }
  },
  "statusCodeDistribution": {
    "200": 139420
  },
  "errorDistribution": {}
}