{
  "summary": {
    "successRate": 1,
    "total": 10.000937819,
    "slowest": 0.016337017,
    "fastest": 0.002389826,
    "average": 0.003696504914788651,
    "requestsPerSec": 13501.633791129963,
    "totalData": 1755377,
    "sizePerRequest": 13,
    "sizePerSec": 175521.2392846895
  },
  "responseTimeHistogram": {
    "0.002389826": 1,
    "0.0037845451": 107961,
    "0.0051792642": 23935,
    "0.006573983299999999": 918,
    "0.0079687024": 169,
    "0.0093634215": 240,
    "0.010758140599999999": 767,
    "0.0121528597": 452,
    "0.0135475788": 341,
    "0.0149422979": 185,
    "0.016337017000000002": 60
  },
  "latencyPercentiles": {
    "p10": 0.003248062,
    "p25": 0.003344754,
    "p50": 0.003437799,
    "p75": 0.003756579,
    "p90": 0.004222233,
    "p95": 0.004712217,
    "p99": 0.009920904
  },
  "rps": {
    "mean": 13524.185214843297,
    "stddev": 2593.720264708753,
    "max": 20079.067395720846,
    "percentiles": {
      "p10": 11607.077221886468,
      "p25": 12905.238236200494,
      "p50": 14327.77439065641,
      "p75": 14857.698385911735,
      "p90": 15266.648078853203,
      "p95": 15689.666508132957,
      "p99": 17401.12584216529
    }
  },
  "details": {
    "DNSDialup": {
      "average": 0.00072259822,
      "fastest": 0.000090358,
      "slowest": 0.001683983
    },
    "DNSLookup": {
      "average": 0.000006568600000000002,
      "fastest": 0.000003065,
      "slowest": 0.000024425
    }
  },
  "statusCodeDistribution": {
    "200": 135029
  },
  "errorDistribution": {}
}