{
  "summary": {
    "successRate": 1,
    "total": 10.001209566,
    "slowest": 0.017045718,
    "fastest": 0.000604743,
    "average": 0.0037026705113260366,
    "requestsPerSec": 13480.56943615494,
    "totalData": 1752686,
    "sizePerRequest": 13,
    "sizePerSec": 175247.4026700142
  },
  "responseTimeHistogram": {
    "0.000604743": 1,
    "0.0022488405": 40,
    "0.003892938": 113756,
    "0.005537035499999999": 18288,
    "0.007181132999999999": 719,
    "0.0088252305": 146,
    "0.010469327999999998": 1366,
    "0.012113425499999999": 379,
    "0.013757522999999999": 93,
    "0.0154016205": 15,
    "0.017045718": 19
  },
  "latencyPercentiles": {
    "p10": 0.003325481,
    "p25": 0.003398788,
    "p50": 0.003475372,
    "p75": 0.003606775,
    "p90": 0.004202449,
    "p95": 0.004797532,
    "p99": 0.009790384
  },
  "rps": {
    "mean": 13510.52474506602,
    "stddev": 2253.561934429515,
    "max": 19959.51689291419,
    "percentiles": {
      "p10": 11465.541774431063,
      "p25": 13166.770007383675,
      "p50": 14248.626286929939,
      "p75": 14633.211536903558,
      "p90": 15032.913059853012,
      "p95": 15326.996580449239,
      "p99": 15941.385939262515
    }
  },
  "details": {
    "DNSDialup": {
      "average": 0.0004993400400000001,
      "fastest": 0.000070662,
      "slowest": 0.000757301
    },
    "DNSLookup": {
      "average": 0.000006372379999999999,
      "fastest": 0.000003196,
      "slowest": 0.000039323
    }
  },
  "statusCodeDistribution": {
    "200": 134822
  },
  "errorDistribution": {}
}