{
  "summary": {
    "successRate": 1,
    "total": 10.000759352,
    "slowest": 0.01673611,
    "fastest": 0.001642672,
    "average": 0.003452971112634572,
    "requestsPerSec": 14454.502394469777,
    "totalData": 1879228,
    "sizePerRequest": 13,
    "sizePerSec": 187908.5311281071
  },
  "responseTimeHistogram": {
    "0.001642672": 1,
    "0.0031520157999999996": 14623,
    "0.0046613596": 126000,
    "0.0061707034": 2209,
    "0.0076800472": 252,
    "0.009189391": 1001,
    "0.010698734799999998": 170,
    "0.012208078599999998": 257,
    "0.013717422399999998": 14,
    "0.015226766199999998": 14,
    "0.01673611": 15
  },
  "latencyPercentiles": {
    "p10": 0.003151399,
    "p25": 0.003209353,
    "p50": 0.003275718,
    "p75": 0.003385121,
    "p90": 0.003917984,
    "p95": 0.004375327,
    "p99": 0.007811171
  },
  "rps": {
    "mean": 14449.590903225866,
    "stddev": 2114.0065021047703,
    "max": 17623.321058245703,
    "percentiles": {
      "p10": 12411.244466401244,
      "p25": 14245.694489644802,
      "p50": 15216.86485131431,
      "p75": 15543.274029224536,
      "p90": 15800.745795201829,
      "p95": 15935.16732076037,
      "p99": 16167.982696394442
    }
  },
  "details": {
    "DNSDialup": {
      "average": 0.00085763334,
      "fastest": 0.000086355,
      "slowest": 0.001351469
    },
    "DNSLookup": {
      "average": 0.000006526220000000001,
      "fastest": 0.000003236,
      "slowest": 0.000031509
    }
  },
  "statusCodeDistribution": {
    "200": 144556
  },
  "errorDistribution": {}
}