{
  "summary": {
    "successRate": 1,
    "total": 10.000642635,
    "slowest": 0.015107366,
    "fastest": 0.001486433,
    "average": 0.0037904657900176067,
    "requestsPerSec": 13168.353755498434,
    "totalData": 1711996,
    "sizePerRequest": 13,
    "sizePerSec": 171188.59882147962
  },
  "responseTimeHistogram": {
    "0.001486433": 1,
    "0.0028485263": 1198,
    "0.0042106196": 114445,
    "0.0055727128999999995": 12507,
    "0.0069348062": 1519,
    "0.008296899500000001": 114,
    "0.0096589928": 108,
    "0.0110210861": 797,
    "0.012383179400000001": 825,
    "0.013745272700000002": 160,
    "0.015107366000000002": 18
  },
  "latencyPercentiles": {
    "p10": 0.00334766,
    "p25": 0.003427924,
    "p50": 0.003521388,
    "p75": 0.003747236,
    "p90": 0.004448271,
    "p95": 0.005188347,
    "p99": 0.010700769
  },
  "rps": {
    "mean": 13206.768926362834,
    "stddev": 2639.303102309284,
    "max": 32572.82571297555,
    "percentiles": {
      "p10": 10824.522956758266,
      "p25": 12558.164394208401,
      "p50": 14009.384886933643,
      "p75": 14468.63486319972,
      "p90": 14971.351403575325,
      "p95": 15304.478090288972,
      "p99": 16338.998935674028
    }
  },
  "details": {
    "DNSDialup": {
      "average": 0.0008097695399999999,
      "fastest": 0.000089682,
      "slowest": 0.001442903
    },
    "DNSLookup": {
      "average": 0.000006948920000000001,
      "fastest": 0.000003256,
      "slowest": 0.000035496
    }
  },
  "statusCodeDistribution": {
    "200": 131692
  },
  "errorDistribution": {}
}