{
  "summary": {
    "successRate": 1,
    "total": 10.001010277,
    "slowest": 0.020413553,
    "fastest": 0.000810103,
    "average": 0.0038363249159282515,
    "requestsPerSec": 13011.385489650167,
    "totalData": 1691651,
    "sizePerRequest": 13,
    "sizePerSec": 169148.01136545217
  },
  "responseTimeHistogram": {
    "0.000810103": 1,
    "0.002770448": 88,
    "0.0047307930000000005": 119753,
    "0.006691137999999999": 8274,
    "0.008651483": 120,
    "0.010611828": 716,
    "0.012572172999999999": 1116,
    "0.014532518": 14,
    "0.016492863": 11,
    "0.018453208": 14,
    "0.020413553": 20
  },
  "latencyPercentiles": {
    "p10": 0.00341136,
    "p25": 0.003489074,
    "p50": 0.003577587,
    "p75": 0.003742187,
    "p90": 0.004462563,
    "p95": 0.005116619,
    "p99": 0.010437997
  },
  "rps": {
    "mean": 13033.613409619644,
    "stddev": 2342.8237464103727,
    "max": 18177.20532042977,
    "percentiles": {
      "p10": 10836.098294247233,
      "p25": 12581.27630304339,
      "p50": 13730.61652873512,
      "p75": 14255.81150203026,
      "p90": 14752.51452595853,
      "p95": 15046.148040656124,
      "p99": 15583.820813623151
    }
  },
  "details": {
    "DNSDialup": {
      "average": 0.0007735696000000001,
      "fastest": 0.000083327,
      "slowest": 0.001468068
    },
    "DNSLookup": {
      "average": 0.000007984500000000003,
      "fastest": 0.000003436,
      "slowest": 0.000038813
    }
  },
  "statusCodeDistribution": {
    "200": 130127
  },
  "errorDistribution": {}
}