{
  "summary": {
    "successRate": 1,
    "total": 10.000793789,
    "slowest": 0.016724349,
    "fastest": 0.000448236,
    "average": 0.004033695231344843,
    "requestsPerSec": 12373.617795830347,
    "totalData": 1608698,
    "sizePerRequest": 13,
    "sizePerSec": 160857.0313457945
  },
  "responseTimeHistogram": {
    "0.000448236": 1,
    "0.0020758472999999997": 6,
    "0.0037034585999999995": 19615,
    "0.0053310699": 97085,
    "0.0069586812": 6031,
    "0.008586292499999999": 158,
    "0.010213903799999998": 48,
    "0.011841515099999998": 564,
    "0.013469126399999998": 162,
    "0.015096737699999998": 12,
    "0.016724349": 64
  },
  "latencyPercentiles": {
    "p10": 0.003676987,
    "p25": 0.003732941,
    "p50": 0.003802898,
    "p75": 0.003970699,
    "p90": 0.004585525,
    "p95": 0.005419453,
    "p99": 0.006264653
  },
  "rps": {
    "mean": 12389.178061693316,
    "stddev": 1824.3525586012026,
    "max": 16287.916444111339,
    "percentiles": {
      "p10": 10629.40535705018,
      "p25": 11852.857819445917,
      "p50": 12839.092468748499,
      "p75": 13402.40439134705,
      "p90": 13911.181807937268,
      "p95": 14121.019136985262,
      "p99": 14398.678463111362
    }
  },
  "details": {
    "DNSDialup": {
      "average": 0.0006870786400000001,
      "fastest": 0.000081683,
      "slowest": 0.001247877
    },
    "DNSLookup": {
      "average": 0.000007003119999999999,
      "fastest": 0.000003336,
      "slowest": 0.000044153
    }
  },
  "statusCodeDistribution": {
    "200": 123746
  },
  "errorDistribution": {}
}