{
  "summary": {
    "successRate": 1,
    "total": 10.001324446,
    "slowest": 0.015489059,
    "fastest": 0.00131788,
    "average": 0.0035734544530708684,
    "requestsPerSec": 13968.14999396131,
    "totalData": 1816100,
    "sizePerRequest": 13,
    "sizePerSec": 181585.94992149703
  },
  "responseTimeHistogram": {
    "0.00131788": 1,
    "0.0027349979": 158,
    "0.0041521158": 126026,
    "0.0055692337000000005": 10809,
    "0.006986351599999999": 448,
    "0.0084034695": 174,
    "0.0098205874": 1679,
    "0.0112377053": 320,
    "0.0126548232": 54,
    "0.0140719411": 13,
    "0.015489059": 18
  },
  "latencyPercentiles": {
    "p10": 0.003229496,
    "p25": 0.003291091,
    "p50": 0.003357472,
    "p75": 0.00344038,
    "p90": 0.004114014,
    "p95": 0.004661569,
    "p99": 0.009464536
  },
  "rps": {
    "mean": 13972.53834258651,
    "stddev": 2250.077598235432,
    "max": 16518.98030837229,
    "percentiles": {
      "p10": 11660.947106144993,
      "p25": 13810.207124085124,
      "p50": 14822.1116261238,
      "p75": 15113.307267049295,
      "p90": 15359.64732358773,
      "p95": 15538.858022256016,
      "p99": 15803.087923380606
    }
  },
  "details": {
    "DNSDialup": {
      "average": 0.0006514451599999999,
      "fastest": 0.000069098,
      "slowest": 0.001088615
    },
    "DNSLookup": {
      "average": 0.00000667934,
      "fastest": 0.000003216,
      "slowest": 0.000030998
    }
  },
  "statusCodeDistribution": {
    "200": 139700
  },
  "errorDistribution": {}
}