{
  "summary": {
    "successRate": 1,
    "total": 10.000674116,
    "slowest": 0.018021694,
    "fastest": 0.001518073,
    "average": 0.0033847421146939367,
    "requestsPerSec": 14745.20600207107,
    "totalData": 1917006,
    "sizePerRequest": 13,
    "sizePerSec": 191687.6780269239
  },
  "responseTimeHistogram": {
    "0.001518073": 1,
    "0.0031684351000000003": 46709,
    "0.004818797200000001": 97568,
    "0.006469159300000001": 1554,
    "0.008119521400000001": 399,
    "0.009769883500000002": 902,
    "0.011420245600000002": 279,
    "0.013070607700000002": 0,
    "0.014720969800000002": 11,
    "0.0163713319": 18,
    "0.018021694000000005": 21
  },
  "latencyPercentiles": {
    "p10": 0.003030733,
    "p25": 0.003133704,
    "p50": 0.003245161,
    "p75": 0.003362341,
    "p90": 0.00376376,
    "p95": 0.004266055,
    "p99": 0.007551623
  },
  "rps": {
    "mean": 14759.471491734106,
    "stddev": 2041.4009663613715,
    "max": 18259.025543731612,
    "percentiles": {
      "p10": 12719.259502738854,
      "p25": 14568.943152788444,
      "p50": 15314.228449652253,
      "p75": 15767.144343758853,
      "p90": 16322.727792085767,
      "p95": 16584.263606869394,
      "p99": 17162.168238227332
    }
  },
  "details": {
    "DNSDialup": {
      "average": 0.0006595013400000002,
      "fastest": 0.000075149,
      "slowest": 0.001127517
    },
    "DNSLookup": {
      "average": 0.00000597056,
      "fastest": 0.000003177,
      "slowest": 0.000029565
    }
  },
  "statusCodeDistribution": {
    "200": 147462
  },
  "errorDistribution": {}
}