{
  "summary": {
    "successRate": 1,
    "total": 10.000635378,
    "slowest": 0.016613794,
    "fastest": 0.001124002,
    "average": 0.0035092313268285384,
    "requestsPerSec": 14219.396530827104,
    "totalData": 1848639,
    "sizePerRequest": 13,
    "sizePerSec": 184852.15490075236
  },
  "responseTimeHistogram": {
    "0.001124002": 1,
    "0.0026729812": 4505,
    "0.0042219604": 126490,
    "0.0057709396": 9117,
    "0.0073199188": 399,
    "0.008868898": 420,
    "0.010417877200000002": 752,
    "0.011966856400000002": 296,
    "0.013515835600000001": 192,
    "0.015064814800000001": 15,
    "0.016613794": 16
  },
  "latencyPercentiles": {
    "p10": 0.002869014,
    "p25": 0.003199866,
    "p50": 0.003364234,
    "p75": 0.003680231,
    "p90": 0.004002959,
    "p95": 0.00439383,
    "p99": 0.008344089
  },
  "rps": {
    "mean": 14244.631468048157,
    "stddev": 2679.815402997917,
    "max": 25838.133689460527,
    "percentiles": {
      "p10": 12349.205408952075,
      "p25": 13324.768078906076,
      "p50": 14349.848503732701,
      "p75": 15462.979167852674,
      "p90": 16137.859418196109,
      "p95": 18235.259698151585,
      "p99": 22517.13779357321
    }
  },
  "details": {
    "DNSDialup": {
      "average": 0.00068416206,
      "fastest": 0.000073756,
      "slowest": 0.001017406
    },
    "DNSLookup": {
      "average": 0.00000598198,
      "fastest": 0.000003066,
      "slowest": 0.000028202
    }
  },
  "statusCodeDistribution": {
    "200": 142203
  },
  "errorDistribution": {}
}