{
  "summary": {
    "successRate": 1,
    "total": 10.00050876,
    "slowest": 0.019648911,
    "fastest": 0.001343743,
    "average": 0.003700412503967027,
    "requestsPerSec": 13485.513910994263,
    "totalData": 1753206,
    "sizePerRequest": 13,
    "sizePerSec": 175311.68084292542
  },
  "responseTimeHistogram": {
    "0.001343743": 1,
    "0.0031742598": 12456,
    "0.0050047766": 116782,
    "0.006835293399999999": 4638,
    "0.0086658102": 81,
    "0.010496327": 552,
    "0.012326843799999999": 188,
    "0.0141573606": 114,
    "0.0159878774": 11,
    "0.0178183942": 18,
    "0.019648911": 21
  },
  "latencyPercentiles": {
    "p10": 0.003225365,
    "p25": 0.003404331,
    "p50": 0.00351377,
    "p75": 0.003847119,
    "p90": 0.004203261,
    "p95": 0.00491538,
    "p99": 0.005933748
  },
  "rps": {
    "mean": 13510.343412845628,
    "stddev": 2179.127267288054,
    "max": 24071.033001180305,
    "percentiles": {
      "p10": 11324.868278252095,
      "p25": 12612.8487089801,
      "p50": 13869.702188347372,
      "p75": 14547.266979869843,
      "p90": 15241.760834240331,
      "p95": 15834.657078565537,
      "p99": 18217.33561657067
    }
  },
  "details": {
    "DNSDialup": {
      "average": 0.0008738170399999999,
      "fastest": 0.000095284,
      "slowest": 0.00133674
    },
    "DNSLookup": {
      "average": 0.00000743848,
      "fastest": 0.000002985,
      "slowest": 0.000033081
    }
  },
  "statusCodeDistribution": {
    "200": 134862
  },
  "errorDistribution": {}
}