{
  "summary": {
    "successRate": 1,
    "total": 10.000826914,
    "slowest": 0.016435615,
    "fastest": 0.002524306,
    "average": 0.0037547904624336214,
    "requestsPerSec": 13292.70080796041,
    "totalData": 1728194,
    "sizePerRequest": 13,
    "sizePerSec": 172805.11050348534
  },
  "responseTimeHistogram": {
    "0.002524306": 1,
    "0.0039154369": 113213,
    "0.0053065678": 16195,
    "0.006697698700000001": 1546,
    "0.0080888296": 65,
    "0.0094799605": 226,
    "0.010871091400000001": 458,
    "0.0122622223": 243,
    "0.013653353200000001": 830,
    "0.015044484100000002": 144,
    "0.016435615": 17
  },
  "latencyPercentiles": {
    "p10": 0.003345809,
    "p25": 0.003417413,
    "p50": 0.003497503,
    "p75": 0.00364653,
    "p90": 0.004297705,
    "p95": 0.004903966,
    "p99": 0.010734563
  },
  "rps": {
    "mean": 13340.312075337106,
    "stddev": 2613.1880750888718,
    "max": 18919.06501207374,
    "percentiles": {
      "p10": 11131.340288582589,
      "p25": 13030.4404118461,
      "p50": 14135.533905130755,
      "p75": 14548.122101947703,
      "p90": 14953.269485967061,
      "p95": 15273.578500681582,
      "p99": 15769.870703042352
    }
  },
  "details": {
    "DNSDialup": {
      "average": 0.0006892925599999999,
      "fastest": 0.000075749,
      "slowest": 0.001645693
    },
    "DNSLookup": {
      "average": 0.0000069506200000000005,
      "fastest": 0.000003417,
      "slowest": 0.000024576
    }
  },
  "statusCodeDistribution": {
    "200": 132938
  },
  "errorDistribution": {}
}