{
  "summary": {
    "successRate": 1,
    "total": 10.000743899,
    "slowest": 0.015483533,
    "fastest": 0.002432997,
    "average": 0.003687620618896386,
    "requestsPerSec": 13535.993058829954,
    "totalData": 1759810,
    "sizePerRequest": 13,
    "sizePerSec": 175967.9097647894
  },
  "responseTimeHistogram": {
    "0.002432997": 1,
    "0.0037380506000000003": 109430,
    "0.005043104200000001": 21655,
    "0.006348157800000001": 2077,
    "0.007653211400000001": 140,
    "0.008958265": 140,
    "0.010263318600000002": 981,
    "0.011568372200000003": 259,
    "0.012873425800000001": 663,
    "0.014178479400000003": 11,
    "0.015483533": 13
  },
  "latencyPercentiles": {
    "p10": 0.003287207,
    "p25": 0.003361289,
    "p50": 0.00343516,
    "p75": 0.003559616,
    "p90": 0.004283403,
    "p95": 0.004811204,
    "p99": 0.009933006
  },
  "rps": {
    "mean": 13558.813082699382,
    "stddev": 2476.355652362743,
    "max": 17883.055990729557,
    "percentiles": {
      "p10": 11237.182713881939,
      "p25": 12952.754930847279,
      "p50": 14443.95874404212,
      "p75": 14774.2182855575,
      "p90": 15126.224335130231,
      "p95": 15366.45145098145,
      "p99": 15928.563578065541
    }
  },
  "details": {
    "DNSDialup": {
      "average": 0.00073582294,
      "fastest": 0.000066813,
      "slowest": 0.001630483
    },
    "DNSLookup": {
      "average": 0.000007287799999999998,
      "fastest": 0.000003637,
      "slowest": 0.00003168
    }
  },
  "statusCodeDistribution": {
    "200": 135370
  },
  "errorDistribution": {}
}