{
  "summary": {
    "successRate": 1,
    "total": 10.000640992,
    "slowest": 0.016361381,
    "fastest": 0.001425069,
    "average": 0.003890289728479559,
    "requestsPerSec": 12827.677756117975,
    "totalData": 1667705,
    "sizePerRequest": 13,
    "sizePerSec": 166759.8108295337
  },
  "responseTimeHistogram": {
    "0.001425069": 1,
    "0.0029187002": 4875,
    "0.0044123314": 110741,
    "0.005905962600000001": 11258,
    "0.007399593800000001": 533,
    "0.008893225": 21,
    "0.0103868562": 359,
    "0.0118804874": 356,
    "0.0133741186": 111,
    "0.0148677498": 12,
    "0.016361381": 18
  },
  "latencyPercentiles": {
    "p10": 0.003567146,
    "p25": 0.003657654,
    "p50": 0.003730085,
    "p75": 0.00396371,
    "p90": 0.004393558,
    "p95": 0.005167381,
    "p99": 0.005982933
  },
  "rps": {
    "mean": 12838.40556280072,
    "stddev": 1953.4946735219846,
    "max": 24049.13063416019,
    "percentiles": {
      "p10": 10761.504148509557,
      "p25": 12136.666081900696,
      "p50": 13103.206354595197,
      "p75": 13613.519586301623,
      "p90": 14383.48146394408,
      "p95": 14675.440569793194,
      "p99": 18342.470155399777
    }
  },
  "details": {
    "DNSDialup": {
      "average": 0.0008597020999999998,
      "fastest": 0.000116998,
      "slowest": 0.001709709
    },
    "DNSLookup": {
      "average": 0.00000995868,
      "fastest": 0.000003216,
      "slowest": 0.000161782
    }
  },
  "statusCodeDistribution": {
    "200": 128285
  },
  "errorDistribution": {}
}