{
  "summary": {
    "successRate": 1,
    "total": 10.000596527,
    "slowest": 0.015173228,
    "fastest": 0.002394056,
    "average": 0.0038896287910940132,
    "requestsPerSec": 12833.234462914554,
    "totalData": 1668420,
    "sizePerRequest": 13,
    "sizePerSec": 166832.0480178892
  },
  "responseTimeHistogram": {
    "0.002394056": 1,
    "0.0036719732": 61848,
    "0.0049498904": 57859,
    "0.0062278075999999995": 7619,
    "0.0075057248": 157,
    "0.008783642": 51,
    "0.0100615592": 159,
    "0.011339476400000001": 606,
    "0.0126173936": 11,
    "0.0138953108": 12,
    "0.015173228": 17
  },
  "latencyPercentiles": {
    "p10": 0.003572641,
    "p25": 0.003617297,
    "p50": 0.003677135,
    "p75": 0.00381199,
    "p90": 0.004539217,
    "p95": 0.005108271,
    "p99": 0.005815039
  },
  "rps": {
    "mean": 12844.300557566758,
    "stddev": 1680.2247488501673,
    "max": 15099.669433390467,
    "percentiles": {
      "p10": 10858.32331200578,
      "p25": 12220.473638401894,
      "p50": 13328.8209094532,
      "p75": 13727.719010225781,
      "p90": 14382.711112072424,
      "p95": 14580.26967666886,
      "p99": 14767.08325777118
    }
  },
  "details": {
    "DNSDialup": {
      "average": 0.0008223859200000001,
      "fastest": 0.000106341,
      "slowest": 0.001203232
    },
    "DNSLookup": {
      "average": 0.00000799292,
      "fastest": 0.000003667,
      "slowest": 0.000030397
    }
  },
  "statusCodeDistribution": {
    "200": 128340
  },
  "errorDistribution": {}
}