{
  "summary": {
    "successRate": 1,
    "total": 10.000595126,
    "slowest": 0.01581829,
    "fastest": 0.00121178,
    "average": 0.0035624260057526198,
    "requestsPerSec": 14010.166218581899,
    "totalData": 1821430,
    "sizePerRequest": 13,
    "sizePerSec": 182132.1608415647
  },
  "responseTimeHistogram": {
    "0.00121178": 1,
    "0.002672431": 94,
    "0.004133082": 125821,
    "0.005593732999999999": 13457,
    "0.0070543839999999995": 419,
    "0.008515035": 177,
    "0.009975685999999997": 93,
    "0.011436336999999998": 6,
    "0.012896987999999998": 12,
    "0.014357638999999998": 13,
    "0.01581829": 17
  },
  "latencyPercentiles": {
    "p10": 0.003278297,
    "p25": 0.003348457,
    "p50": 0.003426486,
    "p75": 0.003572784,
    "p90": 0.004137974,
    "p95": 0.004365857,
    "p99": 0.005024707
  },
  "rps": {
    "mean": 14014.769410837194,
    "stddev": 1320.7472135664184,
    "max": 16403.149404685486,
    "percentiles": {
      "p10": 12760.843702774811,
      "p25": 13468.874732108092,
      "p50": 14336.776699589676,
      "p75": 14818.738294573772,
      "p90": 15155.29565565766,
      "p95": 15417.704149675026,
      "p99": 15769.100076075045
    }
  },
  "details": {
    "DNSDialup": {
      "average": 0.0007507454000000002,
      "fastest": 0.00007385,
      "slowest": 0.001353045
    },
    "DNSLookup": {
      "average": 0.000007109439999999996,
      "fastest": 0.000003276,
      "slowest": 0.000032369
    }
  },
  "statusCodeDistribution": {
    "200": 140110
  },
  "errorDistribution": {}
}