{
  "summary": {
    "successRate": 1,
    "total": 10.000642504,
    "slowest": 0.014672435,
    "fastest": 0.001102453,
    "average": 0.0037132324831518995,
    "requestsPerSec": 13439.836485129896,
    "totalData": 1747291,
    "sizePerRequest": 13,
    "sizePerSec": 174717.87430668864
  },
  "responseTimeHistogram": {
    "0.001102453": 1,
    "0.0024594511999999997": 823,
    "0.0038164493999999997": 98759,
    "0.0051734476": 30711,
    "0.0065304458": 3105,
    "0.007887444": 96,
    "0.0092444422": 14,
    "0.010601440399999999": 425,
    "0.0119584386": 235,
    "0.0133154368": 119,
    "0.014672435": 119
  },
  "latencyPercentiles": {
    "p10": 0.003332966,
    "p25": 0.003412954,
    "p50": 0.003508691,
    "p75": 0.003823751,
    "p90": 0.004201739,
    "p95": 0.004931026,
    "p99": 0.00584896
  },
  "rps": {
    "mean": 13472.460124124425,
    "stddev": 2149.7126238968713,
    "max": 26873.841065600624,
    "percentiles": {
      "p10": 11407.683074551374,
      "p25": 12658.166808116666,
      "p50": 14002.99944248031,
      "p75": 14529.81226881269,
      "p90": 15115.085741627225,
      "p95": 15466.694621285496,
      "p99": 18069.01460127017
    }
  },
  "details": {
    "DNSDialup": {
      "average": 0.00086314446,
      "fastest": 0.000098277,
      "slowest": 0.001509932
    },
    "DNSLookup": {
      "average": 0.00002006102,
      "fastest": 0.000003296,
      "slowest": 0.000640941
    }
  },
  "statusCodeDistribution": {
    "200": 134407
  },
  "errorDistribution": {}
}