{
  "summary": {
    "successRate": 1,
    "total": 10.00064645,
    "slowest": 0.016080393,
    "fastest": 0.001416165,
    "average": 0.0036387548617486283,
    "requestsPerSec": 13714.713412351459,
    "totalData": 1783028,
    "sizePerRequest": 13,
    "sizePerSec": 178291.27436056896
  },
  "responseTimeHistogram": {
    "0.001416165": 1,
    "0.0028825878": 2395,
    "0.0043490106": 125760,
    "0.0058154334": 8527,
    "0.007281856199999999": 222,
    "0.008748279": 51,
    "0.0102147018": 149,
    "0.011681124599999999": 7,
    "0.0131475474": 11,
    "0.0146139702": 15,
    "0.016080393": 18
  },
  "latencyPercentiles": {
    "p10": 0.003298106,
    "p25": 0.003380798,
    "p50": 0.003515762,
    "p75": 0.00380058,
    "p90": 0.004138083,
    "p95": 0.00443601,
    "p99": 0.004947106
  },
  "rps": {
    "mean": 13716.178264842467,
    "stddev": 1545.88647963389,
    "max": 22474.89681723891,
    "percentiles": {
      "p10": 12050.680341243204,
      "p25": 12996.255466486813,
      "p50": 13851.423409405828,
      "p75": 14605.535497954123,
      "p90": 15014.493490566429,
      "p95": 15206.188918889166,
      "p99": 19534.906925182648
    }
  },
  "details": {
    "DNSDialup": {
      "average": 0.0007670357199999998,
      "fastest": 0.000066217,
      "slowest": 0.001754312
    },
    "DNSLookup": {
      "average": 0.000006847300000000001,
      "fastest": 0.000003186,
      "slowest": 0.00003211
    }
  },
  "statusCodeDistribution": {
    "200": 137156
  },
  "errorDistribution": {}
}