{
  "summary": {
    "successRate": 1,
    "total": 10.000450148,
    "slowest": 0.015794322,
    "fastest": 0.002301546,
    "average": 0.0034692840500937733,
    "requestsPerSec": 14386.352401223929,
    "totalData": 1870310,
    "sizePerRequest": 13,
    "sizePerSec": 187022.58121591108
  },
  "responseTimeHistogram": {
    "0.002301546": 1,
    "0.0036508236": 117205,
    "0.0050001012": 25539,
    "0.0063493787999999995": 694,
    "0.0076986564": 202,
    "0.009047934": 142,
    "0.0103972116": 43,
    "0.0117464892": 9,
    "0.0130957668": 16,
    "0.0144450444": 15,
    "0.015794322": 4
  },
  "latencyPercentiles": {
    "p10": 0.00321723,
    "p25": 0.003272393,
    "p50": 0.003334301,
    "p75": 0.00352469,
    "p90": 0.003930253,
    "p95": 0.004077248,
    "p99": 0.004806623
  },
  "rps": {
    "mean": 14388.050134016325,
    "stddev": 1278.2716411790789,
    "max": 17985.19561462612,
    "percentiles": {
      "p10": 13260.422440894235,
      "p25": 13945.974298873376,
      "p50": 14661.752368626627,
      "p75": 15174.354336248902,
      "p90": 15435.78477985501,
      "p95": 15566.135841349442,
      "p99": 15744.954995503258
    }
  },
  "details": {
    "DNSDialup": {
      "average": 0.0010747725,
      "fastest": 0.000065713,
      "slowest": 0.00227678
    },
    "DNSLookup": {
      "average": 0.000049119679999999995,
      "fastest": 0.000002665,
      "slowest": 0.002179338
    }
  },
  "statusCodeDistribution": {
    "200": 143870
  },
  "errorDistribution": {}
}