{
  "summary": {
    "successRate": 1,
    "total": 10.000853132,
    "slowest": 0.014687194,
    "fastest": 0.001479557,
    "average": 0.0035655051855695936,
    "requestsPerSec": 13998.405751210466,
    "totalData": 1819948,
    "sizePerRequest": 13,
    "sizePerSec": 181979.27476573607
  },
  "responseTimeHistogram": {
    "0.001479557": 1,
    "0.0028003207": 125,
    "0.004121084400000001": 127789,
    "0.005441848100000001": 11454,
    "0.006762611800000001": 312,
    "0.0080833755": 190,
    "0.009404139200000002": 76,
    "0.010724902900000001": 5,
    "0.012045666600000001": 10,
    "0.0133664303": 14,
    "0.014687194": 20
  },
  "latencyPercentiles": {
    "p10": 0.003311891,
    "p25": 0.00337577,
    "p50": 0.003446822,
    "p75": 0.003573919,
    "p90": 0.004084951,
    "p95": 0.0042455,
    "p99": 0.004869503
  },
  "rps": {
    "mean": 13999.633410706785,
    "stddev": 1202.0488875490591,
    "max": 18076.693600581526,
    "percentiles": {
      "p10": 12848.148436264115,
      "p25": 13525.869578155141,
      "p50": 14313.491897462982,
      "p75": 14677.50603838697,
      "p90": 15027.971468714055,
      "p95": 15234.979512960585,
      "p99": 15670.24182700911
    }
  },
  "details": {
    "DNSDialup": {
      "average": 0.0008086617200000001,
      "fastest": 0.000081709,
      "slowest": 0.00129689
    },
    "DNSLookup": {
      "average": 0.000009500179999999998,
      "fastest": 0.000003467,
      "slowest": 0.000154688
    }
  },
  "statusCodeDistribution": {
    "200": 139996
  },
  "errorDistribution": {}
}