{
  "summary": {
    "successRate": 1,
    "total": 10.000664004,
    "slowest": 0.015940193,
    "fastest": 0.001705902,
    "average": 0.0038167438816517725,
    "requestsPerSec": 13078.331593550854,
    "totalData": 1700296,
    "sizePerRequest": 13,
    "sizePerSec": 170018.3107161611
  },
  "responseTimeHistogram": {
    "0.001705902": 1,
    "0.0031293310999999996": 133,
    "0.0045527601999999995": 118683,
    "0.005976189299999999": 10846,
    "0.007399618399999999": 200,
    "0.008823047499999999": 64,
    "0.010246476599999998": 596,
    "0.011669905699999998": 231,
    "0.013093334799999998": 12,
    "0.014516763899999998": 12,
    "0.015940193": 14
  },
  "latencyPercentiles": {
    "p10": 0.00352277,
    "p25": 0.003569317,
    "p50": 0.003615514,
    "p75": 0.003744436,
    "p90": 0.004389099,
    "p95": 0.00491468,
    "p99": 0.005769865
  },
  "rps": {
    "mean": 13091.732731597327,
    "stddev": 1685.7084446261738,
    "max": 16944.12076074848,
    "percentiles": {
      "p10": 11275.25864822683,
      "p25": 12441.669132154935,
      "p50": 13568.365566744682,
      "p75": 13907.75357261623,
      "p90": 14621.667849585963,
      "p95": 14788.841069256034,
      "p99": 15097.494479777106
    }
  },
  "details": {
    "DNSDialup": {
      "average": 0.0007476994000000001,
      "fastest": 0.000070393,
      "slowest": 0.001700774
    },
    "DNSLookup": {
      "average": 0.000007137980000000002,
      "fastest": 0.000003426,
      "slowest": 0.000033623
    }
  },
  "statusCodeDistribution": {
    "200": 130792
  },
  "errorDistribution": {}
}