{
  "summary": {
    "successRate": 1,
    "total": 10.000635294,
    "slowest": 0.018375007,
    "fastest": 0.000341449,
    "average": 0.0036200206543413526,
    "requestsPerSec": 13786.424156745175,
    "totalData": 1792349,
    "sizePerRequest": 13,
    "sizePerSec": 179223.5140376873
  },
  "responseTimeHistogram": {
    "0.000341449": 1,
    "0.0021448048": 646,
    "0.003948160599999999": 118392,
    "0.005751516399999999": 16356,
    "0.007554872199999999": 328,
    "0.009358228": 261,
    "0.0111615838": 841,
    "0.0129649396": 925,
    "0.014768295399999999": 70,
    "0.0165716512": 34,
    "0.018375007": 19
  },
  "latencyPercentiles": {
    "p10": 0.002951161,
    "p25": 0.003254249,
    "p50": 0.003379282,
    "p75": 0.003717293,
    "p90": 0.0042041,
    "p95": 0.004706929,
    "p99": 0.010629191
  },
  "rps": {
    "mean": 13823.629263191855,
    "stddev": 2930.7090302629895,
    "max": 26376.952271281454,
    "percentiles": {
      "p10": 11600.721564881267,
      "p25": 13120.228768716237,
      "p50": 14234.266148901284,
      "p75": 15265.108741804988,
      "p90": 15822.361915147056,
      "p95": 17332.30394809925,
      "p99": 20332.32636568944
    }
  },
  "details": {
    "DNSDialup": {
      "average": 0.0009194567,
      "fastest": 0.000092472,
      "slowest": 0.001876377
    },
    "DNSLookup": {
      "average": 0.000006737380000000001,
      "fastest": 0.000002535,
      "slowest": 0.000038412
    }
  },
  "statusCodeDistribution": {
    "200": 137873
  },
  "errorDistribution": {}
}