{
  "summary": {
    "successRate": 1,
    "total": 10.000639765,
    "slowest": 0.015878765,
    "fastest": 0.001491593,
    "average": 0.003582588842311139,
    "requestsPerSec": 13929.708825983293,
    "totalData": 1810978,
    "sizePerRequest": 13,
    "sizePerSec": 181086.2147377828
  },
  "responseTimeHistogram": {
    "0.001491593": 1,
    "0.0029303102000000003": 12416,
    "0.0043690274": 114599,
    "0.0058077446": 11409,
    "0.0072464618": 409,
    "0.008685179": 51,
    "0.0101238962": 174,
    "0.0115626134": 205,
    "0.0130013306": 16,
    "0.0144400478": 12,
    "0.015878765": 14
  },
  "latencyPercentiles": {
    "p10": 0.002963342,
    "p25": 0.003298889,
    "p50": 0.003463794,
    "p75": 0.003720723,
    "p90": 0.004257142,
    "p95": 0.004709937,
    "p99": 0.005378119
  },
  "rps": {
    "mean": 13938.34831588059,
    "stddev": 2051.5594966949966,
    "max": 24163.133917516905,
    "percentiles": {
      "p10": 11820.631730622848,
      "p25": 13019.950470106141,
      "p50": 14148.692726016903,
      "p75": 14961.41361058763,
      "p90": 15574.303444302332,
      "p95": 16907.584742515708,
      "p99": 19254.516722546847
    }
  },
  "details": {
    "DNSDialup": {
      "average": 0.0008061743600000001,
      "fastest": 0.000119276,
      "slowest": 0.001228859
    },
    "DNSLookup": {
      "average": 0.00000669884,
      "fastest": 0.000003226,
      "slowest": 0.000029104
    }
  },
  "statusCodeDistribution": {
    "200": 139306
  },
  "errorDistribution": {}
}