{
  "summary": {
    "successRate": 1,
    "total": 10.000405801,
    "slowest": 0.014703795,
    "fastest": 0.000909989,
    "average": 0.0035773690191528667,
    "requestsPerSec": 13950.333894055546,
    "totalData": 1813617,
    "sizePerRequest": 13,
    "sizePerSec": 181354.3406227221
  },
  "responseTimeHistogram": {
    "0.000909989": 1,
    "0.0022893696": 321,
    "0.0036687502": 99714,
    "0.0050481308": 38579,
    "0.0064275114000000005": 521,
    "0.007806892000000001": 122,
    "0.0091862726": 201,
    "0.0105656532": 7,
    "0.011945033800000001": 12,
    "0.013324414400000002": 14,
    "0.014703795000000002": 17
  },
  "latencyPercentiles": {
    "p10": 0.003288269,
    "p25": 0.00335241,
    "p50": 0.003432989,
    "p75": 0.003710218,
    "p90": 0.004088769,
    "p95": 0.004292814,
    "p99": 0.004813466
  },
  "rps": {
    "mean": 13953.700894234478,
    "stddev": 1306.6017642207212,
    "max": 20405.10127531907,
    "percentiles": {
      "p10": 12621.280741458135,
      "p25": 13343.696603267746,
      "p50": 14207.833191572316,
      "p75": 14768.702527286458,
      "p90": 15128.50855750713,
      "p95": 15375.288835785032,
      "p99": 15849.830990467799
    }
  },
  "details": {
    "DNSDialup": {
      "average": 0.0008419710599999999,
      "fastest": 0.000080188,
      "slowest": 0.001771668
    },
    "DNSLookup": {
      "average": 0.000006792879999999998,
      "fastest": 0.000003166,
      "slowest": 0.000036479
    }
  },
  "statusCodeDistribution": {
    "200": 139509
  },
  "errorDistribution": {}
}