{
  "summary": {
    "successRate": 1,
    "total": 10.001072897,
    "slowest": 0.016335541,
    "fastest": 0.002472844,
    "average": 0.0035667364938187177,
    "requestsPerSec": 13992.298770462607,
    "totalData": 1819194,
    "sizePerRequest": 13,
    "sizePerSec": 181899.88401601388
  },
  "responseTimeHistogram": {
    "0.002472844": 1,
    "0.0038591136999999998": 114359,
    "0.005245383399999999": 24671,
    "0.0066316531": 529,
    "0.0080179228": 196,
    "0.009404192499999998": 107,
    "0.0107904622": 26,
    "0.0121767319": 7,
    "0.0135630016": 12,
    "0.014949271299999999": 14,
    "0.016335541": 16
  },
  "latencyPercentiles": {
    "p10": 0.003245469,
    "p25": 0.003311742,
    "p50": 0.003415813,
    "p75": 0.003674441,
    "p90": 0.004114622,
    "p95": 0.004316625,
    "p99": 0.004906112
  },
  "rps": {
    "mean": 13994.878589841555,
    "stddev": 1311.3945665108008,
    "max": 15920.170856474508,
    "percentiles": {
      "p10": 12629.202504952558,
      "p25": 13412.056516730181,
      "p50": 14251.873970879184,
      "p75": 14864.179351820148,
      "p90": 15243.417826997505,
      "p95": 15372.373794640387,
      "p99": 15629.395767560105
    }
  },
  "details": {
    "DNSDialup": {
      "average": 0.0007747818000000002,
      "fastest": 0.000076083,
      "slowest": 0.001461949
    },
    "DNSLookup": {
      "average": 0.000007509599999999997,
      "fastest": 0.000003055,
      "slowest": 0.000035547
    }
  },
  "statusCodeDistribution": {
    "200": 139938
  },
  "errorDistribution": {}
}