{
  "summary": {
    "successRate": 1,
    "total": 10.00065599,
    "slowest": 0.015483301,
    "fastest": 0.001932143,
    "average": 0.003553822954591068,
    "requestsPerSec": 14044.778676563596,
    "totalData": 1825941,
    "sizePerRequest": 13,
    "sizePerSec": 182582.12279532675
  },
  "responseTimeHistogram": {
    "0.001932143": 1,
    "0.0032872587999999998": 48294,
    "0.0046423746": 85503,
    "0.0059974903999999996": 4292,
    "0.0073526061999999994": 197,
    "0.008707722": 121,
    "0.0100628378": 1205,
    "0.011417953599999999": 607,
    "0.0127730694": 210,
    "0.0141281852": 12,
    "0.015483301": 15
  },
  "latencyPercentiles": {
    "p10": 0.003196176,
    "p25": 0.003259872,
    "p50": 0.003328483,
    "p75": 0.003429481,
    "p90": 0.00407686,
    "p95": 0.004610757,
    "p99": 0.009399434
  },
  "rps": {
    "mean": 14053.433206942696,
    "stddev": 2451.4727312846585,
    "max": 18708.059463725338,
    "percentiles": {
      "p10": 11651.839031852776,
      "p25": 13655.46577086809,
      "p50": 15005.525034317963,
      "p75": 15293.969985278438,
      "p90": 15533.233352758009,
      "p95": 15700.144441328595,
      "p99": 16025.608923055843
    }
  },
  "details": {
    "DNSDialup": {
      "average": 0.0007243472200000002,
      "fastest": 0.000091148,
      "slowest": 0.001588544
    },
    "DNSLookup": {
      "average": 0.000006438440000000001,
      "fastest": 0.000003176,
      "slowest": 0.000023143
    }
  },
  "statusCodeDistribution": {
    "200": 140457
  },
  "errorDistribution": {}
}