{
  "summary": {
    "successRate": 1,
    "total": 10.000614859,
    "slowest": 0.01567593,
    "fastest": 0.000351056,
    "average": 0.003752900357910299,
    "requestsPerSec": 13298.882306252406,
    "totalData": 1728961,
    "sizePerRequest": 13,
    "sizePerSec": 172885.46998128126
  },
  "responseTimeHistogram": {
    "0.000351056": 1,
    "0.0018835434": 90,
    "0.0034160308": 42511,
    "0.0049485182": 84273,
    "0.0064810056": 4030,
    "0.008013493": 129,
    "0.009545980400000001": 228,
    "0.0110784678": 526,
    "0.012610955200000001": 1106,
    "0.014143442600000002": 88,
    "0.01567593": 15
  },
  "latencyPercentiles": {
    "p10": 0.002929873,
    "p25": 0.003368125,
    "p50": 0.003614983,
    "p75": 0.003821262,
    "p90": 0.004386103,
    "p95": 0.004911187,
    "p99": 0.010883378
  },
  "rps": {
    "mean": 13345.46976973262,
    "stddev": 2825.105877864059,
    "max": 27384.07733261841,
    "percentiles": {
      "p10": 10939.172081305936,
      "p25": 12712.006490128924,
      "p50": 13666.465488255406,
      "p75": 14672.93475679536,
      "p90": 15614.219870033732,
      "p95": 17249.357311009484,
      "p99": 18827.105383621514
    }
  },
  "details": {
    "DNSDialup": {
      "average": 0.0007439046000000001,
      "fastest": 0.000091972,
      "slowest": 0.001587895
    },
    "DNSLookup": {
      "average": 0.000006419000000000001,
      "fastest": 0.000003025,
      "slowest": 0.000029696
    }
  },
  "statusCodeDistribution": {
    "200": 132997
  },
  "errorDistribution": {}
}