{
  "summary": {
    "successRate": 1,
    "total": 10.000632898,
    "slowest": 0.02564328,
    "fastest": 0.001486661,
    "average": 0.004383679214521319,
    "requestsPerSec": 11397.67864319821,
    "totalData": 4445376,
    "sizePerRequest": 39,
    "sizePerSec": 444509.46708473016
  },
  "responseTimeHistogram": {
    "0.001486661": 1,
    "0.0039023229000000005": 68419,
    "0.006317984800000001": 31288,
    "0.0087336467": 11847,
    "0.011149308600000001": 2204,
    "0.013564970500000002": 120,
    "0.0159806324": 49,
    "0.0183962943": 12,
    "0.020811956200000002": 16,
    "0.023227618100000003": 11,
    "0.025643280000000004": 17
  },
  "latencyPercentiles": {
    "p10": 0.003143384,
    "p25": 0.003337925,
    "p50": 0.003774562,
    "p75": 0.004767815,
    "p90": 0.006745414,
    "p95": 0.007720757,
    "p99": 0.009426728
  },
  "rps": {
    "mean": 11350.386206162535,
    "stddev": 3116.058445480126,
    "max": 15763.303996759832,
    "percentiles": {
      "p10": 6607.555739988968,
      "p25": 8884.094170186925,
      "p50": 11836.103667015306,
      "p75": 14313.74405704451,
      "p90": 14690.721781871334,
      "p95": 14871.103926761825,
      "p99": 15137.819721146709
    }
  },
  "details": {
    "DNSDialup": {
      "average": 0.0007088827799999998,
      "fastest": 0.000079589,
      "slowest": 0.001434261
    },
    "DNSLookup": {
      "average": 0.000007489059999999999,
      "fastest": 0.000002605,
      "slowest": 0.000028894
    }
  },
  "statusCodeDistribution": {
    "200": 113984
  },
  "errorDistribution": {}
}