{
  "summary": {
    "successRate": 1,
    "total": 10.000651495,
    "slowest": 0.026584253,
    "fastest": 0.001353118,
    "average": 0.003953622850240235,
    "requestsPerSec": 12638.076635626228,
    "totalData": 4929171,
    "sizePerRequest": 39,
    "sizePerSec": 492884.9887894229
  },
  "responseTimeHistogram": {
    "0.001353118": 1,
    "0.0038762314999999997": 91132,
    "0.006399344999999999": 27940,
    "0.0089224585": 6748,
    "0.011445572": 330,
    "0.0139686855": 183,
    "0.016491798999999998": 18,
    "0.019014912499999998": 11,
    "0.021538026": 8,
    "0.0240611395": 12,
    "0.026584253": 6
  },
  "latencyPercentiles": {
    "p10": 0.003036456,
    "p25": 0.003150488,
    "p50": 0.003600101,
    "p75": 0.004083407,
    "p90": 0.005642585,
    "p95": 0.006544839,
    "p99": 0.008093866
  },
  "rps": {
    "mean": 12616.121129074054,
    "stddev": 2894.373352666661,
    "max": 16032.23716142613,
    "percentiles": {
      "p10": 7835.528790836031,
      "p25": 10690.58824367894,
      "p50": 14210.389991234682,
      "p75": 14838.770740189646,
      "p90": 15053.240046755152,
      "p95": 15424.750554740196,
      "p99": 15787.753161264895
    }
  },
  "details": {
    "DNSDialup": {
      "average": 0.0007256657199999998,
      "fastest": 0.000077757,
      "slowest": 0.001648067
    },
    "DNSLookup": {
      "average": 0.00000684634,
      "fastest": 0.000003397,
      "slowest": 0.000034015
    }
  },
  "statusCodeDistribution": {
    "200": 126389
  },
  "errorDistribution": {}
}