{
  "summary": {
    "successRate": 1,
    "total": 10.001086347,
    "slowest": 0.023953845,
    "fastest": 0.001125807,
    "average": 0.003555254877595315,
    "requestsPerSec": 14052.67339204186,
    "totalData": 5481138,
    "sizePerRequest": 39,
    "sizePerSec": 548054.2622896325
  },
  "responseTimeHistogram": {
    "0.001125807": 1,
    "0.0034086108": 55465,
    "0.0056914146": 82991,
    "0.0079742184": 1006,
    "0.0102570222": 378,
    "0.012539826": 503,
    "0.0148226298": 81,
    "0.0171054336": 87,
    "0.0193882374": 11,
    "0.0216710412": 10,
    "0.023953845": 9
  },
  "latencyPercentiles": {
    "p10": 0.002992466,
    "p25": 0.003067686,
    "p50": 0.003515294,
    "p75": 0.003629458,
    "p90": 0.004158137,
    "p95": 0.00462913,
    "p99": 0.0063487
  },
  "rps": {
    "mean": 14046.591996269775,
    "stddev": 2182.3877000598577,
    "max": 17613.60448716359,
    "percentiles": {
      "p10": 11406.684317009913,
      "p25": 13886.19171823296,
      "p50": 14825.724643578864,
      "p75": 15065.832419901213,
      "p90": 15468.423022395842,
      "p95": 15706.74290472923,
      "p99": 15973.907196820119
    }
  },
  "details": {
    "DNSDialup": {
      "average": 0.0007147620000000001,
      "fastest": 0.000066196,
      "slowest": 0.001565272
    },
    "DNSLookup": {
      "average": 0.000006578560000000001,
      "fastest": 0.000003066,
      "slowest": 0.000024476
    }
  },
  "statusCodeDistribution": {
    "200": 140542
  },
  "errorDistribution": {}
}