{
  "summary": {
    "successRate": 1,
    "total": 10.000406917,
    "slowest": 0.025935494,
    "fastest": 0.001522318,
    "average": 0.004465980606669487,
    "requestsPerSec": 11187.844747577885,
    "totalData": 4363437,
    "sizePerRequest": 39,
    "sizePerSec": 436325.9451555375
  },
  "responseTimeHistogram": {
    "0.001522318": 1,
    "0.0039636356": 39478,
    "0.006404953200000001": 69727,
    "0.0088462708": 1669,
    "0.011287588400000001": 647,
    "0.013728906": 174,
    "0.016170223600000002": 66,
    "0.018611541200000005": 83,
    "0.021052858800000004": 17,
    "0.023494176400000004": 11,
    "0.025935494000000003": 10
  },
  "latencyPercentiles": {
    "p10": 0.003784477,
    "p25": 0.003866848,
    "p50": 0.004498997,
    "p75": 0.004620094,
    "p90": 0.005104315,
    "p95": 0.005547483,
    "p99": 0.008272795
  },
  "rps": {
    "mean": 11173.499194520246,
    "stddev": 1529.0152659066646,
    "max": 12883.79897709085,
    "percentiles": {
      "p10": 9637.25271274967,
      "p25": 11118.065745029053,
      "p50": 11604.884495884668,
      "p75": 11835.513642235439,
      "p90": 12248.78539978939,
      "p95": 12528.208043423103,
      "p99": 12765.21054619317
    }
  },
  "details": {
    "DNSDialup": {
      "average": 0.00068530004,
      "fastest": 0.000088024,
      "slowest": 0.001639047
    },
    "DNSLookup": {
      "average": 0.0000074779800000000005,
      "fastest": 0.000003296,
      "slowest": 0.000031188
    }
  },
  "statusCodeDistribution": {
    "200": 111883
  },
  "errorDistribution": {}
}