{
  "summary": {
    "successRate": 1,
    "total": 10.000773655,
    "slowest": 0.023016424,
    "fastest": 0.002616657,
    "average": 0.0034528943499882838,
    "requestsPerSec": 14469.080592345434,
    "totalData": 5643378,
    "sizePerRequest": 39,
    "sizePerSec": 564294.143101472
  },
  "responseTimeHistogram": {
    "0.002616657": 1,
    "0.0046566337": 140691,
    "0.0066966104000000005": 3174,
    "0.0087365871": 457,
    "0.0107765638": 140,
    "0.0128165405": 89,
    "0.0148565172": 111,
    "0.0168964939": 11,
    "0.0189364706": 10,
    "0.020976447300000003": 2,
    "0.023016424": 16
  },
  "latencyPercentiles": {
    "p10": 0.002968018,
    "p25": 0.003032662,
    "p50": 0.00348115,
    "p75": 0.003575487,
    "p90": 0.003830804,
    "p95": 0.004311458,
    "p99": 0.005836836
  },
  "rps": {
    "mean": 14466.556043349914,
    "stddev": 1787.2478737801566,
    "max": 16384.772720445282,
    "percentiles": {
      "p10": 13125.669872568755,
      "p25": 14442.163897498709,
      "p50": 14916.764952130012,
      "p75": 15272.569439993818,
      "p90": 15658.601851904534,
      "p95": 15813.446804287727,
      "p99": 16012.37788206986
    }
  },
  "details": {
    "DNSDialup": {
      "average": 0.0007337758000000002,
      "fastest": 0.000079659,
      "slowest": 0.001182707
    },
    "DNSLookup": {
      "average": 0.0000065662200000000005,
      "fastest": 0.000003076,
      "slowest": 0.000029706
    }
  },
  "statusCodeDistribution": {
    "200": 144702
  },
  "errorDistribution": {}
}