{
  "summary": {
    "successRate": 1,
    "total": 10.000723896,
    "slowest": 0.023525097,
    "fastest": 0.001446667,
    "average": 0.0035569358668916273,
    "requestsPerSec": 14046.18320241645,
    "totalData": 5478408,
    "sizePerRequest": 39,
    "sizePerSec": 547801.1448942416
  },
  "responseTimeHistogram": {
    "0.001446667": 1,
    "0.00365451": 107593,
    "0.005862353000000001": 30986,
    "0.008070196": 958,
    "0.010278039000000001": 403,
    "0.012485882000000002": 416,
    "0.014693725000000001": 50,
    "0.016901568": 26,
    "0.019109411": 11,
    "0.021317254": 11,
    "0.023525097000000002": 17
  },
  "latencyPercentiles": {
    "p10": 0.002998426,
    "p25": 0.00307562,
    "p50": 0.003523269,
    "p75": 0.003641877,
    "p90": 0.004181047,
    "p95": 0.004607131,
    "p99": 0.006541602
  },
  "rps": {
    "mean": 14053.019416049325,
    "stddev": 2060.145977623561,
    "max": 18178.08246783153,
    "percentiles": {
      "p10": 11513.519174214203,
      "p25": 13807.108213106265,
      "p50": 14807.17383756684,
      "p75": 15047.865365590507,
      "p90": 15428.089923323883,
      "p95": 15648.746397336683,
      "p99": 15916.508446516122
    }
  },
  "details": {
    "DNSDialup": {
      "average": 0.00058877686,
      "fastest": 0.00005356,
      "slowest": 0.001358295
    },
    "DNSLookup": {
      "average": 0.000006111540000000001,
      "fastest": 0.000002585,
      "slowest": 0.000031008
    }
  },
  "statusCodeDistribution": {
    "200": 140472
  },
  "errorDistribution": {}
}