{
  "summary": {
    "successRate": 1,
    "total": 10.000658476,
    "slowest": 0.025991665,
    "fastest": 0.00076641,
    "average": 0.003597987599822846,
    "requestsPerSec": 13886.185628003243,
    "totalData": 5415969,
    "sizePerRequest": 39,
    "sizePerSec": 541561.2394921264
  },
  "responseTimeHistogram": {
    "0.00076641": 1,
    "0.0032889355": 50510,
    "0.005811461": 85222,
    "0.0083339865": 2568,
    "0.010856512": 296,
    "0.013379037500000001": 163,
    "0.015901563": 11,
    "0.018424088499999998": 58,
    "0.020946614": 17,
    "0.0234691395": 13,
    "0.025991665": 12
  },
  "latencyPercentiles": {
    "p10": 0.002979692,
    "p25": 0.003064808,
    "p50": 0.003507185,
    "p75": 0.003646053,
    "p90": 0.00443461,
    "p95": 0.005000988,
    "p99": 0.006489119
  },
  "rps": {
    "mean": 13872.519581696057,
    "stddev": 2269.9977234096555,
    "max": 16133.665201771882,
    "percentiles": {
      "p10": 10618.135775905239,
      "p25": 13526.778964315628,
      "p50": 14805.64076276625,
      "p75": 15125.177708063753,
      "p90": 15533.96491341346,
      "p95": 15749.327969016793,
      "p99": 15996.302328430716
    }
  },
  "details": {
    "DNSDialup": {
      "average": 0.0008527904799999999,
      "fastest": 0.000115004,
      "slowest": 0.00124853
    },
    "DNSLookup": {
      "average": 0.0000065290799999999985,
      "fastest": 0.000003396,
      "slowest": 0.000032611
    }
  },
  "statusCodeDistribution": {
    "200": 138871
  },
  "errorDistribution": {}
}