{
  "summary": {
    "successRate": 1,
    "total": 10.000697366,
    "slowest": 0.024239614,
    "fastest": 0.000838851,
    "average": 0.0035167206843705803,
    "requestsPerSec": 14206.80926542498,
    "totalData": 5541042,
    "sizePerRequest": 39,
    "sizePerSec": 554065.5613515743
  },
  "responseTimeHistogram": {
    "0.000838851": 1,
    "0.0031789272999999995": 53643,
    "0.005519003599999999": 86424,
    "0.0078590799": 1059,
    "0.010199156199999998": 526,
    "0.012539232499999999": 302,
    "0.014879308799999998": 66,
    "0.017219385099999998": 21,
    "0.0195594614": 11,
    "0.0218995377": 11,
    "0.024239614": 14
  },
  "latencyPercentiles": {
    "p10": 0.00299223,
    "p25": 0.003064864,
    "p50": 0.003518079,
    "p75": 0.003623168,
    "p90": 0.003945745,
    "p95": 0.004510325,
    "p99": 0.006114683
  },
  "rps": {
    "mean": 14204.888781195357,
    "stddev": 1983.8385717174215,
    "max": 16188.274927695153,
    "percentiles": {
      "p10": 11886.156848906048,
      "p25": 14406.722176567475,
      "p50": 14852.49961856073,
      "p75": 15070.58761828659,
      "p90": 15555.4719978328,
      "p95": 15732.348536300027,
      "p99": 15945.846654108462
    }
  },
  "details": {
    "DNSDialup": {
      "average": 0.0008183248999999999,
      "fastest": 0.000121005,
      "slowest": 0.001136315
    },
    "DNSLookup": {
      "average": 0.0000062689400000000005,
      "fastest": 0.000003567,
      "slowest": 0.000031959
    }
  },
  "statusCodeDistribution": {
    "200": 142078
  },
  "errorDistribution": {}
}