{
  "summary": {
    "successRate": 1,
    "total": 10.000674566,
    "slowest": 0.024311161,
    "fastest": 0.003294677,
    "average": 0.004706104389760169,
    "requestsPerSec": 10616.583841350446,
    "totalData": 4140747,
    "sizePerRequest": 39,
    "sizePerSec": 414046.76981266745
  },
  "responseTimeHistogram": {
    "0.003294677": 1,
    "0.0053963254000000006": 95198,
    "0.007497973800000001": 9436,
    "0.009599622200000001": 783,
    "0.0117012706": 532,
    "0.013802919": 129,
    "0.015904567400000003": 22,
    "0.018006215800000003": 39,
    "0.020107864200000002": 16,
    "0.022209512600000002": 11,
    "0.024311161": 6
  },
  "latencyPercentiles": {
    "p10": 0.004000049,
    "p25": 0.004079076,
    "p50": 0.004744275,
    "p75": 0.004861901,
    "p90": 0.005415762,
    "p95": 0.005891578,
    "p99": 0.008341564
  },
  "rps": {
    "mean": 10607.305644577924,
    "stddev": 1348.9253080328945,
    "max": 12096.70346685411,
    "percentiles": {
      "p10": 9139.876356168174,
      "p25": 10471.883152401384,
      "p50": 11134.718964754917,
      "p75": 11272.123720370215,
      "p90": 11376.211307953397,
      "p95": 11436.156719427157,
      "p99": 11583.584460179387
    }
  },
  "details": {
    "DNSDialup": {
      "average": 0.0007337771200000001,
      "fastest": 0.000093451,
      "slowest": 0.001222329
    },
    "DNSLookup": {
      "average": 0.000007135260000000001,
      "fastest": 0.000003146,
      "slowest": 0.000029936
    }
  },
  "statusCodeDistribution": {
    "200": 106173
  },
  "errorDistribution": {}
}