{
  "summary": {
    "successRate": 1,
    "total": 10.001030738,
    "slowest": 0.026612203,
    "fastest": 0.000890041,
    "average": 0.0034946148691212247,
    "requestsPerSec": 14295.726485147414,
    "totalData": 5575908,
    "sizePerRequest": 39,
    "sizePerSec": 557533.3329207492
  },
  "responseTimeHistogram": {
    "0.000890041": 1,
    "0.0034622572": 63496,
    "0.0060344734": 78026,
    "0.0086066896": 697,
    "0.0111789058": 630,
    "0.013751122": 66,
    "0.016323338200000002": 17,
    "0.0188955544": 14,
    "0.0214677706": 11,
    "0.024039986800000003": 0,
    "0.026612203": 14
  },
  "latencyPercentiles": {
    "p10": 0.002980612,
    "p25": 0.003051824,
    "p50": 0.003495801,
    "p75": 0.003600541,
    "p90": 0.003926439,
    "p95": 0.004463999,
    "p99": 0.006088334
  },
  "rps": {
    "mean": 14292.869550316971,
    "stddev": 1957.2332067344241,
    "max": 16132.57199769043,
    "percentiles": {
      "p10": 12111.162858807093,
      "p25": 14406.807216408997,
      "p50": 14879.18569442333,
      "p75": 15221.364707503177,
      "p90": 15660.800254528758,
      "p95": 15795.233125004184,
      "p99": 15986.012552468032
    }
  },
  "details": {
    "DNSDialup": {
      "average": 0.00075377244,
      "fastest": 0.00009668,
      "slowest": 0.001214292
    },
    "DNSLookup": {
      "average": 0.00000716704,
      "fastest": 0.000003496,
      "slowest": 0.00003748
    }
  },
  "statusCodeDistribution": {
    "200": 142972
  },
  "errorDistribution": {}
}