{
  "summary": {
    "successRate": 1,
    "total": 10.000967122,
    "slowest": 0.024708459,
    "fastest": 0.00203727,
    "average": 0.0035393797023893425,
    "requestsPerSec": 14115.73483622937,
    "totalData": 5505669,
    "sizePerRequest": 39,
    "sizePerSec": 550513.6586129455
  },
  "responseTimeHistogram": {
    "0.00203727": 1,
    "0.004304388899999999": 129482,
    "0.006571507799999999": 10450,
    "0.008838626699999998": 518,
    "0.011105745599999998": 442,
    "0.013372864499999998": 188,
    "0.015639983399999998": 45,
    "0.017907102299999998": 13,
    "0.0201742212": 9,
    "0.0224413401": 9,
    "0.024708459": 14
  },
  "latencyPercentiles": {
    "p10": 0.003003364,
    "p25": 0.003091178,
    "p50": 0.003523118,
    "p75": 0.003657799,
    "p90": 0.004000078,
    "p95": 0.004511419,
    "p99": 0.00606469
  },
  "rps": {
    "mean": 14107.538973703342,
    "stddev": 1961.3462688487746,
    "max": 17427.377160011027,
    "percentiles": {
      "p10": 11901.07466704242,
      "p25": 14031.760890776093,
      "p50": 14737.69024116566,
      "p75": 14995.791216218337,
      "p90": 15415.91518391177,
      "p95": 15628.14592547812,
      "p99": 15998.012161892457
    }
  },
  "details": {
    "DNSDialup": {
      "average": 0.0007881453800000002,
      "fastest": 0.000103381,
      "slowest": 0.001500132
    },
    "DNSLookup": {
      "average": 0.00002256364,
      "fastest": 0.000003357,
      "slowest": 0.00083102
    }
  },
  "statusCodeDistribution": {
    "200": 141171
  },
  "errorDistribution": {}
}