{
  "summary": {
    "successRate": 1,
    "total": 10.001085365,
    "slowest": 0.025182873,
    "fastest": 0.001317987,
    "average": 0.0035360451079587255,
    "requestsPerSec": 14128.866502280876,
    "totalData": 5510856,
    "sizePerRequest": 39,
    "sizePerSec": 551025.7935889541
  },
  "responseTimeHistogram": {
    "0.001317987": 1,
    "0.0037044756000000002": 117512,
    "0.0060909642": 22204,
    "0.0084774528": 676,
    "0.0108639414": 504,
    "0.01325043": 287,
    "0.0156369186": 83,
    "0.0180234072": 11,
    "0.0204098958": 4,
    "0.0227963844": 7,
    "0.025182873": 15
  },
  "latencyPercentiles": {
    "p10": 0.002991303,
    "p25": 0.003069501,
    "p50": 0.003506749,
    "p75": 0.003629516,
    "p90": 0.004038069,
    "p95": 0.004589148,
    "p99": 0.006493511
  },
  "rps": {
    "mean": 14115.113404299696,
    "stddev": 2121.893891399839,
    "max": 17685.647974697684,
    "percentiles": {
      "p10": 11547.774455168163,
      "p25": 14146.675541280743,
      "p50": 14829.998120198363,
      "p75": 15079.512794650322,
      "p90": 15477.719822315838,
      "p95": 15714.239936106702,
      "p99": 16002.798889526022
    }
  },
  "details": {
    "DNSDialup": {
      "average": 0.0006873349199999999,
      "fastest": 0.000076944,
      "slowest": 0.00142448
    },
    "DNSLookup": {
      "average": 0.00000703454,
      "fastest": 0.000003406,
      "slowest": 0.000038372
    }
  },
  "statusCodeDistribution": {
    "200": 141304
  },
  "errorDistribution": {}
}