{
  "summary": {
    "successRate": 1,
    "total": 10.000645308,
    "slowest": 0.025439612,
    "fastest": 0.000842334,
    "average": 0.003499424428396347,
    "requestsPerSec": 14276.97869514322,
    "totalData": 5568381,
    "sizePerRequest": 39,
    "sizePerSec": 556802.1691105856
  },
  "responseTimeHistogram": {
    "0.000842334": 1,
    "0.0033020618": 56470,
    "0.0057617896": 84797,
    "0.0082215174": 621,
    "0.0106812452": 383,
    "0.013140973": 249,
    "0.015600700799999999": 153,
    "0.0180604286": 67,
    "0.0205201564": 18,
    "0.022979884199999998": 3,
    "0.025439612": 17
  },
  "latencyPercentiles": {
    "p10": 0.002975811,
    "p25": 0.003053975,
    "p50": 0.003493402,
    "p75": 0.003605652,
    "p90": 0.003931836,
    "p95": 0.004462381,
    "p99": 0.005815793
  },
  "rps": {
    "mean": 14249.977654437578,
    "stddev": 2136.9660316634695,
    "max": 18523.814099633353,
    "percentiles": {
      "p10": 11863.391536570061,
      "p25": 14431.27401391434,
      "p50": 14901.832925449597,
      "p75": 15141.20375778651,
      "p90": 15570.602419530365,
      "p95": 15747.326428183582,
      "p99": 16058.780594863843
    }
  },
  "details": {
    "DNSDialup": {
      "average": 0.0007035269600000003,
      "fastest": 0.000090639,
      "slowest": 0.001257425
    },
    "DNSLookup": {
      "average": 0.000007605359999999998,
      "fastest": 0.000003707,
      "slowest": 0.000035086
    }
  },
  "statusCodeDistribution": {
    "200": 142779
  },
  "errorDistribution": {}
}