{
  "summary": {
    "successRate": 1,
    "total": 10.000625351,
    "slowest": 0.023136201,
    "fastest": 0.002103021,
    "average": 0.0036016365629342813,
    "requestsPerSec": 13872.33249230036,
    "totalData": 5410548,
    "sizePerRequest": 39,
    "sizePerSec": 541020.967199714
  },
  "responseTimeHistogram": {
    "0.002103021": 1,
    "0.004206339": 124961,
    "0.006309657": 12347,
    "0.008412975": 673,
    "0.010516293": 260,
    "0.012619611": 305,
    "0.014722929": 101,
    "0.016826247": 56,
    "0.018929565": 11,
    "0.021032883": 11,
    "0.023136201": 6
  },
  "latencyPercentiles": {
    "p10": 0.003042029,
    "p25": 0.003116889,
    "p50": 0.003578851,
    "p75": 0.0036926,
    "p90": 0.0041889,
    "p95": 0.004674509,
    "p99": 0.006374625
  },
  "rps": {
    "mean": 13876.56617215742,
    "stddev": 2008.2768979394436,
    "max": 15901.702947666407,
    "percentiles": {
      "p10": 11485.6836174474,
      "p25": 13666.739659480609,
      "p50": 14686.249839402206,
      "p75": 14878.502977052505,
      "p90": 15008.544374808453,
      "p95": 15085.860170955848,
      "p99": 15572.59357881938
    }
  },
  "details": {
    "DNSDialup": {
      "average": 0.00069040638,
      "fastest": 0.000074769,
      "slowest": 0.001346549
    },
    "DNSLookup": {
      "average": 0.0000066474999999999995,
      "fastest": 0.000003026,
      "slowest": 0.000025267
    }
  },
  "statusCodeDistribution": {
    "200": 138732
  },
  "errorDistribution": {}
}