{
  "summary": {
    "successRate": 1,
    "total": 10.000523307,
    "slowest": 0.027076018,
    "fastest": 0.002591183,
    "average": 0.004673043652921668,
    "requestsPerSec": 10691.840488502949,
    "totalData": 4170036,
    "sizePerRequest": 39,
    "sizePerSec": 416981.779051615
  },
  "responseTimeHistogram": {
    "0.002591183": 1,
    "0.0050396665": 92553,
    "0.007488150000000001": 12218,
    "0.0099366335": 793,
    "0.012385117000000001": 1201,
    "0.014833600500000002": 108,
    "0.017282084": 1,
    "0.0197305675": 17,
    "0.022179051": 11,
    "0.024627534500000003": 11,
    "0.027076018000000004": 10
  },
  "latencyPercentiles": {
    "p10": 0.003931003,
    "p25": 0.004015931,
    "p50": 0.004667449,
    "p75": 0.004797062,
    "p90": 0.005332799,
    "p95": 0.005922778,
    "p99": 0.010430607
  },
  "rps": {
    "mean": 10679.778212254128,
    "stddev": 1616.5033872800632,
    "max": 12401.120441232388,
    "percentiles": {
      "p10": 9018.456784221251,
      "p25": 10565.44444395816,
      "p50": 11294.863712067128,
      "p75": 11452.896786390227,
      "p90": 11585.728068215556,
      "p95": 11707.50190113854,
      "p99": 12200.888855087573
    }
  },
  "details": {
    "DNSDialup": {
      "average": 0.0007444885999999998,
      "fastest": 0.000064681,
      "slowest": 0.001700832
    },
    "DNSLookup": {
      "average": 0.000006526559999999999,
      "fastest": 0.000003176,
      "slowest": 0.000028784
    }
  },
  "statusCodeDistribution": {
    "200": 106924
  },
  "errorDistribution": {}
}