{
  "summary": {
    "successRate": 1,
    "total": 10.000638101,
    "slowest": 0.026772635,
    "fastest": 0.003434394,
    "average": 0.004779961119377869,
    "requestsPerSec": 10453.532959016533,
    "totalData": 4077138,
    "sizePerRequest": 39,
    "sizePerSec": 407687.78540164477
  },
  "responseTimeHistogram": {
    "0.003434394": 1,
    "0.0057682181": 98142,
    "0.0081020422": 5187,
    "0.0104358663": 713,
    "0.0127696904": 400,
    "0.0151035145": 52,
    "0.0174373386": 6,
    "0.0197711627": 11,
    "0.0221049868": 11,
    "0.0244388109": 8,
    "0.026772635": 11
  },
  "latencyPercentiles": {
    "p10": 0.004062117,
    "p25": 0.004148214,
    "p50": 0.004818956,
    "p75": 0.004942315,
    "p90": 0.005504361,
    "p95": 0.005918448,
    "p99": 0.008396466
  },
  "rps": {
    "mean": 10439.964729323552,
    "stddev": 1327.853676335313,
    "max": 12077.376315201032,
    "percentiles": {
      "p10": 9124.597519706238,
      "p25": 10314.66607987677,
      "p50": 10904.329018620465,
      "p75": 11122.052289620311,
      "p90": 11244.192617776731,
      "p95": 11333.80692455166,
      "p99": 11730.99014770668
    }
  },
  "details": {
    "DNSDialup": {
      "average": 0.00073311868,
      "fastest": 0.00009106,
      "slowest": 0.001284736
    },
    "DNSLookup": {
      "average": 0.0000069304600000000006,
      "fastest": 0.000003226,
      "slowest": 0.000035026
    }
  },
  "statusCodeDistribution": {
    "200": 104542
  },
  "errorDistribution": {}
}