{
  "summary": {
    "successRate": 1,
    "total": 10.000946311,
    "slowest": 0.023738563,
    "fastest": 0.001334276,
    "average": 0.0035583640065447817,
    "requestsPerSec": 14040.471334753074,
    "totalData": 5476302,
    "sizePerRequest": 39,
    "sizePerSec": 547578.3820553699
  },
  "responseTimeHistogram": {
    "0.001334276": 1,
    "0.0035747047000000004": 83258,
    "0.0058151334": 55456,
    "0.008055562100000002": 821,
    "0.010295990800000002": 319,
    "0.012536419500000002": 393,
    "0.014776848200000003": 82,
    "0.0170172769": 34,
    "0.0192577056": 28,
    "0.021498134300000003": 11,
    "0.023738563": 15
  },
  "latencyPercentiles": {
    "p10": 0.002997205,
    "p25": 0.003090181,
    "p50": 0.003524257,
    "p75": 0.003666563,
    "p90": 0.004173083,
    "p95": 0.004570558,
    "p99": 0.006072342
  },
  "rps": {
    "mean": 14032.104905919821,
    "stddev": 2072.4481234847667,
    "max": 17687.82256587408,
    "percentiles": {
      "p10": 11724.01414896676,
      "p25": 13809.77185733919,
      "p50": 14719.218049260857,
      "p75": 15010.95199057221,
      "p90": 15431.135186861042,
      "p95": 15620.555671150556,
      "p99": 15946.647553070883
    }
  },
  "details": {
    "DNSDialup": {
      "average": 0.00069013024,
      "fastest": 0.000066993,
      "slowest": 0.001576119
    },
    "DNSLookup": {
      "average": 0.0000064627999999999985,
      "fastest": 0.000003216,
      "slowest": 0.000033302
    }
  },
  "statusCodeDistribution": {
    "200": 140418
  },
  "errorDistribution": {}
}