{
  "summary": {
    "successRate": 1,
    "total": 10.000591611,
    "slowest": 0.028907329,
    "fastest": 0.003339837,
    "average": 0.00479567089933681,
    "requestsPerSec": 10419.283583721974,
    "totalData": 4063761,
    "sizePerRequest": 39,
    "sizePerSec": 406352.059765157
  },
  "responseTimeHistogram": {
    "0.003339837": 1,
    "0.0058965862": 98446,
    "0.0084533354": 3578,
    "0.0110100846": 1148,
    "0.013566833799999999": 713,
    "0.016123582999999997": 165,
    "0.018680332199999997": 84,
    "0.021237081399999996": 34,
    "0.023793830599999996": 11,
    "0.026350579799999996": 11,
    "0.028907328999999996": 8
  },
  "latencyPercentiles": {
    "p10": 0.00400416,
    "p25": 0.004094926,
    "p50": 0.004754204,
    "p75": 0.004888465,
    "p90": 0.005511452,
    "p95": 0.005993685,
    "p99": 0.010992464
  },
  "rps": {
    "mean": 10395.734731434253,
    "stddev": 1745.8453978163107,
    "max": 12438.877310111935,
    "percentiles": {
      "p10": 8581.801565342916,
      "p25": 10374.025535820658,
      "p50": 11099.227090186772,
      "p75": 11261.72755355695,
      "p90": 11385.627860956514,
      "p95": 11448.743817808556,
      "p99": 11808.885005077984
    }
  },
  "details": {
    "DNSDialup": {
      "average": 0.0007457478199999999,
      "fastest": 0.000075882,
      "slowest": 0.001249443
    },
    "DNSLookup": {
      "average": 0.000006758820000000001,
      "fastest": 0.000003206,
      "slowest": 0.00003216
    }
  },
  "statusCodeDistribution": {
    "200": 104199
  },
  "errorDistribution": {}
}