{
  "summary": {
    "successRate": 1,
    "total": 10.00060501,
    "slowest": 0.024338732,
    "fastest": 0.001630848,
    "average": 0.003651622655224344,
    "requestsPerSec": 13682.272208849094,
    "totalData": 5336409,
    "sizePerRequest": 39,
    "sizePerSec": 533608.6161451146
  },
  "responseTimeHistogram": {
    "0.001630848": 1,
    "0.0039016364": 115879,
    "0.0061724247999999995": 19369,
    "0.0084432132": 956,
    "0.0107140016": 348,
    "0.01298479": 116,
    "0.0152555784": 73,
    "0.0175263668": 16,
    "0.0197971552": 56,
    "0.0220679436": 2,
    "0.024338732": 15
  },
  "latencyPercentiles": {
    "p10": 0.003088579,
    "p25": 0.003189029,
    "p50": 0.003622915,
    "p75": 0.003783259,
    "p90": 0.004100495,
    "p95": 0.004697063,
    "p99": 0.006413436
  },
  "rps": {
    "mean": 13692.72500708353,
    "stddev": 1853.0999363753522,
    "max": 16449.041782392986,
    "percentiles": {
      "p10": 11631.024976674475,
      "p25": 13530.846270244618,
      "p50": 14334.70575610633,
      "p75": 14683.17959633719,
      "p90": 14885.202817655085,
      "p95": 14996.657737887024,
      "p99": 15159.520560548852
    }
  },
  "details": {
    "DNSDialup": {
      "average": 0.0006914744199999997,
      "fastest": 0.000080733,
      "slowest": 0.001058254
    },
    "DNSLookup": {
      "average": 0.000006303480000000001,
      "fastest": 0.000003517,
      "slowest": 0.000027331
    }
  },
  "statusCodeDistribution": {
    "200": 136831
  },
  "errorDistribution": {}
}