{
  "summary": {
    "successRate": 1,
    "total": 10.000353633,
    "slowest": 0.027402023,
    "fastest": 0.002640897,
    "average": 0.0046279702593917125,
    "requestsPerSec": 10796.41820302416,
    "totalData": 4210752,
    "sizePerRequest": 39,
    "sizePerSec": 421060.3099179423
  },
  "responseTimeHistogram": {
    "0.002640897": 1,
    "0.0051170096": 94745,
    "0.0075931222": 11036,
    "0.0100692348": 846,
    "0.0125453474": 1093,
    "0.01502146": 174,
    "0.0174975726": 36,
    "0.0199736852": 11,
    "0.0224497978": 11,
    "0.0249259104": 11,
    "0.027402023": 4
  },
  "latencyPercentiles": {
    "p10": 0.003878831,
    "p25": 0.003969839,
    "p50": 0.004606498,
    "p75": 0.004751246,
    "p90": 0.005276594,
    "p95": 0.005866953,
    "p99": 0.010489763
  },
  "rps": {
    "mean": 10796.66424629239,
    "stddev": 1693.7977199526563,
    "max": 12582.379195790252,
    "percentiles": {
      "p10": 9079.374158739198,
      "p25": 10665.399171954983,
      "p50": 11404.165921075491,
      "p75": 11618.478323669107,
      "p90": 11765.402998209895,
      "p95": 11923.0905629041,
      "p99": 12386.373393733042
    }
  },
  "details": {
    "DNSDialup": {
      "average": 0.00067302288,
      "fastest": 0.000084074,
      "slowest": 0.001619096
    },
    "DNSLookup": {
      "average": 0.00000635638,
      "fastest": 0.000003266,
      "slowest": 0.000030456
    }
  },
  "statusCodeDistribution": {
    "200": 107968
  },
  "errorDistribution": {}
}