{
  "summary": {
    "successRate": 1,
    "total": 10.001136989,
    "slowest": 0.01852666,
    "fastest": 0.000259312,
    "average": 0.0032008036497831703,
    "requestsPerSec": 15609.125259628017,
    "totalData": 6088251,
    "sizePerRequest": 39,
    "sizePerSec": 608755.8851254927
  },
  "responseTimeHistogram": {
    "0.000259312": 1,
    "0.0020860467999999997": 731,
    "0.0039127816": 137992,
    "0.005739516399999999": 13989,
    "0.0075662512": 3055,
    "0.009392985999999999": 231,
    "0.011219720799999998": 55,
    "0.013046455599999998": 27,
    "0.014873190399999998": 14,
    "0.0166999252": 0,
    "0.01852666": 14
  },
  "latencyPercentiles": {
    "p10": 0.002580084,
    "p25": 0.002659774,
    "p50": 0.003093217,
    "p75": 0.003239187,
    "p90": 0.004073992,
    "p95": 0.004977363,
    "p99": 0.006188432
  },
  "rps": {
    "mean": 15601.276029873796,
    "stddev": 2663.7701928370316,
    "max": 18651.2310991044,
    "percentiles": {
      "p10": 10753.726652763302,
      "p25": 14915.759163613711,
      "p50": 16841.49843200691,
      "p75": 17238.681479555464,
      "p90": 17601.48204478845,
      "p95": 17840.225402019852,
      "p99": 18229.03564547425
    }
  },
  "details": {
    "DNSDialup": {
      "average": 0.0006102431599999999,
      "fastest": 0.000102626,
      "slowest": 0.000917754
    },
    "DNSLookup": {
      "average": 0.000006011360000000001,
      "fastest": 0.00000322,
      "slowest": 0.000032799
    }
  },
  "statusCodeDistribution": {
    "200": 156109
  },
  "errorDistribution": {}
}