{
  "summary": {
    "successRate": 1,
    "total": 10.001335382,
    "slowest": 0.023152669,
    "fastest": 0.002091332,
    "average": 0.0036295838100278252,
    "requestsPerSec": 13763.861998643652,
    "totalData": 5368623,
    "sizePerRequest": 39,
    "sizePerSec": 536790.6179471024
  },
  "responseTimeHistogram": {
    "0.002091332": 1,
    "0.0041974657": 124660,
    "0.0063035994": 11346,
    "0.008409733099999999": 664,
    "0.010515866799999999": 749,
    "0.0126220005": 141,
    "0.014728134199999998": 40,
    "0.016834267899999998": 18,
    "0.0189404016": 10,
    "0.0210465353": 11,
    "0.023152669": 17
  },
  "latencyPercentiles": {
    "p10": 0.003084441,
    "p25": 0.00315524,
    "p50": 0.00362854,
    "p75": 0.003730159,
    "p90": 0.004081832,
    "p95": 0.004643369,
    "p99": 0.006974912
  },
  "rps": {
    "mean": 13749.715692909076,
    "stddev": 1948.9094677393357,
    "max": 15406.255402887093,
    "percentiles": {
      "p10": 11442.032013349397,
      "p25": 13710.671015250906,
      "p50": 14517.585211879294,
      "p75": 14672.323411661677,
      "p90": 14795.718719108592,
      "p95": 14868.795358273943,
      "p99": 15004.711269483261
    }
  },
  "details": {
    "DNSDialup": {
      "average": 0.0006887618600000001,
      "fastest": 0.000073497,
      "slowest": 0.001385481
    },
    "DNSLookup": {
      "average": 0.0000075975600000000005,
      "fastest": 0.000002905,
      "slowest": 0.000031689
    }
  },
  "statusCodeDistribution": {
    "200": 137657
  },
  "errorDistribution": {}
}