{
  "summary": {
    "successRate": 1,
    "total": 10.000911356,
    "slowest": 0.020813236,
    "fastest": 0.002054395,
    "average": 0.0039680474922054515,
    "requestsPerSec": 12590.952515987885,
    "totalData": 4910919,
    "sizePerRequest": 39,
    "sizePerSec": 491047.14812352747
  },
  "responseTimeHistogram": {
    "0.002054395": 1,
    "0.0039302791": 96145,
    "0.0058061632": 19890,
    "0.0076820473": 5865,
    "0.009557931399999999": 3641,
    "0.0114338155": 202,
    "0.013309699599999999": 103,
    "0.0151855837": 41,
    "0.017061467799999997": 16,
    "0.0189373519": 11,
    "0.020813236": 6
  },
  "latencyPercentiles": {
    "p10": 0.003124397,
    "p25": 0.003232992,
    "p50": 0.003690084,
    "p75": 0.00388727,
    "p90": 0.005255533,
    "p95": 0.006968819,
    "p99": 0.00881686
  },
  "rps": {
    "mean": 12550.349451199101,
    "stddev": 2796.3003746346963,
    "max": 17204.137834964265,
    "percentiles": {
      "p10": 7024.7187079115565,
      "p25": 11426.180537391585,
      "p50": 13907.632508720772,
      "p75": 14461.98842096847,
      "p90": 14680.505489841482,
      "p95": 14788.154006110653,
      "p99": 15158.55545838403
    }
  },
  "details": {
    "DNSDialup": {
      "average": 0.0007326237799999999,
      "fastest": 0.000097853,
      "slowest": 0.001431869
    },
    "DNSLookup": {
      "average": 0.000025312799999999996,
      "fastest": 0.000003476,
      "slowest": 0.000943387
    }
  },
  "statusCodeDistribution": {
    "200": 125921
  },
  "errorDistribution": {}
}