{
  "summary": {
    "successRate": 0.7700953291015403,
    "total": 10.000924711,
    "slowest": 0.029070299,
    "fastest": 0.000959844,
    "average": 0.0034501890466423495,
    "requestsPerSec": 17579.57439741794,
    "totalData": 5280288,
    "sizePerRequest": 39,
    "sizePerSec": 527979.9771107386
  },
  "responseTimeHistogram": {
    "0.000959844": 1,
    "0.0037708895": 121666,
    "0.006581935": 12874,
    "0.0093929805": 465,
    "0.012204026": 175,
    "0.0150150715": 71,
    "0.017826117000000002": 108,
    "0.0206371625": 9,
    "0.023448208": 6,
    "0.026259253500000003": 16,
    "0.029070299": 1
  },
  "latencyPercentiles": {
    "p10": 0.002959675,
    "p25": 0.003028134,
    "p50": 0.00347384,
    "p75": 0.003574031,
    "p90": 0.003779594,
    "p95": 0.004304068,
    "p99": 0.00574198
  },
  "rps": {
    "mean": 14482.418248781505,
    "stddev": 1837.5334929961145,
    "max": 16227.152894939163,
    "percentiles": {
      "p10": 13315.75786786043,
      "p25": 14445.662739921463,
      "p50": 14940.000356956292,
      "p75": 15306.457794545246,
      "p90": 15692.298035508937,
      "p95": 15826.17604003903,
      "p99": 16066.269476282667
    }
  },
  "details": {
    "DNSDialup": {
      "average": 0.00104233782,
      "fastest": 0.000078798,
      "slowest": 0.001691327
    },
    "DNSLookup": {
      "average": 0.00001013744,
      "fastest": 0.000004118,
      "slowest": 0.000112589
    }
  },
  "statusCodeDistribution": {
    "200": 135392
  },
  "errorDistribution": {
    "Connection refused (os error 111)": 40420
  }
}