{
  "summary": {
    "successRate": 1,
    "total": 10.000955657,
    "slowest": 0.036310982,
    "fastest": 0.007304444,
    "average": 0.00975115225049285,
    "requestsPerSec": 5123.410377700868,
    "totalData": 1998321,
    "sizePerRequest": 39,
    "sizePerSec": 199813.00473033384
  },
  "responseTimeHistogram": {
    "0.007304444": 1,
    "0.0102050978": 41004,
    "0.0131057516": 7952,
    "0.0160064054": 1195,
    "0.0189070592": 505,
    "0.021807713": 421,
    "0.0247083668": 77,
    "0.0276090206": 23,
    "0.0305096744": 21,
    "0.0334103282": 22,
    "0.036310982": 18
  },
  "latencyPercentiles": {
    "p10": 0.008020708,
    "p25": 0.008143046,
    "p50": 0.00978609,
    "p75": 0.009990314,
    "p90": 0.011595518,
    "p95": 0.012921193,
    "p99": 0.019162185
  },
  "rps": {
    "mean": 5138.695305166476,
    "stddev": 1111.8710552724833,
    "max": 27103.943623796764,
    "percentiles": {
      "p10": 4206.413939975751,
      "p25": 4895.377439719771,
      "p50": 5467.871470721937,
      "p75": 5580.497561221105,
      "p90": 5668.989165634516,
      "p95": 5906.6384709781805,
      "p99": 6492.142643915485
    }
  },
  "details": {
    "DNSDialup": {
      "average": 0.0007697182400000003,
      "fastest": 0.000099463,
      "slowest": 0.000992343
    },
    "DNSLookup": {
      "average": 0.000006253500000000001,
      "fastest": 0.000003246,
      "slowest": 0.00002616
    }
  },
  "statusCodeDistribution": {
    "200": 51239
  },
  "errorDistribution": {}
}