{
  "summary": {
    "successRate": 1,
    "total": 10.001241615,
    "slowest": 0.033623161,
    "fastest": 0.007188144,
    "average": 0.009286043834835507,
    "requestsPerSec": 5380.631932668292,
    "totalData": 2098707,
    "sizePerRequest": 39,
    "sizePerSec": 209844.6453740634
  },
  "responseTimeHistogram": {
    "0.007188144": 1,
    "0.009831645699999999": 42796,
    "0.012475147399999999": 8902,
    "0.0151186491": 878,
    "0.017762150799999998": 674,
    "0.0204056525": 394,
    "0.023049154199999998": 84,
    "0.0256926559": 23,
    "0.0283361576": 26,
    "0.030979659299999997": 24,
    "0.033623161": 11
  },
  "latencyPercentiles": {
    "p10": 0.007592906,
    "p25": 0.007941185,
    "p50": 0.009235226,
    "p75": 0.009743298,
    "p90": 0.01085911,
    "p95": 0.011810425,
    "p99": 0.017817202
  },
  "rps": {
    "mean": 5393.704732977266,
    "stddev": 1184.525981939773,
    "max": 31415.22444607257,
    "percentiles": {
      "p10": 4605.841588887188,
      "p25": 5134.770213197807,
      "p50": 5631.346079083327,
      "p75": 5849.793055593357,
      "p90": 5960.3435585379575,
      "p95": 6000.521499868302,
      "p99": 6540.924602963254
    }
  },
  "details": {
    "DNSDialup": {
      "average": 0.00077269278,
      "fastest": 0.000087872,
      "slowest": 0.001686834
    },
    "DNSLookup": {
      "average": 0.00000667604,
      "fastest": 0.000003376,
      "slowest": 0.000035998
    }
  },
  "statusCodeDistribution": {
    "200": 53813
  },
  "errorDistribution": {}
}