{
  "summary": {
    "successRate": 1,
    "total": 10.001580873,
    "slowest": 0.036350023,
    "fastest": 0.007878552,
    "average": 0.009904552607179672,
    "requestsPerSec": 5044.002607246627,
    "totalData": 1967472,
    "sizePerRequest": 39,
    "sizePerSec": 196716.10168261846
  },
  "responseTimeHistogram": {
    "0.007878552": 1,
    "0.0107256991": 41999,
    "0.0135728462": 6868,
    "0.0164199933": 525,
    "0.0192671404": 339,
    "0.0221142875": 380,
    "0.024961434600000002": 222,
    "0.0278085817": 63,
    "0.0306557288": 16,
    "0.0335028759": 29,
    "0.036350022999999995": 6
  },
  "latencyPercentiles": {
    "p10": 0.008174799,
    "p25": 0.008305327,
    "p50": 0.009976302,
    "p75": 0.010199325,
    "p90": 0.011474308,
    "p95": 0.012786244,
    "p99": 0.020292315
  },
  "rps": {
    "mean": 5117.169906738651,
    "stddev": 1358.4660349126382,
    "max": 28579.38997292225,
    "percentiles": {
      "p10": 4301.203906973557,
      "p25": 4736.542218684624,
      "p50": 5181.816393877511,
      "p75": 5413.892713134036,
      "p90": 6197.749692436925,
      "p95": 6440.185229268338,
      "p99": 6564.163605213803
    }
  },
  "details": {
    "DNSDialup": {
      "average": 0.0007652843400000001,
      "fastest": 0.000098768,
      "slowest": 0.001530067
    },
    "DNSLookup": {
      "average": 0.000007143739999999999,
      "fastest": 0.000003427,
      "slowest": 0.000033152
    }
  },
  "statusCodeDistribution": {
    "200": 50448
  },
  "errorDistribution": {}
}