{
  "summary": {
    "successRate": 1,
    "total": 10.000810826,
    "slowest": 0.027312895,
    "fastest": 0.001542167,
    "average": 0.0038435842793577957,
    "requestsPerSec": 12998.046084628539,
    "totalData": 5069649,
    "sizePerRequest": 39,
    "sizePerSec": 506923.79730051296
  },
  "responseTimeHistogram": {
    "0.001542167": 1,
    "0.0041192398000000005": 104767,
    "0.0066963126000000005": 23941,
    "0.0092733854": 757,
    "0.0118504582": 311,
    "0.014427531": 58,
    "0.0170046038": 67,
    "0.0195816766": 21,
    "0.0221587494": 51,
    "0.0247358222": 11,
    "0.027312895": 6
  },
  "latencyPercentiles": {
    "p10": 0.003182492,
    "p25": 0.003365522,
    "p50": 0.003743057,
    "p75": 0.004019707,
    "p90": 0.004491282,
    "p95": 0.004933788,
    "p99": 0.006670161
  },
  "rps": {
    "mean": 13008.720934986386,
    "stddev": 1859.738654474956,
    "max": 15366.335977051122,
    "percentiles": {
      "p10": 10997.568042647565,
      "p25": 12517.611296307747,
      "p50": 13525.234552669972,
      "p75": 14037.064869788752,
      "p90": 14590.269025175312,
      "p95": 14791.581955552734,
      "p99": 15063.969608082036
    }
  },
  "details": {
    "DNSDialup": {
      "average": 0.00052338644,
      "fastest": 0.00007993,
      "slowest": 0.000933909
    },
    "DNSLookup": {
      "average": 0.000007122960000000002,
      "fastest": 0.000003437,
      "slowest": 0.000030207
    }
  },
  "statusCodeDistribution": {
    "200": 129991
  },
  "errorDistribution": {}
}