{
  "summary": {
    "successRate": 1,
    "total": 10.000649644,
    "slowest": 0.024453153,
    "fastest": 0.001330022,
    "average": 0.003670762652987157,
    "requestsPerSec": 13610.715788015263,
    "totalData": 5308524,
    "sizePerRequest": 39,
    "sizePerSec": 530817.9157325953
  },
  "responseTimeHistogram": {
    "0.001330022": 1,
    "0.0036423350999999996": 72863,
    "0.0059546482": 59981,
    "0.0082669613": 1765,
    "0.0105792744": 1045,
    "0.0128915875": 262,
    "0.0152039006": 87,
    "0.017516213699999998": 85,
    "0.0198285268": 11,
    "0.0221408399": 1,
    "0.024453153": 15
  },
  "latencyPercentiles": {
    "p10": 0.003080579,
    "p25": 0.00315488,
    "p50": 0.00362551,
    "p75": 0.003735396,
    "p90": 0.004124817,
    "p95": 0.004783957,
    "p99": 0.008663379
  },
  "rps": {
    "mean": 13570.612054901405,
    "stddev": 2325.925565346403,
    "max": 15641.311791542657,
    "percentiles": {
      "p10": 10688.695311938254,
      "p25": 13694.204674827282,
      "p50": 14495.192258957593,
      "p75": 14675.425261496646,
      "p90": 14818.301203007706,
      "p95": 14916.953252979829,
      "p99": 15108.318021374193
    }
  },
  "details": {
    "DNSDialup": {
      "average": 0.0007628588799999999,
      "fastest": 0.000097094,
      "slowest": 0.001081173
    },
    "DNSLookup": {
      "average": 0.0000067101400000000015,
      "fastest": 0.000003576,
      "slowest": 0.000030698
    }
  },
  "statusCodeDistribution": {
    "200": 136116
  },
  "errorDistribution": {}
}