{
  "summary": {
    "successRate": 1,
    "total": 10.001169565,
    "slowest": 0.025425756,
    "fastest": 0.003088498,
    "average": 0.004827953576709416,
    "requestsPerSec": 10348.88963008998,
    "totalData": 4036539,
    "sizePerRequest": 39,
    "sizePerSec": 403606.69557350915
  },
  "responseTimeHistogram": {
    "0.003088498": 1,
    "0.0053222237999999995": 89850,
    "0.0075559496": 11660,
    "0.0097896754": 1274,
    "0.0120234012": 484,
    "0.014257127": 93,
    "0.0164908528": 19,
    "0.0187245786": 43,
    "0.0209583044": 18,
    "0.023192030199999998": 47,
    "0.025425755999999997": 12
  },
  "latencyPercentiles": {
    "p10": 0.004078856,
    "p25": 0.004167967,
    "p50": 0.004837132,
    "p75": 0.004974611,
    "p90": 0.005537147,
    "p95": 0.006103445,
    "p99": 0.009011315
  },
  "rps": {
    "mean": 10339.266291911794,
    "stddev": 1429.1622302518672,
    "max": 11854.746404370382,
    "percentiles": {
      "p10": 8902.083755254986,
      "p25": 10258.056434024651,
      "p50": 10743.594737282894,
      "p75": 11093.631358024682,
      "p90": 11231.412013117955,
      "p95": 11415.3502214427,
      "p99": 11732.656039750604
    }
  },
  "details": {
    "DNSDialup": {
      "average": 0.0007445013799999997,
      "fastest": 0.000073644,
      "slowest": 0.001585617
    },
    "DNSLookup": {
      "average": 0.000006450799999999999,
      "fastest": 0.000003186,
      "slowest": 0.000028493
    }
  },
  "statusCodeDistribution": {
    "200": 103501
  },
  "errorDistribution": {}
}