{
  "summary": {
    "successRate": 1,
    "total": 10.00098546,
    "slowest": 0.034298683,
    "fastest": 0.007618093,
    "average": 0.009851640544932903,
    "requestsPerSec": 5071.500223938931,
    "totalData": 1978080,
    "sizePerRequest": 39,
    "sizePerSec": 197788.50873361834
  },
  "responseTimeHistogram": {
    "0.007618093": 1,
    "0.010286152": 40077,
    "0.012954211": 8704,
    "0.01562227": 795,
    "0.018290329": 419,
    "0.020958388": 397,
    "0.023626447000000002": 189,
    "0.026294506000000002": 59,
    "0.028962565000000003": 42,
    "0.031630624": 23,
    "0.034298683": 14
  },
  "latencyPercentiles": {
    "p10": 0.008145783,
    "p25": 0.008295965,
    "p50": 0.009930415,
    "p75": 0.010187844,
    "p90": 0.011408879,
    "p95": 0.012586007,
    "p99": 0.019398507
  },
  "rps": {
    "mean": 5098.886651039791,
    "stddev": 933.9081865633601,
    "max": 9353.69112241211,
    "percentiles": {
      "p10": 4455.731848386341,
      "p25": 4770.0236105328595,
      "p50": 5208.622495732874,
      "p75": 5507.1036129502845,
      "p90": 6173.205624637897,
      "p95": 6439.777509333368,
      "p99": 6584.459286032691
    }
  },
  "details": {
    "DNSDialup": {
      "average": 0.0007152507200000001,
      "fastest": 0.000072306,
      "slowest": 0.001633834
    },
    "DNSLookup": {
      "average": 0.00000723812,
      "fastest": 0.000003888,
      "slowest": 0.000030958
    }
  },
  "statusCodeDistribution": {
    "200": 50720
  },
  "errorDistribution": {}
}