{
  "summary": {
    "successRate": 1,
    "total": 10.000857731,
    "slowest": 0.030169058,
    "fastest": 0.003530206,
    "average": 0.004776806437332154,
    "requestsPerSec": 10459.802830285858,
    "totalData": 4079673,
    "sizePerRequest": 39,
    "sizePerSec": 407932.3103811485
  },
  "responseTimeHistogram": {
    "0.003530206": 1,
    "0.0061940912": 100342,
    "0.008857976399999998": 3284,
    "0.011521861599999999": 598,
    "0.0141857468": 186,
    "0.016849632": 95,
    "0.019513517199999997": 32,
    "0.022177402399999997": 36,
    "0.024841287599999998": 16,
    "0.027505172799999998": 11,
    "0.030169058": 6
  },
  "latencyPercentiles": {
    "p10": 0.004010492,
    "p25": 0.004112109,
    "p50": 0.004773248,
    "p75": 0.004928427,
    "p90": 0.005548214,
    "p95": 0.005962739,
    "p99": 0.00862499
  },
  "rps": {
    "mean": 10442.135894081204,
    "stddev": 1459.7696684324073,
    "max": 12231.376048152977,
    "percentiles": {
      "p10": 9008.009922422694,
      "p25": 10272.761534131847,
      "p50": 11005.728481674832,
      "p75": 11226.233298682202,
      "p90": 11378.395364897162,
      "p95": 11451.386159063652,
      "p99": 11736.17677567796
    }
  },
  "details": {
    "DNSDialup": {
      "average": 0.0007534598399999997,
      "fastest": 0.000088926,
      "slowest": 0.001206214
    },
    "DNSLookup": {
      "average": 0.000006366259999999999,
      "fastest": 0.000003226,
      "slowest": 0.000033913
    }
  },
  "statusCodeDistribution": {
    "200": 104607
  },
  "errorDistribution": {}
}