{
  "summary": {
    "successRate": 1,
    "total": 10.000603975,
    "slowest": 0.023075909,
    "fastest": 0.001672908,
    "average": 0.0036370575643315667,
    "requestsPerSec": 13737.370297177475,
    "totalData": 5357898,
    "sizePerRequest": 39,
    "sizePerSec": 535757.4415899215
  },
  "responseTimeHistogram": {
    "0.001672908": 1,
    "0.0038132081": 112189,
    "0.0059535082": 23398,
    "0.0080938083": 1114,
    "0.0102341084": 326,
    "0.0123744085": 159,
    "0.0145147086": 83,
    "0.0166550087": 76,
    "0.0187953088": 16,
    "0.0209356089": 3,
    "0.023075909": 17
  },
  "latencyPercentiles": {
    "p10": 0.003090823,
    "p25": 0.003177784,
    "p50": 0.003627895,
    "p75": 0.003759919,
    "p90": 0.004076812,
    "p95": 0.00467203,
    "p99": 0.006324524
  },
  "rps": {
    "mean": 13740.288718744729,
    "stddev": 1858.0588151105237,
    "max": 15556.906758205347,
    "percentiles": {
      "p10": 11436.873129507254,
      "p25": 13709.9191264883,
      "p50": 14408.86433333831,
      "p75": 14651.270156016955,
      "p90": 14835.722386078194,
      "p95": 14950.73211016701,
      "p99": 15258.872326892597
    }
  },
  "details": {
    "DNSDialup": {
      "average": 0.00050632076,
      "fastest": 0.000091179,
      "slowest": 0.000694284
    },
    "DNSLookup": {
      "average": 0.0000060126199999999995,
      "fastest": 0.000003346,
      "slowest": 0.000028924
    }
  },
  "statusCodeDistribution": {
    "200": 137382
  },
  "errorDistribution": {}
}