{
  "summary": {
    "successRate": 1,
    "total": 10.000918981,
    "slowest": 0.027766488,
    "fastest": 0.001568078,
    "average": 0.0036332379922414467,
    "requestsPerSec": 13751.33627832356,
    "totalData": 5363514,
    "sizePerRequest": 39,
    "sizePerSec": 536302.1148546189
  },
  "responseTimeHistogram": {
    "0.001568078": 1,
    "0.004187919": 123339,
    "0.0068077599999999995": 13205,
    "0.009427601": 462,
    "0.012047442": 354,
    "0.014667283": 118,
    "0.017287124": 13,
    "0.019906965": 11,
    "0.022526806": 10,
    "0.025146647": 12,
    "0.027766488": 1
  },
  "latencyPercentiles": {
    "p10": 0.003080449,
    "p25": 0.003168184,
    "p50": 0.003615412,
    "p75": 0.003747174,
    "p90": 0.004213003,
    "p95": 0.004648514,
    "p99": 0.006037979
  },
  "rps": {
    "mean": 13733.161749790834,
    "stddev": 1889.4454879980033,
    "max": 15664.056405541456,
    "percentiles": {
      "p10": 11372.629905157404,
      "p25": 13622.12794975794,
      "p50": 14469.788498240054,
      "p75": 14712.560802486683,
      "p90": 14910.133082842945,
      "p95": 15002.797024956197,
      "p99": 15191.70910422746
    }
  },
  "details": {
    "DNSDialup": {
      "average": 0.0007214955199999998,
      "fastest": 0.000072994,
      "slowest": 0.001552413
    },
    "DNSLookup": {
      "average": 0.000006519260000000001,
      "fastest": 0.000003758,
      "slowest": 0.000034485
    }
  },
  "statusCodeDistribution": {
    "200": 137526
  },
  "errorDistribution": {}
}