{
  "summary": {
    "successRate": 1,
    "total": 10.001022642,
    "slowest": 0.027680857,
    "fastest": 0.001473506,
    "average": 0.003461974715845652,
    "requestsPerSec": 14431.524171725798,
    "totalData": 5628870,
    "sizePerRequest": 39,
    "sizePerSec": 562829.442697306
  },
  "responseTimeHistogram": {
    "0.001473506": 1,
    "0.0040942411": 133987,
    "0.0067149762": 9334,
    "0.009335711299999999": 338,
    "0.0119564464": 372,
    "0.0145771815": 137,
    "0.017197916599999998": 92,
    "0.0198186517": 45,
    "0.0224393868": 8,
    "0.0250601219": 14,
    "0.027680857": 2
  },
  "latencyPercentiles": {
    "p10": 0.002968396,
    "p25": 0.003037971,
    "p50": 0.003469605,
    "p75": 0.003570583,
    "p90": 0.003776439,
    "p95": 0.004336601,
    "p99": 0.005790156
  },
  "rps": {
    "mean": 14414.684857070555,
    "stddev": 2063.351406987747,
    "max": 16213.600731286946,
    "percentiles": {
      "p10": 12321.34181652626,
      "p25": 14505.340866506076,
      "p50": 14994.093061310168,
      "p75": 15389.061984695103,
      "p90": 15656.215227131353,
      "p95": 15827.251651542187,
      "p99": 16042.204507080285
    }
  },
  "details": {
    "DNSDialup": {
      "average": 0.0006887176200000001,
      "fastest": 0.000072084,
      "slowest": 0.001124756
    },
    "DNSLookup": {
      "average": 0.000006646500000000001,
      "fastest": 0.000003005,
      "slowest": 0.00003752
    }
  },
  "statusCodeDistribution": {
    "200": 144330
  },
  "errorDistribution": {}
}