{
  "summary": {
    "successRate": 1,
    "total": 10.000610987,
    "slowest": 0.026270597,
    "fastest": 0.003597438,
    "average": 0.004612059706452991,
    "requestsPerSec": 10833.038115454096,
    "totalData": 4225143,
    "sizePerRequest": 39,
    "sizePerSec": 422488.48650270974
  },
  "responseTimeHistogram": {
    "0.003597438": 1,
    "0.0058647539": 103596,
    "0.008132069799999999": 3555,
    "0.0103993857": 715,
    "0.012666701599999998": 283,
    "0.014934017499999999": 97,
    "0.017201333399999998": 52,
    "0.019468649299999998": 11,
    "0.0217359652": 10,
    "0.0240032811": 11,
    "0.026270597": 6
  },
  "latencyPercentiles": {
    "p10": 0.003896254,
    "p25": 0.003988264,
    "p50": 0.004635831,
    "p75": 0.004776643,
    "p90": 0.005306503,
    "p95": 0.005737905,
    "p99": 0.008413346
  },
  "rps": {
    "mean": 10824.995161327548,
    "stddev": 1441.2742518215582,
    "max": 12445.202218980046,
    "percentiles": {
      "p10": 9406.908433553612,
      "p25": 10598.086413799347,
      "p50": 11356.157489256528,
      "p75": 11552.73846112504,
      "p90": 11689.739023388338,
      "p95": 11811.267337384821,
      "p99": 12245.498158698916
    }
  },
  "details": {
    "DNSDialup": {
      "average": 0.0006687934799999998,
      "fastest": 0.000113917,
      "slowest": 0.001052213
    },
    "DNSLookup": {
      "average": 0.000008154079999999999,
      "fastest": 0.000002926,
      "slowest": 0.000029796
    }
  },
  "statusCodeDistribution": {
    "200": 108337
  },
  "errorDistribution": {}
}