{
  "summary": {
    "successRate": 1,
    "total": 10.001045608,
    "slowest": 0.021293504,
    "fastest": 0.000953953,
    "average": 0.003123777693823967,
    "requestsPerSec": 15994.02765167352,
    "totalData": 6238323,
    "sizePerRequest": 39,
    "sizePerSec": 623767.0784152673
  },
  "responseTimeHistogram": {
    "0.000953953": 1,
    "0.0029879081": 62869,
    "0.005021863200000001": 95531,
    "0.007055818300000001": 1037,
    "0.0090897734": 293,
    "0.0111237285": 89,
    "0.013157683600000001": 86,
    "0.015191638700000001": 19,
    "0.0172255938": 8,
    "0.0192595489": 7,
    "0.021293504": 17
  },
  "latencyPercentiles": {
    "p10": 0.00266003,
    "p25": 0.002714775,
    "p50": 0.00317678,
    "p75": 0.003256585,
    "p90": 0.003539695,
    "p95": 0.003890205,
    "p99": 0.004995717
  },
  "rps": {
    "mean": 15983.725206439754,
    "stddev": 1831.822073767512,
    "max": 17786.32063227427,
    "percentiles": {
      "p10": 13949.635264593393,
      "p25": 15802.687236701371,
      "p50": 16653.080108279402,
      "p75": 16845.613019514683,
      "p90": 17001.834652521196,
      "p95": 17079.17179473087,
      "p99": 17240.276734506515
    }
  },
  "details": {
    "DNSDialup": {
      "average": 0.00047499261999999994,
      "fastest": 0.000069047,
      "slowest": 0.000690907
    },
    "DNSLookup": {
      "average": 0.00000905636,
      "fastest": 0.000003048,
      "slowest": 0.000170178
    }
  },
  "statusCodeDistribution": {
    "200": 159957
  },
  "errorDistribution": {}
}