{
  "summary": {
    "successRate": 1,
    "total": 10.000857216,
    "slowest": 0.026037771,
    "fastest": 0.000527969,
    "average": 0.0045570983432879604,
    "requestsPerSec": 10962.160306079106,
    "totalData": 4275609,
    "sizePerRequest": 39,
    "sizePerSec": 427524.2519370851
  },
  "responseTimeHistogram": {
    "0.000527969": 1,
    "0.0030789492": 830,
    "0.0056299294": 87197,
    "0.0081809096": 18547,
    "0.0107318898": 2596,
    "0.01328287": 350,
    "0.0158338502": 72,
    "0.0183848304": 10,
    "0.0209358106": 11,
    "0.0234867908": 11,
    "0.026037771": 6
  },
  "latencyPercentiles": {
    "p10": 0.003264847,
    "p25": 0.003613841,
    "p50": 0.003939118,
    "p75": 0.005091249,
    "p90": 0.006762697,
    "p95": 0.007573321,
    "p99": 0.009280196
  },
  "rps": {
    "mean": 10939.149883919526,
    "stddev": 2820.857111560766,
    "max": 15123.234798583784,
    "percentiles": {
      "p10": 6813.205354618513,
      "p25": 8708.835984989919,
      "p50": 11365.96004493076,
      "p75": 13654.909120555316,
      "p90": 14025.343796240546,
      "p95": 14366.568933811428,
      "p99": 14800.731409858647
    }
  },
  "details": {
    "DNSDialup": {
      "average": 0.0007493491000000001,
      "fastest": 0.000077705,
      "slowest": 0.001650063
    },
    "DNSLookup": {
      "average": 0.000007326860000000001,
      "fastest": 0.000003256,
      "slowest": 0.000035096
    }
  },
  "statusCodeDistribution": {
    "200": 109631
  },
  "errorDistribution": {}
}