{
  "summary": {
    "successRate": 1,
    "total": 10.000632928,
    "slowest": 0.023974467,
    "fastest": 0.001080487,
    "average": 0.0034614505369827994,
    "requestsPerSec": 14434.186419925762,
    "totalData": 5629689,
    "sizePerRequest": 39,
    "sizePerSec": 562933.2703771046
  },
  "responseTimeHistogram": {
    "0.001080487": 1,
    "0.0033698849999999995": 58614,
    "0.005659282999999999": 84059,
    "0.007948680999999999": 1000,
    "0.010238078999999999": 277,
    "0.012527476999999999": 182,
    "0.014816874999999998": 92,
    "0.017106273": 98,
    "0.019395671": 11,
    "0.021685068999999998": 9,
    "0.023974467": 8
  },
  "latencyPercentiles": {
    "p10": 0.002957802,
    "p25": 0.003029805,
    "p50": 0.003469808,
    "p75": 0.003577265,
    "p90": 0.003827256,
    "p95": 0.004432229,
    "p99": 0.005821493
  },
  "rps": {
    "mean": 14452.970724948183,
    "stddev": 2164.086904642827,
    "max": 43551.16172718333,
    "percentiles": {
      "p10": 11979.096476648223,
      "p25": 14500.591624138584,
      "p50": 14964.890065615373,
      "p75": 15412.265521252508,
      "p90": 15676.410461516753,
      "p95": 15839.680755402076,
      "p99": 16087.641263686073
    }
  },
  "details": {
    "DNSDialup": {
      "average": 0.0007455360199999998,
      "fastest": 0.000187027,
      "slowest": 0.001220418
    },
    "DNSLookup": {
      "average": 0.000005482720000000001,
      "fastest": 0.000002816,
      "slowest": 0.000028073
    }
  },
  "statusCodeDistribution": {
    "200": 144351
  },
  "errorDistribution": {}
}