{
  "summary": {
    "successRate": 1,
    "total": 10.000670443,
    "slowest": 0.027431335,
    "fastest": 0.002044702,
    "average": 0.003926255122447213,
    "requestsPerSec": 12725.446831325005,
    "totalData": 4963257,
    "sizePerRequest": 39,
    "sizePerSec": 496292.42642167525
  },
  "responseTimeHistogram": {
    "0.002044702": 1,
    "0.0045833652999999995": 106799,
    "0.0071220286": 17450,
    "0.0096606919": 2668,
    "0.012199355200000001": 173,
    "0.014738018500000002": 29,
    "0.0172766818": 29,
    "0.0198153451": 21,
    "0.0223540084": 37,
    "0.0248926717": 6,
    "0.027431335": 50
  },
  "latencyPercentiles": {
    "p10": 0.003061451,
    "p25": 0.003191686,
    "p50": 0.003623531,
    "p75": 0.003998721,
    "p90": 0.005350572,
    "p95": 0.006372684,
    "p99": 0.007772078
  },
  "rps": {
    "mean": 12720.251073094158,
    "stddev": 2708.7343970560273,
    "max": 16218.62623359577,
    "percentiles": {
      "p10": 8069.686035765553,
      "p25": 11234.167228545395,
      "p50": 13904.443607369172,
      "p75": 14751.33168399387,
      "p90": 14973.978785117299,
      "p95": 15087.281506093936,
      "p99": 15597.720237210242
    }
  },
  "details": {
    "DNSDialup": {
      "average": 0.0007345282400000002,
      "fastest": 0.000072748,
      "slowest": 0.001659248
    },
    "DNSLookup": {
      "average": 0.000007953000000000002,
      "fastest": 0.000003256,
      "slowest": 0.00003231
    }
  },
  "statusCodeDistribution": {
    "200": 127263
  },
  "errorDistribution": {}
}