{
  "summary": {
    "successRate": 1,
    "total": 10.000971671,
    "slowest": 0.026105976,
    "fastest": 0.000846745,
    "average": 0.003466239895655176,
    "requestsPerSec": 14413.299501486008,
    "totalData": 5621733,
    "sizePerRequest": 39,
    "sizePerSec": 562118.6805579544
  },
  "responseTimeHistogram": {
    "0.000846745": 1,
    "0.0033726680999999997": 57941,
    "0.0058985912": 84983,
    "0.0084245143": 658,
    "0.010950437399999999": 307,
    "0.0134763605": 130,
    "0.0160022836": 94,
    "0.018528206699999997": 2,
    "0.021054129799999998": 9,
    "0.0235800529": 21,
    "0.026105976": 1
  },
  "latencyPercentiles": {
    "p10": 0.002966881,
    "p25": 0.003037376,
    "p50": 0.003482599,
    "p75": 0.003582933,
    "p90": 0.003866529,
    "p95": 0.004395367,
    "p99": 0.005760562
  },
  "rps": {
    "mean": 14415.032019931905,
    "stddev": 1879.9702609171234,
    "max": 16996.079361199565,
    "percentiles": {
      "p10": 12263.329149275061,
      "p25": 14438.64648117239,
      "p50": 14939.665689981754,
      "p75": 15332.45316764224,
      "p90": 15666.560447386295,
      "p95": 15816.561521568801,
      "p99": 16060.786613240098
    }
  },
  "details": {
    "DNSDialup": {
      "average": 0.0007394601000000001,
      "fastest": 0.00009797,
      "slowest": 0.001123159
    },
    "DNSLookup": {
      "average": 0.000007350959999999998,
      "fastest": 0.000004188,
      "slowest": 0.000034153
    }
  },
  "statusCodeDistribution": {
    "200": 144147
  },
  "errorDistribution": {}
}