{
  "summary": {
    "successRate": 1,
    "total": 10.000577974,
    "slowest": 0.025352711,
    "fastest": 0.000919763,
    "average": 0.0036491317706306755,
    "requestsPerSec": 13692.40861438235,
    "totalData": 5340348,
    "sizePerRequest": 39,
    "sizePerSec": 534003.9359609117
  },
  "responseTimeHistogram": {
    "0.000919763": 1,
    "0.0033630578": 51032,
    "0.005806352599999999": 80297,
    "0.008249647399999999": 4849,
    "0.0106929422": 356,
    "0.013136236999999999": 224,
    "0.0155795318": 89,
    "0.0180228266": 55,
    "0.0204661214": 3,
    "0.022909416199999998": 10,
    "0.025352710999999997": 16
  },
  "latencyPercentiles": {
    "p10": 0.002976519,
    "p25": 0.003064044,
    "p50": 0.003506194,
    "p75": 0.003643814,
    "p90": 0.004550986,
    "p95": 0.005563571,
    "p99": 0.007072926
  },
  "rps": {
    "mean": 13671.064944891428,
    "stddev": 2573.4187676953593,
    "max": 17518.405409854757,
    "percentiles": {
      "p10": 9445.275736041924,
      "p25": 12665.556354450811,
      "p50": 14811.983619810633,
      "p75": 15141.472976256378,
      "p90": 15592.58053387038,
      "p95": 15764.835124717036,
      "p99": 16116.380067219585
    }
  },
  "details": {
    "DNSDialup": {
      "average": 0.00075114634,
      "fastest": 0.000114892,
      "slowest": 0.001123468
    },
    "DNSLookup": {
      "average": 0.000006982800000000001,
      "fastest": 0.000003547,
      "slowest": 0.000029305
    }
  },
  "statusCodeDistribution": {
    "200": 136932
  },
  "errorDistribution": {}
}