{
  "summary": {
    "successRate": 1,
    "total": 10.001133793,
    "slowest": 0.02556519,
    "fastest": 0.001273732,
    "average": 0.004462694197554415,
    "requestsPerSec": 11194.630760600605,
    "totalData": 4366401,
    "sizePerRequest": 39,
    "sizePerSec": 436590.5996634236
  },
  "responseTimeHistogram": {
    "0.001273732": 1,
    "0.0037028778": 52317,
    "0.0061320236": 45683,
    "0.0085611694": 13194,
    "0.0109903152": 572,
    "0.013419461": 72,
    "0.0158486068": 64,
    "0.0182777526": 23,
    "0.0207068984": 11,
    "0.0231360442": 11,
    "0.02556519": 11
  },
  "latencyPercentiles": {
    "p10": 0.003025945,
    "p25": 0.003458392,
    "p50": 0.003831298,
    "p75": 0.005450426,
    "p90": 0.00633068,
    "p95": 0.006978869,
    "p99": 0.008281482
  },
  "rps": {
    "mean": 11176.828135551692,
    "stddev": 3066.318402958174,
    "max": 16205.733588544568,
    "percentiles": {
      "p10": 7418.648616719531,
      "p25": 8858.893926826599,
      "p50": 10729.924800766466,
      "p75": 14611.19071096583,
      "p90": 15210.933619085203,
      "p95": 15499.177182195263,
      "p99": 15878.674788052951
    }
  },
  "details": {
    "DNSDialup": {
      "average": 0.0007157454999999999,
      "fastest": 0.00009668,
      "slowest": 0.00129822
    },
    "DNSLookup": {
      "average": 0.00000629436,
      "fastest": 0.000003316,
      "slowest": 0.000031929
    }
  },
  "statusCodeDistribution": {
    "200": 111959
  },
  "errorDistribution": {}
}