{
  "summary": {
    "successRate": 1,
    "total": 10.0006668,
    "slowest": 0.026424634,
    "fastest": 0.001769942,
    "average": 0.0035614856012530396,
    "requestsPerSec": 14028.764561979007,
    "totalData": 5471583,
    "sizePerRequest": 39,
    "sizePerSec": 547121.8179171813
  },
  "responseTimeHistogram": {
    "0.001769942": 1,
    "0.0042354112": 128872,
    "0.0067008803999999995": 10422,
    "0.009166349599999998": 483,
    "0.011631818799999999": 290,
    "0.014097288": 110,
    "0.0165627572": 67,
    "0.019028226399999997": 28,
    "0.021493695599999998": 11,
    "0.0239591648": 11,
    "0.026424634": 2
  },
  "latencyPercentiles": {
    "p10": 0.003024929,
    "p25": 0.00311644,
    "p50": 0.003542798,
    "p75": 0.003677969,
    "p90": 0.004076733,
    "p95": 0.004524,
    "p99": 0.005910274
  },
  "rps": {
    "mean": 14016.066966358994,
    "stddev": 1942.0278232743187,
    "max": 16240.24179066384,
    "percentiles": {
      "p10": 11761.959747793626,
      "p25": 13918.465628349328,
      "p50": 14655.26411963078,
      "p75": 14926.599231143746,
      "p90": 15202.850534475092,
      "p95": 15430.02528620441,
      "p99": 15863.322454176277
    }
  },
  "details": {
    "DNSDialup": {
      "average": 0.0007476251800000001,
      "fastest": 0.000115861,
      "slowest": 0.001426251
    },
    "DNSLookup": {
      "average": 0.000006726039999999999,
      "fastest": 0.000003326,
      "slowest": 0.000034415
    }
  },
  "statusCodeDistribution": {
    "200": 140297
  },
  "errorDistribution": {}
}