{
  "summary": {
    "successRate": 1,
    "total": 10.000916574,
    "slowest": 0.026886303,
    "fastest": 0.003251207,
    "average": 0.004754253623638191,
    "requestsPerSec": 10509.136759848348,
    "totalData": 4098939,
    "sizePerRequest": 39,
    "sizePerSec": 409856.3336340856
  },
  "responseTimeHistogram": {
    "0.003251207": 1,
    "0.0056147166": 98233,
    "0.0079782262": 5558,
    "0.0103417358": 827,
    "0.012705245399999999": 277,
    "0.015068755": 66,
    "0.0174322646": 33,
    "0.019795774199999998": 50,
    "0.0221592838": 39,
    "0.0245227934": 11,
    "0.026886303": 6
  },
  "latencyPercentiles": {
    "p10": 0.00404556,
    "p25": 0.00412274,
    "p50": 0.004801546,
    "p75": 0.004916561,
    "p90": 0.005405492,
    "p95": 0.005891258,
    "p99": 0.008645011
  },
  "rps": {
    "mean": 10497.260224249827,
    "stddev": 1357.2116385763156,
    "max": 11876.907728303511,
    "percentiles": {
      "p10": 9211.964583346005,
      "p25": 10444.009664190511,
      "p50": 11008.057898381763,
      "p75": 11143.684438412765,
      "p90": 11251.021541615566,
      "p95": 11334.279558473516,
      "p99": 11700.204753582711
    }
  },
  "details": {
    "DNSDialup": {
      "average": 0.0007228329799999998,
      "fastest": 0.000093512,
      "slowest": 0.001376362
    },
    "DNSLookup": {
      "average": 0.000007417520000000001,
      "fastest": 0.000003857,
      "slowest": 0.000033283
    }
  },
  "statusCodeDistribution": {
    "200": 105101
  },
  "errorDistribution": {}
}