{
  "summary": {
    "successRate": 1,
    "total": 10.000719079,
    "slowest": 0.023965057,
    "fastest": 0.001400951,
    "average": 0.005554429770069746,
    "requestsPerSec": 8994.25324213729,
    "totalData": 3508011,
    "sizePerRequest": 39,
    "sizePerSec": 350775.8764433543
  },
  "responseTimeHistogram": {
    "0.001400951": 1,
    "0.0036573616000000002": 9054,
    "0.0059137722": 43410,
    "0.008170182800000002": 34008,
    "0.0104265934": 3230,
    "0.012683004000000001": 145,
    "0.014939414600000003": 41,
    "0.0171958252": 22,
    "0.019452235800000002": 11,
    "0.021708646400000003": 10,
    "0.023965057": 17
  },
  "latencyPercentiles": {
    "p10": 0.003655325,
    "p25": 0.004568587,
    "p50": 0.005501486,
    "p75": 0.006331674,
    "p90": 0.007248014,
    "p95": 0.007937043,
    "p99": 0.009127173
  },
  "rps": {
    "mean": 8977.582119074686,
    "stddev": 2051.880798575981,
    "max": 15294.04639479543,
    "percentiles": {
      "p10": 6707.051926504235,
      "p25": 7814.40820584986,
      "p50": 8629.166583051448,
      "p75": 9973.36908970787,
      "p90": 11926.97654397403,
      "p95": 12781.052438334533,
      "p99": 14870.783807817052
    }
  },
  "details": {
    "DNSDialup": {
      "average": 0.00067427938,
      "fastest": 0.000088862,
      "slowest": 0.001291659
    },
    "DNSLookup": {
      "average": 0.000007819960000000002,
      "fastest": 0.000004008,
      "slowest": 0.000026709
    }
  },
  "statusCodeDistribution": {
    "200": 89949
  },
  "errorDistribution": {}
}