{
  "summary": {
    "successRate": 1,
    "total": 10.000828444,
    "slowest": 0.023244249,
    "fastest": 0.001277915,
    "average": 0.0035482604463405675,
    "requestsPerSec": 14080.233531501224,
    "totalData": 5491746,
    "sizePerRequest": 39,
    "sizePerSec": 549129.1077285478
  },
  "responseTimeHistogram": {
    "0.001277915": 1,
    "0.0034745484": 58866,
    "0.0056711818": 79815,
    "0.0078678152": 1479,
    "0.0100644486": 251,
    "0.012261082": 204,
    "0.0144577154": 74,
    "0.0166543488": 84,
    "0.0188509822": 22,
    "0.021047615600000003": 3,
    "0.023244249": 15
  },
  "latencyPercentiles": {
    "p10": 0.003020405,
    "p25": 0.003097792,
    "p50": 0.003544917,
    "p75": 0.003660723,
    "p90": 0.003959007,
    "p95": 0.004549683,
    "p99": 0.006306299
  },
  "rps": {
    "mean": 14077.684902387666,
    "stddev": 1927.6703675691292,
    "max": 15958.803340082188,
    "percentiles": {
      "p10": 11650.146934830374,
      "p25": 14315.118196327237,
      "p50": 14720.110481120473,
      "p75": 14929.50403039207,
      "p90": 15120.54972820259,
      "p95": 15500.784765221,
      "p99": 15779.58091289675
    }
  },
  "details": {
    "DNSDialup": {
      "average": 0.00084202454,
      "fastest": 0.000111174,
      "slowest": 0.001516501
    },
    "DNSLookup": {
      "average": 0.0000057677199999999996,
      "fastest": 0.000002624,
      "slowest": 0.000036989
    }
  },
  "statusCodeDistribution": {
    "200": 140814
  },
  "errorDistribution": {}
}