{
  "summary": {
    "successRate": 1,
    "total": 10.000981496,
    "slowest": 0.023922345,
    "fastest": 0.001049556,
    "average": 0.00363011057839816,
    "requestsPerSec": 13760.449417393864,
    "totalData": 5367102,
    "sizePerRequest": 39,
    "sizePerSec": 536657.5272783607
  },
  "responseTimeHistogram": {
    "0.001049556": 1,
    "0.0033368349": 50853,
    "0.0056241138": 81028,
    "0.0079113927": 5126,
    "0.0101986716": 366,
    "0.0124859505": 99,
    "0.0147732294": 33,
    "0.0170605083": 66,
    "0.0193477872": 25,
    "0.021635066100000003": 5,
    "0.023922345": 16
  },
  "latencyPercentiles": {
    "p10": 0.002991933,
    "p25": 0.003078876,
    "p50": 0.003521783,
    "p75": 0.00365826,
    "p90": 0.004380009,
    "p95": 0.005419686,
    "p99": 0.006792105
  },
  "rps": {
    "mean": 13750.623189946418,
    "stddev": 2370.2666102781745,
    "max": 16181.432185282438,
    "percentiles": {
      "p10": 9420.929537059385,
      "p25": 13704.994099850235,
      "p50": 14716.70640511208,
      "p75": 15052.84073420806,
      "p90": 15454.19166850326,
      "p95": 15667.76907976057,
      "p99": 15914.235671193217
    }
  },
  "details": {
    "DNSDialup": {
      "average": 0.00077002814,
      "fastest": 0.000120698,
      "slowest": 0.001111995
    },
    "DNSLookup": {
      "average": 0.0000065816799999999995,
      "fastest": 0.000003246,
      "slowest": 0.000033563
    }
  },
  "statusCodeDistribution": {
    "200": 137618
  },
  "errorDistribution": {}
}