{
  "summary": {
    "successRate": 1,
    "total": 10.000721119,
    "slowest": 0.032993124,
    "fastest": 0.007701817,
    "average": 0.009627321716647371,
    "requestsPerSec": 5189.6257662257085,
    "totalData": 2024100,
    "sizePerRequest": 39,
    "sizePerSec": 202395.40488280263
  },
  "responseTimeHistogram": {
    "0.007701817": 1,
    "0.0102309477": 41818,
    "0.0127600784": 7845,
    "0.0152892091": 1007,
    "0.0178183398": 503,
    "0.0203474705": 527,
    "0.0228766012": 131,
    "0.0254057319": 7,
    "0.0279348626": 21,
    "0.0304639933": 22,
    "0.032993124": 18
  },
  "latencyPercentiles": {
    "p10": 0.0079557,
    "p25": 0.00807945,
    "p50": 0.009706974,
    "p75": 0.009904349,
    "p90": 0.011227143,
    "p95": 0.012578749,
    "p99": 0.019053872
  },
  "rps": {
    "mean": 5198.6567550313675,
    "stddev": 1195.4054081606132,
    "max": 32757.8864608651,
    "percentiles": {
      "p10": 4471.693771906208,
      "p25": 5006.537513928731,
      "p50": 5531.313874103863,
      "p75": 5602.105658361179,
      "p90": 5649.210332837363,
      "p95": 5715.2625046044195,
      "p99": 6377.518169181404
    }
  },
  "details": {
    "DNSDialup": {
      "average": 0.0007313230199999999,
      "fastest": 0.000070552,
      "slowest": 0.001727095
    },
    "DNSLookup": {
      "average": 0.000007042159999999999,
      "fastest": 0.000003106,
      "slowest": 0.000031508
    }
  },
  "statusCodeDistribution": {
    "200": 51900
  },
  "errorDistribution": {}
}