{
  "summary": {
    "successRate": 1,
    "total": 10.000895787,
    "slowest": 0.0259499,
    "fastest": 0.003489613,
    "average": 0.00469462758428773,
    "requestsPerSec": 10642.94661867773,
    "totalData": 4151121,
    "sizePerRequest": 39,
    "sizePerSec": 415074.9181284315
  },
  "responseTimeHistogram": {
    "0.003489613": 1,
    "0.0057356417": 99679,
    "0.007981670400000002": 5488,
    "0.010227699100000001": 730,
    "0.0124737278": 418,
    "0.0147197565": 39,
    "0.016965785200000003": 38,
    "0.019211813900000003": 14,
    "0.021457842600000002": 11,
    "0.023703871300000002": 11,
    "0.0259499": 10
  },
  "latencyPercentiles": {
    "p10": 0.00397165,
    "p25": 0.00405854,
    "p50": 0.004712821,
    "p75": 0.004844547,
    "p90": 0.005386679,
    "p95": 0.005934122,
    "p99": 0.008442313
  },
  "rps": {
    "mean": 10638.695146959695,
    "stddev": 1401.156349729034,
    "max": 12311.503191450238,
    "percentiles": {
      "p10": 9143.525926467733,
      "p25": 10509.930132320924,
      "p50": 11194.583124410956,
      "p75": 11334.932520570619,
      "p90": 11451.200189881834,
      "p95": 11526.743354438246,
      "p99": 11946.504156730722
    }
  },
  "details": {
    "DNSDialup": {
      "average": 0.0007394401399999998,
      "fastest": 0.000064901,
      "slowest": 0.001745546
    },
    "DNSLookup": {
      "average": 0.000006593659999999999,
      "fastest": 0.000003076,
      "slowest": 0.000029285
    }
  },
  "statusCodeDistribution": {
    "200": 106439
  },
  "errorDistribution": {}
}