{
  "summary": {
    "successRate": 1,
    "total": 10.001068281,
    "slowest": 0.025457504,
    "fastest": 0.002927049,
    "average": 0.003901562392503823,
    "requestsPerSec": 12805.132052072628,
    "totalData": 4994535,
    "sizePerRequest": 39,
    "sizePerSec": 499400.1500308325
  },
  "responseTimeHistogram": {
    "0.002927049": 1,
    "0.005180094499999999": 124163,
    "0.0074331399999999995": 3060,
    "0.0096861855": 523,
    "0.011939230999999998": 145,
    "0.0141922765": 73,
    "0.016445322": 12,
    "0.0186983675": 31,
    "0.020951413": 30,
    "0.023204458499999997": 13,
    "0.025457504": 14
  },
  "latencyPercentiles": {
    "p10": 0.003341565,
    "p25": 0.003445385,
    "p50": 0.003883538,
    "p75": 0.004035252,
    "p90": 0.00440472,
    "p95": 0.004827756,
    "p99": 0.006538712
  },
  "rps": {
    "mean": 12807.008841585475,
    "stddev": 1594.8033134533205,
    "max": 14876.23496321716,
    "percentiles": {
      "p10": 11333.303996072285,
      "p25": 12611.543105681398,
      "p50": 13354.567095013648,
      "p75": 13614.616817641328,
      "p90": 13789.684125345502,
      "p95": 13868.821124988594,
      "p99": 14309.823227020526
    }
  },
  "details": {
    "DNSDialup": {
      "average": 0.0008606560400000001,
      "fastest": 0.000181572,
      "slowest": 0.001207981
    },
    "DNSLookup": {
      "average": 0.000007783519999999999,
      "fastest": 0.000003587,
      "slowest": 0.000031409
    }
  },
  "statusCodeDistribution": {
    "200": 128065
  },
  "errorDistribution": {}
}