{
  "summary": {
    "successRate": 1,
    "total": 10.000686352,
    "slowest": 0.007101265,
    "fastest": 0.000116869,
    "average": 0.0009758895086852283,
    "requestsPerSec": 51146.58954359735,
    "totalData": 6649513,
    "sizePerRequest": 13,
    "sizePerSec": 664905.6640667656
  },
  "responseTimeHistogram": {
    "0.000116869": 1,
    "0.0008153085999999999": 37880,
    "0.0015137481999999997": 472409,
    "0.0022121878": 970,
    "0.0029106273999999995": 109,
    "0.0036090669999999992": 23,
    "0.0043075066": 9,
    "0.0050059462": 0,
    "0.0057043858": 21,
    "0.006402825399999999": 51,
    "0.007101264999999999": 28
  },
  "latencyPercentiles": {
    "p10": 0.000843961,
    "p25": 0.000911442,
    "p50": 0.000986281,
    "p75": 0.001046922,
    "p90": 0.001092468,
    "p95": 0.001133963,
    "p99": 0.001255954
  },
  "rps": {
    "mean": 51152.8439789165,
    "stddev": 3179.280795731099,
    "max": 68249.40477198361,
    "percentiles": {
      "p10": 49052.228686504764,
      "p25": 49948.195144671896,
      "p50": 50934.19453057379,
      "p75": 52197.4055785485,
      "p90": 54213.47314441582,
      "p95": 55788.66051326038,
      "p99": 58759.64103565008
    }
  },
  "details": {
    "DNSDialup": {
      "average": 0.0005545295000000001,
      "fastest": 0.000072757,
      "slowest": 0.0009709
    },
    "DNSLookup": {
      "average": 0.000006148839999999998,
      "fastest": 0.000003336,
      "slowest": 0.000029445
    }
  },
  "statusCodeDistribution": {
    "200": 511501
  },
  "errorDistribution": {}
}