{
  "summary": {
    "successRate": 1,
    "total": 10.000602669,
    "slowest": 0.006269752,
    "fastest": 0.000281997,
    "average": 0.001023687188867599,
    "requestsPerSec": 48759.2614304673,
    "totalData": 6339086,
    "sizePerRequest": 13,
    "sizePerSec": 633870.3985960749
  },
  "responseTimeHistogram": {
    "0.000281997": 1,
    "0.0008807725": 47992,
    "0.001479548": 438328,
    "0.0020783235": 1135,
    "0.002677099": 78,
    "0.0032758745": 38,
    "0.0038746500000000003": 2,
    "0.0044734255": 5,
    "0.005072201": 9,
    "0.0056709765": 22,
    "0.006269752": 12
  },
  "latencyPercentiles": {
    "p10": 0.000882175,
    "p25": 0.000952396,
    "p50": 0.001033197,
    "p75": 0.00109937,
    "p90": 0.001153634,
    "p95": 0.001198277,
    "p99": 0.001304415
  },
  "rps": {
    "mean": 48758.393260198296,
    "stddev": 2695.4230322683698,
    "max": 58103.37752929856,
    "percentiles": {
      "p10": 46439.02735859271,
      "p25": 47553.29773610251,
      "p50": 48667.968778340066,
      "p75": 49968.144041233216,
      "p90": 51698.55295149188,
      "p95": 52496.92928230288,
      "p99": 54858.14414698195
    }
  },
  "details": {
    "DNSDialup": {
      "average": 0.00073066818,
      "fastest": 0.000079899,
      "slowest": 0.001177756
    },
    "DNSLookup": {
      "average": 0.0000071323,
      "fastest": 0.000003206,
      "slowest": 0.000031308
    }
  },
  "statusCodeDistribution": {
    "200": 487622
  },
  "errorDistribution": {}
}