{
  "summary": {
    "successRate": 1,
    "total": 10.000653066,
    "slowest": 0.007372785,
    "fastest": 0.00021346,
    "average": 0.000972560729922295,
    "requestsPerSec": 51322.24831845797,
    "totalData": 6672328,
    "sizePerRequest": 13,
    "sizePerSec": 667189.2281399536
  },
  "responseTimeHistogram": {
    "0.00021346": 1,
    "0.0009293925": 166984,
    "0.0016453249999999998": 345446,
    "0.0023612574999999996": 707,
    "0.0030771899999999996": 18,
    "0.0037931224999999996": 0,
    "0.004509055": 5,
    "0.0052249875": 1,
    "0.00594092": 23,
    "0.006656852499999999": 61,
    "0.007372785": 10
  },
  "latencyPercentiles": {
    "p10": 0.000841227,
    "p25": 0.000908189,
    "p50": 0.000983505,
    "p75": 0.001043461,
    "p90": 0.001090759,
    "p95": 0.001133426,
    "p99": 0.001249532
  },
  "rps": {
    "mean": 51335.11061122753,
    "stddev": 3284.252580696806,
    "max": 69369.64273780798,
    "percentiles": {
      "p10": 49211.488627484345,
      "p25": 50144.347661072,
      "p50": 51104.08321625203,
      "p75": 52583.6026698818,
      "p90": 54693.43321578477,
      "p95": 56058.592682183626,
      "p99": 58994.32011900438
    }
  },
  "details": {
    "DNSDialup": {
      "average": 0.00081325,
      "fastest": 0.000077782,
      "slowest": 0.001718041
    },
    "DNSLookup": {
      "average": 0.000009227579999999998,
      "fastest": 0.000002545,
      "slowest": 0.000165328
    }
  },
  "statusCodeDistribution": {
    "200": 513256
  },
  "errorDistribution": {}
}