{
  "summary": {
    "successRate": 1,
    "total": 10.000675451,
    "slowest": 0.006795829,
    "fastest": 0.000151958,
    "average": 0.000955718057268782,
    "requestsPerSec": 52223.87253330735,
    "totalData": 6789562,
    "sizePerRequest": 13,
    "sizePerSec": 678910.3429329956
  },
  "responseTimeHistogram": {
    "0.000151958": 1,
    "0.0008163451": 45192,
    "0.0014807322": 475871,
    "0.0021451192999999997": 975,
    "0.0028095064": 123,
    "0.0034738935": 12,
    "0.0041382806": 0,
    "0.0048026677": 0,
    "0.0054670548": 50,
    "0.0061314419": 22,
    "0.006795829000000001": 28
  },
  "latencyPercentiles": {
    "p10": 0.000829955,
    "p25": 0.000895358,
    "p50": 0.000966713,
    "p75": 0.001026162,
    "p90": 0.001066412,
    "p95": 0.001097535,
    "p99": 0.001213721
  },
  "rps": {
    "mean": 52223.19278561606,
    "stddev": 3221.9861819085463,
    "max": 75473.50364520341,
    "percentiles": {
      "p10": 50275.44333025987,
      "p25": 51033.171059881584,
      "p50": 51959.46880571315,
      "p75": 53327.76309755435,
      "p90": 55199.272900670425,
      "p95": 56722.956773255435,
      "p99": 60518.71238587123
    }
  },
  "details": {
    "DNSDialup": {
      "average": 0.0006274985799999997,
      "fastest": 0.000068481,
      "slowest": 0.000967515
    },
    "DNSLookup": {
      "average": 0.0000061283,
      "fastest": 0.000003216,
      "slowest": 0.000031479
    }
  },
  "statusCodeDistribution": {
    "200": 522274
  },
  "errorDistribution": {}
}