{
  "summary": {
    "successRate": 1,
    "total": 10.000654514,
    "slowest": 0.007052205,
    "fastest": 0.00010102,
    "average": 0.0009710517527227327,
    "requestsPerSec": 51397.235978949044,
    "totalData": 6682078,
    "sizePerRequest": 13,
    "sizePerSec": 668164.0677263376
  },
  "responseTimeHistogram": {
    "0.00010102": 1,
    "0.0007961385": 34464,
    "0.001491257": 478274,
    "0.0021863754999999997": 1009,
    "0.0028814939999999996": 157,
    "0.0035766124999999996": 0,
    "0.004271731": 1,
    "0.0049668495": 14,
    "0.005661968": 57,
    "0.006357086499999999": 20,
    "0.007052205": 9
  },
  "latencyPercentiles": {
    "p10": 0.000837956,
    "p25": 0.000908457,
    "p50": 0.000982979,
    "p75": 0.001043613,
    "p90": 0.001087845,
    "p95": 0.001123944,
    "p99": 0.00123973
  },
  "rps": {
    "mean": 51393.39067746383,
    "stddev": 3232.5017113457407,
    "max": 74038.02168001591,
    "percentiles": {
      "p10": 49224.36113632648,
      "p25": 50146.45567653986,
      "p50": 51133.274028165855,
      "p75": 52607.11594890305,
      "p90": 54595.94825671528,
      "p95": 55933.616002072005,
      "p99": 58488.52606606866
    }
  },
  "details": {
    "DNSDialup": {
      "average": 0.0007246020199999999,
      "fastest": 0.000098974,
      "slowest": 0.001612792
    },
    "DNSLookup": {
      "average": 0.0000062464,
      "fastest": 0.000003116,
      "slowest": 0.000030067
    }
  },
  "statusCodeDistribution": {
    "200": 514006
  },
  "errorDistribution": {}
}