{
  "summary": {
    "successRate": 1,
    "total": 10.000691696,
    "slowest": 0.006476216,
    "fastest": 0.000243762,
    "average": 0.0009620991424169013,
    "requestsPerSec": 51880.71143194253,
    "totalData": 6744959,
    "sizePerRequest": 13,
    "sizePerSec": 674449.2486152529
  },
  "responseTimeHistogram": {
    "0.000243762": 1,
    "0.0008670074000000001": 80827,
    "0.0014902528000000001": 436648,
    "0.0021134982": 1072,
    "0.0027367436": 182,
    "0.003359989": 1,
    "0.0039832344000000006": 12,
    "0.0046064798": 0,
    "0.0052297252": 10,
    "0.0058529706": 66,
    "0.006476216": 24
  },
  "latencyPercentiles": {
    "p10": 0.000830284,
    "p25": 0.000899648,
    "p50": 0.000972745,
    "p75": 0.001033885,
    "p90": 0.001076612,
    "p95": 0.00111103,
    "p99": 0.001233032
  },
  "rps": {
    "mean": 51880.35937326539,
    "stddev": 3144.340906842901,
    "max": 65845.67663318195,
    "percentiles": {
      "p10": 49693.37774758844,
      "p25": 50725.84481793418,
      "p50": 51751.01097151689,
      "p75": 53257.64292566141,
      "p90": 55003.833767219294,
      "p95": 56320.46685765619,
      "p99": 58465.58037016921
    }
  },
  "details": {
    "DNSDialup": {
      "average": 0.00053517476,
      "fastest": 0.000110894,
      "slowest": 0.000955774
    },
    "DNSLookup": {
      "average": 0.000006164719999999999,
      "fastest": 0.000002675,
      "slowest": 0.000025508
    }
  },
  "statusCodeDistribution": {
    "200": 518843
  },
  "errorDistribution": {}
}