{
  "summary": {
    "successRate": 1,
    "total": 10.00071047,
    "slowest": 0.006834968,
    "fastest": 0.00021727,
    "average": 0.0009740855063077345,
    "requestsPerSec": 51243.259320155084,
    "totalData": 6662097,
    "sizePerRequest": 13,
    "sizePerSec": 666162.3711620161
  },
  "responseTimeHistogram": {
    "0.00021727": 1,
    "0.0008790398": 77265,
    "0.0015408096000000002": 434251,
    "0.0022025794000000002": 739,
    "0.0028643492": 43,
    "0.003526119": 70,
    "0.004187888800000001": 3,
    "0.004849658600000001": 0,
    "0.005511428400000001": 47,
    "0.0061731982000000005": 35,
    "0.006834968": 15
  },
  "latencyPercentiles": {
    "p10": 0.000849345,
    "p25": 0.000911302,
    "p50": 0.000984629,
    "p75": 0.001043674,
    "p90": 0.001084878,
    "p95": 0.001117982,
    "p99": 0.001226044
  },
  "rps": {
    "mean": 51243.452058248964,
    "stddev": 3035.3366619305166,
    "max": 67984.42815669996,
    "percentiles": {
      "p10": 49502.214237076245,
      "p25": 50229.866678727856,
      "p50": 51053.519404390754,
      "p75": 52188.78557703511,
      "p90": 53940.77922909485,
      "p95": 55377.2854457421,
      "p99": 58742.38850754947
    }
  },
  "details": {
    "DNSDialup": {
      "average": 0.0007899745600000001,
      "fastest": 0.000110938,
      "slowest": 0.001285304
    },
    "DNSLookup": {
      "average": 0.000006378840000000001,
      "fastest": 0.000003577,
      "slowest": 0.000030127
    }
  },
  "statusCodeDistribution": {
    "200": 512469
  },
  "errorDistribution": {}
}