{
  "summary": {
    "successRate": 1,
    "total": 10.000618405,
    "slowest": 0.006785889,
    "fastest": 0.000119073,
    "average": 0.0009713832235146078,
    "requestsPerSec": 51384.522355445275,
    "totalData": 6680401,
    "sizePerRequest": 13,
    "sizePerSec": 667998.7906207886
  },
  "responseTimeHistogram": {
    "0.000119073": 1,
    "0.0007857546": 30086,
    "0.0014524362": 482053,
    "0.0021191178": 1534,
    "0.0027857994": 94,
    "0.003452481": 9,
    "0.0041191626": 0,
    "0.0047858442": 7,
    "0.0054525258": 28,
    "0.0061192074": 49,
    "0.006785889": 16
  },
  "latencyPercentiles": {
    "p10": 0.000840057,
    "p25": 0.000907703,
    "p50": 0.00098234,
    "p75": 0.001042583,
    "p90": 0.001087496,
    "p95": 0.001126256,
    "p99": 0.001251299
  },
  "rps": {
    "mean": 51384.37456327205,
    "stddev": 3143.539765053255,
    "max": 64566.49762742892,
    "percentiles": {
      "p10": 49410.53926802563,
      "p25": 50309.41289115434,
      "p50": 51188.164973815015,
      "p75": 52738.58461739232,
      "p90": 54503.940634905935,
      "p95": 55718.47624672415,
      "p99": 58737.77261932799
    }
  },
  "details": {
    "DNSDialup": {
      "average": 0.0006893911200000001,
      "fastest": 0.000094377,
      "slowest": 0.001200506
    },
    "DNSLookup": {
      "average": 0.000008454080000000003,
      "fastest": 0.000003877,
      "slowest": 0.000053129
    }
  },
  "statusCodeDistribution": {
    "200": 513877
  },
  "errorDistribution": {}
}