{
  "summary": {
    "successRate": 1,
    "total": 10.000632261,
    "slowest": 0.007053272,
    "fastest": 0.000134338,
    "average": 0.0009524976582175613,
    "requestsPerSec": 52404.586662363225,
    "totalData": 6813027,
    "sizePerRequest": 13,
    "sizePerSec": 681259.6266107219
  },
  "responseTimeHistogram": {
    "0.000134338": 1,
    "0.0008262314": 57890,
    "0.0015181247999999999": 465122,
    "0.0022100182": 886,
    "0.0029019116": 79,
    "0.003593805": 0,
    "0.0042856984": 1,
    "0.0049775918": 0,
    "0.0056694852": 2,
    "0.0063613786": 80,
    "0.007053272": 18
  },
  "latencyPercentiles": {
    "p10": 0.000816352,
    "p25": 0.00089193,
    "p50": 0.000964451,
    "p75": 0.001025264,
    "p90": 0.001068366,
    "p95": 0.001105709,
    "p99": 0.001220801
  },
  "rps": {
    "mean": 52404.400281426366,
    "stddev": 3336.639726691935,
    "max": 66309.02853437059,
    "percentiles": {
      "p10": 50305.22671305562,
      "p25": 51057.47657499796,
      "p50": 52001.69005492686,
      "p75": 53607.20480832835,
      "p90": 56015.51629801597,
      "p95": 57921.76893483137,
      "p99": 60092.56060119246
    }
  },
  "details": {
    "DNSDialup": {
      "average": 0.00071063516,
      "fastest": 0.000091578,
      "slowest": 0.000988349
    },
    "DNSLookup": {
      "average": 0.000009654240000000001,
      "fastest": 0.000003045,
      "slowest": 0.000169316
    }
  },
  "statusCodeDistribution": {
    "200": 524079
  },
  "errorDistribution": {}
}