{
  "summary": {
    "successRate": 1,
    "total": 10.000583071,
    "slowest": 0.00629412,
    "fastest": 0.00011682,
    "average": 0.0009663737302885373,
    "requestsPerSec": 51649.588462280575,
    "totalData": 6714838,
    "sizePerRequest": 13,
    "sizePerSec": 671444.6500096475
  },
  "responseTimeHistogram": {
    "0.00011682": 1,
    "0.00073455": 25359,
    "0.00135228": 488795,
    "0.0019700100000000003": 2082,
    "0.0025877400000000003": 130,
    "0.00320547": 57,
    "0.0038232000000000006": 2,
    "0.00444093": 1,
    "0.00505866": 2,
    "0.005676390000000001": 75,
    "0.00629412": 22
  },
  "latencyPercentiles": {
    "p10": 0.000827543,
    "p25": 0.000904155,
    "p50": 0.000978924,
    "p75": 0.00104116,
    "p90": 0.001086383,
    "p95": 0.00112259,
    "p99": 0.001235112
  },
  "rps": {
    "mean": 51648.9029489,
    "stddev": 3330.109818415249,
    "max": 68158.11797415584,
    "percentiles": {
      "p10": 49315.76131731689,
      "p25": 50324.810131392565,
      "p50": 51270.661245474395,
      "p75": 53010.61802678998,
      "p90": 54918.57165043037,
      "p95": 56605.835140109106,
      "p99": 60401.80612492502
    }
  },
  "details": {
    "DNSDialup": {
      "average": 0.0007811308600000001,
      "fastest": 0.000131756,
      "slowest": 0.00180926
    },
    "DNSLookup": {
      "average": 0.00000659514,
      "fastest": 0.000002615,
      "slowest": 0.000033251
    }
  },
  "statusCodeDistribution": {
    "200": 516526
  },
  "errorDistribution": {}
}