{
  "summary": {
    "successRate": 1,
    "total": 10.000702569,
    "slowest": 0.006378869,
    "fastest": 0.000145979,
    "average": 0.0009653108092149522,
    "requestsPerSec": 51712.16686346389,
    "totalData": 6723054,
    "sizePerRequest": 13,
    "sizePerSec": 672258.1692250306
  },
  "responseTimeHistogram": {
    "0.000145979": 1,
    "0.0007692679999999999": 30106,
    "0.001392557": 484865,
    "0.002015846": 1938,
    "0.002639135": 147,
    "0.003262424": 1,
    "0.003885713": 0,
    "0.004509002": 0,
    "0.005132291": 15,
    "0.00575558": 27,
    "0.006378869": 58
  },
  "latencyPercentiles": {
    "p10": 0.000832,
    "p25": 0.000903024,
    "p50": 0.00097723,
    "p75": 0.001037604,
    "p90": 0.001082335,
    "p95": 0.00112083,
    "p99": 0.001241803
  },
  "rps": {
    "mean": 51710.5422315289,
    "stddev": 3608.9791115229636,
    "max": 82618.11085127312,
    "percentiles": {
      "p10": 49425.755761327484,
      "p25": 50496.300715889345,
      "p50": 51570.016611549094,
      "p75": 52926.86569707694,
      "p90": 55025.72653539223,
      "p95": 56502.57086697257,
      "p99": 59766.3096908461
    }
  },
  "details": {
    "DNSDialup": {
      "average": 0.0007583444,
      "fastest": 0.000425051,
      "slowest": 0.001030571
    },
    "DNSLookup": {
      "average": 0.00000903608,
      "fastest": 0.000003046,
      "slowest": 0.000150201
    }
  },
  "statusCodeDistribution": {
    "200": 517158
  },
  "errorDistribution": {}
}