{
  "summary": {
    "successRate": 1,
    "total": 10.000608597,
    "slowest": 0.006579853,
    "fastest": 0.000410649,
    "average": 0.0012045801187987022,
    "requestsPerSec": 41432.27844396359,
    "totalData": 5386524,
    "sizePerRequest": 13,
    "sizePerSec": 538619.6197715267
  },
  "responseTimeHistogram": {
    "0.000410649": 1,
    "0.0010275694": 27018,
    "0.0016444898000000001": 386068,
    "0.0022614102": 1119,
    "0.0028783306": 16,
    "0.003495251": 59,
    "0.0041121714": 17,
    "0.0047290918": 2,
    "0.0053460122": 12,
    "0.0059629326": 13,
    "0.006579853": 23
  },
  "latencyPercentiles": {
    "p10": 0.001053061,
    "p25": 0.001117361,
    "p50": 0.001208744,
    "p75": 0.001283629,
    "p90": 0.001346962,
    "p95": 0.001397176,
    "p99": 0.001507172
  },
  "rps": {
    "mean": 41434.25857390941,
    "stddev": 2168.769900772955,
    "max": 47333.5689671111,
    "percentiles": {
      "p10": 39427.88734471942,
      "p25": 40841.1311031337,
      "p50": 41710.03524397648,
      "p75": 42434.00661289883,
      "p90": 43378.6223677602,
      "p95": 44011.636676735565,
      "p99": 45341.02002081297
    }
  },
  "details": {
    "DNSDialup": {
      "average": 0.0007678499800000001,
      "fastest": 0.000076603,
      "slowest": 0.001710296
    },
    "DNSLookup": {
      "average": 0.0000069664800000000004,
      "fastest": 0.000003787,
      "slowest": 0.000039353
    }
  },
  "statusCodeDistribution": {
    "200": 414348
  },
  "errorDistribution": {}
}