{
  "summary": {
    "successRate": 1,
    "total": 10.000673204,
    "slowest": 0.007129857,
    "fastest": 0.000140192,
    "average": 0.0010352100436763834,
    "requestsPerSec": 48210.45445292205,
    "totalData": 6267781,
    "sizePerRequest": 13,
    "sizePerSec": 626735.9078879866
  },
  "responseTimeHistogram": {
    "0.000140192": 1,
    "0.0008391585000000001": 30671,
    "0.001538125": 449801,
    "0.0022370915": 1418,
    "0.002936058": 92,
    "0.0036350245000000003": 39,
    "0.004333991": 15,
    "0.0050329575": 11,
    "0.005731924": 39,
    "0.0064308905000000005": 46,
    "0.007129857000000001": 4
  },
  "latencyPercentiles": {
    "p10": 0.000893388,
    "p25": 0.000969293,
    "p50": 0.001048567,
    "p75": 0.001114501,
    "p90": 0.001160676,
    "p95": 0.001196035,
    "p99": 0.001310346
  },
  "rps": {
    "mean": 48211.17447429829,
    "stddev": 3078.308930099492,
    "max": 63161.77625752998,
    "percentiles": {
      "p10": 46307.34434481407,
      "p25": 47023.158905757075,
      "p50": 47848.59024339324,
      "p75": 49345.71203852427,
      "p90": 51369.174101067925,
      "p95": 52926.6260875743,
      "p99": 56804.09350134108
    }
  },
  "details": {
    "DNSDialup": {
      "average": 0.00085744436,
      "fastest": 0.000097899,
      "slowest": 0.001506994
    },
    "DNSLookup": {
      "average": 0.000007477959999999999,
      "fastest": 0.000003747,
      "slowest": 0.000041087
    }
  },
  "statusCodeDistribution": {
    "200": 482137
  },
  "errorDistribution": {}
}