{
  "summary": {
    "successRate": 1,
    "total": 10.000323572,
    "slowest": 0.006866583,
    "fastest": 0.000168814,
    "average": 0.0009635341998509784,
    "requestsPerSec": 51807.92364065318,
    "totalData": 6735248,
    "sizePerRequest": 13,
    "sizePerSec": 673503.0073284913
  },
  "responseTimeHistogram": {
    "0.000168814": 1,
    "0.0008385909": 64784,
    "0.0015083678": 452483,
    "0.0021781446999999997": 638,
    "0.0028479216": 111,
    "0.0035176985000000003": 31,
    "0.0041874754": 2,
    "0.0048572523": 5,
    "0.0055270292": 18,
    "0.0061968061000000005": 11,
    "0.006866583000000001": 12
  },
  "latencyPercentiles": {
    "p10": 0.000810085,
    "p25": 0.000901896,
    "p50": 0.000980864,
    "p75": 0.001045378,
    "p90": 0.001093335,
    "p95": 0.001129835,
    "p99": 0.001220262
  },
  "rps": {
    "mean": 51808.07201520303,
    "stddev": 3547.782152382891,
    "max": 78244.518439138,
    "percentiles": {
      "p10": 49092.741097207065,
      "p25": 49927.53004006369,
      "p50": 51062.9914875879,
      "p75": 53319.470271063765,
      "p90": 56154.75164632078,
      "p95": 57717.09320977727,
      "p99": 61351.351080854496
    }
  },
  "details": {
    "DNSDialup": {
      "average": 0.0007844646400000001,
      "fastest": 0.000087555,
      "slowest": 0.001647048
    },
    "DNSLookup": {
      "average": 0.00000623348,
      "fastest": 0.000003136,
      "slowest": 0.000030036
    }
  },
  "statusCodeDistribution": {
    "200": 518096
  },
  "errorDistribution": {}
}