{
  "summary": {
    "successRate": 1,
    "total": 10.000237798,
    "slowest": 0.005787729,
    "fastest": 0.000215825,
    "average": 0.0009939890902105073,
    "requestsPerSec": 50218.00582586506,
    "totalData": 6528496,
    "sizePerRequest": 13,
    "sizePerSec": 652834.0757362457
  },
  "responseTimeHistogram": {
    "0.000215825": 1,
    "0.0007730154": 20434,
    "0.0013302058": 479216,
    "0.0018873961999999998": 2120,
    "0.0024445865999999997": 297,
    "0.0030017769999999997": 67,
    "0.0035589674": 6,
    "0.0041161578": 4,
    "0.0046733482": 8,
    "0.0052305386": 20,
    "0.005787729": 19
  },
  "latencyPercentiles": {
    "p10": 0.000865324,
    "p25": 0.000927632,
    "p50": 0.001005045,
    "p75": 0.001065126,
    "p90": 0.0011148,
    "p95": 0.001155828,
    "p99": 0.001258551
  },
  "rps": {
    "mean": 50216.986929636216,
    "stddev": 3096.664926732678,
    "max": 69369.0638399573,
    "percentiles": {
      "p10": 48179.7953771035,
      "p25": 48877.65682115887,
      "p50": 49893.484969210105,
      "p75": 50942.882134412226,
      "p90": 53297.79612610983,
      "p95": 55342.73566047506,
      "p99": 58851.496914025476
    }
  },
  "details": {
    "DNSDialup": {
      "average": 0.0007782913200000001,
      "fastest": 0.000422719,
      "slowest": 0.00102968
    },
    "DNSLookup": {
      "average": 0.0000059621,
      "fastest": 0.000002966,
      "slowest": 0.000029354
    }
  },
  "statusCodeDistribution": {
    "200": 502192
  },
  "errorDistribution": {}
}