{
  "summary": {
    "successRate": 1,
    "total": 10.000488577,
    "slowest": 0.007022008,
    "fastest": 0.000178428,
    "average": 0.0010277695193350589,
    "requestsPerSec": 48559.72748340253,
    "totalData": 6313073,
    "sizePerRequest": 13,
    "sizePerSec": 631276.457284233
  },
  "responseTimeHistogram": {
    "0.000178428": 1,
    "0.000862786": 39051,
    "0.001547144": 444882,
    "0.0022315020000000002": 1448,
    "0.00291586": 67,
    "0.003600218": 14,
    "0.004284576": 11,
    "0.0049689339999999995": 17,
    "0.005653292000000001": 69,
    "0.00633765": 10,
    "0.007022008": 51
  },
  "latencyPercentiles": {
    "p10": 0.000886952,
    "p25": 0.000961824,
    "p50": 0.001040237,
    "p75": 0.001105922,
    "p90": 0.001151216,
    "p95": 0.001189062,
    "p99": 0.001310637
  },
  "rps": {
    "mean": 48557.6042129669,
    "stddev": 3322.5301387469885,
    "max": 63807.344225320485,
    "percentiles": {
      "p10": 46610.50600805511,
      "p25": 47451.19034414314,
      "p50": 48226.939568437,
      "p75": 49473.91069086011,
      "p90": 52044.67378418449,
      "p95": 53802.472188532745,
      "p99": 58505.33936615259
    }
  },
  "details": {
    "DNSDialup": {
      "average": 0.0007394774799999998,
      "fastest": 0.000099615,
      "slowest": 0.001497282
    },
    "DNSLookup": {
      "average": 0.000007145720000000002,
      "fastest": 0.000003166,
      "slowest": 0.000035696
    }
  },
  "statusCodeDistribution": {
    "200": 485621
  },
  "errorDistribution": {}
}