{
  "summary": {
    "successRate": 1,
    "total": 10.000748385,
    "slowest": 0.007003272,
    "fastest": 0.000168437,
    "average": 0.0009846018213741769,
    "requestsPerSec": 50693.806151588324,
    "totalData": 6590688,
    "sizePerRequest": 13,
    "sizePerSec": 659019.4799706482
  },
  "responseTimeHistogram": {
    "0.000168437": 1,
    "0.0008519205": 48145,
    "0.001535404": 457407,
    "0.0022188875": 1252,
    "0.002902371": 69,
    "0.0035858545": 2,
    "0.004269337999999999": 0,
    "0.004952821499999999": 0,
    "0.0056363049999999994": 1,
    "0.0063197884999999995": 71,
    "0.007003272": 28
  },
  "latencyPercentiles": {
    "p10": 0.000856077,
    "p25": 0.000918356,
    "p50": 0.000993504,
    "p75": 0.00105311,
    "p90": 0.001102482,
    "p95": 0.001146678,
    "p99": 0.001264058
  },
  "rps": {
    "mean": 50693.83625508542,
    "stddev": 3161.4375989102496,
    "max": 74013.47785431649,
    "percentiles": {
      "p10": 48633.57770950911,
      "p25": 49642.889034520485,
      "p50": 50643.335833408724,
      "p75": 51822.84086197666,
      "p90": 53716.17393997684,
      "p95": 55044.308659554255,
      "p99": 57241.68912218746
    }
  },
  "details": {
    "DNSDialup": {
      "average": 0.0005222885400000001,
      "fastest": 0.000068348,
      "slowest": 0.000952349
    },
    "DNSLookup": {
      "average": 0.0000059569000000000005,
      "fastest": 0.000003096,
      "slowest": 0.000033042
    }
  },
  "statusCodeDistribution": {
    "200": 506976
  },
  "errorDistribution": {}
}