{
  "summary": {
    "successRate": 1,
    "total": 10.000656144,
    "slowest": 0.007365459,
    "fastest": 0.000124249,
    "average": 0.0009696765315891231,
    "requestsPerSec": 51473.22261538202,
    "totalData": 6691958,
    "sizePerRequest": 13,
    "sizePerSec": 669151.8939999663
  },
  "responseTimeHistogram": {
    "0.000124249": 1,
    "0.0008483700000000001": 88750,
    "0.001572491": 422326,
    "0.002296612": 2131,
    "0.0030207330000000003": 322,
    "0.0037448540000000006": 252,
    "0.004468975": 203,
    "0.005193096": 264,
    "0.005917217000000001": 285,
    "0.006641338000000001": 213,
    "0.007365459000000001": 19
  },
  "latencyPercentiles": {
    "p10": 0.00073418,
    "p25": 0.000891423,
    "p50": 0.000979841,
    "p75": 0.001050149,
    "p90": 0.001119671,
    "p95": 0.001183796,
    "p99": 0.001444214
  },
  "rps": {
    "mean": 51465.53821179552,
    "stddev": 6527.483692773899,
    "max": 79435.90967761319,
    "percentiles": {
      "p10": 45703.99452912186,
      "p25": 49711.73196874503,
      "p50": 51227.86152807634,
      "p75": 53414.101322747665,
      "p90": 58156.656585843324,
      "p95": 61213.24654655177,
      "p99": 69142.37044460913
    }
  },
  "details": {
    "DNSDialup": {
      "average": 0.00070362538,
      "fastest": 0.000098268,
      "slowest": 0.001441839
    },
    "DNSLookup": {
      "average": 0.00000689472,
      "fastest": 0.000003496,
      "slowest": 0.000041608
    }
  },
  "statusCodeDistribution": {
    "200": 514766
  },
  "errorDistribution": {}
}