{
  "summary": {
    "successRate": 1,
    "total": 10.000577192,
    "slowest": 0.006568207,
    "fastest": 0.000258383,
    "average": 0.0009832462884612604,
    "requestsPerSec": 50764.36992117965,
    "totalData": 6599749,
    "sizePerRequest": 13,
    "sizePerSec": 659936.8089753354
  },
  "responseTimeHistogram": {
    "0.000258383": 1,
    "0.0008893654": 88491,
    "0.0015203478": 418220,
    "0.0021513302": 836,
    "0.0027823126": 56,
    "0.0034132950000000002": 19,
    "0.0040442774": 3,
    "0.0046752598000000005": 4,
    "0.0053062422": 16,
    "0.0059372246": 13,
    "0.006568207": 14
  },
  "latencyPercentiles": {
    "p10": 0.000816919,
    "p25": 0.000922686,
    "p50": 0.001000789,
    "p75": 0.001070515,
    "p90": 0.001115687,
    "p95": 0.00115062,
    "p99": 0.001242854
  },
  "rps": {
    "mean": 50769.40394459948,
    "stddev": 3668.195137269248,
    "max": 66331.23537874526,
    "percentiles": {
      "p10": 47672.528985598845,
      "p25": 48852.21813596553,
      "p50": 50322.620017697875,
      "p75": 52044.68944111575,
      "p90": 54959.27980392506,
      "p95": 57614.155798075124,
      "p99": 60711.41981806492
    }
  },
  "details": {
    "DNSDialup": {
      "average": 0.0008428391800000001,
      "fastest": 0.000105951,
      "slowest": 0.00137561
    },
    "DNSLookup": {
      "average": 0.000007218099999999998,
      "fastest": 0.000003246,
      "slowest": 0.000035457
    }
  },
  "statusCodeDistribution": {
    "200": 507673
  },
  "errorDistribution": {}
}