{
  "summary": {
    "successRate": 1,
    "total": 10.00057341,
    "slowest": 0.007244632,
    "fastest": 0.000194065,
    "average": 0.0009747954538321455,
    "requestsPerSec": 51204.76386763507,
    "totalData": 6657001,
    "sizePerRequest": 13,
    "sizePerSec": 665661.9302792558
  },
  "responseTimeHistogram": {
    "0.000194065": 1,
    "0.0008991216999999999": 108605,
    "0.0016041783999999999": 402570,
    "0.0023092351000000002": 731,
    "0.0030142918": 65,
    "0.0037193484999999997": 4,
    "0.0044244052": 1,
    "0.0051294619": 19,
    "0.0058345186": 40,
    "0.006539575299999999": 31,
    "0.007244631999999999": 10
  },
  "latencyPercentiles": {
    "p10": 0.000852142,
    "p25": 0.000909977,
    "p50": 0.000983698,
    "p75": 0.001040835,
    "p90": 0.001086566,
    "p95": 0.001126987,
    "p99": 0.001241441
  },
  "rps": {
    "mean": 51202.246964081205,
    "stddev": 3096.3429841199936,
    "max": 67800.969553868,
    "percentiles": {
      "p10": 49248.568155554945,
      "p25": 50220.785265888844,
      "p50": 51100.93514711336,
      "p75": 52209.3454728396,
      "p90": 54061.60860917035,
      "p95": 55514.7724809529,
      "p99": 58626.28688457255
    }
  },
  "details": {
    "DNSDialup": {
      "average": 0.00075510104,
      "fastest": 0.000093484,
      "slowest": 0.001570567
    },
    "DNSLookup": {
      "average": 0.000006881620000000001,
      "fastest": 0.000003266,
      "slowest": 0.000046126
    }
  },
  "statusCodeDistribution": {
    "200": 512077
  },
  "errorDistribution": {}
}