{
  "summary": {
    "successRate": 1,
    "total": 10.000714144,
    "slowest": 0.006835035,
    "fastest": 0.000208622,
    "average": 0.0009759551993329328,
    "requestsPerSec": 51146.44740714629,
    "totalData": 6649513,
    "sizePerRequest": 13,
    "sizePerSec": 664903.8162929018
  },
  "responseTimeHistogram": {
    "0.000208622": 1,
    "0.0008712632999999999": 71174,
    "0.0015339045999999998": 439118,
    "0.0021965458999999997": 1028,
    "0.0028591871999999996": 79,
    "0.0035218284999999996": 1,
    "0.0041844698": 0,
    "0.0048471111": 0,
    "0.0055097524": 15,
    "0.0061723937": 52,
    "0.006835035": 33
  },
  "latencyPercentiles": {
    "p10": 0.00084507,
    "p25": 0.000911484,
    "p50": 0.000986596,
    "p75": 0.001047656,
    "p90": 0.001093159,
    "p95": 0.001131091,
    "p99": 0.001240575
  },
  "rps": {
    "mean": 51152.437629288484,
    "stddev": 3160.6612531580813,
    "max": 67025.46967847923,
    "percentiles": {
      "p10": 49025.34610393514,
      "p25": 49911.87623794627,
      "p50": 50960.653460032874,
      "p75": 52344.07894888387,
      "p90": 54206.30419318047,
      "p95": 55605.08786553713,
      "p99": 58605.79611323494
    }
  },
  "details": {
    "DNSDialup": {
      "average": 0.00049835316,
      "fastest": 0.000074398,
      "slowest": 0.000694455
    },
    "DNSLookup": {
      "average": 0.000006138479999999998,
      "fastest": 0.000003236,
      "slowest": 0.000032391
    }
  },
  "statusCodeDistribution": {
    "200": 511501
  },
  "errorDistribution": {}
}