{
  "summary": {
    "successRate": 1,
    "total": 10.000114078,
    "slowest": 0.007095626,
    "fastest": 0.000270525,
    "average": 0.0009589262876011146,
    "requestsPerSec": 52058.30612925534,
    "totalData": 6767657,
    "sizePerRequest": 13,
    "sizePerSec": 676757.9796803194
  },
  "responseTimeHistogram": {
    "0.000270525": 1,
    "0.0009530351": 211338,
    "0.0016355452": 308450,
    "0.0023180553": 537,
    "0.0030005654000000003": 71,
    "0.0036830755": 43,
    "0.0043655856": 1,
    "0.0050480957": 9,
    "0.0057306058": 85,
    "0.0064131159": 53,
    "0.007095626": 1
  },
  "latencyPercentiles": {
    "p10": 0.000692302,
    "p25": 0.000900098,
    "p50": 0.000986496,
    "p75": 0.001053045,
    "p90": 0.001105851,
    "p95": 0.001149603,
    "p99": 0.001256592
  },
  "rps": {
    "mean": 52057.325759116975,
    "stddev": 5559.377511823743,
    "max": 82487.56783749354,
    "percentiles": {
      "p10": 48416.13225526591,
      "p25": 49359.93111279696,
      "p50": 50628.5291761916,
      "p75": 52841.80097291136,
      "p90": 60219.095475173264,
      "p95": 63004.703438084005,
      "p99": 71600.62292542165
    }
  },
  "details": {
    "DNSDialup": {
      "average": 0.0008148727200000002,
      "fastest": 0.000095888,
      "slowest": 0.001774882
    },
    "DNSLookup": {
      "average": 0.000026227740000000002,
      "fastest": 0.000003186,
      "slowest": 0.000958195
    }
  },
  "statusCodeDistribution": {
    "200": 520589
  },
  "errorDistribution": {}
}