{
  "summary": {
    "successRate": 1,
    "total": 10.000588054,
    "slowest": 0.006526141,
    "fastest": 0.000203476,
    "average": 0.0010361383618228926,
    "requestsPerSec": 48165.767592770404,
    "totalData": 6261918,
    "sizePerRequest": 13,
    "sizePerSec": 626154.9787060153
  },
  "responseTimeHistogram": {
    "0.000203476": 1,
    "0.0008357425": 31974,
    "0.001468009": 447698,
    "0.0021002755": 1735,
    "0.002732542": 95,
    "0.0033648085": 28,
    "0.003997075": 34,
    "0.0046293415": 25,
    "0.005261608": 31,
    "0.0058938745": 18,
    "0.006526141": 47
  },
  "latencyPercentiles": {
    "p10": 0.000887628,
    "p25": 0.000969067,
    "p50": 0.001049304,
    "p75": 0.001117333,
    "p90": 0.001164552,
    "p95": 0.001202178,
    "p99": 0.001321211
  },
  "rps": {
    "mean": 48161.94085464224,
    "stddev": 3086.5008224164167,
    "max": 61910.40250290719,
    "percentiles": {
      "p10": 46243.177254601804,
      "p25": 47004.879106450986,
      "p50": 47899.698633573506,
      "p75": 49420.914931201,
      "p90": 51196.837371021276,
      "p95": 52817.77806090522,
      "p99": 55699.42905079953
    }
  },
  "details": {
    "DNSDialup": {
      "average": 0.0007452778200000001,
      "fastest": 0.000099806,
      "slowest": 0.001674196
    },
    "DNSLookup": {
      "average": 0.00000788862,
      "fastest": 0.000003195,
      "slowest": 0.000036909
    }
  },
  "statusCodeDistribution": {
    "200": 481686
  },
  "errorDistribution": {}
}