{
  "summary": {
    "successRate": 1,
    "total": 10.000755653,
    "slowest": 0.007466722,
    "fastest": 0.000135461,
    "average": 0.0009715525198307612,
    "requestsPerSec": 51373.41795226041,
    "totalData": 6679049,
    "sizePerRequest": 13,
    "sizePerSec": 667854.4333793853
  },
  "responseTimeHistogram": {
    "0.000135461": 1,
    "0.0008685871": 73501,
    "0.0016017132": 439369,
    "0.0023348392999999997": 674,
    "0.0030679654": 114,
    "0.0038010915": 7,
    "0.0045342175999999994": 7,
    "0.0052673437": 30,
    "0.0060004698": 21,
    "0.0067335959": 32,
    "0.007466722": 17
  },
  "latencyPercentiles": {
    "p10": 0.000840351,
    "p25": 0.000906807,
    "p50": 0.000981269,
    "p75": 0.001041959,
    "p90": 0.001088916,
    "p95": 0.00112837,
    "p99": 0.001249833
  },
  "rps": {
    "mean": 51371.53441003638,
    "stddev": 3234.496720481723,
    "max": 75923.90843877137,
    "percentiles": {
      "p10": 49240.841881728426,
      "p25": 50166.13605421049,
      "p50": 51204.0553611847,
      "p75": 52711.53855579062,
      "p90": 54352.46643584805,
      "p95": 55744.46178271796,
      "p99": 58970.9359264098
    }
  },
  "details": {
    "DNSDialup": {
      "average": 0.0005539798799999998,
      "fastest": 0.000076943,
      "slowest": 0.000919862
    },
    "DNSLookup": {
      "average": 0.0000061363399999999994,
      "fastest": 0.000003236,
      "slowest": 0.000029515
    }
  },
  "statusCodeDistribution": {
    "200": 513773
  },
  "errorDistribution": {}
}