{
  "summary": {
    "successRate": 1,
    "total": 10.000762227,
    "slowest": 0.007559842,
    "fastest": 0.000096495,
    "average": 0.0009478316749571839,
    "requestsPerSec": 52666.58561064498,
    "totalData": 6847178,
    "sizePerRequest": 13,
    "sizePerSec": 684665.6129383848
  },
  "responseTimeHistogram": {
    "0.000096495": 1,
    "0.0008428297": 71013,
    "0.0015891644": 454025,
    "0.0023354990999999996": 1440,
    "0.0030818338": 107,
    "0.0038281685": 16,
    "0.0045745032": 4,
    "0.0053208379": 0,
    "0.0060671726": 73,
    "0.0068135073": 26,
    "0.007559842000000001": 1
  },
  "latencyPercentiles": {
    "p10": 0.000818067,
    "p25": 0.00088298,
    "p50": 0.000954853,
    "p75": 0.00101567,
    "p90": 0.001056281,
    "p95": 0.001096015,
    "p99": 0.001253233
  },
  "rps": {
    "mean": 52665.245066434196,
    "stddev": 3674.4338471832616,
    "max": 69259.27903700095,
    "percentiles": {
      "p10": 50700.45123401612,
      "p25": 51710.52826355404,
      "p50": 52556.193081644196,
      "p75": 53644.569800743775,
      "p90": 55492.0019114374,
      "p95": 58576.970138764045,
      "p99": 62846.92151159918
    }
  },
  "details": {
    "DNSDialup": {
      "average": 0.0006778410400000003,
      "fastest": 0.000070826,
      "slowest": 0.001592409
    },
    "DNSLookup": {
      "average": 0.000005466919999999999,
      "fastest": 0.000002844,
      "slowest": 0.000047431
    }
  },
  "statusCodeDistribution": {
    "200": 526706
  },
  "errorDistribution": {}
}