{
  "summary": {
    "successRate": 1,
    "total": 10.000724968,
    "slowest": 0.00674927,
    "fastest": 0.000077909,
    "average": 0.0006771138841464309,
    "requestsPerSec": 73685.95800383978,
    "totalData": 9579869,
    "sizePerRequest": 13,
    "sizePerSec": 957917.4540499172
  },
  "responseTimeHistogram": {
    "0.000077909": 1,
    "0.0007450451": 612033,
    "0.0014121811999999998": 123077,
    "0.0020793173": 1471,
    "0.0027464534": 157,
    "0.0034135895": 57,
    "0.0040807256": 17,
    "0.0047478617": 8,
    "0.0054149978": 8,
    "0.0060821339": 30,
    "0.00674927": 54
  },
  "latencyPercentiles": {
    "p10": 0.000560068,
    "p25": 0.000624044,
    "p50": 0.000681947,
    "p75": 0.000728455,
    "p90": 0.00076899,
    "p95": 0.000822854,
    "p99": 0.000965661
  },
  "rps": {
    "mean": 73689.8098236801,
    "stddev": 6022.192412176333,
    "max": 104919.79078530181,
    "percentiles": {
      "p10": 70413.48913223259,
      "p25": 71919.27498933043,
      "p50": 73245.87389081903,
      "p75": 75075.80501259604,
      "p90": 79650.77892450202,
      "p95": 83690.37723838157,
      "p99": 91409.80145350592
    }
  },
  "details": {
    "DNSDialup": {
      "average": 0.0005530133199999999,
      "fastest": 0.000067091,
      "slowest": 0.001240816
    },
    "DNSLookup": {
      "average": 0.000005407060000000001,
      "fastest": 0.000002959,
      "slowest": 0.000037912
    }
  },
  "statusCodeDistribution": {
    "200": 736913
  },
  "errorDistribution": {}
}