{
  "summary": {
    "successRate": 1,
    "total": 10.000368043,
    "slowest": 0.00592605,
    "fastest": 0.000251432,
    "average": 0.0009545721175049954,
    "requestsPerSec": 52291.17545989102,
    "totalData": 6798103,
    "sizePerRequest": 13,
    "sizePerSec": 679785.2809785833
  },
  "responseTimeHistogram": {
    "0.000251432": 1,
    "0.0008188938000000001": 64878,
    "0.0013863556000000001": 456767,
    "0.0019538174": 1053,
    "0.0025212792000000005": 136,
    "0.0030887410000000007": 18,
    "0.0036562028": 29,
    "0.0042236646000000004": 3,
    "0.004791126400000001": 3,
    "0.005358588200000001": 20,
    "0.005926050000000001": 23
  },
  "latencyPercentiles": {
    "p10": 0.000781955,
    "p25": 0.000895067,
    "p50": 0.000976176,
    "p75": 0.001041379,
    "p90": 0.001090581,
    "p95": 0.001128714,
    "p99": 0.001221807
  },
  "rps": {
    "mean": 52287.90444300804,
    "stddev": 4350.094188757333,
    "max": 74741.5189137548,
    "percentiles": {
      "p10": 48936.75375837788,
      "p25": 49903.63244903892,
      "p50": 51126.50922586711,
      "p75": 53910.32382701113,
      "p90": 58128.994050700465,
      "p95": 60803.42464215629,
      "p99": 65839.7276916883
    }
  },
  "details": {
    "DNSDialup": {
      "average": 0.0007565361399999999,
      "fastest": 0.000072979,
      "slowest": 0.001733242
    },
    "DNSLookup": {
      "average": 0.000007137940000000003,
      "fastest": 0.000003026,
      "slowest": 0.000035737
    }
  },
  "statusCodeDistribution": {
    "200": 522931
  },
  "errorDistribution": {}
}