{
  "summary": {
    "successRate": 1,
    "total": 10.000706359,
    "slowest": 0.006074031,
    "fastest": 0.000097482,
    "average": 0.0006465213745045841,
    "requestsPerSec": 77175.44864272722,
    "totalData": 10033517,
    "sizePerRequest": 13,
    "sizePerSec": 1003280.8323554537
  },
  "responseTimeHistogram": {
    "0.000097482": 1,
    "0.0006951368999999999": 619915,
    "0.0012927918": 150917,
    "0.0018904467": 778,
    "0.0024881015999999997": 69,
    "0.0030857564999999996": 28,
    "0.0036834114": 1,
    "0.0042810663": 6,
    "0.0048787212": 10,
    "0.0054763761": 28,
    "0.006074031": 56
  },
  "latencyPercentiles": {
    "p10": 0.000563908,
    "p25": 0.000598986,
    "p50": 0.00065019,
    "p75": 0.000687299,
    "p90": 0.000716428,
    "p95": 0.00075105,
    "p99": 0.000845992
  },
  "rps": {
    "mean": 77174.3777975059,
    "stddev": 4135.286949047356,
    "max": 92518.35564175986,
    "percentiles": {
      "p10": 75153.33632278831,
      "p25": 76320.21722554314,
      "p50": 77424.54358031186,
      "p75": 78733.23329777819,
      "p90": 79848.02059958497,
      "p95": 80901.98504233417,
      "p99": 83769.04452565993
    }
  },
  "details": {
    "DNSDialup": {
      "average": 0.0005042580399999999,
      "fastest": 0.000060397,
      "slowest": 0.001020038
    },
    "DNSLookup": {
      "average": 0.000008399779999999997,
      "fastest": 0.000003273,
      "slowest": 0.000137891
    }
  },
  "statusCodeDistribution": {
    "200": 771809
  },
  "errorDistribution": {}
}