{
  "summary": {
    "successRate": 1,
    "total": 10.000654247,
    "slowest": 0.007436417,
    "fastest": 0.000147065,
    "average": 0.0010252215120868287,
    "requestsPerSec": 48677.8152685394,
    "totalData": 6328530,
    "sizePerRequest": 13,
    "sizePerSec": 632811.5984910122
  },
  "responseTimeHistogram": {
    "0.000147065": 1,
    "0.0008760001999999999": 45565,
    "0.0016049354": 440142,
    "0.0023338706": 854,
    "0.0030628058": 143,
    "0.003791741": 5,
    "0.0045206762": 0,
    "0.0052496114": 0,
    "0.0059785466": 73,
    "0.0067074818": 16,
    "0.007436417": 11
  },
  "latencyPercentiles": {
    "p10": 0.000883333,
    "p25": 0.000960625,
    "p50": 0.001039129,
    "p75": 0.001104532,
    "p90": 0.001150327,
    "p95": 0.001185051,
    "p99": 0.001291837
  },
  "rps": {
    "mean": 48676.68024124022,
    "stddev": 3088.7904235614596,
    "max": 59832.379138841214,
    "percentiles": {
      "p10": 46711.50037138975,
      "p25": 47553.21169275363,
      "p50": 48421.053474047454,
      "p75": 49697.81523995423,
      "p90": 52048.483162065466,
      "p95": 53454.59353809917,
      "p99": 57156.19888819792
    }
  },
  "details": {
    "DNSDialup": {
      "average": 0.0008076172999999998,
      "fastest": 0.000085259,
      "slowest": 0.001403473
    },
    "DNSLookup": {
      "average": 0.000006358620000000001,
      "fastest": 0.000003005,
      "slowest": 0.000033332
    }
  },
  "statusCodeDistribution": {
    "200": 486810
  },
  "errorDistribution": {}
}