{
  "summary": {
    "successRate": 1,
    "total": 10.000590054,
    "slowest": 0.006370353,
    "fastest": 0.000204155,
    "average": 0.0009738641700192456,
    "requestsPerSec": 51255.875626556306,
    "totalData": 6663657,
    "sizePerRequest": 13,
    "sizePerSec": 666326.383145232
  },
  "responseTimeHistogram": {
    "0.000204155": 1,
    "0.0008207748": 38565,
    "0.0014373945999999998": 472170,
    "0.0020540144": 1589,
    "0.0026706342": 80,
    "0.003287254": 83,
    "0.0039038738": 4,
    "0.0045204936": 0,
    "0.0051371134": 9,
    "0.0057537332": 39,
    "0.006370353": 49
  },
  "latencyPercentiles": {
    "p10": 0.000845271,
    "p25": 0.000908433,
    "p50": 0.000983122,
    "p75": 0.001042786,
    "p90": 0.001088408,
    "p95": 0.001132736,
    "p99": 0.001254026
  },
  "rps": {
    "mean": 51255.252086256485,
    "stddev": 3122.3888787723226,
    "max": 65766.07248624021,
    "percentiles": {
      "p10": 49164.975965930236,
      "p25": 50115.992013051386,
      "p50": 51214.84718420008,
      "p75": 52418.419550378574,
      "p90": 54142.65655815932,
      "p95": 55281.54892869382,
      "p99": 58545.67733745636
    }
  },
  "details": {
    "DNSDialup": {
      "average": 0.0007953303800000001,
      "fastest": 0.000105549,
      "slowest": 0.001172335
    },
    "DNSLookup": {
      "average": 0.000007351020000000001,
      "fastest": 0.000003827,
      "slowest": 0.000036899
    }
  },
  "statusCodeDistribution": {
    "200": 512589
  },
  "errorDistribution": {}
}