{
  "summary": {
    "successRate": 1,
    "total": 10.000705988,
    "slowest": 0.00595504,
    "fastest": 0.000091884,
    "average": 0.0010061657514989061,
    "requestsPerSec": 49599.49833493695,
    "totalData": 6448390,
    "sizePerRequest": 13,
    "sizePerSec": 644793.4783541803
  },
  "responseTimeHistogram": {
    "0.000091884": 1,
    "0.0006781996": 12910,
    "0.0012645152": 476936,
    "0.0018508308": 5450,
    "0.0024371464": 509,
    "0.0030234619999999998": 105,
    "0.0036097776": 51,
    "0.004196093200000001": 7,
    "0.0047824088": 35,
    "0.0053687244": 8,
    "0.00595504": 18
  },
  "latencyPercentiles": {
    "p10": 0.000865399,
    "p25": 0.000941648,
    "p50": 0.001017784,
    "p75": 0.001082639,
    "p90": 0.001129004,
    "p95": 0.001166811,
    "p99": 0.001287644
  },
  "rps": {
    "mean": 49599.140760619215,
    "stddev": 3161.5967198093826,
    "max": 62901.3146374743,
    "percentiles": {
      "p10": 47506.21136149016,
      "p25": 48476.23858041467,
      "p50": 49430.2239249323,
      "p75": 50754.19832383994,
      "p90": 52660.77580135875,
      "p95": 54296.993696120306,
      "p99": 57808.50363088551
    }
  },
  "details": {
    "DNSDialup": {
      "average": 0.00082499426,
      "fastest": 0.000101901,
      "slowest": 0.001326413
    },
    "DNSLookup": {
      "average": 0.000006474520000000001,
      "fastest": 0.000003276,
      "slowest": 0.000028493
    }
  },
  "statusCodeDistribution": {
    "200": 496030
  },
  "errorDistribution": {}
}