{
  "summary": {
    "successRate": 1,
    "total": 10.000614386,
    "slowest": 0.006781087,
    "fastest": 0.000258713,
    "average": 0.0009653892653432088,
    "requestsPerSec": 51703.8233894763,
    "totalData": 6721910,
    "sizePerRequest": 13,
    "sizePerSec": 672149.7040631919
  },
  "responseTimeHistogram": {
    "0.000258713": 1,
    "0.0009109503999999999": 146704,
    "0.0015631878": 369450,
    "0.0022154251999999997": 660,
    "0.0028676625999999998": 71,
    "0.0035199": 56,
    "0.0041721373999999995": 28,
    "0.0048243748": 0,
    "0.0054766122": 2,
    "0.0061288496": 72,
    "0.006781087": 26
  },
  "latencyPercentiles": {
    "p10": 0.000816093,
    "p25": 0.000900572,
    "p50": 0.000978016,
    "p75": 0.001041831,
    "p90": 0.001093721,
    "p95": 0.001141713,
    "p99": 0.001249874
  },
  "rps": {
    "mean": 51702.95588032727,
    "stddev": 3819.307053597423,
    "max": 74712.51434615483,
    "percentiles": {
      "p10": 49269.0412729174,
      "p25": 50081.65312725903,
      "p50": 51137.026776951454,
      "p75": 52640.47637525495,
      "p90": 55651.55560110887,
      "p95": 58255.360068681104,
      "p99": 62705.98288316381
    }
  },
  "details": {
    "DNSDialup": {
      "average": 0.0005680675400000001,
      "fastest": 0.000072976,
      "slowest": 0.000923295
    },
    "DNSLookup": {
      "average": 0.000006815499999999999,
      "fastest": 0.000003326,
      "slowest": 0.000052247
    }
  },
  "statusCodeDistribution": {
    "200": 517070
  },
  "errorDistribution": {}
}