{
  "summary": {
    "successRate": 1,
    "total": 10.000827959,
    "slowest": 0.006249616,
    "fastest": 0.000297545,
    "average": 0.0010238998802388798,
    "requestsPerSec": 48744.66414166219,
    "totalData": 6337331,
    "sizePerRequest": 13,
    "sizePerSec": 633680.6338416085
  },
  "responseTimeHistogram": {
    "0.000297545": 1,
    "0.0008927521000000002": 53055,
    "0.0014879592000000001": 432785,
    "0.0020831663000000005": 1352,
    "0.0026783734000000005": 80,
    "0.0032735805000000005": 57,
    "0.003868787600000001": 56,
    "0.0044639947000000004": 7,
    "0.0050592018": 14,
    "0.0056544089": 24,
    "0.006249616": 56
  },
  "latencyPercentiles": {
    "p10": 0.000884499,
    "p25": 0.000956796,
    "p50": 0.001035845,
    "p75": 0.001099814,
    "p90": 0.001148158,
    "p95": 0.001191463,
    "p99": 0.001315625
  },
  "rps": {
    "mean": 48742.944048017824,
    "stddev": 3027.659313767102,
    "max": 59395.1450829111,
    "percentiles": {
      "p10": 46560.402810565196,
      "p25": 47558.925508706176,
      "p50": 48535.78370850036,
      "p75": 49791.19820109878,
      "p90": 52034.74359830175,
      "p95": 53610.641712375895,
      "p99": 56409.911221401184
    }
  },
  "details": {
    "DNSDialup": {
      "average": 0.0008276989999999999,
      "fastest": 0.000084611,
      "slowest": 0.001515618
    },
    "DNSLookup": {
      "average": 0.000009584160000000001,
      "fastest": 0.000003226,
      "slowest": 0.000177852
    }
  },
  "statusCodeDistribution": {
    "200": 487487
  },
  "errorDistribution": {}
}