{
  "summary": {
    "successRate": 1,
    "total": 10.000582288,
    "slowest": 0.007008299,
    "fastest": 0.000317961,
    "average": 0.0009828652562696083,
    "requestsPerSec": 50781.84303421833,
    "totalData": 6602024,
    "sizePerRequest": 13,
    "sizePerSec": 660163.9594448382
  },
  "responseTimeHistogram": {
    "0.000317961": 1,
    "0.0009869948": 243465,
    "0.0016560286": 263784,
    "0.0023250624": 409,
    "0.0029940961999999995": 53,
    "0.0036631299999999993": 35,
    "0.0043321638": 1,
    "0.0050011976": 0,
    "0.0056702314": 34,
    "0.006339265199999999": 62,
    "0.007008298999999999": 4
  },
  "latencyPercentiles": {
    "p10": 0.000854396,
    "p25": 0.000917811,
    "p50": 0.000993204,
    "p75": 0.001052803,
    "p90": 0.001100887,
    "p95": 0.001143488,
    "p99": 0.001255594
  },
  "rps": {
    "mean": 50781.64210473681,
    "stddev": 3574.251594126019,
    "max": 78700.34293724496,
    "percentiles": {
      "p10": 48695.12718369139,
      "p25": 49573.17396862242,
      "p50": 50397.92183161346,
      "p75": 51420.56308317594,
      "p90": 54022.139035719054,
      "p95": 56368.100950651926,
      "p99": 62131.053100344194
    }
  },
  "details": {
    "DNSDialup": {
      "average": 0.0006981148200000001,
      "fastest": 0.000080059,
      "slowest": 0.001223422
    },
    "DNSLookup": {
      "average": 0.000007127200000000001,
      "fastest": 0.000002885,
      "slowest": 0.000036047
    }
  },
  "statusCodeDistribution": {
    "200": 507848
  },
  "errorDistribution": {}
}