{
  "summary": {
    "successRate": 1,
    "total": 10.000428804,
    "slowest": 0.005633477,
    "fastest": 0.000269872,
    "average": 0.0009584980953292464,
    "requestsPerSec": 52081.466725874205,
    "totalData": 6770881,
    "sizePerRequest": 13,
    "sizePerSec": 677059.0674363647
  },
  "responseTimeHistogram": {
    "0.000269872": 1,
    "0.0008062325": 43141,
    "0.001342593": 476021,
    "0.0018789535": 1353,
    "0.002415314": 247,
    "0.0029516745000000002": 18,
    "0.003488035": 7,
    "0.0040243955": 0,
    "0.004560756": 0,
    "0.0050971165": 17,
    "0.0056334770000000004": 32
  },
  "latencyPercentiles": {
    "p10": 0.000826966,
    "p25": 0.000895781,
    "p50": 0.000974199,
    "p75": 0.001033237,
    "p90": 0.001084885,
    "p95": 0.001129489,
    "p99": 0.001221875
  },
  "rps": {
    "mean": 52079.19218671237,
    "stddev": 3915.4072033903644,
    "max": 70840.86100862708,
    "percentiles": {
      "p10": 49560.07176298568,
      "p25": 50454.95914109198,
      "p50": 51326.0325637151,
      "p75": 52510.22374056283,
      "p90": 56313.09842669367,
      "p95": 60503.59425408335,
      "p99": 65918.88576077126
    }
  },
  "details": {
    "DNSDialup": {
      "average": 0.000762232,
      "fastest": 0.000133802,
      "slowest": 0.001262643
    },
    "DNSLookup": {
      "average": 0.00000741704,
      "fastest": 0.000004197,
      "slowest": 0.000033362
    }
  },
  "statusCodeDistribution": {
    "200": 520837
  },
  "errorDistribution": {}
}