{
  "summary": {
    "successRate": 1,
    "total": 10.000610681,
    "slowest": 0.006381151,
    "fastest": 0.00025663,
    "average": 0.000967759546737104,
    "requestsPerSec": 51576.850299748214,
    "totalData": 6705400,
    "sizePerRequest": 13,
    "sizePerSec": 670499.0538967268
  },
  "responseTimeHistogram": {
    "0.00025663": 1,
    "0.0008690821": 79198,
    "0.0014815342000000001": 435642,
    "0.0020939863": 754,
    "0.0027064384": 123,
    "0.0033188905": 30,
    "0.0039313426": 3,
    "0.0045437947": 6,
    "0.0051562468": 15,
    "0.0057686989": 27,
    "0.006381151": 1
  },
  "latencyPercentiles": {
    "p10": 0.00083012,
    "p25": 0.000904573,
    "p50": 0.000980694,
    "p75": 0.001042261,
    "p90": 0.001091089,
    "p95": 0.001130971,
    "p99": 0.001229739
  },
  "rps": {
    "mean": 51572.16891588723,
    "stddev": 3168.4016261005927,
    "max": 66989.2663510311,
    "percentiles": {
      "p10": 49239.06627517989,
      "p25": 50148.85501455531,
      "p50": 51030.57093546686,
      "p75": 52655.40716872097,
      "p90": 55283.68268935223,
      "p95": 57149.88613560478,
      "p99": 60610.22903001734
    }
  },
  "details": {
    "DNSDialup": {
      "average": 0.0008051202,
      "fastest": 0.000133129,
      "slowest": 0.001453786
    },
    "DNSLookup": {
      "average": 0.0000064669199999999996,
      "fastest": 0.000003477,
      "slowest": 0.000031108
    }
  },
  "statusCodeDistribution": {
    "200": 515800
  },
  "errorDistribution": {}
}