{
  "summary": {
    "successRate": 1,
    "total": 10.000586105,
    "slowest": 0.007643145,
    "fastest": 0.000298412,
    "average": 0.0011202637153041046,
    "requestsPerSec": 44563.18812926215,
    "totalData": 5793554,
    "sizePerRequest": 13,
    "sizePerSec": 579321.4456804079
  },
  "responseTimeHistogram": {
    "0.000298412": 1,
    "0.0010328853": 127267,
    "0.0017673586000000001": 314446,
    "0.0025018319000000002": 2187,
    "0.0032363052": 1157,
    "0.0039707785": 106,
    "0.0047052518": 13,
    "0.0054397251": 31,
    "0.0061741984": 60,
    "0.0069086717": 190,
    "0.007643145": 200
  },
  "latencyPercentiles": {
    "p10": 0.000971196,
    "p25": 0.001022351,
    "p50": 0.001114624,
    "p75": 0.001177359,
    "p90": 0.001235317,
    "p95": 0.001302872,
    "p99": 0.001669268
  },
  "rps": {
    "mean": 44560.96956286535,
    "stddev": 3921.7127671247686,
    "max": 54531.93935688551,
    "percentiles": {
      "p10": 40491.995880694885,
      "p25": 44206.38782303985,
      "p50": 45438.14077536766,
      "p75": 46433.213677743566,
      "p90": 47409.29222127465,
      "p95": 47823.30429618436,
      "p99": 49725.90478544194
    }
  },
  "details": {
    "DNSDialup": {
      "average": 0.0007024527800000001,
      "fastest": 0.000087863,
      "slowest": 0.001627144
    },
    "DNSLookup": {
      "average": 0.0000067039,
      "fastest": 0.000003115,
      "slowest": 0.000024786
    }
  },
  "statusCodeDistribution": {
    "200": 445658
  },
  "errorDistribution": {}
}