{
  "summary": {
    "successRate": 1,
    "total": 10.000674225,
    "slowest": 0.006638267,
    "fastest": 0.000304412,
    "average": 0.001093896528131164,
    "requestsPerSec": 45636.72305803962,
    "totalData": 5933174,
    "sizePerRequest": 13,
    "sizePerSec": 593277.3997545152
  },
  "responseTimeHistogram": {
    "0.000304412": 1,
    "0.0009377974999999999": 25470,
    "0.0015711829999999999": 429392,
    "0.0022045685": 1200,
    "0.0028379539999999997": 169,
    "0.0034713394999999997": 38,
    "0.004104725": 40,
    "0.0047381105": 10,
    "0.005371496": 28,
    "0.0060048815": 0,
    "0.006638267": 50
  },
  "latencyPercentiles": {
    "p10": 0.000964553,
    "p25": 0.001012322,
    "p50": 0.001102457,
    "p75": 0.001157914,
    "p90": 0.001211995,
    "p95": 0.001260426,
    "p99": 0.001376282
  },
  "rps": {
    "mean": 45637.22466409606,
    "stddev": 2562.306577063309,
    "max": 61780.42753864062,
    "percentiles": {
      "p10": 43836.27890442212,
      "p25": 45021.9932436988,
      "p50": 45948.83130102793,
      "p75": 46646.085848183626,
      "p90": 47413.56497081619,
      "p95": 48107.8078972193,
      "p99": 50389.59538669666
    }
  },
  "details": {
    "DNSDialup": {
      "average": 0.0007408144199999999,
      "fastest": 0.00007139,
      "slowest": 0.00131834
    },
    "DNSLookup": {
      "average": 0.0000071425600000000015,
      "fastest": 0.000003327,
      "slowest": 0.000036127
    }
  },
  "statusCodeDistribution": {
    "200": 456398
  },
  "errorDistribution": {}
}