{
  "summary": {
    "successRate": 1,
    "total": 10.000625765,
    "slowest": 0.006341135,
    "fastest": 0.000361663,
    "average": 0.0011324828338478963,
    "requestsPerSec": 44082.141493872805,
    "totalData": 5731037,
    "sizePerRequest": 13,
    "sizePerSec": 573067.8394203464
  },
  "responseTimeHistogram": {
    "0.000361663": 1,
    "0.0009596102": 24499,
    "0.0015575574": 414547,
    "0.0021555046": 1344,
    "0.0027534518": 274,
    "0.0033513989999999997": 37,
    "0.0039493462": 42,
    "0.0045472934": 19,
    "0.0051452406": 19,
    "0.0057431878": 17,
    "0.0063411349999999995": 50
  },
  "latencyPercentiles": {
    "p10": 0.000992652,
    "p25": 0.001044838,
    "p50": 0.001140945,
    "p75": 0.001204303,
    "p90": 0.001259816,
    "p95": 0.001316652,
    "p99": 0.001442716
  },
  "rps": {
    "mean": 44080.67364731804,
    "stddev": 2734.668749110476,
    "max": 54838.7563500908,
    "percentiles": {
      "p10": 41390.19493472613,
      "p25": 43463.59680614516,
      "p50": 44418.90912961672,
      "p75": 45372.676171990686,
      "p90": 46229.495124452806,
      "p95": 46788.09358469607,
      "p99": 49634.343589823104
    }
  },
  "details": {
    "DNSDialup": {
      "average": 0.0007344442800000003,
      "fastest": 0.000074458,
      "slowest": 0.001223514
    },
    "DNSLookup": {
      "average": 0.0000063926599999999995,
      "fastest": 0.000003036,
      "slowest": 0.000031008
    }
  },
  "statusCodeDistribution": {
    "200": 440849
  },
  "errorDistribution": {}
}