{
  "summary": {
    "successRate": 1,
    "total": 10.000637495,
    "slowest": 0.007463638,
    "fastest": 0.000144111,
    "average": 0.0011131229802140603,
    "requestsPerSec": 44847.14101718373,
    "totalData": 5830500,
    "sizePerRequest": 13,
    "sizePerSec": 583012.8332233884
  },
  "responseTimeHistogram": {
    "0.000144111": 1,
    "0.0008760637000000001": 8768,
    "0.0016080164": 434835,
    "0.0023399691000000004": 2844,
    "0.0030719218000000003": 1238,
    "0.0038038745000000002": 279,
    "0.0045358272": 50,
    "0.0052677799": 27,
    "0.0059997326": 59,
    "0.0067316853": 199,
    "0.007463638": 200
  },
  "latencyPercentiles": {
    "p10": 0.000969592,
    "p25": 0.001017982,
    "p50": 0.001107371,
    "p75": 0.001168823,
    "p90": 0.001218436,
    "p95": 0.001275684,
    "p99": 0.001702979
  },
  "rps": {
    "mean": 44847.875466036276,
    "stddev": 3829.188704020842,
    "max": 55534.19839041235,
    "percentiles": {
      "p10": 40931.28710338324,
      "p25": 44532.18786538893,
      "p50": 45779.42272047771,
      "p75": 46600.24123659453,
      "p90": 47429.788807535115,
      "p95": 47818.123068644316,
      "p99": 49071.06172115868
    }
  },
  "details": {
    "DNSDialup": {
      "average": 0.0006744312999999997,
      "fastest": 0.000078982,
      "slowest": 0.001100676
    },
    "DNSLookup": {
      "average": 0.0000065369,
      "fastest": 0.000003086,
      "slowest": 0.000038072
    }
  },
  "statusCodeDistribution": {
    "200": 448500
  },
  "errorDistribution": {}
}