{
  "summary": {
    "successRate": 1,
    "total": 10.00060961,
    "slowest": 0.007861059,
    "fastest": 0.000106877,
    "average": 0.0011311902377856677,
    "requestsPerSec": 44117.710540247754,
    "totalData": 5735652,
    "sizePerRequest": 13,
    "sizePerSec": 573530.2370232209
  },
  "responseTimeHistogram": {
    "0.000106877": 1,
    "0.0008822952": 24329,
    "0.0016577134": 412667,
    "0.0024331316": 3731,
    "0.0032085498": 251,
    "0.003983968": 140,
    "0.0047593862": 27,
    "0.0055348044": 8,
    "0.0063102226": 0,
    "0.0070856408": 0,
    "0.007861059": 50
  },
  "latencyPercentiles": {
    "p10": 0.000944439,
    "p25": 0.001041651,
    "p50": 0.001130038,
    "p75": 0.0012255,
    "p90": 0.001282697,
    "p95": 0.00133624,
    "p99": 0.001641431
  },
  "rps": {
    "mean": 44117.72641289211,
    "stddev": 3457.5631375452126,
    "max": 58515.57997356526,
    "percentiles": {
      "p10": 42037.892433279994,
      "p25": 42891.80787563962,
      "p50": 43455.51006856054,
      "p75": 45220.32267772045,
      "p90": 48646.95138400264,
      "p95": 49921.84961360589,
      "p99": 53333.27463003907
    }
  },
  "details": {
    "DNSDialup": {
      "average": 0.0008248211399999999,
      "fastest": 0.000088913,
      "slowest": 0.001703712
    },
    "DNSLookup": {
      "average": 0.000006818859999999999,
      "fastest": 0.000003577,
      "slowest": 0.000035997
    }
  },
  "statusCodeDistribution": {
    "200": 441204
  },
  "errorDistribution": {}
}