{
  "summary": {
    "successRate": 1,
    "total": 10.000588194,
    "slowest": 0.008524763,
    "fastest": 0.000165384,
    "average": 0.0011426563279251319,
    "requestsPerSec": 43690.03017863891,
    "totalData": 5680038,
    "sizePerRequest": 13,
    "sizePerSec": 567970.3923223058
  },
  "responseTimeHistogram": {
    "0.000165384": 1,
    "0.0010013219": 56624,
    "0.0018372598": 376628,
    "0.0026731977000000002": 1115,
    "0.0035091356000000002": 925,
    "0.0043450735": 1061,
    "0.0051810114": 57,
    "0.0060169493": 185,
    "0.0068528872": 59,
    "0.0076888251": 71,
    "0.008524763": 200
  },
  "latencyPercentiles": {
    "p10": 0.000989224,
    "p25": 0.001039883,
    "p50": 0.001132711,
    "p75": 0.001194701,
    "p90": 0.001252124,
    "p95": 0.001313619,
    "p99": 0.0015734
  },
  "rps": {
    "mean": 43691.26293848356,
    "stddev": 4155.813850500915,
    "max": 50830.116844231095,
    "percentiles": {
      "p10": 39516.61278401395,
      "p25": 43546.80061956928,
      "p50": 44802.759850007256,
      "p75": 45566.52834379538,
      "p90": 46422.46574032295,
      "p95": 46908.908412661985,
      "p99": 48604.35213813366
    }
  },
  "details": {
    "DNSDialup": {
      "average": 0.0007130587200000002,
      "fastest": 0.00007311,
      "slowest": 0.001198255
    },
    "DNSLookup": {
      "average": 0.000006670959999999999,
      "fastest": 0.000003466,
      "slowest": 0.000034554
    }
  },
  "statusCodeDistribution": {
    "200": 436926
  },
  "errorDistribution": {}
}