{
  "summary": {
    "successRate": 1,
    "total": 10.000624337,
    "slowest": 0.010965991,
    "fastest": 0.000294414,
    "average": 0.0011319615392718114,
    "requestsPerSec": 44103.946427439936,
    "totalData": 5733871,
    "sizePerRequest": 13,
    "sizePerSec": 573351.3035567191
  },
  "responseTimeHistogram": {
    "0.000294414": 1,
    "0.0013615717": 428975,
    "0.0024287294000000003": 9180,
    "0.0034958871": 1202,
    "0.0045630448": 1037,
    "0.0056302025": 105,
    "0.0066973602": 217,
    "0.0077645179": 100,
    "0.0088316756": 200,
    "0.0098988333": 0,
    "0.010965991": 50
  },
  "latencyPercentiles": {
    "p10": 0.000980066,
    "p25": 0.00102979,
    "p50": 0.001121129,
    "p75": 0.001182597,
    "p90": 0.001235171,
    "p95": 0.001295179,
    "p99": 0.001671575
  },
  "rps": {
    "mean": 44104.96085746675,
    "stddev": 4506.452378907192,
    "max": 52312.623035943354,
    "percentiles": {
      "p10": 39512.60794904963,
      "p25": 44164.93570496675,
      "p50": 45254.185535538956,
      "p75": 46110.71613042764,
      "p90": 46937.10327867437,
      "p95": 47587.365644586964,
      "p99": 49018.26683001952
    }
  },
  "details": {
    "DNSDialup": {
      "average": 0.0005105390600000002,
      "fastest": 0.000076855,
      "slowest": 0.00085459
    },
    "DNSLookup": {
      "average": 0.00000653474,
      "fastest": 0.000003106,
      "slowest": 0.000028855
    }
  },
  "statusCodeDistribution": {
    "200": 441067
  },
  "errorDistribution": {}
}