{
  "summary": {
    "successRate": 1,
    "total": 10.000555311,
    "slowest": 0.008700964,
    "fastest": 0.000216993,
    "average": 0.001123714102482524,
    "requestsPerSec": 44427.53289022832,
    "totalData": 5775900,
    "sizePerRequest": 13,
    "sizePerSec": 577557.9275729682
  },
  "responseTimeHistogram": {
    "0.000216993": 1,
    "0.0010653901": 169824,
    "0.0019137872": 270724,
    "0.0027621843": 1119,
    "0.0036105814": 1045,
    "0.0044589785": 922,
    "0.005307375600000001": 95,
    "0.0061557727": 100,
    "0.0070041698000000005": 139,
    "0.0078525669": 125,
    "0.008700964": 206
  },
  "latencyPercentiles": {
    "p10": 0.000971801,
    "p25": 0.001021582,
    "p50": 0.001111776,
    "p75": 0.001173321,
    "p90": 0.001227769,
    "p95": 0.001288377,
    "p99": 0.001578756
  },
  "rps": {
    "mean": 44434.76075478784,
    "stddev": 4561.67139162969,
    "max": 60507.79945535152,
    "percentiles": {
      "p10": 39886.90651858838,
      "p25": 44384.33257160276,
      "p50": 45502.111257604665,
      "p75": 46452.9128841983,
      "p90": 47362.301900384635,
      "p95": 47810.18356910304,
      "p99": 48877.93586874112
    }
  },
  "details": {
    "DNSDialup": {
      "average": 0.0007664513599999998,
      "fastest": 0.000083345,
      "slowest": 0.001288447
    },
    "DNSLookup": {
      "average": 0.0000068505799999999996,
      "fastest": 0.000003266,
      "slowest": 0.00003218
    }
  },
  "statusCodeDistribution": {
    "200": 444300
  },
  "errorDistribution": {}
}