{
  "summary": {
    "successRate": 1,
    "total": 10.000670049,
    "slowest": 0.008242115,
    "fastest": 0.00026781,
    "average": 0.0011358202623453389,
    "requestsPerSec": 43952.854943349805,
    "totalData": 5714254,
    "sizePerRequest": 13,
    "sizePerSec": 571387.1142635475
  },
  "responseTimeHistogram": {
    "0.00026781": 1,
    "0.0010652405": 154160,
    "0.001862671": 281823,
    "0.0026601015": 1066,
    "0.0034575319999999997": 824,
    "0.0042549625": 1097,
    "0.0050523930000000005": 81,
    "0.0058498235": 214,
    "0.006647254": 42,
    "0.0074446845": 100,
    "0.008242115": 150
  },
  "latencyPercentiles": {
    "p10": 0.000981737,
    "p25": 0.001031848,
    "p50": 0.001125549,
    "p75": 0.001187549,
    "p90": 0.001251514,
    "p95": 0.001321451,
    "p99": 0.00161353
  },
  "rps": {
    "mean": 43953.00532342835,
    "stddev": 4213.026529745308,
    "max": 51018.14205131122,
    "percentiles": {
      "p10": 39156.23898730761,
      "p25": 43862.59687797289,
      "p50": 45165.66183918205,
      "p75": 46045.04125935788,
      "p90": 46907.25186113882,
      "p95": 47509.38587173423,
      "p99": 48756.05971746471
    }
  },
  "details": {
    "DNSDialup": {
      "average": 0.0006607818399999998,
      "fastest": 0.000090559,
      "slowest": 0.001371033
    },
    "DNSLookup": {
      "average": 0.00000741618,
      "fastest": 0.000003787,
      "slowest": 0.000029084
    }
  },
  "statusCodeDistribution": {
    "200": 439558
  },
  "errorDistribution": {}
}