{
  "summary": {
    "successRate": 1,
    "total": 10.000652579,
    "slowest": 0.006447304,
    "fastest": 0.000240594,
    "average": 0.0010920634957560758,
    "requestsPerSec": 45710.01706027768,
    "totalData": 5942690,
    "sizePerRequest": 13,
    "sizePerSec": 594230.2217836098
  },
  "responseTimeHistogram": {
    "0.000240594": 1,
    "0.000861265": 10500,
    "0.0014819359999999999": 444660,
    "0.002102607": 1475,
    "0.002723278": 316,
    "0.0033439489999999997": 58,
    "0.003964619999999999": 22,
    "0.004585291": 11,
    "0.005205962": 2,
    "0.0058266329999999995": 32,
    "0.006447303999999999": 53
  },
  "latencyPercentiles": {
    "p10": 0.000962081,
    "p25": 0.001011818,
    "p50": 0.001102068,
    "p75": 0.001160464,
    "p90": 0.001210455,
    "p95": 0.001257143,
    "p99": 0.001371835
  },
  "rps": {
    "mean": 45706.01841197886,
    "stddev": 2730.371963163238,
    "max": 63117.12367565307,
    "percentiles": {
      "p10": 43492.50712303566,
      "p25": 44972.72088967699,
      "p50": 45954.96213471476,
      "p75": 46811.31429466253,
      "p90": 47851.90472837578,
      "p95": 48500.19400077586,
      "p99": 50173.393640216666
    }
  },
  "details": {
    "DNSDialup": {
      "average": 0.0007853044999999998,
      "fastest": 0.000087149,
      "slowest": 0.001748331
    },
    "DNSLookup": {
      "average": 0.0000073204,
      "fastest": 0.000003246,
      "slowest": 0.000030195
    }
  },
  "statusCodeDistribution": {
    "200": 457130
  },
  "errorDistribution": {}
}