{
  "summary": {
    "successRate": 1,
    "total": 10.000671352,
    "slowest": 0.00793971,
    "fastest": 0.000326776,
    "average": 0.0011389307559870722,
    "requestsPerSec": 43828.757547596295,
    "totalData": 5698121,
    "sizePerRequest": 13,
    "sizePerSec": 569773.8481187518
  },
  "responseTimeHistogram": {
    "0.000326776": 1,
    "0.0010880694": 171736,
    "0.0018493628": 262862,
    "0.0026106562000000003": 1989,
    "0.0033719496": 1136,
    "0.004133243": 93,
    "0.004894536400000001": 22,
    "0.0056558298000000005": 27,
    "0.0064171232": 104,
    "0.0071784166": 233,
    "0.007939709999999999": 114
  },
  "latencyPercentiles": {
    "p10": 0.000989176,
    "p25": 0.001039437,
    "p50": 0.001132495,
    "p75": 0.001195386,
    "p90": 0.001252449,
    "p95": 0.001320061,
    "p99": 0.001715374
  },
  "rps": {
    "mean": 43827.268193771124,
    "stddev": 3875.19071171716,
    "max": 56218.31030366542,
    "percentiles": {
      "p10": 39637.25902348179,
      "p25": 43547.410065335986,
      "p50": 44725.59394034465,
      "p75": 45603.90029632491,
      "p90": 46405.72182550151,
      "p95": 46973.98746961298,
      "p99": 48251.79791054555
    }
  },
  "details": {
    "DNSDialup": {
      "average": 0.0005822438399999998,
      "fastest": 0.0000749,
      "slowest": 0.000856781
    },
    "DNSLookup": {
      "average": 0.00000635166,
      "fastest": 0.000003256,
      "slowest": 0.000028363
    }
  },
  "statusCodeDistribution": {
    "200": 438317
  },
  "errorDistribution": {}
}