{
  "summary": {
    "successRate": 1,
    "total": 10.000452298,
    "slowest": 0.006662087,
    "fastest": 0.000282899,
    "average": 0.001105196836391978,
    "requestsPerSec": 45170.5569447435,
    "totalData": 5872438,
    "sizePerRequest": 13,
    "sizePerSec": 587217.2402816655
  },
  "responseTimeHistogram": {
    "0.000282899": 1,
    "0.0009208177999999999": 13224,
    "0.0015587366": 436855,
    "0.0021966553999999998": 1112,
    "0.0028345742": 370,
    "0.0034724929999999997": 36,
    "0.0041104118": 31,
    "0.0047483306": 15,
    "0.005386249399999999": 31,
    "0.006024168199999999": 1,
    "0.006662086999999999": 50
  },
  "latencyPercentiles": {
    "p10": 0.000971438,
    "p25": 0.00102017,
    "p50": 0.0011124,
    "p75": 0.001168998,
    "p90": 0.001224282,
    "p95": 0.001273784,
    "p99": 0.001387545
  },
  "rps": {
    "mean": 45167.79010251372,
    "stddev": 2546.688302871375,
    "max": 50927.59766517956,
    "percentiles": {
      "p10": 43304.04459776254,
      "p25": 44361.032261056025,
      "p50": 45534.66940063128,
      "p75": 46408.098213141486,
      "p90": 47044.748965217186,
      "p95": 47458.39196086925,
      "p99": 48998.94747846024
    }
  },
  "details": {
    "DNSDialup": {
      "average": 0.0007123509200000001,
      "fastest": 0.000069888,
      "slowest": 0.001636664
    },
    "DNSLookup": {
      "average": 0.000006972959999999997,
      "fastest": 0.000003487,
      "slowest": 0.000032811
    }
  },
  "statusCodeDistribution": {
    "200": 451726
  },
  "errorDistribution": {}
}