{
  "summary": {
    "successRate": 1,
    "total": 10.000667595,
    "slowest": 0.010925562,
    "fastest": 0.000143478,
    "average": 0.0008025137918301299,
    "requestsPerSec": 62195.047889700414,
    "totalData": 8085896,
    "sizePerRequest": 13,
    "sizePerSec": 808535.6225661053
  },
  "responseTimeHistogram": {
    "0.000143478": 1,
    "0.0012216864": 619819,
    "0.0022998947999999996": 1640,
    "0.0033781031999999996": 285,
    "0.0044563115999999995": 105,
    "0.005534519999999999": 30,
    "0.006612728399999999": 12,
    "0.007690936799999999": 0,
    "0.0087691452": 50,
    "0.009847353599999999": 0,
    "0.010925562": 50
  },
  "latencyPercentiles": {
    "p10": 0.000702964,
    "p25": 0.000737049,
    "p50": 0.000807582,
    "p75": 0.000849813,
    "p90": 0.000879461,
    "p95": 0.000908093,
    "p99": 0.001079873
  },
  "rps": {
    "mean": 62173.134345886705,
    "stddev": 4360.825776534693,
    "max": 68390.16579543518,
    "percentiles": {
      "p10": 60403.174662641046,
      "p25": 61769.10727722167,
      "p50": 62952.464583976536,
      "p75": 63931.14085871233,
      "p90": 64670.78864525075,
      "p95": 65119.77925498733,
      "p99": 65944.95467560408
    }
  },
  "details": {
    "DNSDialup": {
      "average": 0.0005207541400000001,
      "fastest": 0.000067459,
      "slowest": 0.001028123
    },
    "DNSLookup": {
      "average": 0.000009048860000000001,
      "fastest": 0.000003233,
      "slowest": 0.000167975
    }
  },
  "statusCodeDistribution": {
    "200": 621992
  },
  "errorDistribution": {}
}