{
  "summary": {
    "successRate": 1,
    "total": 10.000725533,
    "slowest": 0.006345817,
    "fastest": 0.000432356,
    "average": 0.0011530712492083999,
    "requestsPerSec": 43295.15879335551,
    "totalData": 5628779,
    "sizePerRequest": 13,
    "sizePerSec": 562837.0643136217
  },
  "responseTimeHistogram": {
    "0.000432356": 1,
    "0.0010237021": 52399,
    "0.0016150482": 379067,
    "0.0022063943": 1096,
    "0.0027977404": 234,
    "0.0033890865": 82,
    "0.0039804326": 4,
    "0.0045717787": 0,
    "0.0051631248": 11,
    "0.0057544709": 22,
    "0.006345817": 67
  },
  "latencyPercentiles": {
    "p10": 0.001015619,
    "p25": 0.001063693,
    "p50": 0.001161807,
    "p75": 0.001219095,
    "p90": 0.001275931,
    "p95": 0.001332336,
    "p99": 0.001455685
  },
  "rps": {
    "mean": 43295.33912794926,
    "stddev": 2513.1237530911335,
    "max": 55182.43151619804,
    "percentiles": {
      "p10": 40980.16912223848,
      "p25": 43001.3846445855,
      "p50": 43891.190023744115,
      "p75": 44366.940840339106,
      "p90": 44914.59550360174,
      "p95": 45250.20947118151,
      "p99": 47015.355215015275
    }
  },
  "details": {
    "DNSDialup": {
      "average": 0.0005302999,
      "fastest": 0.000070262,
      "slowest": 0.000922015
    },
    "DNSLookup": {
      "average": 0.00000625884,
      "fastest": 0.000003016,
      "slowest": 0.000035206
    }
  },
  "statusCodeDistribution": {
    "200": 432983
  },
  "errorDistribution": {}
}