{
  "summary": {
    "successRate": 1,
    "total": 10.000636693,
    "slowest": 0.009829022,
    "fastest": 0.000358006,
    "average": 0.001129756774920121,
    "requestsPerSec": 44186.38668369032,
    "totalData": 5744596,
    "sizePerRequest": 13,
    "sizePerSec": 574423.0268879741
  },
  "responseTimeHistogram": {
    "0.000358006": 1,
    "0.0013051076": 419203,
    "0.0022522092000000003": 19858,
    "0.0031993108000000006": 1813,
    "0.0041464124000000005": 500,
    "0.005093514": 20,
    "0.006040615600000001": 84,
    "0.006987717200000001": 163,
    "0.0079348188": 200,
    "0.0088819204": 0,
    "0.009829022": 50
  },
  "latencyPercentiles": {
    "p10": 0.000977971,
    "p25": 0.00102851,
    "p50": 0.001120049,
    "p75": 0.001181802,
    "p90": 0.001242865,
    "p95": 0.001307565,
    "p99": 0.001812894
  },
  "rps": {
    "mean": 44189.09485286118,
    "stddev": 4172.949051406152,
    "max": 51064.616192670204,
    "percentiles": {
      "p10": 40225.5188863391,
      "p25": 43966.957279240785,
      "p50": 45254.59061265604,
      "p75": 46119.6515835405,
      "p90": 47036.745225722356,
      "p95": 47619.32088002452,
      "p99": 48761.70794139994
    }
  },
  "details": {
    "DNSDialup": {
      "average": 0.0008309413800000001,
      "fastest": 0.000203266,
      "slowest": 0.001235117
    },
    "DNSLookup": {
      "average": 0.000009352400000000002,
      "fastest": 0.000004177,
      "slowest": 0.000034464
    }
  },
  "statusCodeDistribution": {
    "200": 441892
  },
  "errorDistribution": {}
}