{
  "summary": {
    "successRate": 1,
    "total": 10.000619957,
    "slowest": 0.008863401,
    "fastest": 0.000270748,
    "average": 0.0011559837091747497,
    "requestsPerSec": 43187.52255930767,
    "totalData": 5614726,
    "sizePerRequest": 13,
    "sizePerSec": 561437.7932709997
  },
  "responseTimeHistogram": {
    "0.000270748": 1,
    "0.0011300133000000001": 196850,
    "0.0019892786": 231634,
    "0.0028485438999999997": 934,
    "0.0037078092": 990,
    "0.0045670745000000006": 916,
    "0.0054263398": 53,
    "0.0062856051": 144,
    "0.0071448704": 157,
    "0.0080041357": 73,
    "0.008863401": 150
  },
  "latencyPercentiles": {
    "p10": 0.000996667,
    "p25": 0.001048677,
    "p50": 0.001146028,
    "p75": 0.001208885,
    "p90": 0.001273445,
    "p95": 0.001339939,
    "p99": 0.001646571
  },
  "rps": {
    "mean": 43193.72048560891,
    "stddev": 4400.827219585254,
    "max": 64336.92296009177,
    "percentiles": {
      "p10": 39008.0902779239,
      "p25": 42883.43364525122,
      "p50": 44231.420001264494,
      "p75": 45272.308407840566,
      "p90": 46352.40671327429,
      "p95": 46975.40616662927,
      "p99": 48852.65896746077
    }
  },
  "details": {
    "DNSDialup": {
      "average": 0.0006868899599999998,
      "fastest": 0.000087563,
      "slowest": 0.001205366
    },
    "DNSLookup": {
      "average": 0.000009550720000000001,
      "fastest": 0.000003186,
      "slowest": 0.00017297
    }
  },
  "statusCodeDistribution": {
    "200": 431902
  },
  "errorDistribution": {}
}