{
  "summary": {
    "successRate": 1,
    "total": 10.000622977,
    "slowest": 0.006110828,
    "fastest": 0.000266376,
    "average": 0.0011161833277230802,
    "requestsPerSec": 44724.91374074125,
    "totalData": 5814601,
    "sizePerRequest": 13,
    "sizePerSec": 581423.8786296363
  },
  "responseTimeHistogram": {
    "0.000266376": 1,
    "0.0008508212": 6803,
    "0.0014352664": 437191,
    "0.0020197116": 2708,
    "0.0026041568": 327,
    "0.003188602": 61,
    "0.0037730472000000004": 57,
    "0.004357492399999999": 18,
    "0.0049419376": 22,
    "0.0055263828": 22,
    "0.0061108280000000004": 67
  },
  "latencyPercentiles": {
    "p10": 0.000980609,
    "p25": 0.00103107,
    "p50": 0.001125618,
    "p75": 0.001185657,
    "p90": 0.001240388,
    "p95": 0.00129443,
    "p99": 0.001408893
  },
  "rps": {
    "mean": 44720.96550164536,
    "stddev": 2773.315645276464,
    "max": 65992.64707723218,
    "percentiles": {
      "p10": 42374.57856211581,
      "p25": 44153.41988808485,
      "p50": 45184.66250213116,
      "p75": 45800.806094187305,
      "p90": 46583.65835181986,
      "p95": 47450.772326393555,
      "p99": 49907.665817471025
    }
  },
  "details": {
    "DNSDialup": {
      "average": 0.00052485294,
      "fastest": 0.000067976,
      "slowest": 0.000860142
    },
    "DNSLookup": {
      "average": 0.000006555739999999998,
      "fastest": 0.000003176,
      "slowest": 0.000034173
    }
  },
  "statusCodeDistribution": {
    "200": 447277
  },
  "errorDistribution": {}
}