{
  "summary": {
    "successRate": 1,
    "total": 10.000674168,
    "slowest": 0.007622789,
    "fastest": 0.000146352,
    "average": 0.001114615512606831,
    "requestsPerSec": 44786.28065227452,
    "totalData": 5822609,
    "sizePerRequest": 13,
    "sizePerSec": 582221.6484795688
  },
  "responseTimeHistogram": {
    "0.000146352": 1,
    "0.0008939957": 9619,
    "0.0016416394": 433880,
    "0.0023892831000000003": 2606,
    "0.0031369268000000002": 1052,
    "0.0038845705": 198,
    "0.0046322142": 39,
    "0.0053798579": 29,
    "0.0061275016": 101,
    "0.0068751453": 173,
    "0.007622789": 195
  },
  "latencyPercentiles": {
    "p10": 0.000970564,
    "p25": 0.001018186,
    "p50": 0.001109482,
    "p75": 0.001168417,
    "p90": 0.001222833,
    "p95": 0.001292788,
    "p99": 0.001627212
  },
  "rps": {
    "mean": 44780.02334077883,
    "stddev": 3762.167239429038,
    "max": 51134.781239016265,
    "percentiles": {
      "p10": 40810.09748098398,
      "p25": 44440.96123396884,
      "p50": 45690.5318479225,
      "p75": 46532.8814361334,
      "p90": 47359.52618846685,
      "p95": 47871.16428516907,
      "p99": 49354.21479419887
    }
  },
  "details": {
    "DNSDialup": {
      "average": 0.0006077318400000001,
      "fastest": 0.000104986,
      "slowest": 0.001143489
    },
    "DNSLookup": {
      "average": 0.0000068706,
      "fastest": 0.000003557,
      "slowest": 0.000035496
    }
  },
  "statusCodeDistribution": {
    "200": 447893
  },
  "errorDistribution": {}
}