{
  "summary": {
    "successRate": 1,
    "total": 10.000636509,
    "slowest": 0.006682457,
    "fastest": 0.000166573,
    "average": 0.0010881999446743886,
    "requestsPerSec": 45878.17981256457,
    "totalData": 5964543,
    "sizePerRequest": 13,
    "sizePerSec": 596416.3375633394
  },
  "responseTimeHistogram": {
    "0.000166573": 1,
    "0.0008181614000000001": 5314,
    "0.0014697498": 450705,
    "0.0021213382000000005": 2072,
    "0.0027729266000000004": 358,
    "0.0034245150000000004": 189,
    "0.0040761034": 28,
    "0.0047276918": 20,
    "0.0053792802": 14,
    "0.0060308686": 10,
    "0.006682457": 100
  },
  "latencyPercentiles": {
    "p10": 0.000961227,
    "p25": 0.001008776,
    "p50": 0.001094771,
    "p75": 0.001154917,
    "p90": 0.001196726,
    "p95": 0.001234866,
    "p99": 0.001395292
  },
  "rps": {
    "mean": 45876.92394783954,
    "stddev": 2708.2200954606537,
    "max": 54080.4621900927,
    "percentiles": {
      "p10": 44508.48051956941,
      "p25": 45435.08497261626,
      "p50": 46264.45563959753,
      "p75": 46920.34466144591,
      "p90": 47742.645941846975,
      "p95": 48537.691723882,
      "p99": 49646.491903655864
    }
  },
  "details": {
    "DNSDialup": {
      "average": 0.0007609137400000001,
      "fastest": 0.000120205,
      "slowest": 0.001234843
    },
    "DNSLookup": {
      "average": 0.000006497019999999999,
      "fastest": 0.000003417,
      "slowest": 0.000035596
    }
  },
  "statusCodeDistribution": {
    "200": 458811
  },
  "errorDistribution": {}
}