{
  "summary": {
    "successRate": 1,
    "total": 10.000652544,
    "slowest": 0.009796317,
    "fastest": 0.000063429,
    "average": 0.001085118591280165,
    "requestsPerSec": 46006.99784096009,
    "totalData": 5981300,
    "sizePerRequest": 13,
    "sizePerSec": 598090.9719324812
  },
  "responseTimeHistogram": {
    "0.000063429": 1,
    "0.0010367178": 191613,
    "0.0020100066": 265229,
    "0.0029832954": 1895,
    "0.0039565842": 759,
    "0.004929873": 121,
    "0.005903161800000001": 38,
    "0.0068764506": 194,
    "0.0078497394": 100,
    "0.008823028200000001": 34,
    "0.009796317": 116
  },
  "latencyPercentiles": {
    "p10": 0.000863518,
    "p25": 0.000981098,
    "p50": 0.001069674,
    "p75": 0.001173768,
    "p90": 0.001263396,
    "p95": 0.001337245,
    "p99": 0.001814128
  },
  "rps": {
    "mean": 46010.75207634404,
    "stddev": 5473.609145449064,
    "max": 61810.69324993445,
    "percentiles": {
      "p10": 40324.961150952025,
      "p25": 44415.79425643762,
      "p50": 45933.1867274077,
      "p75": 48604.17995947373,
      "p90": 51624.41131598965,
      "p95": 54485.0089269216,
      "p99": 58874.002991404006
    }
  },
  "details": {
    "DNSDialup": {
      "average": 0.0006981572399999999,
      "fastest": 0.000068736,
      "slowest": 0.001207244
    },
    "DNSLookup": {
      "average": 0.000006411740000000001,
      "fastest": 0.000003196,
      "slowest": 0.00002679
    }
  },
  "statusCodeDistribution": {
    "200": 460100
  },
  "errorDistribution": {}
}