{
  "summary": {
    "successRate": 1,
    "total": 10.000612106,
    "slowest": 0.012021997,
    "fastest": 0.000103343,
    "average": 0.0010842757181790876,
    "requestsPerSec": 46042.3817181896,
    "totalData": 5985876,
    "sizePerRequest": 13,
    "sizePerSec": 598550.9623364648
  },
  "responseTimeHistogram": {
    "0.000103343": 1,
    "0.0012952084": 411693,
    "0.0024870738": 45709,
    "0.0036789392": 1278,
    "0.0048708046": 745,
    "0.00606267": 477,
    "0.0072545354": 245,
    "0.0084464008": 104,
    "0.0096382662": 33,
    "0.0108301316": 111,
    "0.012021997000000001": 56
  },
  "latencyPercentiles": {
    "p10": 0.000769679,
    "p25": 0.000940986,
    "p50": 0.001076282,
    "p75": 0.00119725,
    "p90": 0.001300982,
    "p95": 0.00137082,
    "p99": 0.001846733
  },
  "rps": {
    "mean": 46084.974936383325,
    "stddev": 7181.026024194218,
    "max": 72643.74814063906,
    "percentiles": {
      "p10": 39536.55549921307,
      "p25": 43676.27427291296,
      "p50": 45508.626508280235,
      "p75": 50232.18599745085,
      "p90": 54509.52179458834,
      "p95": 57141.207230157415,
      "p99": 61103.519562726266
    }
  },
  "details": {
    "DNSDialup": {
      "average": 0.0007417047,
      "fastest": 0.000071525,
      "slowest": 0.00164194
    },
    "DNSLookup": {
      "average": 0.00000702984,
      "fastest": 0.000003516,
      "slowest": 0.000037741
    }
  },
  "statusCodeDistribution": {
    "200": 460452
  },
  "errorDistribution": {}
}