{
  "summary": {
    "successRate": 1,
    "total": 10.000677632,
    "slowest": 0.010563088,
    "fastest": 0.0003853,
    "average": 0.0011111181075296626,
    "requestsPerSec": 44925.95567348051,
    "totalData": 5840770,
    "sizePerRequest": 13,
    "sizePerSec": 584037.4237552466
  },
  "responseTimeHistogram": {
    "0.0003853": 1,
    "0.0014030788000000002": 442304,
    "0.0024208576": 4258,
    "0.0034386364000000003": 1015,
    "0.0044564152": 1113,
    "0.005474194": 143,
    "0.006491972800000001": 106,
    "0.0075097516000000005": 17,
    "0.0085275304": 283,
    "0.009545309200000001": 0,
    "0.010563088": 50
  },
  "latencyPercentiles": {
    "p10": 0.000962532,
    "p25": 0.001010961,
    "p50": 0.001101958,
    "p75": 0.001162404,
    "p90": 0.001214476,
    "p95": 0.001280789,
    "p99": 0.001614886
  },
  "rps": {
    "mean": 44922.73724868874,
    "stddev": 4530.796930757031,
    "max": 56192.82004269371,
    "percentiles": {
      "p10": 40736.58193457542,
      "p25": 44817.6222890862,
      "p50": 46128.35048420671,
      "p75": 46833.80464019199,
      "p90": 47811.41736646584,
      "p95": 48505.50432244532,
      "p99": 49854.579107980775
    }
  },
  "details": {
    "DNSDialup": {
      "average": 0.0006067998,
      "fastest": 0.000132944,
      "slowest": 0.000872183
    },
    "DNSLookup": {
      "average": 0.0000056216000000000005,
      "fastest": 0.000002404,
      "slowest": 0.000035477
    }
  },
  "statusCodeDistribution": {
    "200": 449290
  },
  "errorDistribution": {}
}