{
  "summary": {
    "successRate": 1,
    "total": 10.00061101,
    "slowest": 0.006678988,
    "fastest": 0.000246224,
    "average": 0.001123910367798537,
    "requestsPerSec": 44418.885961648855,
    "totalData": 5774808,
    "sizePerRequest": 13,
    "sizePerSec": 577445.5175014351
  },
  "responseTimeHistogram": {
    "0.000246224": 1,
    "0.0008895004": 11133,
    "0.0015327768": 430978,
    "0.0021760532000000003": 1564,
    "0.0028193296000000004": 357,
    "0.0034626060000000005": 73,
    "0.0041058824": 12,
    "0.0047491588": 10,
    "0.0053924352": 21,
    "0.0060357116": 17,
    "0.006678988": 50
  },
  "latencyPercentiles": {
    "p10": 0.000985967,
    "p25": 0.001038844,
    "p50": 0.001131999,
    "p75": 0.001195522,
    "p90": 0.00124911,
    "p95": 0.00130651,
    "p99": 0.00142833
  },
  "rps": {
    "mean": 44417.7553895576,
    "stddev": 2641.6764555898644,
    "max": 56718.97817009543,
    "percentiles": {
      "p10": 42236.530375121285,
      "p25": 43710.30689036438,
      "p50": 44700.50511570291,
      "p75": 45578.30327237168,
      "p90": 46571.798708257884,
      "p95": 47315.09055795947,
      "p99": 48672.80131682062
    }
  },
  "details": {
    "DNSDialup": {
      "average": 0.0007739569399999999,
      "fastest": 0.000104433,
      "slowest": 0.001135448
    },
    "DNSLookup": {
      "average": 0.00000655896,
      "fastest": 0.000003596,
      "slowest": 0.00003173
    }
  },
  "statusCodeDistribution": {
    "200": 444216
  },
  "errorDistribution": {}
}