{
  "summary": {
    "successRate": 1,
    "total": 10.000681229,
    "slowest": 0.008407248,
    "fastest": 0.00014183,
    "average": 0.0011223673976292954,
    "requestsPerSec": 44481.86976603412,
    "totalData": 5783037,
    "sizePerRequest": 13,
    "sizePerSec": 578264.3069584435
  },
  "responseTimeHistogram": {
    "0.00014183": 1,
    "0.0009683718": 42566,
    "0.0017949136": 398371,
    "0.0026214554": 1098,
    "0.0034479972": 1082,
    "0.004274539": 1094,
    "0.0051010808": 81,
    "0.0059276226": 156,
    "0.0067541644": 100,
    "0.0075807062000000005": 100,
    "0.008407248": 200
  },
  "latencyPercentiles": {
    "p10": 0.000970425,
    "p25": 0.001019806,
    "p50": 0.001113092,
    "p75": 0.001173478,
    "p90": 0.001230409,
    "p95": 0.001299429,
    "p99": 0.001583522
  },
  "rps": {
    "mean": 44485.9789506582,
    "stddev": 4402.053868237884,
    "max": 58487.56786847689,
    "percentiles": {
      "p10": 39804.52852593998,
      "p25": 44221.49856731464,
      "p50": 45550.10967565445,
      "p75": 46524.67668851289,
      "p90": 47444.40796585686,
      "p95": 47951.67272252624,
      "p99": 49941.851271364954
    }
  },
  "details": {
    "DNSDialup": {
      "average": 0.0007194323800000002,
      "fastest": 0.000087611,
      "slowest": 0.001220323
    },
    "DNSLookup": {
      "average": 0.0000074783599999999975,
      "fastest": 0.000003426,
      "slowest": 0.00003206
    }
  },
  "statusCodeDistribution": {
    "200": 444849
  },
  "errorDistribution": {}
}