{
  "summary": {
    "successRate": 1,
    "total": 10.00069242,
    "slowest": 0.010678089,
    "fastest": 0.000180728,
    "average": 0.0011271517543601916,
    "requestsPerSec": 44289.83328336379,
    "totalData": 5758077,
    "sizePerRequest": 13,
    "sizePerSec": 575767.8326837294
  },
  "responseTimeHistogram": {
    "0.000180728": 1,
    "0.0012304641": 382563,
    "0.0022802001999999997": 58491,
    "0.0033299363": 1337,
    "0.0043796723999999995": 149,
    "0.0054294085": 86,
    "0.006479144599999999": 153,
    "0.007528880699999999": 99,
    "0.0085786168": 0,
    "0.0096283529": 0,
    "0.010678089": 50
  },
  "latencyPercentiles": {
    "p10": 0.000975368,
    "p25": 0.001028395,
    "p50": 0.0011183,
    "p75": 0.001179744,
    "p90": 0.001259127,
    "p95": 0.00131677,
    "p99": 0.001646852
  },
  "rps": {
    "mean": 44290.292689158676,
    "stddev": 3768.4394973659005,
    "max": 55524.27047782698,
    "percentiles": {
      "p10": 40824.79322794053,
      "p25": 43375.10833759489,
      "p50": 45188.352266353795,
      "p75": 46399.5086071081,
      "p90": 47134.42860153619,
      "p95": 47492.377169674444,
      "p99": 48393.56896560117
    }
  },
  "details": {
    "DNSDialup": {
      "average": 0.0006539695799999996,
      "fastest": 0.000081482,
      "slowest": 0.00153213
    },
    "DNSLookup": {
      "average": 0.000007668720000000001,
      "fastest": 0.000003546,
      "slowest": 0.000030808
    }
  },
  "statusCodeDistribution": {
    "200": 442929
  },
  "errorDistribution": {}
}