{
  "summary": {
    "successRate": 1,
    "total": 10.000688122,
    "slowest": 0.007032516,
    "fastest": 0.00031854,
    "average": 0.0010755025187867298,
    "requestsPerSec": 46420.505702877475,
    "totalData": 6035081,
    "sizePerRequest": 13,
    "sizePerSec": 603466.5741374071
  },
  "responseTimeHistogram": {
    "0.00031854": 1,
    "0.0009899376": 108733,
    "0.0016613352": 353872,
    "0.0023327328": 1114,
    "0.0030041304": 253,
    "0.003675528": 167,
    "0.0043469256": 0,
    "0.0050183232": 15,
    "0.0056897208": 24,
    "0.0063611184": 7,
    "0.007032516": 51
  },
  "latencyPercentiles": {
    "p10": 0.000953411,
    "p25": 0.000993842,
    "p50": 0.001084433,
    "p75": 0.001139447,
    "p90": 0.001175209,
    "p95": 0.001207503,
    "p99": 0.001388426
  },
  "rps": {
    "mean": 46420.548380463064,
    "stddev": 2583.876275077939,
    "max": 59803.67251024882,
    "percentiles": {
      "p10": 45531.07495865945,
      "p25": 46262.120775774245,
      "p50": 46681.41610804474,
      "p75": 47346.48951805758,
      "p90": 47856.889726216075,
      "p95": 48326.63280733854,
      "p99": 49556.380293860726
    }
  },
  "details": {
    "DNSDialup": {
      "average": 0.0007687302199999999,
      "fastest": 0.000102263,
      "slowest": 0.00158393
    },
    "DNSLookup": {
      "average": 0.000005320779999999999,
      "fastest": 0.000002824,
      "slowest": 0.000039029
    }
  },
  "statusCodeDistribution": {
    "200": 464237
  },
  "errorDistribution": {}
}