{
  "summary": {
    "successRate": 1,
    "total": 10.000672049,
    "slowest": 0.007397324,
    "fastest": 0.000282156,
    "average": 0.0011063809860448522,
    "requestsPerSec": 45120.16770364149,
    "totalData": 5866016,
    "sizePerRequest": 13,
    "sizePerSec": 586562.1801473394
  },
  "responseTimeHistogram": {
    "0.000282156": 1,
    "0.0009936728": 78699,
    "0.0017051896": 368292,
    "0.0024167064": 2438,
    "0.0031282232": 1134,
    "0.00383974": 169,
    "0.0045512568": 9,
    "0.0052627735999999994": 24,
    "0.0059742904": 79,
    "0.006685807199999999": 192,
    "0.007397324": 195
  },
  "latencyPercentiles": {
    "p10": 0.000966203,
    "p25": 0.001014192,
    "p50": 0.001101596,
    "p75": 0.001165101,
    "p90": 0.001208669,
    "p95": 0.00125142,
    "p99": 0.001657421
  },
  "rps": {
    "mean": 45116.7085254073,
    "stddev": 3732.002747140997,
    "max": 50955.750686826344,
    "percentiles": {
      "p10": 41343.10432056461,
      "p25": 45111.674901463826,
      "p50": 45938.89646363578,
      "p75": 46760.728157650345,
      "p90": 47578.91915320128,
      "p95": 48109.785530379966,
      "p99": 49490.73028521321
    }
  },
  "details": {
    "DNSDialup": {
      "average": 0.0007717512999999999,
      "fastest": 0.000078739,
      "slowest": 0.001540802
    },
    "DNSLookup": {
      "average": 0.000009374759999999998,
      "fastest": 0.000003326,
      "slowest": 0.000169536
    }
  },
  "statusCodeDistribution": {
    "200": 451232
  },
  "errorDistribution": {}
}