{
  "summary": {
    "successRate": 1,
    "total": 10.00067486,
    "slowest": 0.007983129,
    "fastest": 0.000171772,
    "average": 0.001132597561419727,
    "requestsPerSec": 44076.525451603375,
    "totalData": 5730335,
    "sizePerRequest": 13,
    "sizePerSec": 572994.8308708438
  },
  "responseTimeHistogram": {
    "0.000171772": 1,
    "0.0009529077": 23922,
    "0.0017340434000000001": 412306,
    "0.0025151791000000002": 2662,
    "0.0032963148000000005": 1171,
    "0.0040774505": 238,
    "0.0048585862": 10,
    "0.0056397219": 29,
    "0.0064208576000000005": 56,
    "0.007201993300000001": 201,
    "0.007983129000000002": 199
  },
  "latencyPercentiles": {
    "p10": 0.000983446,
    "p25": 0.001032984,
    "p50": 0.001125667,
    "p75": 0.001187397,
    "p90": 0.001241367,
    "p95": 0.001305825,
    "p99": 0.001768039
  },
  "rps": {
    "mean": 44078.43938613078,
    "stddev": 3940.60488495275,
    "max": 53120.95090303924,
    "percentiles": {
      "p10": 40561.95314963362,
      "p25": 43977.510362011635,
      "p50": 45123.446142615845,
      "p75": 45812.52807152067,
      "p90": 46588.48492326848,
      "p95": 47368.81267416982,
      "p99": 48275.17410110976
    }
  },
  "details": {
    "DNSDialup": {
      "average": 0.0007074679999999998,
      "fastest": 0.000071434,
      "slowest": 0.001555946
    },
    "DNSLookup": {
      "average": 0.000008325879999999998,
      "fastest": 0.000003637,
      "slowest": 0.000052147
    }
  },
  "statusCodeDistribution": {
    "200": 440795
  },
  "errorDistribution": {}
}