{
  "summary": {
    "successRate": 1,
    "total": 10.000630744,
    "slowest": 0.00938487,
    "fastest": 0.000366818,
    "average": 0.0011350621690965977,
    "requestsPerSec": 43982.725815958795,
    "totalData": 5718115,
    "sizePerRequest": 13,
    "sizePerSec": 571775.4356074643
  },
  "responseTimeHistogram": {
    "0.000366818": 1,
    "0.0012686232": 404653,
    "0.0021704284": 31865,
    "0.0030722336000000004": 1217,
    "0.0039740388": 1211,
    "0.004875844": 385,
    "0.0057776492": 49,
    "0.0066794544": 246,
    "0.0075812596": 26,
    "0.0084830648": 52,
    "0.00938487": 150
  },
  "latencyPercentiles": {
    "p10": 0.000978083,
    "p25": 0.001030303,
    "p50": 0.001122531,
    "p75": 0.001186536,
    "p90": 0.001248814,
    "p95": 0.001317943,
    "p99": 0.001677149
  },
  "rps": {
    "mean": 43982.235159172764,
    "stddev": 4440.045711736984,
    "max": 53997.43622581642,
    "percentiles": {
      "p10": 39088.23271924697,
      "p25": 43721.217907051585,
      "p50": 45309.76878615064,
      "p75": 46201.14578841696,
      "p90": 46944.04759986435,
      "p95": 47576.90998207398,
      "p99": 48837.64894357229
    }
  },
  "details": {
    "DNSDialup": {
      "average": 0.0007448601200000001,
      "fastest": 0.000091982,
      "slowest": 0.001600824
    },
    "DNSLookup": {
      "average": 0.0000073121000000000015,
      "fastest": 0.000003317,
      "slowest": 0.000044854
    }
  },
  "statusCodeDistribution": {
    "200": 439855
  },
  "errorDistribution": {}
}