{
  "summary": {
    "successRate": 1,
    "total": 10.000638059,
    "slowest": 0.007761071,
    "fastest": 0.000313928,
    "average": 0.0011172977442159377,
    "requestsPerSec": 44680.549117351075,
    "totalData": 5808842,
    "sizePerRequest": 13,
    "sizePerSec": 580847.138525564
  },
  "responseTimeHistogram": {
    "0.000313928": 1,
    "0.0010586423": 164592,
    "0.0018033565999999999": 278455,
    "0.0025480708999999994": 1996,
    "0.0032927851999999995": 1077,
    "0.0040374995": 222,
    "0.004782213799999999": 21,
    "0.005526928099999999": 114,
    "0.006271642399999999": 143,
    "0.0070163566999999994": 43,
    "0.007761071": 170
  },
  "latencyPercentiles": {
    "p10": 0.00097366,
    "p25": 0.001020797,
    "p50": 0.001113765,
    "p75": 0.001171085,
    "p90": 0.001224917,
    "p95": 0.001294425,
    "p99": 0.001647539
  },
  "rps": {
    "mean": 44683.547023394574,
    "stddev": 3740.761923309635,
    "max": 51673.47451340991,
    "percentiles": {
      "p10": 40776.209463754494,
      "p25": 44374.48963033709,
      "p50": 45522.392464851364,
      "p75": 46448.663592694094,
      "p90": 47312.495229990316,
      "p95": 47849.67753521876,
      "p99": 49284.40447109568
    }
  },
  "details": {
    "DNSDialup": {
      "average": 0.0006879164600000001,
      "fastest": 0.000063901,
      "slowest": 0.001548107
    },
    "DNSLookup": {
      "average": 0.000006676359999999998,
      "fastest": 0.000003146,
      "slowest": 0.000048761
    }
  },
  "statusCodeDistribution": {
    "200": 446834
  },
  "errorDistribution": {}
}