{
  "summary": {
    "successRate": 1,
    "total": 10.00063418,
    "slowest": 0.009977771,
    "fastest": 0.000085842,
    "average": 0.0010729112583229574,
    "requestsPerSec": 46527.94929051189,
    "totalData": 6049017,
    "sizePerRequest": 13,
    "sizePerSec": 604863.3407766545
  },
  "responseTimeHistogram": {
    "0.000085842": 1,
    "0.0010750349000000002": 269160,
    "0.0020642278000000003": 193067,
    "0.0030534207000000005": 1513,
    "0.004042613600000001": 975,
    "0.0050318065": 115,
    "0.006020999400000001": 84,
    "0.0070101923000000016": 194,
    "0.0079993852": 0,
    "0.0089885781": 105,
    "0.009977771": 95
  },
  "latencyPercentiles": {
    "p10": 0.000865338,
    "p25": 0.000963259,
    "p50": 0.00104352,
    "p75": 0.001162136,
    "p90": 0.001246514,
    "p95": 0.001332856,
    "p99": 0.001838688
  },
  "rps": {
    "mean": 46522.12326480402,
    "stddev": 5627.697022541802,
    "max": 72410.64436472922,
    "percentiles": {
      "p10": 40817.606825510506,
      "p25": 44587.99887457805,
      "p50": 46418.71586582164,
      "p75": 49912.64783477457,
      "p90": 51791.422218498505,
      "p95": 52517.83426474172,
      "p99": 59196.319358108456
    }
  },
  "details": {
    "DNSDialup": {
      "average": 0.0006780307400000001,
      "fastest": 0.000093488,
      "slowest": 0.001528401
    },
    "DNSLookup": {
      "average": 0.00000555136,
      "fastest": 0.000002594,
      "slowest": 0.000029084
    }
  },
  "statusCodeDistribution": {
    "200": 465309
  },
  "errorDistribution": {}
}