{
  "summary": {
    "successRate": 1,
    "total": 10.00061362,
    "slowest": 0.006303571,
    "fastest": 0.000281855,
    "average": 0.0011155068079334955,
    "requestsPerSec": 44752.05392446709,
    "totalData": 5818124,
    "sizePerRequest": 13,
    "sizePerSec": 581776.7010180722
  },
  "responseTimeHistogram": {
    "0.000281855": 1,
    "0.0008840266": 9363,
    "0.0014861981999999998": 436147,
    "0.0020883698": 1414,
    "0.0026905414": 413,
    "0.003292713": 64,
    "0.0038948845999999997": 46,
    "0.0044970562": 7,
    "0.0050992278": 20,
    "0.0057013993999999995": 22,
    "0.006303571": 51
  },
  "latencyPercentiles": {
    "p10": 0.000979777,
    "p25": 0.00102995,
    "p50": 0.001124413,
    "p75": 0.001182476,
    "p90": 0.001244379,
    "p95": 0.001299565,
    "p99": 0.001406434
  },
  "rps": {
    "mean": 44751.165650484174,
    "stddev": 2941.9878194106614,
    "max": 71066.82938197488,
    "percentiles": {
      "p10": 42425.18991094702,
      "p25": 44123.11610052523,
      "p50": 45186.84006924523,
      "p75": 45809.070195893466,
      "p90": 46532.22613493517,
      "p95": 47306.99174236859,
      "p99": 50170.21823744544
    }
  },
  "details": {
    "DNSDialup": {
      "average": 0.0007048363199999999,
      "fastest": 0.000070832,
      "slowest": 0.001613963
    },
    "DNSLookup": {
      "average": 0.000006800979999999998,
      "fastest": 0.000003707,
      "slowest": 0.00003246
    }
  },
  "statusCodeDistribution": {
    "200": 447548
  },
  "errorDistribution": {}
}