{
  "summary": {
    "successRate": 1,
    "total": 10.000731647,
    "slowest": 0.009642323,
    "fastest": 0.000407423,
    "average": 0.0011294899809601534,
    "requestsPerSec": 44193.466598274375,
    "totalData": 5745571,
    "sizePerRequest": 13,
    "sizePerSec": 574515.0657775669
  },
  "responseTimeHistogram": {
    "0.000407423": 1,
    "0.001330913": 426650,
    "0.002254403": 12848,
    "0.0031778929999999998": 1604,
    "0.004101382999999999": 366,
    "0.005024872999999999": 17,
    "0.005948362999999999": 63,
    "0.006871852999999999": 252,
    "0.007795342999999999": 116,
    "0.008718832999999999": 0,
    "0.009642323": 50
  },
  "latencyPercentiles": {
    "p10": 0.000981627,
    "p25": 0.001032874,
    "p50": 0.00112187,
    "p75": 0.001186793,
    "p90": 0.001237335,
    "p95": 0.001292521,
    "p99": 0.00178296
  },
  "rps": {
    "mean": 44198.45597513431,
    "stddev": 3958.1514178643083,
    "max": 52871.33484771266,
    "percentiles": {
      "p10": 40847.910283135345,
      "p25": 44019.61449847712,
      "p50": 45199.35269716336,
      "p75": 45934.09873301864,
      "p90": 46826.81771851468,
      "p95": 47525.69714444576,
      "p99": 48856.624304821
    }
  },
  "details": {
    "DNSDialup": {
      "average": 0.00086436928,
      "fastest": 0.000073726,
      "slowest": 0.001692059
    },
    "DNSLookup": {
      "average": 0.000005743920000000001,
      "fastest": 0.000002695,
      "slowest": 0.000032401
    }
  },
  "statusCodeDistribution": {
    "200": 441967
  },
  "errorDistribution": {}
}