{
  "summary": {
    "successRate": 1,
    "total": 10.000631426,
    "slowest": 0.009448115,
    "fastest": 0.000276466,
    "average": 0.0011233852288373668,
    "requestsPerSec": 44435.29423998992,
    "totalData": 5776953,
    "sizePerRequest": 13,
    "sizePerSec": 577658.825119869
  },
  "responseTimeHistogram": {
    "0.000276466": 1,
    "0.0011936309": 350611,
    "0.0021107958000000002": 90821,
    "0.0030279607": 1938,
    "0.0039451256": 516,
    "0.004862290500000001": 22,
    "0.0057794554": 136,
    "0.006696620300000001": 78,
    "0.007613785200000001": 208,
    "0.0085309501": 0,
    "0.009448115": 50
  },
  "latencyPercentiles": {
    "p10": 0.000972671,
    "p25": 0.001028804,
    "p50": 0.001117504,
    "p75": 0.001183768,
    "p90": 0.001236272,
    "p95": 0.001294822,
    "p99": 0.00174014
  },
  "rps": {
    "mean": 44421.26347579868,
    "stddev": 4104.279141394139,
    "max": 68142.89321339634,
    "percentiles": {
      "p10": 40849.472304107825,
      "p25": 44199.91622107084,
      "p50": 45303.53216204657,
      "p75": 46225.59511201168,
      "p90": 47109.49256275119,
      "p95": 47805.58312969254,
      "p99": 49551.598079079915
    }
  },
  "details": {
    "DNSDialup": {
      "average": 0.00065305326,
      "fastest": 0.000078069,
      "slowest": 0.00089817
    },
    "DNSLookup": {
      "average": 0.0000075929000000000015,
      "fastest": 0.000003276,
      "slowest": 0.000049803
    }
  },
  "statusCodeDistribution": {
    "200": 444381
  },
  "errorDistribution": {}
}