{
  "summary": {
    "successRate": 1,
    "total": 10.000737025,
    "slowest": 0.009835059,
    "fastest": 0.000198871,
    "average": 0.0011173727326739416,
    "requestsPerSec": 44676.6072223562,
    "totalData": 5808387,
    "sizePerRequest": 13,
    "sizePerSec": 580795.8938906306
  },
  "responseTimeHistogram": {
    "0.000198871": 1,
    "0.0011624898": 313511,
    "0.0021261086": 130256,
    "0.0030897273999999997": 2042,
    "0.0040533462": 484,
    "0.005016965": 23,
    "0.0059805838": 178,
    "0.0069442026": 56,
    "0.0079078214": 198,
    "0.0088714402": 0,
    "0.009835059": 50
  },
  "latencyPercentiles": {
    "p10": 0.000970686,
    "p25": 0.001020785,
    "p50": 0.001111325,
    "p75": 0.001173616,
    "p90": 0.001225726,
    "p95": 0.001282027,
    "p99": 0.001744542
  },
  "rps": {
    "mean": 44682.67151315428,
    "stddev": 3976.65014355808,
    "max": 55190.938571085986,
    "percentiles": {
      "p10": 40950.98448883274,
      "p25": 44308.2457645372,
      "p50": 45540.982993007034,
      "p75": 46441.463099094304,
      "p90": 47496.96549971752,
      "p95": 48127.43263660388,
      "p99": 49443.14028714374
    }
  },
  "details": {
    "DNSDialup": {
      "average": 0.0006813465999999999,
      "fastest": 0.000113752,
      "slowest": 0.001096126
    },
    "DNSLookup": {
      "average": 0.000006094880000000001,
      "fastest": 0.000003426,
      "slowest": 0.000028854
    }
  },
  "statusCodeDistribution": {
    "200": 446799
  },
  "errorDistribution": {}
}