{
  "summary": {
    "successRate": 1,
    "total": 10.000683839,
    "slowest": 0.009203051,
    "fastest": 0.000120304,
    "average": 0.0011230327972795704,
    "requestsPerSec": 44452.260181085,
    "totalData": 5779189,
    "sizePerRequest": 13,
    "sizePerSec": 577879.382354105
  },
  "responseTimeHistogram": {
    "0.000120304": 1,
    "0.0010285787": 112532,
    "0.0019368534000000002": 328691,
    "0.0028451281": 1779,
    "0.0037534028": 935,
    "0.0046616775": 119,
    "0.0055699522000000005": 45,
    "0.0064782269": 171,
    "0.0073865016": 217,
    "0.0082947763": 13,
    "0.009203051": 50
  },
  "latencyPercentiles": {
    "p10": 0.000976357,
    "p25": 0.001027714,
    "p50": 0.001117674,
    "p75": 0.001181507,
    "p90": 0.001232641,
    "p95": 0.001288366,
    "p99": 0.001653199
  },
  "rps": {
    "mean": 44456.18495159714,
    "stddev": 3928.236223622149,
    "max": 58410.416316472234,
    "percentiles": {
      "p10": 40911.44277010578,
      "p25": 44148.98959518696,
      "p50": 45300.3498573152,
      "p75": 46183.06486046529,
      "p90": 47136.51205255612,
      "p95": 47700.300511893685,
      "p99": 49124.143917911206
    }
  },
  "details": {
    "DNSDialup": {
      "average": 0.0005458813600000001,
      "fastest": 0.000071814,
      "slowest": 0.000968898
    },
    "DNSLookup": {
      "average": 0.0000059922,
      "fastest": 0.000003306,
      "slowest": 0.000029145
    }
  },
  "statusCodeDistribution": {
    "200": 444553
  },
  "errorDistribution": {}
}