{
  "summary": {
    "successRate": 0.704714631128591,
    "total": 10.000963792,
    "slowest": 0.010368973,
    "fastest": 0.000167041,
    "average": 0.0010587498032562227,
    "requestsPerSec": 54711.62693716509,
    "totalData": 5012774,
    "sizePerRequest": 13,
    "sizePerSec": 501229.091941102
  },
  "responseTimeHistogram": {
    "0.000167041": 1,
    "0.0011872342": 290138,
    "0.0022074274000000002": 93326,
    "0.0032276206000000003": 1502,
    "0.0042478138": 109,
    "0.005268007": 93,
    "0.0062882002": 151,
    "0.0073083934": 168,
    "0.0083285866": 60,
    "0.0093487798": 0,
    "0.010368973": 50
  },
  "latencyPercentiles": {
    "p10": 0.000720924,
    "p25": 0.000918798,
    "p50": 0.001074799,
    "p75": 0.001186368,
    "p90": 0.001264319,
    "p95": 0.001338544,
    "p99": 0.001783294
  },
  "rps": {
    "mean": 47156.91564080236,
    "stddev": 7227.308973141266,
    "max": 70952.09278566824,
    "percentiles": {
      "p10": 40821.378286196836,
      "p25": 43604.90555187088,
      "p50": 45438.445468712875,
      "p75": 51013.25324319377,
      "p90": 56227.80131424161,
      "p95": 60146.510885863994,
      "p99": 66805.97967409994
    }
  },
  "details": {
    "DNSDialup": {
      "average": 0.0009192951199999998,
      "fastest": 0.000088795,
      "slowest": 0.001544222
    },
    "DNSLookup": {
      "average": 0.00000697396,
      "fastest": 0.000003848,
      "slowest": 0.000015469
    }
  },
  "statusCodeDistribution": {
    "200": 385598
  },
  "errorDistribution": {
    "Connection refused (os error 111)": 161571
  }
}