{
  "summary": {
    "successRate": 1,
    "total": 10.000645651,
    "slowest": 0.006559333,
    "fastest": 0.00030111,
    "average": 0.001076913012412102,
    "requestsPerSec": 46355.0070843321,
    "totalData": 6026540,
    "sizePerRequest": 13,
    "sizePerSec": 602615.0920963173
  },
  "responseTimeHistogram": {
    "0.00030111": 1,
    "0.0009269323": 30572,
    "0.0015527546": 430979,
    "0.0021785768999999996": 1424,
    "0.0028043991999999996": 316,
    "0.0034302214999999995": 119,
    "0.0040560438": 14,
    "0.004681866099999999": 25,
    "0.0053076884": 30,
    "0.0059335107": 0,
    "0.006559333": 100
  },
  "latencyPercentiles": {
    "p10": 0.000948905,
    "p25": 0.000997484,
    "p50": 0.0010832,
    "p75": 0.001143066,
    "p90": 0.001187805,
    "p95": 0.001230641,
    "p99": 0.001393755
  },
  "rps": {
    "mean": 46359.62275990418,
    "stddev": 2929.575286289036,
    "max": 63010.76719131835,
    "percentiles": {
      "p10": 44559.00057265721,
      "p25": 45814.53236966862,
      "p50": 46685.751235883945,
      "p75": 47542.90271541416,
      "p90": 48553.52054569801,
      "p95": 49133.39452674496,
      "p99": 50898.60685684936
    }
  },
  "details": {
    "DNSDialup": {
      "average": 0.0007277690599999999,
      "fastest": 0.000089499,
      "slowest": 0.001285401
    },
    "DNSLookup": {
      "average": 0.000006839939999999999,
      "fastest": 0.000002645,
      "slowest": 0.00003224
    }
  },
  "statusCodeDistribution": {
    "200": 463580
  },
  "errorDistribution": {}
}