{
  "summary": {
    "successRate": 1,
    "total": 10.000641838,
    "slowest": 0.006215464,
    "fastest": 0.000383692,
    "average": 0.0011063762669507847,
    "requestsPerSec": 45118.9040972832,
    "totalData": 5865834,
    "sizePerRequest": 13,
    "sizePerSec": 586545.7532646817
  },
  "responseTimeHistogram": {
    "0.000383692": 1,
    "0.0009668692": 44218,
    "0.0015500464000000002": 405204,
    "0.0021332236000000003": 1219,
    "0.0027164008000000006": 350,
    "0.0032995780000000005": 87,
    "0.003882755200000001": 36,
    "0.004465932400000001": 15,
    "0.005049109600000001": 26,
    "0.0056322868000000005": 12,
    "0.006215464": 50
  },
  "latencyPercentiles": {
    "p10": 0.000968271,
    "p25": 0.001026078,
    "p50": 0.001112089,
    "p75": 0.001183799,
    "p90": 0.001229962,
    "p95": 0.001268944,
    "p99": 0.001411814
  },
  "rps": {
    "mean": 45118.004780227246,
    "stddev": 2827.771767784231,
    "max": 63856.61473330067,
    "percentiles": {
      "p10": 43096.98545607045,
      "p25": 44415.13223555118,
      "p50": 45392.41896501246,
      "p75": 46326.74442955934,
      "p90": 47108.225096101334,
      "p95": 47737.79401151793,
      "p99": 49605.84441197147
    }
  },
  "details": {
    "DNSDialup": {
      "average": 0.00072090108,
      "fastest": 0.00008297,
      "slowest": 0.001402754
    },
    "DNSLookup": {
      "average": 0.000008090960000000002,
      "fastest": 0.000003206,
      "slowest": 0.000032701
    }
  },
  "statusCodeDistribution": {
    "200": 451218
  },
  "errorDistribution": {}
}