{
  "summary": {
    "successRate": 1,
    "total": 10.000525738,
    "slowest": 0.007017521,
    "fastest": 0.000148753,
    "average": 0.0010654367005710603,
    "requestsPerSec": 46859.736405590156,
    "totalData": 6092086,
    "sizePerRequest": 13,
    "sizePerSec": 609176.573272672
  },
  "responseTimeHistogram": {
    "0.000148753": 1,
    "0.0008356297999999999": 4013,
    "0.0015225065999999998": 462235,
    "0.0022093834000000002": 1706,
    "0.0028962602": 330,
    "0.0035831369999999997": 181,
    "0.0042700138": 61,
    "0.0049568906": 17,
    "0.005643767399999999": 14,
    "0.006330644199999999": 13,
    "0.007017520999999999": 51
  },
  "latencyPercentiles": {
    "p10": 0.000943998,
    "p25": 0.000984109,
    "p50": 0.001073614,
    "p75": 0.001128057,
    "p90": 0.001164161,
    "p95": 0.001197111,
    "p99": 0.001373115
  },
  "rps": {
    "mean": 46858.34614760038,
    "stddev": 2620.5692268739413,
    "max": 52323.194872287844,
    "percentiles": {
      "p10": 46048.81053000307,
      "p25": 46576.68897206141,
      "p50": 47270.75013172226,
      "p75": 47751.29269210573,
      "p90": 48420.539993062535,
      "p95": 48762.78375682357,
      "p99": 49750.23966900441
    }
  },
  "details": {
    "DNSDialup": {
      "average": 0.0008038106600000003,
      "fastest": 0.000094953,
      "slowest": 0.001726756
    },
    "DNSLookup": {
      "average": 0.000006130999999999999,
      "fastest": 0.000002523,
      "slowest": 0.000051918
    }
  },
  "statusCodeDistribution": {
    "200": 468622
  },
  "errorDistribution": {}
}