{
  "summary": {
    "successRate": 1,
    "total": 10.000599996,
    "slowest": 0.006541669,
    "fastest": 0.000353028,
    "average": 0.001127023733500406,
    "requestsPerSec": 44292.342477168306,
    "totalData": 5758350,
    "sizePerRequest": 13,
    "sizePerSec": 575800.452203188
  },
  "responseTimeHistogram": {
    "0.000353028": 1,
    "0.0009718921000000001": 37527,
    "0.0015907562": 402894,
    "0.0022096203000000003": 2025,
    "0.0028284844": 292,
    "0.0034473485": 25,
    "0.004066212600000001": 39,
    "0.0046850767000000005": 33,
    "0.0053039408": 45,
    "0.0059228049": 35,
    "0.006541669": 34
  },
  "latencyPercentiles": {
    "p10": 0.000982649,
    "p25": 0.001039373,
    "p50": 0.001130786,
    "p75": 0.001199725,
    "p90": 0.001256747,
    "p95": 0.001317152,
    "p99": 0.001505976
  },
  "rps": {
    "mean": 44288.70226045898,
    "stddev": 2670.4552563454017,
    "max": 58261.1503418454,
    "percentiles": {
      "p10": 42670.307866271076,
      "p25": 43594.68329264145,
      "p50": 44482.31897950331,
      "p75": 45434.87733650296,
      "p90": 46406.31589959405,
      "p95": 47009.2467188316,
      "p99": 48306.69047663214
    }
  },
  "details": {
    "DNSDialup": {
      "average": 0.0008011373599999999,
      "fastest": 0.000082877,
      "slowest": 0.001618783
    },
    "DNSLookup": {
      "average": 0.00000963638,
      "fastest": 0.000003537,
      "slowest": 0.000162132
    }
  },
  "statusCodeDistribution": {
    "200": 442950
  },
  "errorDistribution": {}
}