{
  "summary": {
    "successRate": 1,
    "total": 10.000703082,
    "slowest": 0.006425511,
    "fastest": 0.000282076,
    "average": 0.0011364546686350374,
    "requestsPerSec": 43925.21169743094,
    "totalData": 5710679,
    "sizePerRequest": 13,
    "sizePerSec": 571027.7520666022
  },
  "responseTimeHistogram": {
    "0.000282076": 1,
    "0.0008964195": 9999,
    "0.001510763": 426946,
    "0.0021251065": 1783,
    "0.00273945": 279,
    "0.0033537935": 55,
    "0.003968137": 68,
    "0.0045824805000000005": 3,
    "0.005196824": 45,
    "0.0058111675": 48,
    "0.006425511": 56
  },
  "latencyPercentiles": {
    "p10": 0.000996801,
    "p25": 0.001049117,
    "p50": 0.001143995,
    "p75": 0.001209779,
    "p90": 0.001261726,
    "p95": 0.001313292,
    "p99": 0.001444997
  },
  "rps": {
    "mean": 43922.08489406589,
    "stddev": 2766.9657676146608,
    "max": 57468.962231318175,
    "percentiles": {
      "p10": 41616.342737792926,
      "p25": 43240.31294375649,
      "p50": 44324.048687549344,
      "p75": 45234.02956043656,
      "p90": 46008.529981460415,
      "p95": 46504.17710404558,
      "p99": 48756.3854528994
    }
  },
  "details": {
    "DNSDialup": {
      "average": 0.0006014401200000001,
      "fastest": 0.00007639,
      "slowest": 0.001032658
    },
    "DNSLookup": {
      "average": 0.000006194360000000003,
      "fastest": 0.000003366,
      "slowest": 0.000031378
    }
  },
  "statusCodeDistribution": {
    "200": 439283
  },
  "errorDistribution": {}
}