{
  "summary": {
    "successRate": 1,
    "total": 10.000622091,
    "slowest": 0.007008942,
    "fastest": 0.000383535,
    "average": 0.0011309287115087074,
    "requestsPerSec": 44140.354068299726,
    "totalData": 5738603,
    "sizePerRequest": 13,
    "sizePerSec": 573824.6028878965
  },
  "responseTimeHistogram": {
    "0.000383535": 1,
    "0.0010460757": 111165,
    "0.0017086164": 328944,
    "0.0023711571": 965,
    "0.0030336978": 252,
    "0.0036962385": 4,
    "0.0043587792": 4,
    "0.0050213199": 18,
    "0.0056838606": 12,
    "0.0063464013": 16,
    "0.007008942": 50
  },
  "latencyPercentiles": {
    "p10": 0.000996914,
    "p25": 0.001045491,
    "p50": 0.001138108,
    "p75": 0.001195297,
    "p90": 0.00125358,
    "p95": 0.001304945,
    "p99": 0.001417625
  },
  "rps": {
    "mean": 44136.28835145714,
    "stddev": 2415.1661197734475,
    "max": 56725.304684031915,
    "percentiles": {
      "p10": 42500.442004596574,
      "p25": 43432.36145251771,
      "p50": 44359.413274171835,
      "p75": 45228.72093979465,
      "p90": 45865.72202682816,
      "p95": 46425.39469089514,
      "p99": 47619.66822625378
    }
  },
  "details": {
    "DNSDialup": {
      "average": 0.00080482718,
      "fastest": 0.000081733,
      "slowest": 0.001489955
    },
    "DNSLookup": {
      "average": 0.000006852359999999999,
      "fastest": 0.000003456,
      "slowest": 0.000036398
    }
  },
  "statusCodeDistribution": {
    "200": 441431
  },
  "errorDistribution": {}
}