{
  "summary": {
    "successRate": 1,
    "total": 10.00070859,
    "slowest": 0.008393539,
    "fastest": 0.000190898,
    "average": 0.001126667977773824,
    "requestsPerSec": 44313.959957111394,
    "totalData": 5761223,
    "sizePerRequest": 13,
    "sizePerSec": 576081.4794424481
  },
  "responseTimeHistogram": {
    "0.000190898": 1,
    "0.0010111621": 89500,
    "0.0018314262000000002": 349859,
    "0.0026516903000000005": 1156,
    "0.0034719544000000003": 914,
    "0.0042922185": 1042,
    "0.005112482600000001": 60,
    "0.005932746700000001": 233,
    "0.0067530108000000005": 109,
    "0.0075732749": 89,
    "0.008393539": 208
  },
  "latencyPercentiles": {
    "p10": 0.000975495,
    "p25": 0.001025026,
    "p50": 0.001116082,
    "p75": 0.001177584,
    "p90": 0.001230369,
    "p95": 0.001288569,
    "p99": 0.001590857
  },
  "rps": {
    "mean": 44314.85426862617,
    "stddev": 4360.120657816367,
    "max": 49828.35097182645,
    "percentiles": {
      "p10": 39930.95847210338,
      "p25": 44268.04745413961,
      "p50": 45422.58209351207,
      "p75": 46334.14662130348,
      "p90": 47180.91054349018,
      "p95": 47690.25411847435,
      "p99": 49101.104774856125
    }
  },
  "details": {
    "DNSDialup": {
      "average": 0.0005222297400000001,
      "fastest": 0.000072656,
      "slowest": 0.000775827
    },
    "DNSLookup": {
      "average": 0.000007198659999999999,
      "fastest": 0.000003476,
      "slowest": 0.000035196
    }
  },
  "statusCodeDistribution": {
    "200": 443171
  },
  "errorDistribution": {}
}