{
  "summary": {
    "successRate": 1,
    "total": 10.000683682,
    "slowest": 0.007354354,
    "fastest": 0.000304699,
    "average": 0.0011249064781568262,
    "requestsPerSec": 44379.26586947518,
    "totalData": 5769699,
    "sizePerRequest": 13,
    "sizePerSec": 576930.4563031774
  },
  "responseTimeHistogram": {
    "0.000304699": 1,
    "0.0010096645": 82304,
    "0.00171463": 357525,
    "0.0024195955": 2240,
    "0.0031245609999999997": 1134,
    "0.0038295264999999995": 102,
    "0.004534492": 10,
    "0.0052394575": 41,
    "0.005944423": 105,
    "0.0066493885": 185,
    "0.007354354": 176
  },
  "latencyPercentiles": {
    "p10": 0.000979639,
    "p25": 0.001028165,
    "p50": 0.001122318,
    "p75": 0.0011814,
    "p90": 0.001236002,
    "p95": 0.00130451,
    "p99": 0.001644056
  },
  "rps": {
    "mean": 44379.86891616169,
    "stddev": 3724.329529891262,
    "max": 60165.02636048552,
    "percentiles": {
      "p10": 40535.20145291074,
      "p25": 44084.47589784212,
      "p50": 45318.80778648683,
      "p75": 46106.786919035985,
      "p90": 46985.586640819165,
      "p95": 47611.76660893313,
      "p99": 48980.0362836832
    }
  },
  "details": {
    "DNSDialup": {
      "average": 0.0008175411799999998,
      "fastest": 0.000107541,
      "slowest": 0.001309417
    },
    "DNSLookup": {
      "average": 0.00000639548,
      "fastest": 0.000003326,
      "slowest": 0.000036749
    }
  },
  "statusCodeDistribution": {
    "200": 443823
  },
  "errorDistribution": {}
}