{
  "summary": {
    "successRate": 1,
    "total": 10.000491457,
    "slowest": 0.006322811,
    "fastest": 0.000305031,
    "average": 0.0010925649819451446,
    "requestsPerSec": 45691.754446743485,
    "totalData": 5940220,
    "sizePerRequest": 13,
    "sizePerSec": 593992.8078076653
  },
  "responseTimeHistogram": {
    "0.000305031": 1,
    "0.0009068090000000001": 10909,
    "0.001508587": 444327,
    "0.0021103650000000003": 1135,
    "0.002712143": 412,
    "0.003313921": 26,
    "0.003915699000000001": 33,
    "0.004517477000000001": 14,
    "0.0051192550000000005": 22,
    "0.005721033": 11,
    "0.006322811": 50
  },
  "latencyPercentiles": {
    "p10": 0.000964254,
    "p25": 0.001010792,
    "p50": 0.001101141,
    "p75": 0.001155723,
    "p90": 0.001204447,
    "p95": 0.001248767,
    "p99": 0.001356864
  },
  "rps": {
    "mean": 45692.260544336925,
    "stddev": 2395.0087905191767,
    "max": 54944.09111081116,
    "percentiles": {
      "p10": 44153.2603821156,
      "p25": 45235.90222104255,
      "p50": 46047.98660684313,
      "p75": 46703.58683547222,
      "p90": 47389.41434698962,
      "p95": 47771.16156186737,
      "p99": 48917.505235590375
    }
  },
  "details": {
    "DNSDialup": {
      "average": 0.0008313264200000001,
      "fastest": 0.000442486,
      "slowest": 0.001254953
    },
    "DNSLookup": {
      "average": 0.00000600204,
      "fastest": 0.000003045,
      "slowest": 0.000030807
    }
  },
  "statusCodeDistribution": {
    "200": 456940
  },
  "errorDistribution": {}
}