{
  "summary": {
    "successRate": 1,
    "total": 10.000703296,
    "slowest": 0.00634683,
    "fastest": 0.000117853,
    "average": 0.001131208398531748,
    "requestsPerSec": 44130.89629171616,
    "totalData": 5737420,
    "sizePerRequest": 13,
    "sizePerSec": 573701.6517923102
  },
  "responseTimeHistogram": {
    "0.000117853": 1,
    "0.0007407507": 1974,
    "0.0013636484": 426323,
    "0.0019865460999999997": 12231,
    "0.0026094437999999998": 615,
    "0.0032323415": 87,
    "0.0038552391999999995": 15,
    "0.0044781369000000005": 1,
    "0.0051010346": 24,
    "0.0057239323": 19,
    "0.00634683": 50
  },
  "latencyPercentiles": {
    "p10": 0.000990144,
    "p25": 0.00104533,
    "p50": 0.001138334,
    "p75": 0.001204878,
    "p90": 0.001259636,
    "p95": 0.001315895,
    "p99": 0.001451468
  },
  "rps": {
    "mean": 44126.90749832013,
    "stddev": 2737.4499252044097,
    "max": 56975.907416554735,
    "percentiles": {
      "p10": 41859.893722380846,
      "p25": 43500.722691329946,
      "p50": 44457.44346269786,
      "p75": 45457.198117082015,
      "p90": 46329.131758049516,
      "p95": 46766.6471488511,
      "p99": 48172.29739973998
    }
  },
  "details": {
    "DNSDialup": {
      "average": 0.00078778288,
      "fastest": 0.000117149,
      "slowest": 0.001235802
    },
    "DNSLookup": {
      "average": 0.000007265319999999998,
      "fastest": 0.000003376,
      "slowest": 0.000033563
    }
  },
  "statusCodeDistribution": {
    "200": 441340
  },
  "errorDistribution": {}
}