{
  "summary": {
    "successRate": 1,
    "total": 10.000330073,
    "slowest": 0.00677762,
    "fastest": 0.000157895,
    "average": 0.0010643008543024678,
    "requestsPerSec": 46903.851830491476,
    "totalData": 6097702,
    "sizePerRequest": 13,
    "sizePerSec": 609750.0737963892
  },
  "responseTimeHistogram": {
    "0.000157895": 1,
    "0.0008198675": 13899,
    "0.00148184": 453141,
    "0.0021438125": 1474,
    "0.002805785": 387,
    "0.0034677575": 29,
    "0.00412973": 30,
    "0.0047917025": 28,
    "0.005453675": 9,
    "0.0061156475": 6,
    "0.00677762": 50
  },
  "latencyPercentiles": {
    "p10": 0.000927098,
    "p25": 0.000989307,
    "p50": 0.00106964,
    "p75": 0.001143269,
    "p90": 0.00118526,
    "p95": 0.001216083,
    "p99": 0.001333136
  },
  "rps": {
    "mean": 46898.96352454389,
    "stddev": 2773.2043141651475,
    "max": 63674.96738932089,
    "percentiles": {
      "p10": 45507.10821030145,
      "p25": 46318.293485361624,
      "p50": 46918.47649604453,
      "p75": 47855.5880879873,
      "p90": 48925.07862128798,
      "p95": 49701.6495324824,
      "p99": 51307.58839232331
    }
  },
  "details": {
    "DNSDialup": {
      "average": 0.00078495176,
      "fastest": 0.000081061,
      "slowest": 0.001600011
    },
    "DNSLookup": {
      "average": 0.00000927812,
      "fastest": 0.000003387,
      "slowest": 0.000172534
    }
  },
  "statusCodeDistribution": {
    "200": 469054
  },
  "errorDistribution": {}
}