{
  "summary": {
    "successRate": 1,
    "total": 10.000586062,
    "slowest": 0.006517281,
    "fastest": 0.000342411,
    "average": 0.0010940984041720742,
    "requestsPerSec": 45629.12585032459,
    "totalData": 5932134,
    "sizePerRequest": 13,
    "sizePerSec": 593178.6360542197
  },
  "responseTimeHistogram": {
    "0.000342411": 1,
    "0.000959898": 43580,
    "0.001577385": 411273,
    "0.002194872": 1022,
    "0.002812359": 290,
    "0.003429846": 24,
    "0.004047333": 31,
    "0.00466482": 17,
    "0.005282307": 21,
    "0.005899794": 8,
    "0.006517281": 51
  },
  "latencyPercentiles": {
    "p10": 0.000962174,
    "p25": 0.001012422,
    "p50": 0.001103543,
    "p75": 0.001163385,
    "p90": 0.001211213,
    "p95": 0.001257226,
    "p99": 0.001372773
  },
  "rps": {
    "mean": 45625.58469964897,
    "stddev": 2598.5015196396134,
    "max": 55925.40691235757,
    "percentiles": {
      "p10": 43709.83781841466,
      "p25": 45123.49939184353,
      "p50": 45963.01069135713,
      "p75": 46638.80348449831,
      "p90": 47580.56340996398,
      "p95": 48397.63333547847,
      "p99": 49798.281889135484
    }
  },
  "details": {
    "DNSDialup": {
      "average": 0.00079557914,
      "fastest": 0.000083224,
      "slowest": 0.001610993
    },
    "DNSLookup": {
      "average": 0.000009710740000000001,
      "fastest": 0.000003266,
      "slowest": 0.000171075
    }
  },
  "statusCodeDistribution": {
    "200": 456318
  },
  "errorDistribution": {}
}