{
  "summary": {
    "successRate": 1,
    "total": 10.000669113,
    "slowest": 0.008344295,
    "fastest": 0.000254256,
    "average": 0.0011191383564585098,
    "requestsPerSec": 44607.81523309259,
    "totalData": 5799404,
    "sizePerRequest": 13,
    "sizePerSec": 579901.5980302037
  },
  "responseTimeHistogram": {
    "0.000254256": 1,
    "0.0010632599": 173718,
    "0.0018722638000000002": 268831,
    "0.0026812677000000004": 1132,
    "0.0034902716000000003": 812,
    "0.0042992755": 982,
    "0.0051082794": 69,
    "0.005917283300000001": 213,
    "0.0067262872": 52,
    "0.007535291100000001": 98,
    "0.008344295": 200
  },
  "latencyPercentiles": {
    "p10": 0.000969287,
    "p25": 0.001017446,
    "p50": 0.001109556,
    "p75": 0.00116973,
    "p90": 0.001225294,
    "p95": 0.001294999,
    "p99": 0.001561454
  },
  "rps": {
    "mean": 44609.85906635586,
    "stddev": 4291.382915229141,
    "max": 50864.45958471779,
    "percentiles": {
      "p10": 40006.36060723228,
      "p25": 44525.79622243148,
      "p50": 45763.03958715108,
      "p75": 46615.35509797383,
      "p90": 47481.60969713715,
      "p95": 47973.59727940208,
      "p99": 49189.2113831154
    }
  },
  "details": {
    "DNSDialup": {
      "average": 0.0007642261000000002,
      "fastest": 0.000079907,
      "slowest": 0.001275178
    },
    "DNSLookup": {
      "average": 0.000006614220000000001,
      "fastest": 0.000003166,
      "slowest": 0.000035166
    }
  },
  "statusCodeDistribution": {
    "200": 446108
  },
  "errorDistribution": {}
}