{
  "summary": {
    "successRate": 1,
    "total": 10.000560237,
    "slowest": 0.006850727,
    "fastest": 0.000231441,
    "average": 0.0011222322979682663,
    "requestsPerSec": 44486.80768443233,
    "totalData": 5783609,
    "sizePerRequest": 13,
    "sizePerSec": 578328.4998976203
  },
  "responseTimeHistogram": {
    "0.000231441": 1,
    "0.0008933696": 9382,
    "0.0015552982": 433406,
    "0.0022172268": 1424,
    "0.0028791554": 304,
    "0.0035410840000000003": 204,
    "0.004203012599999999": 22,
    "0.004864941199999999": 0,
    "0.0055268698": 22,
    "0.0061887984": 22,
    "0.006850727": 106
  },
  "latencyPercentiles": {
    "p10": 0.000987388,
    "p25": 0.001036718,
    "p50": 0.001129715,
    "p75": 0.001189596,
    "p90": 0.001240517,
    "p95": 0.001288807,
    "p99": 0.00143556
  },
  "rps": {
    "mean": 44483.78214018369,
    "stddev": 2912.687965903326,
    "max": 66799.97239736877,
    "percentiles": {
      "p10": 42138.73392422284,
      "p25": 44085.150468127526,
      "p50": 44919.665829699574,
      "p75": 45643.67186523892,
      "p90": 46547.23147577643,
      "p95": 47209.49855110711,
      "p99": 48825.84840414696
    }
  },
  "details": {
    "DNSDialup": {
      "average": 0.00049970592,
      "fastest": 0.000069319,
      "slowest": 0.000771276
    },
    "DNSLookup": {
      "average": 0.000005713120000000001,
      "fastest": 0.000003075,
      "slowest": 0.000031769
    }
  },
  "statusCodeDistribution": {
    "200": 444893
  },
  "errorDistribution": {}
}