{
  "summary": {
    "successRate": 1,
    "total": 10.000914474,
    "slowest": 0.007513714,
    "fastest": 0.000261947,
    "average": 0.0011155109837115678,
    "requestsPerSec": 44751.60758184082,
    "totalData": 5818241,
    "sizePerRequest": 13,
    "sizePerSec": 581770.8985639306
  },
  "responseTimeHistogram": {
    "0.000261947": 1,
    "0.0009871237000000001": 60924,
    "0.0017123004": 382321,
    "0.0024374771": 2570,
    "0.0031626538": 1016,
    "0.0038878305": 192,
    "0.004613007200000001": 51,
    "0.0053381839000000006": 19,
    "0.0060633606000000005": 62,
    "0.0067885373": 201,
    "0.007513714": 200
  },
  "latencyPercentiles": {
    "p10": 0.000972481,
    "p25": 0.001020563,
    "p50": 0.001111878,
    "p75": 0.001170668,
    "p90": 0.001220454,
    "p95": 0.001281714,
    "p99": 0.00168338
  },
  "rps": {
    "mean": 44753.88386907275,
    "stddev": 3744.514518622219,
    "max": 54115.44965799471,
    "percentiles": {
      "p10": 40883.914274528055,
      "p25": 44455.8042571846,
      "p50": 45621.66116472324,
      "p75": 46418.04393755648,
      "p90": 47282.36114487804,
      "p95": 47682.70599557695,
      "p99": 49107.40539673479
    }
  },
  "details": {
    "DNSDialup": {
      "average": 0.0008028837199999999,
      "fastest": 0.000102208,
      "slowest": 0.001525526
    },
    "DNSLookup": {
      "average": 0.00000672914,
      "fastest": 0.000003086,
      "slowest": 0.000030146
    }
  },
  "statusCodeDistribution": {
    "200": 447557
  },
  "errorDistribution": {}
}