{
  "summary": {
    "successRate": 1,
    "total": 10.000667146,
    "slowest": 0.006877221,
    "fastest": 0.000254365,
    "average": 0.0011367319342518996,
    "requestsPerSec": 43910.17055053579,
    "totalData": 5708703,
    "sizePerRequest": 13,
    "sizePerSec": 570832.2171569653
  },
  "responseTimeHistogram": {
    "0.000254365": 1,
    "0.0009166506": 10521,
    "0.0015789362": 425600,
    "0.0022412217999999997": 2396,
    "0.0029035073999999998": 293,
    "0.003565793": 194,
    "0.0042280786": 22,
    "0.0048903642": 9,
    "0.0055526498": 15,
    "0.0062149354": 24,
    "0.006877221": 56
  },
  "latencyPercentiles": {
    "p10": 0.001002339,
    "p25": 0.001052894,
    "p50": 0.001142449,
    "p75": 0.001204403,
    "p90": 0.001252174,
    "p95": 0.001295737,
    "p99": 0.001495972
  },
  "rps": {
    "mean": 43907.72346652739,
    "stddev": 2580.0462891562324,
    "max": 50965.544768688225,
    "percentiles": {
      "p10": 42612.225447479024,
      "p25": 43534.705867517165,
      "p50": 44226.05356815712,
      "p75": 44838.46566582276,
      "p90": 45554.00013505151,
      "p95": 46289.86714808045,
      "p99": 48298.52562448503
    }
  },
  "details": {
    "DNSDialup": {
      "average": 0.0009802231600000001,
      "fastest": 0.000111782,
      "slowest": 0.001389433
    },
    "DNSLookup": {
      "average": 0.000008317419999999997,
      "fastest": 0.000003577,
      "slowest": 0.000038261
    }
  },
  "statusCodeDistribution": {
    "200": 439131
  },
  "errorDistribution": {}
}