{
  "summary": {
    "successRate": 1,
    "total": 10.000647394,
    "slowest": 0.006979733,
    "fastest": 0.000311971,
    "average": 0.0011254143222690018,
    "requestsPerSec": 44361.928035396144,
    "totalData": 5767424,
    "sizePerRequest": 13,
    "sizePerSec": 576705.06446015
  },
  "responseTimeHistogram": {
    "0.000311971": 1,
    "0.0009787472": 34673,
    "0.0016455234": 407106,
    "0.0023122995999999996": 1338,
    "0.0029790757999999997": 263,
    "0.0036458519999999998": 170,
    "0.0043126282": 4,
    "0.0049794044": 15,
    "0.0056461806": 25,
    "0.0063129568": 3,
    "0.006979733": 50
  },
  "latencyPercentiles": {
    "p10": 0.00099123,
    "p25": 0.001041735,
    "p50": 0.001134226,
    "p75": 0.001194102,
    "p90": 0.001243672,
    "p95": 0.001288696,
    "p99": 0.001431488
  },
  "rps": {
    "mean": 44360.50762057017,
    "stddev": 2537.6999272983144,
    "max": 56127.109393838175,
    "percentiles": {
      "p10": 42872.767949039764,
      "p25": 43806.69558777234,
      "p50": 44531.28322646529,
      "p75": 45402.143163171786,
      "p90": 46393.888754917694,
      "p95": 47014.42872817726,
      "p99": 48506.45620932246
    }
  },
  "details": {
    "DNSDialup": {
      "average": 0.0007850154400000004,
      "fastest": 0.000102752,
      "slowest": 0.001417794
    },
    "DNSLookup": {
      "average": 0.000006806799999999999,
      "fastest": 0.000003356,
      "slowest": 0.000036157
    }
  },
  "statusCodeDistribution": {
    "200": 443648
  },
  "errorDistribution": {}
}