{
  "summary": {
    "successRate": 1,
    "total": 10.000708119,
    "slowest": 0.008425396,
    "fastest": 0.000143377,
    "average": 0.0010824108361481475,
    "requestsPerSec": 46121.93401822049,
    "totalData": 5996276,
    "sizePerRequest": 13,
    "sizePerSec": 599585.1422368664
  },
  "responseTimeHistogram": {
    "0.000143377": 1,
    "0.0009715788999999999": 93815,
    "0.0017997808": 363425,
    "0.0026279827": 1271,
    "0.0034561846": 1053,
    "0.0042843865": 1070,
    "0.0051125884": 53,
    "0.0059407903": 164,
    "0.0067689922": 100,
    "0.007597194099999999": 95,
    "0.008425396": 205
  },
  "latencyPercentiles": {
    "p10": 0.000867832,
    "p25": 0.000989481,
    "p50": 0.001085978,
    "p75": 0.001158442,
    "p90": 0.001223125,
    "p95": 0.001293804,
    "p99": 0.001687233
  },
  "rps": {
    "mean": 46133.13909244786,
    "stddev": 5851.004158679878,
    "max": 71923.61971671604,
    "percentiles": {
      "p10": 40774.95251771819,
      "p25": 44720.965188482194,
      "p50": 46406.42039857479,
      "p75": 47503.80030402755,
      "p90": 51561.827787700415,
      "p95": 54556.626619364906,
      "p99": 64238.01910521405
    }
  },
  "details": {
    "DNSDialup": {
      "average": 0.00076306408,
      "fastest": 0.000112258,
      "slowest": 0.001251533
    },
    "DNSLookup": {
      "average": 0.0000060290400000000005,
      "fastest": 0.000003036,
      "slowest": 0.000025768
    }
  },
  "statusCodeDistribution": {
    "200": 461252
  },
  "errorDistribution": {}
}