{
  "summary": {
    "successRate": 0.4426731639401323,
    "total": 10.000560314,
    "slowest": 0.010490971,
    "fastest": 0.000157874,
    "average": 0.0010945354377447205,
    "requestsPerSec": 60329.619646949715,
    "totalData": 3472014,
    "sizePerRequest": 13,
    "sizePerSec": 347181.94690945995
  },
  "responseTimeHistogram": {
    "0.000157874": 1,
    "0.0011911837": 177506,
    "0.0022244934": 88792,
    "0.0032578030999999997": 444,
    "0.004291112799999999": 185,
    "0.005324422499999999": 0,
    "0.006357732199999999": 0,
    "0.007391041899999998": 0,
    "0.0084243516": 50,
    "0.0094576613": 49,
    "0.010490971": 51
  },
  "latencyPercentiles": {
    "p10": 0.00078124,
    "p25": 0.000976154,
    "p50": 0.001110903,
    "p75": 0.001222523,
    "p90": 0.001294485,
    "p95": 0.001353025,
    "p99": 0.001563074
  },
  "rps": {
    "mean": 45555.90754531591,
    "stddev": 6253.7127408859515,
    "max": 63713.41445305557,
    "percentiles": {
      "p10": 40448.49288915688,
      "p25": 42107.97525051125,
      "p50": 44292.998182982796,
      "p75": 49405.81012326959,
      "p90": 53823.65883191157,
      "p95": 55624.40397949869,
      "p99": 59562.67091513735
    }
  },
  "details": {
    "DNSDialup": {
      "average": 0.0009086182199999999,
      "fastest": 0.000081454,
      "slowest": 0.001863498
    },
    "DNSLookup": {
      "average": 0.00002618972,
      "fastest": 0.000003977,
      "slowest": 0.000978146
    }
  },
  "statusCodeDistribution": {
    "200": 267078
  },
  "errorDistribution": {
    "Connection refused (os error 111)": 336252
  }
}