{
  "summary": {
    "successRate": 1,
    "total": 10.000404556,
    "slowest": 0.006458302,
    "fastest": 0.000164508,
    "average": 0.0011068243242421177,
    "requestsPerSec": 45103.97529161719,
    "totalData": 5863754,
    "sizePerRequest": 13,
    "sizePerSec": 586351.6787910236
  },
  "responseTimeHistogram": {
    "0.000164508": 1,
    "0.0007938874": 1045,
    "0.0014232668000000001": 446566,
    "0.0020526462": 2772,
    "0.0026820256": 505,
    "0.003311405": 11,
    "0.0039407844": 61,
    "0.0045701638": 21,
    "0.0051995432": 24,
    "0.0058289226000000005": 2,
    "0.006458302": 50
  },
  "latencyPercentiles": {
    "p10": 0.000971918,
    "p25": 0.00102068,
    "p50": 0.001113289,
    "p75": 0.001168919,
    "p90": 0.001229241,
    "p95": 0.001280281,
    "p99": 0.001395824
  },
  "rps": {
    "mean": 45068.62652573283,
    "stddev": 2681.4217950644097,
    "max": 50770.87445506617,
    "percentiles": {
      "p10": 43211.89720781792,
      "p25": 44436.17549046633,
      "p50": 45550.181554338524,
      "p75": 46290.92927237025,
      "p90": 46800.76821995383,
      "p95": 47165.73567859976,
      "p99": 48354.943746243
    }
  },
  "details": {
    "DNSDialup": {
      "average": 0.0007405186599999998,
      "fastest": 0.000078416,
      "slowest": 0.001731514
    },
    "DNSLookup": {
      "average": 0.00000623008,
      "fastest": 0.000003086,
      "slowest": 0.000030077
    }
  },
  "statusCodeDistribution": {
    "200": 451058
  },
  "errorDistribution": {}
}