{
  "summary": {
    "successRate": 1,
    "total": 10.000661263,
    "slowest": 0.010984532,
    "fastest": 0.000034545,
    "average": 0.0006628059952118086,
    "requestsPerSec": 75263.42310830452,
    "totalData": 9784892,
    "sizePerRequest": 13,
    "sizePerSec": 978424.5004079588
  },
  "responseTimeHistogram": {
    "0.000034545": 1,
    "0.0011295437": 715774,
    "0.0022245424": 33628,
    "0.0033195411": 1641,
    "0.004414539800000001": 668,
    "0.005509538500000001": 569,
    "0.006604537200000001": 379,
    "0.0076995359": 9,
    "0.0087945346": 0,
    "0.009889533300000001": 13,
    "0.010984532000000002": 2
  },
  "latencyPercentiles": {
    "p10": 0.000388455,
    "p25": 0.000497844,
    "p50": 0.000616612,
    "p75": 0.000760621,
    "p90": 0.000954389,
    "p95": 0.001125089,
    "p99": 0.001562305
  },
  "rps": {
    "mean": 75171.6686981496,
    "stddev": 11520.887127838188,
    "max": 105033.5582218554,
    "percentiles": {
      "p10": 62850.26558769753,
      "p25": 70575.77245484835,
      "p50": 76884.92709046246,
      "p75": 82119.78265563924,
      "p90": 86572.25241940742,
      "p95": 89605.15229625549,
      "p99": 96624.19469834823
    }
  },
  "details": {
    "DNSDialup": {
      "average": 0.0007176362,
      "fastest": 0.00006953,
      "slowest": 0.0017137
    },
    "DNSLookup": {
      "average": 0.000006250480000000002,
      "fastest": 0.000002655,
      "slowest": 0.000036898
    }
  },
  "statusCodeDistribution": {
    "200": 752684
  },
  "errorDistribution": {}
}