{
  "summary": {
    "successRate": 1,
    "total": 10.000922556,
    "slowest": 0.004110323,
    "fastest": 0.000031206,
    "average": 0.0005994077880486121,
    "requestsPerSec": 83227.92175814144,
    "totalData": 10820628,
    "sizePerRequest": 13,
    "sizePerSec": 1081962.9828558387
  },
  "responseTimeHistogram": {
    "0.000031206": 1,
    "0.0004391177": 212426,
    "0.0008470294": 509123,
    "0.0012549411000000001": 95379,
    "0.0016628528": 14457,
    "0.0020707645000000003": 947,
    "0.0024786762000000005": 19,
    "0.0028865879000000002": 3,
    "0.0032944996000000004": 0,
    "0.0037024113000000006": 0,
    "0.004110323": 1
  },
  "latencyPercentiles": {
    "p10": 0.000350539,
    "p25": 0.000436625,
    "p50": 0.000554535,
    "p75": 0.000725101,
    "p90": 0.000899471,
    "p95": 0.001039524,
    "p99": 0.00137465
  },
  "rps": {
    "mean": 83228.37045468307,
    "stddev": 11196.960085152325,
    "max": 107524.27655885582,
    "percentiles": {
      "p10": 67986.57410346338,
      "p25": 74108.30361981924,
      "p50": 83413.01180825471,
      "p75": 92037.9104152997,
      "p90": 98090.32156810019,
      "p95": 101615.83174658052,
      "p99": 104906.77124612959
    }
  },
  "details": {
    "DNSDialup": {
      "average": 0.0007077448,
      "fastest": 0.000069311,
      "slowest": 0.001613792
    },
    "DNSLookup": {
      "average": 0.000006411080000000001,
      "fastest": 0.000003096,
      "slowest": 0.000029946
    }
  },
  "statusCodeDistribution": {
    "200": 832356
  },
  "errorDistribution": {}
}