{
  "summary": {
    "successRate": 1,
    "total": 10.000597258,
    "slowest": 0.003567827,
    "fastest": 0.000036094,
    "average": 0.0006174916620294463,
    "requestsPerSec": 80805.17384634788,
    "totalData": 10505300,
    "sizePerRequest": 13,
    "sizePerSec": 1050467.2600025225
  },
  "responseTimeHistogram": {
    "0.000036094": 1,
    "0.0003892673": 65696,
    "0.0007424406": 568813,
    "0.0010956139": 141462,
    "0.0014487872": 27457,
    "0.0018019605000000002": 4352,
    "0.0021551338": 292,
    "0.0025083071": 18,
    "0.0028614804": 8,
    "0.0032146537000000003": 0,
    "0.0035678270000000004": 1
  },
  "latencyPercentiles": {
    "p10": 0.000407904,
    "p25": 0.000501375,
    "p50": 0.000556929,
    "p75": 0.000689191,
    "p90": 0.000922698,
    "p95": 0.001070656,
    "p99": 0.001353162
  },
  "rps": {
    "mean": 80803.62547186807,
    "stddev": 9247.604186503255,
    "max": 105942.29956991185,
    "percentiles": {
      "p10": 66826.3217960923,
      "p25": 76766.63343782298,
      "p50": 81867.66362398658,
      "p75": 84729.91608816535,
      "p90": 92606.91773675558,
      "p95": 96979.44627444472,
      "p99": 102420.48409681929
    }
  },
  "details": {
    "DNSDialup": {
      "average": 0.0005217579999999999,
      "fastest": 0.000071763,
      "slowest": 0.00095734
    },
    "DNSLookup": {
      "average": 0.000005792379999999999,
      "fastest": 0.000003005,
      "slowest": 0.000029846
    }
  },
  "statusCodeDistribution": {
    "200": 808100
  },
  "errorDistribution": {}
}