{
  "summary": {
    "successRate": 1,
    "total": 10.00068792,
    "slowest": 0.003082492,
    "fastest": 0.000031497,
    "average": 0.000595127632438215,
    "requestsPerSec": 83836.73270348385,
    "totalData": 10899525,
    "sizePerRequest": 13,
    "sizePerSec": 1089877.5251452902
  },
  "responseTimeHistogram": {
    "0.000031497": 1,
    "0.0003365965": 43442,
    "0.000641696": 563951,
    "0.0009467954999999999": 159535,
    "0.0012518949999999998": 59472,
    "0.0015569944999999999": 10000,
    "0.0018620939999999997": 1836,
    "0.0021671935": 161,
    "0.002472293": 12,
    "0.0027773925": 6,
    "0.003082492": 9
  },
  "latencyPercentiles": {
    "p10": 0.000388348,
    "p25": 0.000477125,
    "p50": 0.000533258,
    "p75": 0.000671344,
    "p90": 0.000905187,
    "p95": 0.001033618,
    "p99": 0.001330939
  },
  "rps": {
    "mean": 83813.43219137815,
    "stddev": 9346.028069127711,
    "max": 109470.83857963576,
    "percentiles": {
      "p10": 69909.31719930419,
      "p25": 79339.73333845429,
      "p50": 84737.87699966619,
      "p75": 88337.78928372718,
      "p90": 96138.54194146398,
      "p95": 99834.94222977856,
      "p99": 105619.31814370825
    }
  },
  "details": {
    "DNSDialup": {
      "average": 0.00063642224,
      "fastest": 0.000070562,
      "slowest": 0.001069904
    },
    "DNSLookup": {
      "average": 0.000006435299999999999,
      "fastest": 0.000003577,
      "slowest": 0.000030738
    }
  },
  "statusCodeDistribution": {
    "200": 838425
  },
  "errorDistribution": {}
}