{
  "summary": {
    "successRate": 1,
    "total": 10.000419531,
    "slowest": 0.003203407,
    "fastest": 0.000030227,
    "average": 0.0005860715478694693,
    "requestsPerSec": 85122.7288376448,
    "totalData": 11066419,
    "sizePerRequest": 13,
    "sizePerSec": 1106595.4748893825
  },
  "responseTimeHistogram": {
    "0.000030227": 1,
    "0.00034754500000000005": 84074,
    "0.000664863": 507828,
    "0.0009821810000000002": 214886,
    "0.0012994990000000002": 35329,
    "0.0016168170000000002": 8665,
    "0.0019341350000000002": 469,
    "0.002251453": 9,
    "0.002568771": 1,
    "0.002886089": 0,
    "0.003203407": 1
  },
  "latencyPercentiles": {
    "p10": 0.000348566,
    "p25": 0.00043113,
    "p50": 0.000547183,
    "p75": 0.000706451,
    "p90": 0.000874756,
    "p95": 0.000990202,
    "p99": 0.001311462
  },
  "rps": {
    "mean": 85103.39131958119,
    "stddev": 12180.243750848944,
    "max": 111048.57770653324,
    "percentiles": {
      "p10": 69014.3153118783,
      "p25": 74539.43541238976,
      "p50": 84962.26943840005,
      "p75": 94513.1751366149,
      "p90": 102309.36130656391,
      "p95": 105323.35637585746,
      "p99": 107863.40258966296
    }
  },
  "details": {
    "DNSDialup": {
      "average": 0.0007845000200000001,
      "fastest": 0.000072783,
      "slowest": 0.001775226
    },
    "DNSLookup": {
      "average": 0.0000074179799999999986,
      "fastest": 0.000003026,
      "slowest": 0.000038933
    }
  },
  "statusCodeDistribution": {
    "200": 851263
  },
  "errorDistribution": {}
}