{
  "summary": {
    "successRate": 1,
    "total": 10.00148757,
    "slowest": 0.003338098,
    "fastest": 0.000049099,
    "average": 0.0006305958673362658,
    "requestsPerSec": 79107.83215621194,
    "totalData": 10285548,
    "sizePerRequest": 13,
    "sizePerSec": 1028401.8180307552
  },
  "responseTimeHistogram": {
    "0.000049099": 1,
    "0.0003779989": 59209,
    "0.0007068988": 524008,
    "0.0010357987": 155307,
    "0.0013646986": 44035,
    "0.0016935984999999999": 7589,
    "0.0020224984": 951,
    "0.0023513983": 64,
    "0.0026802982": 16,
    "0.0030091981": 14,
    "0.003338098": 2
  },
  "latencyPercentiles": {
    "p10": 0.000404456,
    "p25": 0.000505946,
    "p50": 0.000568299,
    "p75": 0.000722957,
    "p90": 0.000945854,
    "p95": 0.001084207,
    "p99": 0.0013846
  },
  "rps": {
    "mean": 79092.7346192589,
    "stddev": 8835.713435708489,
    "max": 105013.28833545836,
    "percentiles": {
      "p10": 65843.90471566682,
      "p25": 74633.9978797953,
      "p50": 80107.03339753253,
      "p75": 83714.95986332544,
      "p90": 89422.48975616995,
      "p95": 94368.00158194022,
      "p99": 100133.91535713826
    }
  },
  "details": {
    "DNSDialup": {
      "average": 0.0005809399600000001,
      "fastest": 0.00008443,
      "slowest": 0.000973889
    },
    "DNSLookup": {
      "average": 0.000007382120000000002,
      "fastest": 0.000004318,
      "slowest": 0.000035666
    }
  },
  "statusCodeDistribution": {
    "200": 791196
  },
  "errorDistribution": {}
}