{
  "summary": {
    "successRate": 1,
    "total": 10.00072229,
    "slowest": 0.002498044,
    "fastest": 0.00003039,
    "average": 0.0005600430940445694,
    "requestsPerSec": 89068.366680943,
    "totalData": 11579724,
    "sizePerRequest": 13,
    "sizePerSec": 1157888.766852259
  },
  "responseTimeHistogram": {
    "0.00003039": 1,
    "0.0002771554": 36595,
    "0.0005239208": 410280,
    "0.0007706862": 318780,
    "0.0010174516": 93499,
    "0.001264217": 22995,
    "0.0015109823999999998": 6902,
    "0.0017577477999999999": 1559,
    "0.0020045132": 127,
    "0.0022512786": 6,
    "0.002498044": 4
  },
  "latencyPercentiles": {
    "p10": 0.000339696,
    "p25": 0.000420378,
    "p50": 0.000523206,
    "p75": 0.000656201,
    "p90": 0.000836117,
    "p95": 0.000957641,
    "p99": 0.00125853
  },
  "rps": {
    "mean": 89049.39954750486,
    "stddev": 10675.528500707367,
    "max": 107805.48729930025,
    "percentiles": {
      "p10": 72356.23129243503,
      "p25": 82463.81874932963,
      "p50": 91332.45955612886,
      "p75": 97341.7985683053,
      "p90": 101212.63133639078,
      "p95": 103226.34336282598,
      "p99": 105606.39974782184
    }
  },
  "details": {
    "DNSDialup": {
      "average": 0.0007814882000000002,
      "fastest": 0.00008033,
      "slowest": 0.001634478
    },
    "DNSLookup": {
      "average": 0.000006251319999999999,
      "fastest": 0.000003376,
      "slowest": 0.000030698
    }
  },
  "statusCodeDistribution": {
    "200": 890748
  },
  "errorDistribution": {}
}