{
  "summary": {
    "successRate": 1,
    "total": 10.001503703,
    "slowest": 0.003205302,
    "fastest": 0.000034935,
    "average": 0.0006819187810119705,
    "requestsPerSec": 73120.40486278466,
    "totalData": 9507082,
    "sizePerRequest": 13,
    "sizePerSec": 950565.2632162006
  },
  "responseTimeHistogram": {
    "0.000034935": 1,
    "0.00035197170000000004": 29524,
    "0.0006690084000000002": 435611,
    "0.0009860451": 187646,
    "0.0013030818000000003": 59872,
    "0.0016201185000000002": 14185,
    "0.0019371552000000004": 3852,
    "0.0022541919000000003": 478,
    "0.0025712286000000003": 105,
    "0.0028882653": 29,
    "0.003205302": 11
  },
  "latencyPercentiles": {
    "p10": 0.000435892,
    "p25": 0.000547821,
    "p50": 0.000614176,
    "p75": 0.000787535,
    "p90": 0.001004258,
    "p95": 0.001178806,
    "p99": 0.001526063
  },
  "rps": {
    "mean": 73112.78980496828,
    "stddev": 8592.69645107393,
    "max": 99796.27518175868,
    "percentiles": {
      "p10": 61763.444603454096,
      "p25": 67981.33449773346,
      "p50": 73634.41672637567,
      "p75": 77129.28598989008,
      "p90": 84630.49236639876,
      "p95": 88707.73554481902,
      "p99": 95100.35308277648
    }
  },
  "details": {
    "DNSDialup": {
      "average": 0.0006357873999999999,
      "fastest": 0.000106759,
      "slowest": 0.000975999
    },
    "DNSLookup": {
      "average": 0.000006659219999999998,
      "fastest": 0.000003436,
      "slowest": 0.00003262
    }
  },
  "statusCodeDistribution": {
    "200": 731314
  },
  "errorDistribution": {}
}