{
  "summary": {
    "successRate": 1,
    "total": 10.000753396,
    "slowest": 0.00329429,
    "fastest": 0.000035811,
    "average": 0.000626501144288906,
    "requestsPerSec": 79628.00085826653,
    "totalData": 10352420,
    "sizePerRequest": 13,
    "sizePerSec": 1035164.0111574649
  },
  "responseTimeHistogram": {
    "0.000035811": 1,
    "0.0003616589": 81720,
    "0.0006875067999999999": 446143,
    "0.0010133546999999998": 210473,
    "0.0013392025999999998": 43670,
    "0.0016650505": 12577,
    "0.0019908983999999998": 1641,
    "0.0023167463": 108,
    "0.0026425942": 2,
    "0.0029684421": 2,
    "0.00329429": 3
  },
  "latencyPercentiles": {
    "p10": 0.000359485,
    "p25": 0.000449304,
    "p50": 0.000575891,
    "p75": 0.000765231,
    "p90": 0.000945245,
    "p95": 0.001100013,
    "p99": 0.001457612
  },
  "rps": {
    "mean": 79631.2571920211,
    "stddev": 11752.647029758036,
    "max": 105543.01023556628,
    "percentiles": {
      "p10": 64122.615264910106,
      "p25": 69922.31920428752,
      "p50": 79352.58735137485,
      "p75": 88912.21524382444,
      "p90": 96202.79950146847,
      "p95": 99086.36367458053,
      "p99": 102926.39032648058
    }
  },
  "details": {
    "DNSDialup": {
      "average": 0.0006345364599999999,
      "fastest": 0.000071966,
      "slowest": 0.000997213
    },
    "DNSLookup": {
      "average": 0.000006155240000000001,
      "fastest": 0.000003346,
      "slowest": 0.000030748
    }
  },
  "statusCodeDistribution": {
    "200": 796340
  },
  "errorDistribution": {}
}