{
  "summary": {
    "successRate": 1,
    "total": 10.000672701,
    "slowest": 0.002673088,
    "fastest": 0.000033442,
    "average": 0.0005749439186517644,
    "requestsPerSec": 86765.56327188216,
    "totalData": 11280282,
    "sizePerRequest": 13,
    "sizePerSec": 1127952.322534468
  },
  "responseTimeHistogram": {
    "0.000033442": 1,
    "0.00029740660000000005": 43568,
    "0.0005613712": 440233,
    "0.0008253358000000001": 281426,
    "0.0010893004000000002": 77380,
    "0.0013532650000000002": 18235,
    "0.0016172296000000004": 5881,
    "0.0018811942000000004": 903,
    "0.0021451588": 82,
    "0.0024091234": 3,
    "0.002673088": 2
  },
  "latencyPercentiles": {
    "p10": 0.000348738,
    "p25": 0.000431984,
    "p50": 0.00053613,
    "p75": 0.000672138,
    "p90": 0.000857663,
    "p95": 0.000984978,
    "p99": 0.001311929
  },
  "rps": {
    "mean": 86756.84727910826,
    "stddev": 10780.54458867385,
    "max": 104229.3926887377,
    "percentiles": {
      "p10": 69450.43828044232,
      "p25": 79908.29695768366,
      "p50": 88962.22750172135,
      "p75": 95161.28886849615,
      "p90": 99252.15918835926,
      "p95": 101130.53130740604,
      "p99": 103137.28412821238
    }
  },
  "details": {
    "DNSDialup": {
      "average": 0.0007983011399999999,
      "fastest": 0.000074741,
      "slowest": 0.0014681
    },
    "DNSLookup": {
      "average": 0.00000743822,
      "fastest": 0.000003587,
      "slowest": 0.000029445
    }
  },
  "statusCodeDistribution": {
    "200": 867714
  },
  "errorDistribution": {}
}