{
  "summary": {
    "successRate": 1,
    "total": 10.000867914,
    "slowest": 0.002736991,
    "fastest": 0.000028964,
    "average": 0.0006010545126968053,
    "requestsPerSec": 83001.89614923055,
    "totalData": 10791183,
    "sizePerRequest": 13,
    "sizePerSec": 1079024.6499399971
  },
  "responseTimeHistogram": {
    "0.000028964": 1,
    "0.0002997667": 42270,
    "0.0005705694000000001": 396311,
    "0.0008413721000000001": 275323,
    "0.0011121748000000001": 86916,
    "0.0013829775": 21402,
    "0.0016537802000000002": 6877,
    "0.0019245829000000003": 862,
    "0.0021953856": 104,
    "0.0024661883": 13,
    "0.002736991": 12
  },
  "latencyPercentiles": {
    "p10": 0.000351257,
    "p25": 0.000438551,
    "p50": 0.000556802,
    "p75": 0.000725387,
    "p90": 0.000903999,
    "p95": 0.001038777,
    "p99": 0.001373921
  },
  "rps": {
    "mean": 82994.99237913346,
    "stddev": 10994.951186166347,
    "max": 107003.59532079841,
    "percentiles": {
      "p10": 67542.07475424439,
      "p25": 74478.44069374113,
      "p50": 83184.21569997736,
      "p75": 91283.09881334574,
      "p90": 98142.02441485567,
      "p95": 100337.17492330362,
      "p99": 104442.26427621621
    }
  },
  "details": {
    "DNSDialup": {
      "average": 0.00060755282,
      "fastest": 0.000077114,
      "slowest": 0.000868207
    },
    "DNSLookup": {
      "average": 0.0000060188000000000016,
      "fastest": 0.000003216,
      "slowest": 0.000027321
    }
  },
  "statusCodeDistribution": {
    "200": 830091
  },
  "errorDistribution": {}
}