{
  "summary": {
    "successRate": 1,
    "total": 10.000766043,
    "slowest": 0.003539492,
    "fastest": 0.000029215,
    "average": 0.0006352626654319098,
    "requestsPerSec": 78526.88450298147,
    "totalData": 10209277,
    "sizePerRequest": 13,
    "sizePerSec": 1020849.4985387591
  },
  "responseTimeHistogram": {
    "0.000029215": 1,
    "0.0003802427": 90246,
    "0.0007312703999999999": 462259,
    "0.0010822980999999998": 190750,
    "0.0014333257999999999": 33617,
    "0.0017843535": 7809,
    "0.0021353811999999996": 581,
    "0.0024864088999999997": 36,
    "0.0028374366": 13,
    "0.0031884643": 14,
    "0.003539492": 3
  },
  "latencyPercentiles": {
    "p10": 0.000367716,
    "p25": 0.000467758,
    "p50": 0.000581748,
    "p75": 0.000777555,
    "p90": 0.000943321,
    "p95": 0.001095826,
    "p99": 0.00144843
  },
  "rps": {
    "mean": 78524.50555170546,
    "stddev": 10875.630489710273,
    "max": 106721.89933374706,
    "percentiles": {
      "p10": 64132.10572458315,
      "p25": 70447.50275110132,
      "p50": 78471.2163469463,
      "p75": 85709.24500368645,
      "p90": 93651.70347414316,
      "p95": 97674.75048654886,
      "p99": 102317.78823782546
    }
  },
  "details": {
    "DNSDialup": {
      "average": 0.0006298279400000003,
      "fastest": 0.000092141,
      "slowest": 0.000963711
    },
    "DNSLookup": {
      "average": 0.00000715208,
      "fastest": 0.000003356,
      "slowest": 0.000040456
    }
  },
  "statusCodeDistribution": {
    "200": 785329
  },
  "errorDistribution": {}
}