{
  "summary": {
    "successRate": 1,
    "total": 10.000817292,
    "slowest": 0.003520363,
    "fastest": 0.000044887,
    "average": 0.0006750448697778737,
    "requestsPerSec": 73862.36328813835,
    "totalData": 9602892,
    "sizePerRequest": 13,
    "sizePerSec": 960210.7227457985
  },
  "responseTimeHistogram": {
    "0.000044887": 1,
    "0.00039243460000000003": 81403,
    "0.0007399822": 399177,
    "0.0010875298000000001": 208271,
    "0.0014350774": 37342,
    "0.001782625": 10763,
    "0.0021301726000000003": 1618,
    "0.0024777202": 81,
    "0.0028252678": 7,
    "0.0031728154": 18,
    "0.003520363": 3
  },
  "latencyPercentiles": {
    "p10": 0.000383258,
    "p25": 0.000486024,
    "p50": 0.000629162,
    "p75": 0.000828183,
    "p90": 0.001000886,
    "p95": 0.001159894,
    "p99": 0.001544753
  },
  "rps": {
    "mean": 73861.91602782153,
    "stddev": 10031.579719631254,
    "max": 97674.40836429116,
    "percentiles": {
      "p10": 60580.91793208211,
      "p25": 65978.17754257019,
      "p50": 73632.67241397346,
      "p75": 81170.54565315184,
      "p90": 87835.31858160421,
      "p95": 90947.30735372171,
      "p99": 95149.39461826952
    }
  },
  "details": {
    "DNSDialup": {
      "average": 0.0008083003400000001,
      "fastest": 0.000087654,
      "slowest": 0.001375027
    },
    "DNSLookup": {
      "average": 0.000006802939999999999,
      "fastest": 0.000003547,
      "slowest": 0.000027491
    }
  },
  "statusCodeDistribution": {
    "200": 738684
  },
  "errorDistribution": {}
}