{
  "summary": {
    "successRate": 1,
    "total": 10.000682535,
    "slowest": 0.003688803,
    "fastest": 0.000043951,
    "average": 0.0006475186347009605,
    "requestsPerSec": 77065.83998669048,
    "totalData": 10019243,
    "sizePerRequest": 13,
    "sizePerSec": 1001855.9198269761
  },
  "responseTimeHistogram": {
    "0.000043951": 1,
    "0.00040843620000000005": 85903,
    "0.0007729214": 499037,
    "0.0011374066": 155316,
    "0.0015018918": 25479,
    "0.001866377": 4589,
    "0.0022308622": 315,
    "0.0025953474": 34,
    "0.0029598326": 25,
    "0.0033243178": 11,
    "0.003688803": 1
  },
  "latencyPercentiles": {
    "p10": 0.000397604,
    "p25": 0.000491927,
    "p50": 0.00061127,
    "p75": 0.000765838,
    "p90": 0.000938919,
    "p95": 0.001087884,
    "p99": 0.001421238
  },
  "rps": {
    "mean": 77052.51443214358,
    "stddev": 6059.821373658715,
    "max": 93584.4080761132,
    "percentiles": {
      "p10": 69140.07358664578,
      "p25": 73037.55464648889,
      "p50": 77360.34106602371,
      "p75": 81197.62955634267,
      "p90": 84779.01964091098,
      "p95": 86418.35525865776,
      "p99": 90280.27858947632
    }
  },
  "details": {
    "DNSDialup": {
      "average": 0.0006652324199999999,
      "fastest": 0.000070572,
      "slowest": 0.001055678
    },
    "DNSLookup": {
      "average": 0.000007034620000000001,
      "fastest": 0.000003396,
      "slowest": 0.000033262
    }
  },
  "statusCodeDistribution": {
    "200": 770711
  },
  "errorDistribution": {}
}