{
  "summary": {
    "successRate": 1,
    "total": 10.00063286,
    "slowest": 0.003089285,
    "fastest": 0.000032427,
    "average": 0.0005702174745416827,
    "requestsPerSec": 87484.56345191739,
    "totalData": 11373713,
    "sizePerRequest": 13,
    "sizePerSec": 1137299.324874926
  },
  "responseTimeHistogram": {
    "0.000032427": 1,
    "0.00033811280000000006": 79672,
    "0.0006437986000000001": 546660,
    "0.0009494844000000001": 200392,
    "0.0012551702000000002": 38593,
    "0.0015608560000000002": 8378,
    "0.0018665418000000003": 1121,
    "0.0021722276": 41,
    "0.0024779134": 14,
    "0.0027835992000000004": 11,
    "0.003089285": 18
  },
  "latencyPercentiles": {
    "p10": 0.000345582,
    "p25": 0.000428033,
    "p50": 0.000533651,
    "p75": 0.000671204,
    "p90": 0.000848252,
    "p95": 0.000965491,
    "p99": 0.001272461
  },
  "rps": {
    "mean": 87480.04825758545,
    "stddev": 10589.06268218084,
    "max": 106411.53549140446,
    "percentiles": {
      "p10": 70978.01997188973,
      "p25": 80941.56349285072,
      "p50": 89410.32885760204,
      "p75": 95945.82372541049,
      "p90": 99650.562695511,
      "p95": 101496.05588740177,
      "p99": 104223.57789631914
    }
  },
  "details": {
    "DNSDialup": {
      "average": 0.0006042648800000001,
      "fastest": 0.000083767,
      "slowest": 0.000968297
    },
    "DNSLookup": {
      "average": 0.000006259799999999999,
      "fastest": 0.000003396,
      "slowest": 0.000030077
    }
  },
  "statusCodeDistribution": {
    "200": 874901
  },
  "errorDistribution": {}
}