{
  "summary": {
    "successRate": 1,
    "total": 10.000753923,
    "slowest": 0.003515151,
    "fastest": 0.000030176,
    "average": 0.0005710389952004556,
    "requestsPerSec": 87356.11402164485,
    "totalData": 11357151,
    "sizePerRequest": 13,
    "sizePerSec": 1135629.4822813831
  },
  "responseTimeHistogram": {
    "0.000030176": 1,
    "0.0003786735": 129355,
    "0.0007271710000000001": 575008,
    "0.0010756685": 145916,
    "0.0014241660000000001": 19758,
    "0.0017726635000000002": 3450,
    "0.002121161": 105,
    "0.0024696585": 15,
    "0.002818156": 12,
    "0.0031666535": 6,
    "0.003515151": 1
  },
  "latencyPercentiles": {
    "p10": 0.000345043,
    "p25": 0.000428739,
    "p50": 0.000534757,
    "p75": 0.000674109,
    "p90": 0.000850274,
    "p95": 0.000965211,
    "p99": 0.001274647
  },
  "rps": {
    "mean": 87342.02030402352,
    "stddev": 10423.438469085791,
    "max": 105817.19529423174,
    "percentiles": {
      "p10": 71364.64923574204,
      "p25": 80262.33045214463,
      "p50": 88653.0943382004,
      "p75": 95612.5982617977,
      "p90": 99810.10078220372,
      "p95": 101872.80711476499,
      "p99": 104120.06508005514
    }
  },
  "details": {
    "DNSDialup": {
      "average": 0.0006324761799999997,
      "fastest": 0.000075308,
      "slowest": 0.001054576
    },
    "DNSLookup": {
      "average": 0.000006056599999999999,
      "fastest": 0.000003246,
      "slowest": 0.000029375
    }
  },
  "statusCodeDistribution": {
    "200": 873627
  },
  "errorDistribution": {}
}