{
  "summary": {
    "successRate": 1,
    "total": 10.002091978,
    "slowest": 0.002917352,
    "fastest": 0.000033675,
    "average": 0.0006148382466833138,
    "requestsPerSec": 81140.92549689609,
    "totalData": 10550527,
    "sizePerRequest": 13,
    "sizePerSec": 1054832.031459649
  },
  "responseTimeHistogram": {
    "0.000033675": 1,
    "0.0003220427": 35556,
    "0.0006104104000000001": 483321,
    "0.0008987781000000001": 203760,
    "0.0011871458": 70068,
    "0.0014755135": 14500,
    "0.0017638812": 3862,
    "0.0020522489": 439,
    "0.0023406166": 60,
    "0.0026289843": 9,
    "0.0029173520000000002": 3
  },
  "latencyPercentiles": {
    "p10": 0.000388308,
    "p25": 0.000484658,
    "p50": 0.000556113,
    "p75": 0.000713719,
    "p90": 0.000917511,
    "p95": 0.00106106,
    "p99": 0.00136952
  },
  "rps": {
    "mean": 81137.81157784064,
    "stddev": 9863.324571144682,
    "max": 107947.65894163071,
    "percentiles": {
      "p10": 66216.11658203737,
      "p25": 75515.99428758708,
      "p50": 82163.33971859192,
      "p75": 86225.28533959895,
      "p90": 93856.62370108101,
      "p95": 98058.88436005816,
      "p99": 102449.49335024008
    }
  },
  "details": {
    "DNSDialup": {
      "average": 0.0007288132600000001,
      "fastest": 0.000068799,
      "slowest": 0.001381221
    },
    "DNSLookup": {
      "average": 0.00000685154,
      "fastest": 0.000003356,
      "slowest": 0.00003689
    }
  },
  "statusCodeDistribution": {
    "200": 811579
  },
  "errorDistribution": {}
}