{
  "summary": {
    "successRate": 1,
    "total": 10.000424967,
    "slowest": 0.004225368,
    "fastest": 0.000031309,
    "average": 0.0005896493900675756,
    "requestsPerSec": 84587.90529316512,
    "totalData": 10996895,
    "sizePerRequest": 13,
    "sizePerSec": 1099642.7688111465
  },
  "responseTimeHistogram": {
    "0.000031309": 1,
    "0.0004507149": 236229,
    "0.0008701208": 520932,
    "0.0012895267": 79486,
    "0.0017089326": 9061,
    "0.0021283385": 189,
    "0.0025477444000000004": 14,
    "0.0029671503": 2,
    "0.0033865562000000003": 0,
    "0.0038059621000000004": 0,
    "0.004225368": 1
  },
  "latencyPercentiles": {
    "p10": 0.000351968,
    "p25": 0.000437328,
    "p50": 0.000553517,
    "p75": 0.000703317,
    "p90": 0.000878895,
    "p95": 0.000997108,
    "p99": 0.001304913
  },
  "rps": {
    "mean": 84597.75895893051,
    "stddev": 11514.341995232078,
    "max": 107158.90525021915,
    "percentiles": {
      "p10": 69326.6369537095,
      "p25": 74045.87141734206,
      "p50": 85003.04310894776,
      "p75": 94902.90402886957,
      "p90": 100003.17010049016,
      "p95": 101945.3146923837,
      "p99": 104297.44825298387
    }
  },
  "details": {
    "DNSDialup": {
      "average": 0.0008420154399999999,
      "fastest": 0.000093485,
      "slowest": 0.002113976
    },
    "DNSLookup": {
      "average": 0.000043157599999999995,
      "fastest": 0.000003156,
      "slowest": 0.00183808
    }
  },
  "statusCodeDistribution": {
    "200": 845915
  },
  "errorDistribution": {}
}