{
  "summary": {
    "successRate": 1,
    "total": 10.000640129,
    "slowest": 0.002944952,
    "fastest": 0.000027008,
    "average": 0.0005956583078274121,
    "requestsPerSec": 83747.73906435404,
    "totalData": 10887903,
    "sizePerRequest": 13,
    "sizePerSec": 1088720.6078366025
  },
  "responseTimeHistogram": {
    "0.000027008": 1,
    "0.0003188024": 58796,
    "0.0006105968": 452893,
    "0.0009023912": 243514,
    "0.0011941856": 62491,
    "0.0014859799999999998": 15850,
    "0.0017777744": 3635,
    "0.0020695687999999998": 325,
    "0.0023613631999999996": 24,
    "0.0026531575999999995": 1,
    "0.0029449519999999994": 1
  },
  "latencyPercentiles": {
    "p10": 0.000346698,
    "p25": 0.000432363,
    "p50": 0.000550522,
    "p75": 0.000722019,
    "p90": 0.000899174,
    "p95": 0.001033767,
    "p99": 0.001369015
  },
  "rps": {
    "mean": 83739.61433332058,
    "stddev": 11669.070751251133,
    "max": 109224.79695909041,
    "percentiles": {
      "p10": 68153.2698886511,
      "p25": 74369.5775106425,
      "p50": 83467.80089467384,
      "p75": 92939.61086215173,
      "p90": 99237.61105458798,
      "p95": 102804.6364891057,
      "p99": 107150.50357723965
    }
  },
  "details": {
    "DNSDialup": {
      "average": 0.0008743497800000002,
      "fastest": 0.000075411,
      "slowest": 0.002051747
    },
    "DNSLookup": {
      "average": 0.0000060312800000000005,
      "fastest": 0.000002645,
      "slowest": 0.000030166
    }
  },
  "statusCodeDistribution": {
    "200": 837531
  },
  "errorDistribution": {}
}