{
  "summary": {
    "successRate": 1,
    "total": 10.000806653,
    "slowest": 0.002340316,
    "fastest": 0.000033054,
    "average": 0.0005987531174795604,
    "requestsPerSec": 83326.07847688184,
    "totalData": 10833264,
    "sizePerRequest": 13,
    "sizePerSec": 1083239.020199464
  },
  "responseTimeHistogram": {
    "0.000033054": 1,
    "0.0002637802": 24115,
    "0.0004945064": 284879,
    "0.0007252326000000001": 319383,
    "0.0009559588000000001": 143239,
    "0.001186685": 41908,
    "0.0014174112000000002": 13831,
    "0.0016481374000000002": 5080,
    "0.0018788636000000001": 781,
    "0.0021095898": 97,
    "0.002340316": 14
  },
  "latencyPercentiles": {
    "p10": 0.000352206,
    "p25": 0.000438116,
    "p50": 0.000554873,
    "p75": 0.000721644,
    "p90": 0.000901258,
    "p95": 0.001033005,
    "p99": 0.001363429
  },
  "rps": {
    "mean": 83307.8093237316,
    "stddev": 11112.181419181887,
    "max": 107086.45894230841,
    "percentiles": {
      "p10": 68043.43218297805,
      "p25": 74453.75561155046,
      "p50": 83889.38413879863,
      "p75": 91524.15322403649,
      "p90": 98632.19673328011,
      "p95": 101424.76208819865,
      "p99": 104739.19586380807
    }
  },
  "details": {
    "DNSDialup": {
      "average": 0.0007530170200000001,
      "fastest": 0.000068397,
      "slowest": 0.001460319
    },
    "DNSLookup": {
      "average": 0.000007161920000000001,
      "fastest": 0.000003517,
      "slowest": 0.000038041
    }
  },
  "statusCodeDistribution": {
    "200": 833328
  },
  "errorDistribution": {}
}