{
  "summary": {
    "successRate": 1,
    "total": 10.001014724,
    "slowest": 0.003291673,
    "fastest": 0.000033823,
    "average": 0.0006151622287065078,
    "requestsPerSec": 81100.97048988206,
    "totalData": 10544196,
    "sizePerRequest": 13,
    "sizePerSec": 1054312.616368467
  },
  "responseTimeHistogram": {
    "0.000033823": 1,
    "0.000359608": 83399,
    "0.000685393": 467778,
    "0.0010111780000000002": 207773,
    "0.001336963": 40031,
    "0.001662748": 10622,
    "0.0019885330000000002": 1387,
    "0.002314318": 53,
    "0.002640103": 20,
    "0.002965888": 14,
    "0.0032916729999999997": 14
  },
  "latencyPercentiles": {
    "p10": 0.000357228,
    "p25": 0.000444809,
    "p50": 0.000565366,
    "p75": 0.000753043,
    "p90": 0.000923107,
    "p95": 0.001064264,
    "p99": 0.00141674
  },
  "rps": {
    "mean": 81109.11594803711,
    "stddev": 11899.78442382485,
    "max": 105581.0651418206,
    "percentiles": {
      "p10": 64597.85424614341,
      "p25": 71702.70319191263,
      "p50": 81210.01319462764,
      "p75": 90832.83607023943,
      "p90": 97174.05573425019,
      "p95": 100302.02722208886,
      "p99": 103944.1648432214
    }
  },
  "details": {
    "DNSDialup": {
      "average": 0.0005218258999999999,
      "fastest": 0.00008039,
      "slowest": 0.000835845
    },
    "DNSLookup": {
      "average": 0.000006665860000000001,
      "fastest": 0.000003296,
      "slowest": 0.000034956
    }
  },
  "statusCodeDistribution": {
    "200": 811092
  },
  "errorDistribution": {}
}