{
  "summary": {
    "successRate": 1,
    "total": 10.000652627,
    "slowest": 0.002760859,
    "fastest": 0.000032461,
    "average": 0.0006000762648586769,
    "requestsPerSec": 83146.473636635,
    "totalData": 10809747,
    "sizePerRequest": 13,
    "sizePerSec": 1080904.157276255
  },
  "responseTimeHistogram": {
    "0.000032461": 1,
    "0.0003053008": 29869,
    "0.0005781406": 486209,
    "0.0008509803999999999": 203820,
    "0.0011238201999999998": 87873,
    "0.0013966599999999999": 17789,
    "0.0016694997999999997": 5241,
    "0.0019423395999999997": 607,
    "0.0022151794": 79,
    "0.0024880192": 16,
    "0.002760859": 15
  },
  "latencyPercentiles": {
    "p10": 0.000385615,
    "p25": 0.000474896,
    "p50": 0.000536234,
    "p75": 0.000688892,
    "p90": 0.000920613,
    "p95": 0.001039217,
    "p99": 0.001342854
  },
  "rps": {
    "mean": 83117.06742614678,
    "stddev": 9407.13421774212,
    "max": 107713.0763674718,
    "percentiles": {
      "p10": 69413.17123438102,
      "p25": 77609.864213746,
      "p50": 84282.77411245594,
      "p75": 88033.38689473142,
      "p90": 95285.90023906597,
      "p95": 99415.05143879031,
      "p99": 103902.41053592307
    }
  },
  "details": {
    "DNSDialup": {
      "average": 0.0006032400000000002,
      "fastest": 0.000082988,
      "slowest": 0.000874864
    },
    "DNSLookup": {
      "average": 0.000006164379999999998,
      "fastest": 0.000003466,
      "slowest": 0.000029926
    }
  },
  "statusCodeDistribution": {
    "200": 831519
  },
  "errorDistribution": {}
}