{
  "summary": {
    "successRate": 1,
    "total": 10.000577937,
    "slowest": 0.002717665,
    "fastest": 0.000033673,
    "average": 0.0005999270659933828,
    "requestsPerSec": 83161.09381269252,
    "totalData": 10811567,
    "sizePerRequest": 13,
    "sizePerSec": 1081094.2195650027
  },
  "responseTimeHistogram": {
    "0.000033673": 1,
    "0.00030207220000000003": 44343,
    "0.0005704714": 398858,
    "0.0008388706000000001": 269493,
    "0.0011072698": 90249,
    "0.001375669": 20664,
    "0.0016440682000000001": 7035,
    "0.0019124674": 944,
    "0.0021808666000000003": 60,
    "0.0024492658000000002": 11,
    "0.002717665": 1
  },
  "latencyPercentiles": {
    "p10": 0.000350116,
    "p25": 0.000435394,
    "p50": 0.000554007,
    "p75": 0.000731296,
    "p90": 0.000902062,
    "p95": 0.001030687,
    "p99": 0.001370253
  },
  "rps": {
    "mean": 83167.9055601971,
    "stddev": 11930.623341078935,
    "max": 107678.16357894166,
    "percentiles": {
      "p10": 66940.3851343531,
      "p25": 73181.86122997379,
      "p50": 84167.58310766633,
      "p75": 92835.94254798433,
      "p90": 99103.16139085019,
      "p95": 102349.53266722642,
      "p99": 105715.78336645965
    }
  },
  "details": {
    "DNSDialup": {
      "average": 0.00070771416,
      "fastest": 0.000074039,
      "slowest": 0.001273354
    },
    "DNSLookup": {
      "average": 0.000007155299999999998,
      "fastest": 0.000003045,
      "slowest": 0.000031027
    }
  },
  "statusCodeDistribution": {
    "200": 831659
  },
  "errorDistribution": {}
}