{
  "summary": {
    "successRate": 1,
    "total": 10.001362786,
    "slowest": 0.002951771,
    "fastest": 0.000037457,
    "average": 0.0006126749629440756,
    "requestsPerSec": 81428.00310573596,
    "totalData": 10587083,
    "sizePerRequest": 13,
    "sizePerSec": 1058564.0403745675
  },
  "responseTimeHistogram": {
    "0.000037457": 1,
    "0.00032888840000000003": 59867,
    "0.0006203198": 427186,
    "0.0009117512": 242287,
    "0.0012031826000000001": 62822,
    "0.0014946140000000002": 17031,
    "0.0017860454000000001": 4751,
    "0.0020774768": 370,
    "0.0023689082": 55,
    "0.0026603396": 19,
    "0.002951771": 2
  },
  "latencyPercentiles": {
    "p10": 0.000353454,
    "p25": 0.000441508,
    "p50": 0.000564567,
    "p75": 0.000749929,
    "p90": 0.000920283,
    "p95": 0.001062798,
    "p99": 0.001418608
  },
  "rps": {
    "mean": 81432.85905034395,
    "stddev": 11850.273243714164,
    "max": 107157.20944984528,
    "percentiles": {
      "p10": 65731.7550108474,
      "p25": 71840.43179501123,
      "p50": 81344.55241135905,
      "p75": 91094.80488436625,
      "p90": 97637.67838008457,
      "p95": 100418.25603894431,
      "p99": 103954.8172551739
    }
  },
  "details": {
    "DNSDialup": {
      "average": 0.0008099756800000001,
      "fastest": 0.000097087,
      "slowest": 0.001409675
    },
    "DNSLookup": {
      "average": 0.000009759220000000001,
      "fastest": 0.000003597,
      "slowest": 0.000159892
    }
  },
  "statusCodeDistribution": {
    "200": 814391
  },
  "errorDistribution": {}
}