{
  "summary": {
    "successRate": 1,
    "total": 10.000672145,
    "slowest": 0.003190435,
    "fastest": 0.000032009,
    "average": 0.000569260284411767,
    "requestsPerSec": 87616.71088658612,
    "totalData": 11390938,
    "sizePerRequest": 13,
    "sizePerSec": 1139017.2415256195
  },
  "responseTimeHistogram": {
    "0.000032009": 1,
    "0.00034785160000000003": 93261,
    "0.0006636942000000001": 558132,
    "0.0009795368": 183343,
    "0.0012953794": 33467,
    "0.001611222": 7063,
    "0.0019270646000000002": 873,
    "0.0022429072": 41,
    "0.0025587498": 23,
    "0.0028745924": 9,
    "0.003190435": 13
  },
  "latencyPercentiles": {
    "p10": 0.00034273,
    "p25": 0.000426376,
    "p50": 0.000531361,
    "p75": 0.000669448,
    "p90": 0.000853072,
    "p95": 0.000970656,
    "p99": 0.001278294
  },
  "rps": {
    "mean": 87615.76288081198,
    "stddev": 10830.759876757476,
    "max": 105951.96944101248,
    "percentiles": {
      "p10": 70849.26187312014,
      "p25": 80715.70200848432,
      "p50": 89847.25066912813,
      "p75": 96215.09614858916,
      "p90": 99808.24991344412,
      "p95": 101618.77915039056,
      "p99": 103813.61053606315
    }
  },
  "details": {
    "DNSDialup": {
      "average": 0.0006286828800000002,
      "fastest": 0.00008923,
      "slowest": 0.00106807
    },
    "DNSLookup": {
      "average": 0.000006038739999999998,
      "fastest": 0.000003036,
      "slowest": 0.000032861
    }
  },
  "statusCodeDistribution": {
    "200": 876226
  },
  "errorDistribution": {}
}