{
  "summary": {
    "successRate": 1,
    "total": 10.000845357,
    "slowest": 0.003436398,
    "fastest": 0.000042883,
    "average": 0.0006703372904910492,
    "requestsPerSec": 74389.81140522,
    "totalData": 9671493,
    "sizePerRequest": 13,
    "sizePerSec": 967067.54826786
  },
  "responseTimeHistogram": {
    "0.000042883": 1,
    "0.00038223449999999997": 79432,
    "0.0007215859999999999": 393629,
    "0.0010609374999999998": 216663,
    "0.0014002889999999999": 39225,
    "0.0017396405": 12358,
    "0.0020789919999999996": 2433,
    "0.0024183434999999996": 177,
    "0.0027576949999999997": 28,
    "0.0030970464999999997": 11,
    "0.003436398": 4
  },
  "latencyPercentiles": {
    "p10": 0.000376552,
    "p25": 0.000477333,
    "p50": 0.000621839,
    "p75": 0.000828916,
    "p90": 0.000994838,
    "p95": 0.001161285,
    "p99": 0.001555965
  },
  "rps": {
    "mean": 74385.08329433243,
    "stddev": 11000.630371710295,
    "max": 99998.3667601439,
    "percentiles": {
      "p10": 60456.27269862438,
      "p25": 65466.55329808445,
      "p50": 73130.56126154824,
      "p75": 83137.48221796507,
      "p90": 90019.85243152564,
      "p95": 93215.17036919507,
      "p99": 97530.32001360225
    }
  },
  "details": {
    "DNSDialup": {
      "average": 0.0008352371799999999,
      "fastest": 0.000100203,
      "slowest": 0.001414288
    },
    "DNSLookup": {
      "average": 0.00000682918,
      "fastest": 0.000003317,
      "slowest": 0.000031859
    }
  },
  "statusCodeDistribution": {
    "200": 743961
  },
  "errorDistribution": {}
}