{
  "summary": {
    "successRate": 1,
    "total": 10.001238572,
    "slowest": 0.011466805,
    "fastest": 0.000021525,
    "average": 0.000424629081935836,
    "requestsPerSec": 117445.65351020405,
    "totalData": 15269826,
    "sizePerRequest": 13,
    "sizePerSec": 1526793.4956326527
  },
  "responseTimeHistogram": {
    "0.000021525": 1,
    "0.0011660530000000002": 1173239,
    "0.0023105810000000004": 1262,
    "0.0034551090000000005": 0,
    "0.004599637": 0,
    "0.005744165000000001": 0,
    "0.006888693": 0,
    "0.008033221": 0,
    "0.009177749": 0,
    "0.010322277000000001": 2,
    "0.011466805000000002": 98
  },
  "latencyPercentiles": {
    "p10": 0.000260495,
    "p25": 0.000325392,
    "p50": 0.000402734,
    "p75": 0.000482981,
    "p90": 0.000627776,
    "p95": 0.000728604,
    "p99": 0.000921194
  },
  "rps": {
    "mean": 117402.0553862252,
    "stddev": 15611.70757742909,
    "max": 151247.35554702065,
    "percentiles": {
      "p10": 100325.33214636217,
      "p25": 105418.1625564122,
      "p50": 115953.88239732466,
      "p75": 128735.31528280617,
      "p90": 138893.26238311027,
      "p95": 143608.8032196354,
      "p99": 148730.32611349702
    }
  },
  "details": {
    "DNSDialup": {
      "average": 0.00048113084000000003,
      "fastest": 0.000061464,
      "slowest": 0.000635227
    },
    "DNSLookup": {
      "average": 0.000005300560000000001,
      "fastest": 0.000002811,
      "slowest": 0.000039462
    }
  },
  "statusCodeDistribution": {
    "200": 1174602
  },
  "errorDistribution": {}
}