{
  "summary": {
    "successRate": 1,
    "total": 10.001014894,
    "slowest": 0.003021969,
    "fastest": 0.000032893,
    "average": 0.0006151635401634382,
    "requestsPerSec": 81091.67005506111,
    "totalData": 10542987,
    "sizePerRequest": 13,
    "sizePerSec": 1054191.7107157945
  },
  "responseTimeHistogram": {
    "0.000032893": 1,
    "0.0003318006": 61994,
    "0.0006307082": 427538,
    "0.0009296158": 245674,
    "0.0012285234": 55842,
    "0.0015274309999999999": 15497,
    "0.0018263386": 4064,
    "0.0021252462": 307,
    "0.0024241538": 62,
    "0.0027230614": 3,
    "0.003021969": 17
  },
  "latencyPercentiles": {
    "p10": 0.000353015,
    "p25": 0.000441711,
    "p50": 0.000566113,
    "p75": 0.000760366,
    "p90": 0.000917116,
    "p95": 0.001057365,
    "p99": 0.001425021
  },
  "rps": {
    "mean": 81085.17821442036,
    "stddev": 11849.216032374192,
    "max": 108318.63008224567,
    "percentiles": {
      "p10": 65201.609897967006,
      "p25": 71605.69185911557,
      "p50": 81023.78858433016,
      "p75": 89979.15466235444,
      "p90": 97706.2922852252,
      "p95": 100686.02972238991,
      "p99": 105222.19453451248
    }
  },
  "details": {
    "DNSDialup": {
      "average": 0.0005038551200000002,
      "fastest": 0.000067415,
      "slowest": 0.000702737
    },
    "DNSLookup": {
      "average": 0.000006097440000000002,
      "fastest": 0.000003195,
      "slowest": 0.000029074
    }
  },
  "statusCodeDistribution": {
    "200": 810999
  },
  "errorDistribution": {}
}