{
  "summary": {
    "successRate": 1,
    "total": 10.002137041,
    "slowest": 0.003036485,
    "fastest": 0.000039485,
    "average": 0.0006162178436333826,
    "requestsPerSec": 80959.6985804786,
    "totalData": 10527010,
    "sizePerRequest": 13,
    "sizePerSec": 1052476.0815462216
  },
  "responseTimeHistogram": {
    "0.000039485": 1,
    "0.000339185": 50210,
    "0.000638885": 481842,
    "0.0009385849999999999": 204296,
    "0.0012382849999999998": 58042,
    "0.0015379849999999997": 12221,
    "0.0018376849999999997": 2790,
    "0.002137385": 291,
    "0.002437085": 50,
    "0.002736785": 11,
    "0.003036485": 16
  },
  "latencyPercentiles": {
    "p10": 0.000377713,
    "p25": 0.00047851,
    "p50": 0.000556705,
    "p75": 0.000732354,
    "p90": 0.000916077,
    "p95": 0.001057728,
    "p99": 0.001375988
  },
  "rps": {
    "mean": 80954.38349215113,
    "stddev": 10366.340743518811,
    "max": 106203.43037079937,
    "percentiles": {
      "p10": 65802.52023652509,
      "p25": 74149.10895486227,
      "p50": 82342.36374845487,
      "p75": 86497.30081367122,
      "p90": 94874.85048379614,
      "p95": 99210.23849660737,
      "p99": 103502.74282268413
    }
  },
  "details": {
    "DNSDialup": {
      "average": 0.0007519052,
      "fastest": 0.00010408,
      "slowest": 0.001166735
    },
    "DNSLookup": {
      "average": 0.000009251559999999995,
      "fastest": 0.000003256,
      "slowest": 0.000156331
    }
  },
  "statusCodeDistribution": {
    "200": 809770
  },
  "errorDistribution": {}
}