{
  "summary": {
    "successRate": 1,
    "total": 10.000617874,
    "slowest": 0.002992855,
    "fastest": 0.000033375,
    "average": 0.0006174606386460673,
    "requestsPerSec": 80798.60766410881,
    "totalData": 10504468,
    "sizePerRequest": 13,
    "sizePerSec": 1050381.8996334146
  },
  "responseTimeHistogram": {
    "0.000033375": 1,
    "0.00032932299999999996": 57696,
    "0.0006252709999999999": 424702,
    "0.0009212189999999999": 243162,
    "0.001217167": 60880,
    "0.0015131149999999998": 16933,
    "0.0018090629999999999": 4267,
    "0.002105011": 334,
    "0.002400959": 34,
    "0.0026969069999999997": 4,
    "0.0029928549999999996": 23
  },
  "latencyPercentiles": {
    "p10": 0.000356888,
    "p25": 0.000445606,
    "p50": 0.000568875,
    "p75": 0.000757139,
    "p90": 0.000924952,
    "p95": 0.00106578,
    "p99": 0.001420435
  },
  "rps": {
    "mean": 80787.06502862461,
    "stddev": 12006.390856449283,
    "max": 106219.96935424214,
    "percentiles": {
      "p10": 64508.51512399183,
      "p25": 70238.75610604424,
      "p50": 80851.85029158954,
      "p75": 90588.07878900663,
      "p90": 96807.99900368424,
      "p95": 100579.38731040437,
      "p99": 104239.16296453124
    }
  },
  "details": {
    "DNSDialup": {
      "average": 0.0005024609999999999,
      "fastest": 0.000077846,
      "slowest": 0.000755014
    },
    "DNSLookup": {
      "average": 0.00000666928,
      "fastest": 0.000003416,
      "slowest": 0.000034155
    }
  },
  "statusCodeDistribution": {
    "200": 808036
  },
  "errorDistribution": {}
}