{
  "summary": {
    "successRate": 1,
    "total": 10.000727625,
    "slowest": 0.002604038,
    "fastest": 0.000029255,
    "average": 0.000608642601433898,
    "requestsPerSec": 81965.13601179095,
    "totalData": 10656243,
    "sizePerRequest": 13,
    "sizePerSec": 1065546.7681532823
  },
  "responseTimeHistogram": {
    "0.000029255": 1,
    "0.0002867333": 32172,
    "0.0005442115999999999": 348517,
    "0.0008016898999999999": 286872,
    "0.0010591682": 112966,
    "0.0013166464999999998": 26763,
    "0.0015741248": 9804,
    "0.0018316031": 2346,
    "0.0020890814": 241,
    "0.0023465597": 12,
    "0.002604038": 17
  },
  "latencyPercentiles": {
    "p10": 0.000355604,
    "p25": 0.000441904,
    "p50": 0.000561792,
    "p75": 0.000740958,
    "p90": 0.000913229,
    "p95": 0.001049924,
    "p99": 0.00140245
  },
  "rps": {
    "mean": 81955.50986734983,
    "stddev": 11085.122744847426,
    "max": 104617.14675035169,
    "percentiles": {
      "p10": 66808.65840212876,
      "p25": 73113.5453359065,
      "p50": 82203.14015995285,
      "p75": 90524.2061727253,
      "p90": 97005.19947869354,
      "p95": 100124.21003398173,
      "p99": 103727.32917751964
    }
  },
  "details": {
    "DNSDialup": {
      "average": 0.0005137761,
      "fastest": 0.000070992,
      "slowest": 0.000848629
    },
    "DNSLookup": {
      "average": 0.000006417240000000001,
      "fastest": 0.000003257,
      "slowest": 0.000033723
    }
  },
  "statusCodeDistribution": {
    "200": 819711
  },
  "errorDistribution": {}
}