{
  "summary": {
    "successRate": 1,
    "total": 10.000707,
    "slowest": 0.003155274,
    "fastest": 0.000039754,
    "average": 0.000618033149439687,
    "requestsPerSec": 80723.19287026407,
    "totalData": 10494757,
    "sizePerRequest": 13,
    "sizePerSec": 1049401.5073134329
  },
  "responseTimeHistogram": {
    "0.000039754": 1,
    "0.000351306": 55471,
    "0.000662858": 502393,
    "0.00097441": 182633,
    "0.0012859619999999999": 53829,
    "0.001597514": 10616,
    "0.0019090659999999998": 2143,
    "0.0022206179999999997": 150,
    "0.00253217": 29,
    "0.002843722": 7,
    "0.003155274": 17
  },
  "latencyPercentiles": {
    "p10": 0.000383513,
    "p25": 0.00048081,
    "p50": 0.000554795,
    "p75": 0.000730119,
    "p90": 0.000931667,
    "p95": 0.001062903,
    "p99": 0.001393218
  },
  "rps": {
    "mean": 80676.42453905636,
    "stddev": 10393.573700020945,
    "max": 107478.1903835084,
    "percentiles": {
      "p10": 65305.02848719335,
      "p25": 74007.22310497446,
      "p50": 82372.8010815964,
      "p75": 86263.48992858651,
      "p90": 93922.83264061248,
      "p95": 97806.81713515472,
      "p99": 103900.7792558442
    }
  },
  "details": {
    "DNSDialup": {
      "average": 0.00050826264,
      "fastest": 0.000073166,
      "slowest": 0.000899926
    },
    "DNSLookup": {
      "average": 0.0000067173800000000006,
      "fastest": 0.000003406,
      "slowest": 0.000037861
    }
  },
  "statusCodeDistribution": {
    "200": 807289
  },
  "errorDistribution": {}
}