{
  "summary": {
    "successRate": 1,
    "total": 10.000724589,
    "slowest": 0.00294982,
    "fastest": 0.000030157,
    "average": 0.0005937665958364714,
    "requestsPerSec": 84023.51174876455,
    "totalData": 10923848,
    "sizePerRequest": 13,
    "sizePerSec": 1092305.652733939
  },
  "responseTimeHistogram": {
    "0.000030157": 1,
    "0.00032212330000000005": 62588,
    "0.0006140896": 456573,
    "0.0009060559000000001": 242878,
    "0.0011980222000000003": 58750,
    "0.0014899885000000002": 15851,
    "0.0017819548000000004": 3390,
    "0.0020739211000000003": 249,
    "0.0023658874000000002": 14,
    "0.0026578537": 0,
    "0.00294982": 2
  },
  "latencyPercentiles": {
    "p10": 0.000344756,
    "p25": 0.000430245,
    "p50": 0.000549156,
    "p75": 0.000721068,
    "p90": 0.000892446,
    "p95": 0.001030963,
    "p99": 0.001362498
  },
  "rps": {
    "mean": 84028.08705855507,
    "stddev": 11377.905254649027,
    "max": 108909.5840433931,
    "percentiles": {
      "p10": 67990.52938988645,
      "p25": 75244.59747292477,
      "p50": 83968.7909297651,
      "p75": 93100.90082174643,
      "p90": 99206.53809165022,
      "p95": 102412.19807441438,
      "p99": 105946.06534921656
    }
  },
  "details": {
    "DNSDialup": {
      "average": 0.0007940906599999999,
      "fastest": 0.000072466,
      "slowest": 0.001549508
    },
    "DNSLookup": {
      "average": 0.000005635020000000001,
      "fastest": 0.000002795,
      "slowest": 0.000032762
    }
  },
  "statusCodeDistribution": {
    "200": 840296
  },
  "errorDistribution": {}
}