{
  "summary": {
    "successRate": 1,
    "total": 10.000582507,
    "slowest": 0.00326022,
    "fastest": 0.000031777,
    "average": 0.0005702055087685262,
    "requestsPerSec": 87472.40467119722,
    "totalData": 11372075,
    "sizePerRequest": 13,
    "sizePerSec": 1137141.2607255639
  },
  "responseTimeHistogram": {
    "0.000031777": 1,
    "0.00035462129999999994": 99824,
    "0.0006774655999999999": 563186,
    "0.0010003098999999999": 172975,
    "0.0013231541999999998": 31439,
    "0.0016459984999999998": 6616,
    "0.0019688428": 696,
    "0.0022916871": 35,
    "0.0026145314": 2,
    "0.0029373756999999997": 0,
    "0.00326022": 1
  },
  "latencyPercentiles": {
    "p10": 0.000343688,
    "p25": 0.000426706,
    "p50": 0.00053143,
    "p75": 0.000670516,
    "p90": 0.000854694,
    "p95": 0.000979897,
    "p99": 0.001287205
  },
  "rps": {
    "mean": 87474.67348671895,
    "stddev": 10602.680517346016,
    "max": 105976.53517087572,
    "percentiles": {
      "p10": 71763.64717868288,
      "p25": 81046.60179603196,
      "p50": 89165.5764453763,
      "p75": 95979.03079048719,
      "p90": 99646.72529182093,
      "p95": 101847.09409631013,
      "p99": 103963.03278677912
    }
  },
  "details": {
    "DNSDialup": {
      "average": 0.00089097356,
      "fastest": 0.000080981,
      "slowest": 0.001541012
    },
    "DNSLookup": {
      "average": 0.000008801160000000002,
      "fastest": 0.000003817,
      "slowest": 0.000043331
    }
  },
  "statusCodeDistribution": {
    "200": 874775
  },
  "errorDistribution": {}
}