{
  "summary": {
    "successRate": 1,
    "total": 10.002663644,
    "slowest": 0.004355567,
    "fastest": 0.000036068,
    "average": 0.0006373365021782234,
    "requestsPerSec": 78277.24972734273,
    "totalData": 10178753,
    "sizePerRequest": 13,
    "sizePerSec": 1017604.2464554554
  },
  "responseTimeHistogram": {
    "0.000036068": 1,
    "0.0004680179": 172283,
    "0.0008999678": 506761,
    "0.0013319177000000002": 91015,
    "0.0017638676000000001": 11862,
    "0.0021958175000000003": 882,
    "0.0026277674000000006": 128,
    "0.0030597173000000005": 23,
    "0.0034916672000000004": 6,
    "0.0039236171": 1,
    "0.004355567": 19
  },
  "latencyPercentiles": {
    "p10": 0.000388795,
    "p25": 0.000480751,
    "p50": 0.000575705,
    "p75": 0.000762313,
    "p90": 0.000963372,
    "p95": 0.001098913,
    "p99": 0.001422622
  },
  "rps": {
    "mean": 78271.65748330075,
    "stddev": 8611.210835748254,
    "max": 100548.68706772283,
    "percentiles": {
      "p10": 67306.61110411162,
      "p25": 71811.92077885012,
      "p50": 78730.20090506694,
      "p75": 84349.27684753407,
      "p90": 88509.22037794483,
      "p95": 92087.58450161343,
      "p99": 98134.99493919479
    }
  },
  "details": {
    "DNSDialup": {
      "average": 0.0005295842999999999,
      "fastest": 0.000075844,
      "slowest": 0.000913899
    },
    "DNSLookup": {
      "average": 0.00000684522,
      "fastest": 0.000003416,
      "slowest": 0.000026619
    }
  },
  "statusCodeDistribution": {
    "200": 782981
  },
  "errorDistribution": {}
}