{
  "summary": {
    "successRate": 1,
    "total": 10.001656887,
    "slowest": 0.003499411,
    "fastest": 0.00003271,
    "average": 0.0006054441702560431,
    "requestsPerSec": 82391.0487342436,
    "totalData": 10712611,
    "sizePerRequest": 13,
    "sizePerSec": 1071083.6335451668
  },
  "responseTimeHistogram": {
    "0.00003271": 1,
    "0.0003793801": 86809,
    "0.0007260502000000001": 547644,
    "0.0010727203000000002": 154816,
    "0.0014193904000000001": 28885,
    "0.0017660605": 5266,
    "0.0021127306000000004": 519,
    "0.0024594007000000003": 83,
    "0.0028060708": 12,
    "0.0031527409": 11,
    "0.003499411": 1
  },
  "latencyPercentiles": {
    "p10": 0.000375019,
    "p25": 0.000466433,
    "p50": 0.000549889,
    "p75": 0.000703149,
    "p90": 0.00092461,
    "p95": 0.001049582,
    "p99": 0.001354892
  },
  "rps": {
    "mean": 82374.81231435985,
    "stddev": 11260.203011829686,
    "max": 104128.62495900427,
    "percentiles": {
      "p10": 64790.70943416082,
      "p25": 75830.54987466447,
      "p50": 83833.1308533162,
      "p75": 90743.2391534577,
      "p90": 96634.55395292502,
      "p95": 98821.7681827548,
      "p99": 101759.98473298406
    }
  },
  "details": {
    "DNSDialup": {
      "average": 0.0006577545,
      "fastest": 0.000084147,
      "slowest": 0.001789024
    },
    "DNSLookup": {
      "average": 0.000007335059999999998,
      "fastest": 0.000003136,
      "slowest": 0.000029716
    }
  },
  "statusCodeDistribution": {
    "200": 824047
  },
  "errorDistribution": {}
}