{
  "summary": {
    "successRate": 1,
    "total": 10.000639063,
    "slowest": 0.005773943,
    "fastest": 0.000264727,
    "average": 0.0009454036688423194,
    "requestsPerSec": 52792.92619942043,
    "totalData": 6863519,
    "sizePerRequest": 13,
    "sizePerSec": 686308.0405924655
  },
  "responseTimeHistogram": {
    "0.000264727": 1,
    "0.0008156486": 57494,
    "0.0013665702": 468721,
    "0.0019174918": 1562,
    "0.0024684134": 83,
    "0.0030193349999999997": 4,
    "0.0035702566": 12,
    "0.0041211782": 29,
    "0.0046720998": 2,
    "0.005223021400000001": 5,
    "0.005773943": 50
  },
  "latencyPercentiles": {
    "p10": 0.000807065,
    "p25": 0.000884444,
    "p50": 0.000957896,
    "p75": 0.001019151,
    "p90": 0.00106657,
    "p95": 0.001104656,
    "p99": 0.001214632
  },
  "rps": {
    "mean": 52790.42554043015,
    "stddev": 3152.9342971087026,
    "max": 66701.3406969478,
    "percentiles": {
      "p10": 50411.31827301087,
      "p25": 51377.14468036033,
      "p50": 52405.92711035898,
      "p75": 54152.945334658696,
      "p90": 56286.54619342515,
      "p95": 57815.9514209984,
      "p99": 61560.12596740795
    }
  },
  "details": {
    "DNSDialup": {
      "average": 0.00072343998,
      "fastest": 0.000085874,
      "slowest": 0.00120813
    },
    "DNSLookup": {
      "average": 0.000007376660000000001,
      "fastest": 0.000003396,
      "slowest": 0.000031819
    }
  },
  "statusCodeDistribution": {
    "200": 527963
  },
  "errorDistribution": {}
}