{
  "summary": {
    "successRate": 1,
    "total": 10.00066719,
    "slowest": 0.008232441,
    "fastest": 0.000140118,
    "average": 0.0009558792208996218,
    "requestsPerSec": 52216.61615958645,
    "totalData": 6788613,
    "sizePerRequest": 13,
    "sizePerSec": 678816.0100746239
  },
  "responseTimeHistogram": {
    "0.000140118": 1,
    "0.0009493503": 234516,
    "0.0017585826": 286627,
    "0.0025678148999999997": 789,
    "0.0033770472": 19,
    "0.0041862795": 44,
    "0.0049955118": 77,
    "0.0058047441": 29,
    "0.0066139764": 13,
    "0.0074232086999999995": 68,
    "0.008232441": 18
  },
  "latencyPercentiles": {
    "p10": 0.000804573,
    "p25": 0.000887976,
    "p50": 0.000965842,
    "p75": 0.001029252,
    "p90": 0.001082793,
    "p95": 0.001134922,
    "p99": 0.001285821
  },
  "rps": {
    "mean": 52216.50551634198,
    "stddev": 3874.2708406823626,
    "max": 71733.51628304373,
    "percentiles": {
      "p10": 49666.64413365919,
      "p25": 50855.04550125033,
      "p50": 52016.44760073044,
      "p75": 53706.03118730284,
      "p90": 55637.18789638947,
      "p95": 57656.110927154165,
      "p99": 61818.106523406736
    }
  },
  "details": {
    "DNSDialup": {
      "average": 0.00079041832,
      "fastest": 0.00008014,
      "slowest": 0.001460928
    },
    "DNSLookup": {
      "average": 0.000022922399999999996,
      "fastest": 0.000003246,
      "slowest": 0.000822085
    }
  },
  "statusCodeDistribution": {
    "200": 522201
  },
  "errorDistribution": {}
}