{
  "summary": {
    "successRate": 1,
    "total": 10.000649386,
    "slowest": 0.005848354,
    "fastest": 0.000219846,
    "average": 0.0009414153678995065,
    "requestsPerSec": 53017.557114065596,
    "totalData": 6892730,
    "sizePerRequest": 13,
    "sizePerSec": 689228.2424828528
  },
  "responseTimeHistogram": {
    "0.000219846": 1,
    "0.0007826968": 47125,
    "0.0013455476": 481314,
    "0.0019083984": 1488,
    "0.0024712492": 153,
    "0.0030341": 39,
    "0.0035969508": 7,
    "0.0041598016": 15,
    "0.0047226524": 15,
    "0.0052855032000000005": 3,
    "0.005848354": 50
  },
  "latencyPercentiles": {
    "p10": 0.000797147,
    "p25": 0.000881277,
    "p50": 0.00095521,
    "p75": 0.001017311,
    "p90": 0.001063898,
    "p95": 0.001102871,
    "p99": 0.001211609
  },
  "rps": {
    "mean": 53010.728118495375,
    "stddev": 3694.3240489642067,
    "max": 82107.70893302461,
    "percentiles": {
      "p10": 50604.39752214442,
      "p25": 51354.1394495572,
      "p50": 52405.209077783904,
      "p75": 54081.22459121051,
      "p90": 57060.752583275855,
      "p95": 59027.46390555703,
      "p99": 64711.42516831208
    }
  },
  "details": {
    "DNSDialup": {
      "average": 0.0008028176599999999,
      "fastest": 0.000102319,
      "slowest": 0.001284532
    },
    "DNSLookup": {
      "average": 0.000006309680000000001,
      "fastest": 0.000003767,
      "slowest": 0.000024957
    }
  },
  "statusCodeDistribution": {
    "200": 530210
  },
  "errorDistribution": {}
}