{
  "summary": {
    "successRate": 1,
    "total": 10.000600524,
    "slowest": 0.004380685,
    "fastest": 0.000348264,
    "average": 0.0009771767755692529,
    "requestsPerSec": 51076.832713611155,
    "totalData": 6640387,
    "sizePerRequest": 13,
    "sizePerSec": 663998.825276945
  },
  "responseTimeHistogram": {
    "0.000348264": 1,
    "0.0007515060999999999": 23189,
    "0.0011547482": 471432,
    "0.0015579903": 15445,
    "0.0019612324": 611,
    "0.0023644745": 53,
    "0.0027677166": 6,
    "0.0031709587": 18,
    "0.0035742008": 10,
    "0.003977442899999999": 25,
    "0.004380685": 9
  },
  "latencyPercentiles": {
    "p10": 0.000840308,
    "p25": 0.000914735,
    "p50": 0.000989403,
    "p75": 0.001053297,
    "p90": 0.001096609,
    "p95": 0.001129348,
    "p99": 0.001220221
  },
  "rps": {
    "mean": 51075.17200909271,
    "stddev": 2713.2774636705867,
    "max": 68411.23312448028,
    "percentiles": {
      "p10": 48750.21759914825,
      "p25": 49664.086537269206,
      "p50": 50775.031689237156,
      "p75": 52261.25541747546,
      "p90": 54139.03445437562,
      "p95": 55166.23794141975,
      "p99": 59226.06539137993
    }
  },
  "details": {
    "DNSDialup": {
      "average": 0.0007070081200000002,
      "fastest": 0.000081783,
      "slowest": 0.001569072
    },
    "DNSLookup": {
      "average": 0.000008846160000000002,
      "fastest": 0.000002746,
      "slowest": 0.000162536
    }
  },
  "statusCodeDistribution": {
    "200": 510799
  },
  "errorDistribution": {}
}