{
  "summary": {
    "successRate": 1,
    "total": 10.000678549,
    "slowest": 0.005888373,
    "fastest": 0.000120758,
    "average": 0.0009324729180225442,
    "requestsPerSec": 53529.367770102894,
    "totalData": 6959290,
    "sizePerRequest": 13,
    "sizePerSec": 695881.7810113376
  },
  "responseTimeHistogram": {
    "0.000120758": 1,
    "0.0006975194999999999": 24817,
    "0.001274281": 508129,
    "0.0018510424999999995": 2072,
    "0.0024278039999999996": 210,
    "0.0030045654999999996": 17,
    "0.003581326999999999": 9,
    "0.0041580885": 24,
    "0.00473485": 0,
    "0.0053116115": 1,
    "0.005888373": 50
  },
  "latencyPercentiles": {
    "p10": 0.000797973,
    "p25": 0.000872966,
    "p50": 0.000944678,
    "p75": 0.001004879,
    "p90": 0.001049087,
    "p95": 0.001086485,
    "p99": 0.001196381
  },
  "rps": {
    "mean": 53520.3167769758,
    "stddev": 3361.3095542707797,
    "max": 69425.94447544658,
    "percentiles": {
      "p10": 51221.12359136872,
      "p25": 52114.96741864165,
      "p50": 53078.49235408921,
      "p75": 54606.01212193369,
      "p90": 56909.67801768091,
      "p95": 59330.757064463105,
      "p99": 63284.706579757854
    }
  },
  "details": {
    "DNSDialup": {
      "average": 0.0007445701199999999,
      "fastest": 0.000079452,
      "slowest": 0.001548098
    },
    "DNSLookup": {
      "average": 0.000006386159999999998,
      "fastest": 0.000003105,
      "slowest": 0.000031659
    }
  },
  "statusCodeDistribution": {
    "200": 535330
  },
  "errorDistribution": {}
}