{
  "summary": {
    "successRate": 1,
    "total": 10.000685,
    "slowest": 0.007093525,
    "fastest": 0.00027038,
    "average": 0.0010042661968638312,
    "requestsPerSec": 49687.79638594756,
    "totalData": 6459856,
    "sizePerRequest": 13,
    "sizePerSec": 645941.3530173183
  },
  "responseTimeHistogram": {
    "0.00027038": 1,
    "0.0009526945": 141169,
    "0.001635009": 354869,
    "0.0023173235": 744,
    "0.0029996380000000002": 40,
    "0.0036819525000000002": 23,
    "0.004364267": 15,
    "0.0050465815": 1,
    "0.005728896": 0,
    "0.006411210499999999": 0,
    "0.007093525": 50
  },
  "latencyPercentiles": {
    "p10": 0.000850399,
    "p25": 0.000941786,
    "p50": 0.001020724,
    "p75": 0.00108808,
    "p90": 0.001134623,
    "p95": 0.001169297,
    "p99": 0.001278799
  },
  "rps": {
    "mean": 49685.35096797784,
    "stddev": 3253.3877304788207,
    "max": 69389.42214832106,
    "percentiles": {
      "p10": 47560.91760863654,
      "p25": 48308.86950843865,
      "p50": 49042.411877791325,
      "p75": 50576.33946518049,
      "p90": 53440.91563309836,
      "p95": 55545.01923808892,
      "p99": 58763.164525546366
    }
  },
  "details": {
    "DNSDialup": {
      "average": 0.0008278085799999998,
      "fastest": 0.000082405,
      "slowest": 0.001713562
    },
    "DNSLookup": {
      "average": 0.0000064847,
      "fastest": 0.000003637,
      "slowest": 0.00002625
    }
  },
  "statusCodeDistribution": {
    "200": 496912
  },
  "errorDistribution": {}
}