{
  "summary": {
    "successRate": 1,
    "total": 10.000571405,
    "slowest": 0.006188904,
    "fastest": 0.000122864,
    "average": 0.0009321729525418867,
    "requestsPerSec": 53551.54003822644,
    "totalData": 6962098,
    "sizePerRequest": 13,
    "sizePerSec": 696170.0204969437
  },
  "responseTimeHistogram": {
    "0.000122864": 1,
    "0.0007294679999999999": 10929,
    "0.001336072": 522685,
    "0.001942676": 1519,
    "0.0025492799999999997": 293,
    "0.003155884": 5,
    "0.0037624879999999996": 23,
    "0.004369092": 32,
    "0.004975696": 9,
    "0.0055823": 0,
    "0.006188904": 50
  },
  "latencyPercentiles": {
    "p10": 0.000821825,
    "p25": 0.000869517,
    "p50": 0.000937219,
    "p75": 0.000991751,
    "p90": 0.001027064,
    "p95": 0.001056238,
    "p99": 0.001178492
  },
  "rps": {
    "mean": 53551.11568439239,
    "stddev": 2553.807584299166,
    "max": 61370.66568420586,
    "percentiles": {
      "p10": 52102.97632240546,
      "p25": 53008.18966490891,
      "p50": 53716.07184869697,
      "p75": 54505.22705127217,
      "p90": 55499.02505374502,
      "p95": 56407.017756947804,
      "p99": 57957.92375063879
    }
  },
  "details": {
    "DNSDialup": {
      "average": 0.0007680090000000003,
      "fastest": 0.000070046,
      "slowest": 0.00117086
    },
    "DNSLookup": {
      "average": 0.000005315919999999998,
      "fastest": 0.000002664,
      "slowest": 0.000038097
    }
  },
  "statusCodeDistribution": {
    "200": 535546
  },
  "errorDistribution": {}
}