{
  "summary": {
    "successRate": 1,
    "total": 10.000751239,
    "slowest": 0.006544799,
    "fastest": 0.000131354,
    "average": 0.0009478757471042323,
    "requestsPerSec": 52659.24403221725,
    "totalData": 6846216,
    "sizePerRequest": 13,
    "sizePerSec": 684570.1724188243
  },
  "responseTimeHistogram": {
    "0.000131354": 1,
    "0.0007726984999999999": 68884,
    "0.0014140429999999998": 455363,
    "0.0020553875": 2104,
    "0.002696732": 179,
    "0.0033380765": 19,
    "0.0039794209999999995": 8,
    "0.0046207654999999995": 23,
    "0.0052621099999999995": 1,
    "0.0059034544999999996": 0,
    "0.006544799": 50
  },
  "latencyPercentiles": {
    "p10": 0.00068872,
    "p25": 0.00088875,
    "p50": 0.000975262,
    "p75": 0.001046956,
    "p90": 0.001096109,
    "p95": 0.001135951,
    "p99": 0.00126978
  },
  "rps": {
    "mean": 52654.19073401697,
    "stddev": 4867.87553352023,
    "max": 73861.19399922868,
    "percentiles": {
      "p10": 49324.61515727355,
      "p25": 50161.503018853386,
      "p50": 51209.069126140974,
      "p75": 54302.79783098433,
      "p90": 59068.46617878385,
      "p95": 62200.04976003973,
      "p99": 69048.74841638154
    }
  },
  "details": {
    "DNSDialup": {
      "average": 0.00081489074,
      "fastest": 0.000078713,
      "slowest": 0.001719133
    },
    "DNSLookup": {
      "average": 0.00000782724,
      "fastest": 0.000003277,
      "slowest": 0.000055803
    }
  },
  "statusCodeDistribution": {
    "200": 526632
  },
  "errorDistribution": {}
}