{
  "summary": {
    "successRate": 1,
    "total": 10.000576384,
    "slowest": 0.004626738,
    "fastest": 0.000285017,
    "average": 0.0009611690643140715,
    "requestsPerSec": 51928.106947000546,
    "totalData": 6751043,
    "sizePerRequest": 13,
    "sizePerSec": 675065.390311007
  },
  "responseTimeHistogram": {
    "0.000285017": 1,
    "0.0007191890999999999": 37273,
    "0.0011533612": 458852,
    "0.0015875332999999998": 22410,
    "0.0020217053999999996": 668,
    "0.0024558774999999997": 38,
    "0.0028900495999999993": 18,
    "0.0033242216999999994": 11,
    "0.0037583937999999995": 23,
    "0.0041925658999999995": 11,
    "0.004626738": 6
  },
  "latencyPercentiles": {
    "p10": 0.000779779,
    "p25": 0.000897698,
    "p50": 0.000978339,
    "p75": 0.001049397,
    "p90": 0.001098751,
    "p95": 0.001144572,
    "p99": 0.00124847
  },
  "rps": {
    "mean": 51930.618711302006,
    "stddev": 3624.3620515240073,
    "max": 67401.84982868028,
    "percentiles": {
      "p10": 48708.241434450116,
      "p25": 49747.321718537285,
      "p50": 51252.27748509592,
      "p75": 53814.8690483163,
      "p90": 56368.60623064361,
      "p95": 58371.284697816496,
      "p99": 62434.26488664199
    }
  },
  "details": {
    "DNSDialup": {
      "average": 0.00066456178,
      "fastest": 0.000070057,
      "slowest": 0.001219748
    },
    "DNSLookup": {
      "average": 0.0000055841,
      "fastest": 0.000002735,
      "slowest": 0.000034545
    }
  },
  "statusCodeDistribution": {
    "200": 519311
  },
  "errorDistribution": {}
}