{
  "summary": {
    "successRate": 1,
    "total": 10.000599908,
    "slowest": 0.005929446,
    "fastest": 0.000120211,
    "average": 0.0009597486983050485,
    "requestsPerSec": 52004.38021562736,
    "totalData": 6760975,
    "sizePerRequest": 13,
    "sizePerSec": 676056.9428031557
  },
  "responseTimeHistogram": {
    "0.000120211": 1,
    "0.0007011344999999999": 23258,
    "0.001282058": 493697,
    "0.0018629815": 2717,
    "0.0024439049999999997": 298,
    "0.0030248284999999995": 6,
    "0.003605752": 11,
    "0.0041866755": 21,
    "0.004767599": 10,
    "0.0053485225": 5,
    "0.005929446": 51
  },
  "latencyPercentiles": {
    "p10": 0.000820082,
    "p25": 0.000898082,
    "p50": 0.000974472,
    "p75": 0.001035835,
    "p90": 0.001081706,
    "p95": 0.001119435,
    "p99": 0.001227953
  },
  "rps": {
    "mean": 52001.823321296964,
    "stddev": 3500.0516707960123,
    "max": 77132.28757558049,
    "percentiles": {
      "p10": 49747.63335893996,
      "p25": 50672.370279233764,
      "p50": 51520.66980090759,
      "p75": 53001.26673026782,
      "p90": 55335.99052824023,
      "p95": 57704.674078598815,
      "p99": 63637.90273486937
    }
  },
  "details": {
    "DNSDialup": {
      "average": 0.0006968752600000001,
      "fastest": 0.000081574,
      "slowest": 0.00156858
    },
    "DNSLookup": {
      "average": 0.000006266479999999999,
      "fastest": 0.000003347,
      "slowest": 0.000029104
    }
  },
  "statusCodeDistribution": {
    "200": 520075
  },
  "errorDistribution": {}
}