{
  "summary": {
    "successRate": 1,
    "total": 10.00061118,
    "slowest": 0.005928618,
    "fastest": 0.000084643,
    "average": 0.0009443933525033415,
    "requestsPerSec": 52850.16990331585,
    "totalData": 6870942,
    "sizePerRequest": 13,
    "sizePerSec": 687052.208743106
  },
  "responseTimeHistogram": {
    "0.000084643": 1,
    "0.0006690405": 19494,
    "0.001253438": 506170,
    "0.0018378354999999999": 2552,
    "0.002422233": 121,
    "0.0030066305000000003": 56,
    "0.003591028": 22,
    "0.0041754255": 17,
    "0.004759823": 12,
    "0.0053442205": 39,
    "0.005928618": 50
  },
  "latencyPercentiles": {
    "p10": 0.000807161,
    "p25": 0.00088477,
    "p50": 0.000957308,
    "p75": 0.001018326,
    "p90": 0.001062235,
    "p95": 0.001096599,
    "p99": 0.001196725
  },
  "rps": {
    "mean": 52844.34671869814,
    "stddev": 3321.3179002886477,
    "max": 73748.42608233413,
    "percentiles": {
      "p10": 50536.19402215612,
      "p25": 51409.82405590343,
      "p50": 52355.527329482975,
      "p75": 54161.71482219327,
      "p90": 56523.66246875082,
      "p95": 57736.63374375876,
      "p99": 61785.19494332608
    }
  },
  "details": {
    "DNSDialup": {
      "average": 0.00062622052,
      "fastest": 0.000083349,
      "slowest": 0.00106585
    },
    "DNSLookup": {
      "average": 0.00000636712,
      "fastest": 0.000003226,
      "slowest": 0.000024766
    }
  },
  "statusCodeDistribution": {
    "200": 528534
  },
  "errorDistribution": {}
}