{
  "summary": {
    "successRate": 1,
    "total": 10.00073189,
    "slowest": 0.00512468,
    "fastest": 0.000320234,
    "average": 0.000959259733099381,
    "requestsPerSec": 52029.791991553924,
    "totalData": 6764368,
    "sizePerRequest": 13,
    "sizePerSec": 676387.295890201
  },
  "responseTimeHistogram": {
    "0.000320234": 1,
    "0.0008006786000000001": 37478,
    "0.0012811232000000002": 480609,
    "0.0017615678000000002": 1919,
    "0.0022420124000000004": 277,
    "0.002722457": 3,
    "0.0032029016000000004": 10,
    "0.0036833462": 17,
    "0.004163790800000001": 21,
    "0.0046442354": 0,
    "0.00512468": 1
  },
  "latencyPercentiles": {
    "p10": 0.00082859,
    "p25": 0.000893698,
    "p50": 0.000968949,
    "p75": 0.001028219,
    "p90": 0.001082714,
    "p95": 0.001128266,
    "p99": 0.001222499
  },
  "rps": {
    "mean": 52026.50484569834,
    "stddev": 2738.4626864685515,
    "max": 69026.43022013092,
    "percentiles": {
      "p10": 50156.34405884778,
      "p25": 50882.82706589178,
      "p50": 51747.27631164441,
      "p75": 52626.16572960271,
      "p90": 54614.2420715653,
      "p95": 56354.887520765944,
      "p99": 60973.818063151964
    }
  },
  "details": {
    "DNSDialup": {
      "average": 0.0007878821199999999,
      "fastest": 0.000073569,
      "slowest": 0.001554458
    },
    "DNSLookup": {
      "average": 0.000006981799999999998,
      "fastest": 0.000003346,
      "slowest": 0.000029446
    }
  },
  "statusCodeDistribution": {
    "200": 520336
  },
  "errorDistribution": {}
}