{
  "summary": {
    "successRate": 1,
    "total": 10.000599118,
    "slowest": 0.005691252,
    "fastest": 0.000318634,
    "average": 0.000948989778725864,
    "requestsPerSec": 52594.048995855366,
    "totalData": 6837636,
    "sizePerRequest": 13,
    "sizePerSec": 683722.6369461198
  },
  "responseTimeHistogram": {
    "0.000318634": 1,
    "0.0008558958": 93731,
    "0.0013931575999999999": 430904,
    "0.0019304193999999998": 1017,
    "0.0024676812": 155,
    "0.003004943": 16,
    "0.0035422047999999996": 21,
    "0.0040794666": 11,
    "0.0046167284": 15,
    "0.0051539902": 51,
    "0.005691252": 50
  },
  "latencyPercentiles": {
    "p10": 0.000781101,
    "p25": 0.000888263,
    "p50": 0.000965305,
    "p75": 0.001031798,
    "p90": 0.001079465,
    "p95": 0.001121759,
    "p99": 0.001233952
  },
  "rps": {
    "mean": 52592.15901256889,
    "stddev": 4050.795495209054,
    "max": 76110.92952948053,
    "percentiles": {
      "p10": 49849.45665097289,
      "p25": 50714.75292162483,
      "p50": 51777.69761303886,
      "p75": 53699.82798021539,
      "p90": 57406.60981508896,
      "p95": 59802.87880148581,
      "p99": 66988.80885160211
    }
  },
  "details": {
    "DNSDialup": {
      "average": 0.0009029131600000001,
      "fastest": 0.000144019,
      "slowest": 0.00192153
    },
    "DNSLookup": {
      "average": 0.000007265899999999998,
      "fastest": 0.000003406,
      "slowest": 0.000031799
    }
  },
  "statusCodeDistribution": {
    "200": 525972
  },
  "errorDistribution": {}
}