{
  "summary": {
    "successRate": 1,
    "total": 10.000685431,
    "slowest": 0.00628087,
    "fastest": 0.000189884,
    "average": 0.0009440939317089437,
    "requestsPerSec": 52861.27672422336,
    "totalData": 6872437,
    "sizePerRequest": 13,
    "sizePerSec": 687196.5974149037
  },
  "responseTimeHistogram": {
    "0.000189884": 1,
    "0.0007989825999999999": 59270,
    "0.0014080812": 467567,
    "0.0020171798": 1581,
    "0.0026262784": 117,
    "0.003235377": 24,
    "0.0038444755999999997": 21,
    "0.0044535742": 12,
    "0.0050626728": 6,
    "0.0056717714": 0,
    "0.00628087": 50
  },
  "latencyPercentiles": {
    "p10": 0.000783146,
    "p25": 0.000881338,
    "p50": 0.000959147,
    "p75": 0.001024292,
    "p90": 0.001075835,
    "p95": 0.001121717,
    "p99": 0.001242935
  },
  "rps": {
    "mean": 52855.28373168386,
    "stddev": 3968.264349045489,
    "max": 72693.87687259504,
    "percentiles": {
      "p10": 50105.1807150282,
      "p25": 51037.13805821887,
      "p50": 52118.68976214084,
      "p75": 54040.00010505012,
      "p90": 57403.70253881542,
      "p95": 59713.704295135925,
      "p99": 65625.33137791087
    }
  },
  "details": {
    "DNSDialup": {
      "average": 0.0009203562800000001,
      "fastest": 0.000332967,
      "slowest": 0.001394381
    },
    "DNSLookup": {
      "average": 0.000006056599999999999,
      "fastest": 0.000002665,
      "slowest": 0.000029135
    }
  },
  "statusCodeDistribution": {
    "200": 528649
  },
  "errorDistribution": {}
}