{
  "summary": {
    "successRate": 1,
    "total": 10.000673162,
    "slowest": 0.005896741,
    "fastest": 0.000075139,
    "average": 0.0009431770842388562,
    "requestsPerSec": 52920.93756358278,
    "totalData": 6880185,
    "sizePerRequest": 13,
    "sizePerSec": 687972.1883265761
  },
  "responseTimeHistogram": {
    "0.000075139": 1,
    "0.0006572991999999999": 20426,
    "0.0012394593999999997": 505020,
    "0.0018216195999999998": 3450,
    "0.0024037798": 245,
    "0.00298594": 18,
    "0.0035681001999999995": 10,
    "0.0041502603999999995": 16,
    "0.0047324205999999995": 9,
    "0.0053145808": 0,
    "0.005896741": 50
  },
  "latencyPercentiles": {
    "p10": 0.000800168,
    "p25": 0.000882932,
    "p50": 0.00095718,
    "p75": 0.001020407,
    "p90": 0.001064939,
    "p95": 0.001100606,
    "p99": 0.001209789
  },
  "rps": {
    "mean": 52916.596223117376,
    "stddev": 3443.540493830815,
    "max": 73177.36837095395,
    "percentiles": {
      "p10": 50603.184954440316,
      "p25": 51401.02288035887,
      "p50": 52523.02084003675,
      "p75": 54137.968855903324,
      "p90": 56501.28822937905,
      "p95": 58435.34209582741,
      "p99": 62534.26105849441
    }
  },
  "details": {
    "DNSDialup": {
      "average": 0.0007636144199999998,
      "fastest": 0.000101669,
      "slowest": 0.001251098
    },
    "DNSLookup": {
      "average": 0.00000628812,
      "fastest": 0.000003246,
      "slowest": 0.000029445
    }
  },
  "statusCodeDistribution": {
    "200": 529245
  },
  "errorDistribution": {}
}