{
  "summary": {
    "successRate": 1,
    "total": 10.000548408,
    "slowest": 0.004608107,
    "fastest": 0.000273595,
    "average": 0.0009590803082668592,
    "requestsPerSec": 52037.446224819076,
    "totalData": 6765239,
    "sizePerRequest": 13,
    "sizePerSec": 676486.8009226479
  },
  "responseTimeHistogram": {
    "0.000273595": 1,
    "0.0007070462000000001": 28781,
    "0.0011404974": 468683,
    "0.0015739486": 22288,
    "0.0020073998000000003": 445,
    "0.0024408510000000004": 130,
    "0.0028743022": 31,
    "0.0033077534000000002": 19,
    "0.0037412046000000003": 22,
    "0.0041746558000000005": 2,
    "0.004608107": 1
  },
  "latencyPercentiles": {
    "p10": 0.000802611,
    "p25": 0.000896555,
    "p50": 0.000974944,
    "p75": 0.001040345,
    "p90": 0.001089746,
    "p95": 0.001132314,
    "p99": 0.00123452
  },
  "rps": {
    "mean": 52040.18214684155,
    "stddev": 3876.097036936069,
    "max": 79546.23293347335,
    "percentiles": {
      "p10": 49129.24664052644,
      "p25": 50076.06554356089,
      "p50": 51303.411676877375,
      "p75": 53388.46366303461,
      "p90": 56367.20662045334,
      "p95": 58394.10209552419,
      "p99": 64506.89437466798
    }
  },
  "details": {
    "DNSDialup": {
      "average": 0.0007003365399999998,
      "fastest": 0.000093758,
      "slowest": 0.001449919
    },
    "DNSLookup": {
      "average": 0.0000066888,
      "fastest": 0.000003386,
      "slowest": 0.000033763
    }
  },
  "statusCodeDistribution": {
    "200": 520403
  },
  "errorDistribution": {}
}