{
  "summary": {
    "successRate": 1,
    "total": 10.000642575,
    "slowest": 0.005816804,
    "fastest": 0.000115656,
    "average": 0.0009412857831828041,
    "requestsPerSec": 53025.59270797657,
    "totalData": 6893770,
    "sizePerRequest": 13,
    "sizePerSec": 689332.7052036953
  },
  "responseTimeHistogram": {
    "0.000115656": 1,
    "0.0006857708": 22207,
    "0.0012558856": 504772,
    "0.0018260004": 2982,
    "0.0023961152": 175,
    "0.00296623": 53,
    "0.0035363448": 23,
    "0.004106459599999999": 14,
    "0.0046765743999999995": 12,
    "0.0052466892": 1,
    "0.005816804": 50
  },
  "latencyPercentiles": {
    "p10": 0.00080622,
    "p25": 0.00088073,
    "p50": 0.00095366,
    "p75": 0.001013188,
    "p90": 0.001060139,
    "p95": 0.001097869,
    "p99": 0.001207151
  },
  "rps": {
    "mean": 53021.39298442001,
    "stddev": 3406.174238108312,
    "max": 70997.7856312109,
    "percentiles": {
      "p10": 50638.23186505622,
      "p25": 51608.36055441052,
      "p50": 52703.49874936746,
      "p75": 54211.595860354544,
      "p90": 56427.80197803571,
      "p95": 58128.51633677081,
      "p99": 63182.106017549224
    }
  },
  "details": {
    "DNSDialup": {
      "average": 0.0008319265800000002,
      "fastest": 0.000051816,
      "slowest": 0.001566074
    },
    "DNSLookup": {
      "average": 0.00000617916,
      "fastest": 0.000002776,
      "slowest": 0.00003224
    }
  },
  "statusCodeDistribution": {
    "200": 530290
  },
  "errorDistribution": {}
}