{
  "summary": {
    "successRate": 1,
    "total": 10.001243758,
    "slowest": 0.007702992,
    "fastest": 0.000118964,
    "average": 0.0009913821375945042,
    "requestsPerSec": 50338.03916610829,
    "totalData": 6544759,
    "sizePerRequest": 13,
    "sizePerSec": 654394.5091594077
  },
  "responseTimeHistogram": {
    "0.000118964": 1,
    "0.0008773667999999999": 72914,
    "0.0016357696": 429275,
    "0.0023941724": 1086,
    "0.0031525752": 50,
    "0.003910978": 50,
    "0.0046693808": 15,
    "0.0054277836": 2,
    "0.0061861864": 0,
    "0.0069445892": 0,
    "0.007702992": 50
  },
  "latencyPercentiles": {
    "p10": 0.000832582,
    "p25": 0.000927476,
    "p50": 0.001005036,
    "p75": 0.00107237,
    "p90": 0.001121461,
    "p95": 0.001162886,
    "p99": 0.001288624
  },
  "rps": {
    "mean": 50336.38271439251,
    "stddev": 3537.403676234801,
    "max": 68704.86423428064,
    "percentiles": {
      "p10": 48011.843589643526,
      "p25": 48826.38089359928,
      "p50": 49807.18219567515,
      "p75": 51441.437396578185,
      "p90": 54322.09279514032,
      "p95": 56339.21772946002,
      "p99": 61716.91660684103
    }
  },
  "details": {
    "DNSDialup": {
      "average": 0.0008097056400000001,
      "fastest": 0.000077293,
      "slowest": 0.001825049
    },
    "DNSLookup": {
      "average": 0.00000846854,
      "fastest": 0.000003596,
      "slowest": 0.000042049
    }
  },
  "statusCodeDistribution": {
    "200": 503443
  },
  "errorDistribution": {}
}