{
  "summary": {
    "successRate": 1,
    "total": 10.000660051,
    "slowest": 0.005837656,
    "fastest": 0.000183039,
    "average": 0.0009369217949846238,
    "requestsPerSec": 53276.88345397993,
    "totalData": 6926452,
    "sizePerRequest": 13,
    "sizePerSec": 692599.484901739
  },
  "responseTimeHistogram": {
    "0.000183039": 1,
    "0.0007485007": 34885,
    "0.0013139624": 495605,
    "0.0018794241": 2000,
    "0.0024448857999999998": 162,
    "0.0030103474999999998": 0,
    "0.0035758091999999997": 1,
    "0.0041412709": 22,
    "0.0047067326": 42,
    "0.0052721943000000005": 36,
    "0.005837656": 50
  },
  "latencyPercentiles": {
    "p10": 0.000798761,
    "p25": 0.000876258,
    "p50": 0.000949225,
    "p75": 0.00101078,
    "p90": 0.00105506,
    "p95": 0.001093421,
    "p99": 0.001203544
  },
  "rps": {
    "mean": 53274.43560455372,
    "stddev": 3378.9762088217067,
    "max": 73121.54160615511,
    "percentiles": {
      "p10": 50865.72051744496,
      "p25": 51903.94989058728,
      "p50": 52895.28409936417,
      "p75": 54554.81018486045,
      "p90": 56930.36665757587,
      "p95": 58622.82654617994,
      "p99": 61061.30595422348
    }
  },
  "details": {
    "DNSDialup": {
      "average": 0.00049455952,
      "fastest": 0.000072035,
      "slowest": 0.000846427
    },
    "DNSLookup": {
      "average": 0.000006681660000000001,
      "fastest": 0.000003306,
      "slowest": 0.000029956
    }
  },
  "statusCodeDistribution": {
    "200": 532804
  },
  "errorDistribution": {}
}