{
  "summary": {
    "successRate": 1,
    "total": 10.000624967,
    "slowest": 0.00570731,
    "fastest": 0.000259075,
    "average": 0.0009143729409825063,
    "requestsPerSec": 54585.48858709542,
    "totalData": 7096557,
    "sizePerRequest": 13,
    "sizePerSec": 709611.3516322405
  },
  "responseTimeHistogram": {
    "0.000259075": 1,
    "0.0008038985": 92304,
    "0.0013487220000000001": 452248,
    "0.0018935455000000001": 1125,
    "0.002438369": 111,
    "0.0029831925": 3,
    "0.003528016": 11,
    "0.0040728395": 24,
    "0.004617663": 10,
    "0.0051624865": 2,
    "0.00570731": 50
  },
  "latencyPercentiles": {
    "p10": 0.000713544,
    "p25": 0.000853063,
    "p50": 0.000933325,
    "p75": 0.001003256,
    "p90": 0.001052675,
    "p95": 0.001098208,
    "p99": 0.001207244
  },
  "rps": {
    "mean": 54599.790763175915,
    "stddev": 4561.876193879773,
    "max": 74347.36315816779,
    "percentiles": {
      "p10": 51186.5872309603,
      "p25": 52074.13795019748,
      "p50": 53273.90779693761,
      "p75": 56457.498380388184,
      "p90": 60308.05517303124,
      "p95": 62872.05137087003,
      "p99": 69827.5470880666
    }
  },
  "details": {
    "DNSDialup": {
      "average": 0.00079902838,
      "fastest": 0.0000799,
      "slowest": 0.001502991
    },
    "DNSLookup": {
      "average": 0.000009361640000000001,
      "fastest": 0.000003206,
      "slowest": 0.000161782
    }
  },
  "statusCodeDistribution": {
    "200": 545889
  },
  "errorDistribution": {}
}