{
  "summary": {
    "successRate": 1,
    "total": 10.000641037,
    "slowest": 0.003963605,
    "fastest": 0.000351219,
    "average": 0.0009982922541241323,
    "requestsPerSec": 49995.59509737056,
    "totalData": 6499844,
    "sizePerRequest": 13,
    "sizePerSec": 649942.7362658173
  },
  "responseTimeHistogram": {
    "0.000351219": 1,
    "0.0007124576000000001": 12671,
    "0.0010736962000000001": 364913,
    "0.0014349348000000002": 121035,
    "0.0017961734000000002": 972,
    "0.002157412": 272,
    "0.0025186506": 69,
    "0.0028798892": 12,
    "0.0032411278": 14,
    "0.0036023664": 25,
    "0.003963605": 4
  },
  "latencyPercentiles": {
    "p10": 0.000863349,
    "p25": 0.000932372,
    "p50": 0.001009122,
    "p75": 0.001072454,
    "p90": 0.001118315,
    "p95": 0.001156338,
    "p99": 0.001256536
  },
  "rps": {
    "mean": 49994.150267852325,
    "stddev": 2667.159526966429,
    "max": 61397.23480075708,
    "percentiles": {
      "p10": 48003.56769730688,
      "p25": 48748.76977624846,
      "p50": 49702.24431792275,
      "p75": 51073.40954743283,
      "p90": 52889.49778160159,
      "p95": 54156.97313574003,
      "p99": 56242.65671698091
    }
  },
  "details": {
    "DNSDialup": {
      "average": 0.0007027835800000001,
      "fastest": 0.000110069,
      "slowest": 0.001472646
    },
    "DNSLookup": {
      "average": 0.00000798022,
      "fastest": 0.000003818,
      "slowest": 0.000032461
    }
  },
  "statusCodeDistribution": {
    "200": 499988
  },
  "errorDistribution": {}
}