{
  "summary": {
    "successRate": 1,
    "total": 10.000630007,
    "slowest": 0.005831887,
    "fastest": 0.000233749,
    "average": 0.0009809276521549335,
    "requestsPerSec": 50879.79453732829,
    "totalData": 6614790,
    "sizePerRequest": 13,
    "sizePerSec": 661437.3289852678
  },
  "responseTimeHistogram": {
    "0.000233749": 1,
    "0.0007935628": 18220,
    "0.0013533766": 488744,
    "0.0019131904": 1631,
    "0.0024730042": 117,
    "0.003032818": 30,
    "0.0035926318": 7,
    "0.0041524456000000005": 28,
    "0.0047122594": 1,
    "0.0052720732": 1,
    "0.005831887": 50
  },
  "latencyPercentiles": {
    "p10": 0.000857943,
    "p25": 0.00091298,
    "p50": 0.000986134,
    "p75": 0.001042544,
    "p90": 0.001096128,
    "p95": 0.001144009,
    "p99": 0.00125155
  },
  "rps": {
    "mean": 50876.39293373715,
    "stddev": 2405.749992158961,
    "max": 64032.989796341295,
    "percentiles": {
      "p10": 49508.16201802157,
      "p25": 50235.201212074346,
      "p50": 50933.34606166268,
      "p75": 51701.74843622846,
      "p90": 52496.804106773176,
      "p95": 53311.83522742072,
      "p99": 57345.90539727033
    }
  },
  "details": {
    "DNSDialup": {
      "average": 0.0007264147799999999,
      "fastest": 0.000085039,
      "slowest": 0.001707725
    },
    "DNSLookup": {
      "average": 0.00000680552,
      "fastest": 0.000003096,
      "slowest": 0.000034644
    }
  },
  "statusCodeDistribution": {
    "200": 508830
  },
  "errorDistribution": {}
}