{
  "summary": {
    "successRate": 1,
    "total": 10.000418979,
    "slowest": 0.004969291,
    "fastest": 0.000171851,
    "average": 0.0009513140294855393,
    "requestsPerSec": 52467.60171766999,
    "totalData": 6821074,
    "sizePerRequest": 13,
    "sizePerSec": 682078.8223297099
  },
  "responseTimeHistogram": {
    "0.000171851": 1,
    "0.000651595": 21270,
    "0.0011313389999999999": 476029,
    "0.001611083": 26788,
    "0.002090827": 348,
    "0.002570571": 148,
    "0.0030503149999999996": 61,
    "0.0035300590000000003": 30,
    "0.004009803": 8,
    "0.004489547": 13,
    "0.004969291": 2
  },
  "latencyPercentiles": {
    "p10": 0.000808589,
    "p25": 0.000886671,
    "p50": 0.000964904,
    "p75": 0.001027158,
    "p90": 0.001083764,
    "p95": 0.001134402,
    "p99": 0.001232792
  },
  "rps": {
    "mean": 52466.61208935888,
    "stddev": 3911.7824735589743,
    "max": 75309.06258444379,
    "percentiles": {
      "p10": 49810.85876721047,
      "p25": 50751.29433318156,
      "p50": 51735.95692119469,
      "p75": 52922.66945552878,
      "p90": 56724.800082598755,
      "p95": 60648.76160432571,
      "p99": 66233.07017193317
    }
  },
  "details": {
    "DNSDialup": {
      "average": 0.0008470925800000001,
      "fastest": 0.000080709,
      "slowest": 0.001739831
    },
    "DNSLookup": {
      "average": 0.000024800560000000005,
      "fastest": 0.000003687,
      "slowest": 0.000912756
    }
  },
  "statusCodeDistribution": {
    "200": 524698
  },
  "errorDistribution": {}
}