{
  "summary": {
    "successRate": 1,
    "total": 10.000675759,
    "slowest": 0.005879461,
    "fastest": 0.000086741,
    "average": 0.000617173189430445,
    "requestsPerSec": 80841.63705361863,
    "totalData": 10510123,
    "sizePerRequest": 13,
    "sizePerSec": 1050941.2816970423
  },
  "responseTimeHistogram": {
    "0.000086741": 1,
    "0.0006660129999999999": 649586,
    "0.0012452849999999998": 157965,
    "0.0018245569999999997": 808,
    "0.0024038289999999997": 20,
    "0.0029831009999999997": 14,
    "0.0035623729999999993": 25,
    "0.004141645": 2,
    "0.004720917": 0,
    "0.005300188999999999": 0,
    "0.005879461": 50
  },
  "latencyPercentiles": {
    "p10": 0.000536261,
    "p25": 0.000572839,
    "p50": 0.000621321,
    "p75": 0.000658276,
    "p90": 0.000686977,
    "p95": 0.000720724,
    "p99": 0.000811583
  },
  "rps": {
    "mean": 80834.07342366749,
    "stddev": 4039.1041082062657,
    "max": 91034.59314539717,
    "percentiles": {
      "p10": 78638.52501340839,
      "p25": 79829.66458285972,
      "p50": 81000.12150018323,
      "p75": 82387.64209481583,
      "p90": 83951.94333686114,
      "p95": 85473.60865939099,
      "p99": 87949.94403230921
    }
  },
  "details": {
    "DNSDialup": {
      "average": 0.00049027766,
      "fastest": 0.000055123,
      "slowest": 0.000940086
    },
    "DNSLookup": {
      "average": 0.00000554792,
      "fastest": 0.000003122,
      "slowest": 0.000038929
    }
  },
  "statusCodeDistribution": {
    "200": 808471
  },
  "errorDistribution": {}
}