{
  "summary": {
    "successRate": 1,
    "total": 10.000679237,
    "slowest": 0.005804696,
    "fastest": 0.000241673,
    "average": 0.0009324370095180357,
    "requestsPerSec": 53526.264298081696,
    "totalData": 6958887,
    "sizePerRequest": 13,
    "sizePerSec": 695841.435875062
  },
  "responseTimeHistogram": {
    "0.000241673": 1,
    "0.0007979752999999999": 66579,
    "0.0013542775999999999": 467128,
    "0.0019105798999999998": 1391,
    "0.0024668821999999997": 96,
    "0.0030231844999999997": 10,
    "0.0035794867999999996": 17,
    "0.0041357890999999996": 13,
    "0.0046920914": 14,
    "0.0052483937": 0,
    "0.005804696": 50
  },
  "latencyPercentiles": {
    "p10": 0.000763932,
    "p25": 0.000873966,
    "p50": 0.000949387,
    "p75": 0.001015086,
    "p90": 0.001061679,
    "p95": 0.001101694,
    "p99": 0.001208172
  },
  "rps": {
    "mean": 53529.357284105645,
    "stddev": 4357.106333349284,
    "max": 74918.84958255579,
    "percentiles": {
      "p10": 50174.26795142127,
      "p25": 51149.72087154307,
      "p50": 52465.466408983535,
      "p75": 55256.76714557243,
      "p90": 58906.32653947186,
      "p95": 61705.300094611295,
      "p99": 67524.22769288714
    }
  },
  "details": {
    "DNSDialup": {
      "average": 0.0007906411200000001,
      "fastest": 0.000130745,
      "slowest": 0.00123936
    },
    "DNSLookup": {
      "average": 0.000006892199999999998,
      "fastest": 0.000003627,
      "slowest": 0.000026119
    }
  },
  "statusCodeDistribution": {
    "200": 535299
  },
  "errorDistribution": {}
}