{
  "summary": {
    "successRate": 1,
    "total": 10.000677543,
    "slowest": 0.003889066,
    "fastest": 0.000340325,
    "average": 0.000978287994043862,
    "requestsPerSec": 51019.743193013775,
    "totalData": 6633016,
    "sizePerRequest": 13,
    "sizePerSec": 663256.661509179
  },
  "responseTimeHistogram": {
    "0.000340325": 1,
    "0.0006951991": 9516,
    "0.0010500732": 383884,
    "0.0014049473": 115598,
    "0.0017598214": 849,
    "0.0021146955": 285,
    "0.0024695696": 33,
    "0.0028244437": 15,
    "0.0031793178": 19,
    "0.0035341918999999998": 22,
    "0.003889066": 10
  },
  "latencyPercentiles": {
    "p10": 0.000854434,
    "p25": 0.000912349,
    "p50": 0.000986954,
    "p75": 0.001045042,
    "p90": 0.001095334,
    "p95": 0.001138893,
    "p99": 0.001234268
  },
  "rps": {
    "mean": 51016.53014913458,
    "stddev": 2828.3349445326785,
    "max": 68015.72218078806,
    "percentiles": {
      "p10": 49162.11206453216,
      "p25": 49851.25207225545,
      "p50": 50711.16659888675,
      "p75": 51751.62742352496,
      "p90": 53404.122798280776,
      "p95": 55664.65986611571,
      "p99": 60743.65038716643
    }
  },
  "details": {
    "DNSDialup": {
      "average": 0.00074049016,
      "fastest": 0.000072014,
      "slowest": 0.001736357
    },
    "DNSLookup": {
      "average": 0.000006547060000000001,
      "fastest": 0.000003616,
      "slowest": 0.000028694
    }
  },
  "statusCodeDistribution": {
    "200": 510232
  },
  "errorDistribution": {}
}