{
  "summary": {
    "successRate": 1,
    "total": 10.000606123,
    "slowest": 0.006177147,
    "fastest": 0.000110899,
    "average": 0.0009609884501998612,
    "requestsPerSec": 51936.4520121897,
    "totalData": 6752148,
    "sizePerRequest": 13,
    "sizePerSec": 675173.8761584661
  },
  "responseTimeHistogram": {
    "0.000110899": 1,
    "0.0007175238": 25342,
    "0.0013241486": 491476,
    "0.0019307734000000001": 2297,
    "0.0025373982": 115,
    "0.0031440229999999997": 61,
    "0.0037506478": 15,
    "0.0043572726": 36,
    "0.0049638974": 3,
    "0.0055705222000000006": 0,
    "0.006177147": 50
  },
  "latencyPercentiles": {
    "p10": 0.000816483,
    "p25": 0.000897148,
    "p50": 0.00097388,
    "p75": 0.001037129,
    "p90": 0.001085132,
    "p95": 0.001127178,
    "p99": 0.001240762
  },
  "rps": {
    "mean": 51935.860515849505,
    "stddev": 3398.981637841376,
    "max": 70531.09010451731,
    "percentiles": {
      "p10": 49741.993494627604,
      "p25": 50579.05506306487,
      "p50": 51476.6806103665,
      "p75": 53114.695874270335,
      "p90": 55418.4257398632,
      "p95": 57263.81479520974,
      "p99": 61919.98234980114
    }
  },
  "details": {
    "DNSDialup": {
      "average": 0.0007632046200000003,
      "fastest": 0.000087014,
      "slowest": 0.001489557
    },
    "DNSLookup": {
      "average": 0.000009723559999999997,
      "fastest": 0.000004408,
      "slowest": 0.000034004
    }
  },
  "statusCodeDistribution": {
    "200": 519396
  },
  "errorDistribution": {}
}