{
  "summary": {
    "successRate": 1,
    "total": 10.000632735,
    "slowest": 0.006155101,
    "fastest": 0.000139631,
    "average": 0.0009419481210869563,
    "requestsPerSec": 52985.84739998454,
    "totalData": 6888596,
    "sizePerRequest": 13,
    "sizePerSec": 688816.016199799
  },
  "responseTimeHistogram": {
    "0.000139631": 1,
    "0.0007411779999999999": 29339,
    "0.001342725": 498544,
    "0.0019442719999999997": 1694,
    "0.0025458189999999995": 194,
    "0.0031473659999999995": 37,
    "0.003748912999999999": 11,
    "0.00435046": 16,
    "0.004952007": 6,
    "0.005553554": 0,
    "0.006155101": 50
  },
  "latencyPercentiles": {
    "p10": 0.000809831,
    "p25": 0.000881412,
    "p50": 0.00095379,
    "p75": 0.001013588,
    "p90": 0.001057631,
    "p95": 0.001094983,
    "p99": 0.001207162
  },
  "rps": {
    "mean": 52984.91937568972,
    "stddev": 3314.7269273772017,
    "max": 68210.92460559461,
    "percentiles": {
      "p10": 50704.4670635452,
      "p25": 51715.64134561906,
      "p50": 52699.55480944547,
      "p75": 53968.44818282911,
      "p90": 56433.29504050982,
      "p95": 58423.68496188303,
      "p99": 63322.95457103164
    }
  },
  "details": {
    "DNSDialup": {
      "average": 0.0007087147800000001,
      "fastest": 0.000068692,
      "slowest": 0.00145155
    },
    "DNSLookup": {
      "average": 0.000006713499999999999,
      "fastest": 0.000003687,
      "slowest": 0.00003169
    }
  },
  "statusCodeDistribution": {
    "200": 529892
  },
  "errorDistribution": {}
}