{
  "summary": {
    "successRate": 1,
    "total": 10.000955487,
    "slowest": 0.006308483,
    "fastest": 0.000100799,
    "average": 0.0009618061957701626,
    "requestsPerSec": 51893.14167777377,
    "totalData": 6746753,
    "sizePerRequest": 13,
    "sizePerSec": 674610.841811059
  },
  "responseTimeHistogram": {
    "0.000100799": 1,
    "0.0007215673999999999": 22098,
    "0.0013423358": 494911,
    "0.0019631042": 1765,
    "0.0025838726": 106,
    "0.003204641": 0,
    "0.0038254094": 7,
    "0.0044461778": 26,
    "0.0050669462": 17,
    "0.0056877146": 0,
    "0.006308483": 50
  },
  "latencyPercentiles": {
    "p10": 0.000826291,
    "p25": 0.000898748,
    "p50": 0.000973408,
    "p75": 0.001034649,
    "p90": 0.001081225,
    "p95": 0.001121678,
    "p99": 0.001234154
  },
  "rps": {
    "mean": 51888.978376472325,
    "stddev": 3011.7325593458895,
    "max": 65941.76091717834,
    "percentiles": {
      "p10": 49852.92882431765,
      "p25": 50728.32162196306,
      "p50": 51546.52073496324,
      "p75": 52967.48587375249,
      "p90": 55006.34530313493,
      "p95": 56017.76883627604,
      "p99": 60458.65093727403
    }
  },
  "details": {
    "DNSDialup": {
      "average": 0.0006690377200000002,
      "fastest": 0.000085492,
      "slowest": 0.001143164
    },
    "DNSLookup": {
      "average": 0.00000697062,
      "fastest": 0.000003176,
      "slowest": 0.000035106
    }
  },
  "statusCodeDistribution": {
    "200": 518981
  },
  "errorDistribution": {}
}