{
  "summary": {
    "successRate": 1,
    "total": 10.000673588,
    "slowest": 0.004251371,
    "fastest": 0.000150551,
    "average": 0.0009841550093373766,
    "requestsPerSec": 50717.383737892276,
    "totalData": 6593704,
    "sizePerRequest": 13,
    "sizePerSec": 659325.9885925996
  },
  "responseTimeHistogram": {
    "0.000150551": 1,
    "0.000560633": 821,
    "0.0009707150000000001": 214788,
    "0.0013807970000000004": 290253,
    "0.0017908790000000004": 987,
    "0.0022009610000000004": 238,
    "0.002611043000000001": 71,
    "0.003021125000000001": 9,
    "0.003431207000000001": 9,
    "0.0038412890000000008": 11,
    "0.004251371": 20
  },
  "latencyPercentiles": {
    "p10": 0.00085132,
    "p25": 0.000918489,
    "p50": 0.000994464,
    "p75": 0.001056529,
    "p90": 0.001102605,
    "p95": 0.001143056,
    "p99": 0.001240472
  },
  "rps": {
    "mean": 50716.140263433736,
    "stddev": 2597.701205910571,
    "max": 60733.79046701928,
    "percentiles": {
      "p10": 48647.63089541118,
      "p25": 49536.43661656857,
      "p50": 50505.8334237642,
      "p75": 51869.171302200135,
      "p90": 53720.28477953276,
      "p95": 54704.61719037071,
      "p99": 56795.437689188504
    }
  },
  "details": {
    "DNSDialup": {
      "average": 0.00068214556,
      "fastest": 0.000142442,
      "slowest": 0.00110249
    },
    "DNSLookup": {
      "average": 0.00000664892,
      "fastest": 0.000003157,
      "slowest": 0.000029856
    }
  },
  "statusCodeDistribution": {
    "200": 507208
  },
  "errorDistribution": {}
}