{
  "summary": {
    "successRate": 1,
    "total": 10.000615251,
    "slowest": 0.006009539,
    "fastest": 0.000146055,
    "average": 0.0009144473995265868,
    "requestsPerSec": 54579.24200667762,
    "totalData": 7095738,
    "sizePerRequest": 13,
    "sizePerSec": 709530.146086809
  },
  "responseTimeHistogram": {
    "0.000146055": 1,
    "0.0007324034": 44864,
    "0.0013187518": 498835,
    "0.0019051002": 1919,
    "0.0024914486": 107,
    "0.003077797": 0,
    "0.0036641454": 9,
    "0.0042504938": 29,
    "0.0048368422": 12,
    "0.0054231906": 0,
    "0.006009539": 50
  },
  "latencyPercentiles": {
    "p10": 0.00076283,
    "p25": 0.000857063,
    "p50": 0.000930183,
    "p75": 0.000992285,
    "p90": 0.001037129,
    "p95": 0.00107502,
    "p99": 0.001189613
  },
  "rps": {
    "mean": 54579.66426534264,
    "stddev": 4099.321672644569,
    "max": 87725.7065361069,
    "percentiles": {
      "p10": 51781.135044495415,
      "p25": 52798.32103342853,
      "p50": 53949.03427725914,
      "p75": 55667.356975630835,
      "p90": 58741.32948253522,
      "p95": 60996.94532925229,
      "p99": 67611.25727433225
    }
  },
  "details": {
    "DNSDialup": {
      "average": 0.0005830729000000002,
      "fastest": 0.000071333,
      "slowest": 0.001030047
    },
    "DNSLookup": {
      "average": 0.000006267479999999999,
      "fastest": 0.000003166,
      "slowest": 0.000033732
    }
  },
  "statusCodeDistribution": {
    "200": 545826
  },
  "errorDistribution": {}
}