{
  "summary": {
    "successRate": 1,
    "total": 10.000691801,
    "slowest": 0.00572456,
    "fastest": 0.000265454,
    "average": 0.0009651837525597907,
    "requestsPerSec": 51709.522730046585,
    "totalData": 6722703,
    "sizePerRequest": 13,
    "sizePerSec": 672223.7954906055
  },
  "responseTimeHistogram": {
    "0.000265454": 1,
    "0.0008113646": 39573,
    "0.0013572752": 475878,
    "0.0019031858000000002": 1456,
    "0.0024490964": 102,
    "0.002995007": 22,
    "0.0035409176000000004": 6,
    "0.0040868282": 32,
    "0.0046327388": 11,
    "0.005178649400000001": 0,
    "0.00572456": 50
  },
  "latencyPercentiles": {
    "p10": 0.000833502,
    "p25": 0.000899373,
    "p50": 0.000973474,
    "p75": 0.001033554,
    "p90": 0.001085743,
    "p95": 0.001134243,
    "p99": 0.001242936
  },
  "rps": {
    "mean": 51706.86546454116,
    "stddev": 2855.1726541435305,
    "max": 68241.63551451171,
    "percentiles": {
      "p10": 49921.240418778594,
      "p25": 50788.491327863245,
      "p50": 51629.749061404655,
      "p75": 52438.67876946207,
      "p90": 53993.25715375539,
      "p95": 55914.52412831982,
      "p99": 60209.53921469357
    }
  },
  "details": {
    "DNSDialup": {
      "average": 0.00068377656,
      "fastest": 0.000090959,
      "slowest": 0.001634034
    },
    "DNSLookup": {
      "average": 0.00000665458,
      "fastest": 0.000003025,
      "slowest": 0.000032651
    }
  },
  "statusCodeDistribution": {
    "200": 517131
  },
  "errorDistribution": {}
}