{
  "summary": {
    "successRate": 1,
    "total": 10.000575163,
    "slowest": 0.006400342,
    "fastest": 0.000188635,
    "average": 0.0009455651642794708,
    "requestsPerSec": 52785.66396391575,
    "totalData": 6862531,
    "sizePerRequest": 13,
    "sizePerSec": 686213.6315309048
  },
  "responseTimeHistogram": {
    "0.000188635": 1,
    "0.0008098056999999999": 51021,
    "0.0014309763999999997": 475485,
    "0.0020521471": 1171,
    "0.0026733177999999995": 102,
    "0.0032944884999999992": 9,
    "0.003915659199999999": 21,
    "0.0045368299": 22,
    "0.0051580006": 4,
    "0.005779171299999999": 1,
    "0.006400341999999999": 50
  },
  "latencyPercentiles": {
    "p10": 0.000813152,
    "p25": 0.000884794,
    "p50": 0.000957505,
    "p75": 0.00101742,
    "p90": 0.001062276,
    "p95": 0.001098093,
    "p99": 0.001204359
  },
  "rps": {
    "mean": 52779.720219693365,
    "stddev": 3204.709875583263,
    "max": 66142.79438796882,
    "percentiles": {
      "p10": 50563.61408287431,
      "p25": 51444.14422015359,
      "p50": 52430.24700950055,
      "p75": 53971.68972625563,
      "p90": 56433.70891874604,
      "p95": 58004.23430910583,
      "p99": 60575.53163038896
    }
  },
  "details": {
    "DNSDialup": {
      "average": 0.0007143872999999997,
      "fastest": 0.000072155,
      "slowest": 0.001576788
    },
    "DNSLookup": {
      "average": 0.000006636040000000001,
      "fastest": 0.000003817,
      "slowest": 0.000027992
    }
  },
  "statusCodeDistribution": {
    "200": 527887
  },
  "errorDistribution": {}
}