{
  "summary": {
    "successRate": 1,
    "total": 10.000575331,
    "slowest": 0.003950706,
    "fastest": 0.000344708,
    "average": 0.0009849051840165341,
    "requestsPerSec": 50675.68447077777,
    "totalData": 6588218,
    "sizePerRequest": 13,
    "sizePerSec": 658783.8981201111
  },
  "responseTimeHistogram": {
    "0.000344708": 1,
    "0.0007053078": 12444,
    "0.0010659076": 384748,
    "0.0014265074000000002": 108600,
    "0.0017871072": 713,
    "0.002147707": 201,
    "0.0025083068000000004": 25,
    "0.0028689066000000003": 4,
    "0.0032295064": 11,
    "0.0035901062": 21,
    "0.003950706": 18
  },
  "latencyPercentiles": {
    "p10": 0.00085469,
    "p25": 0.000921824,
    "p50": 0.000996215,
    "p75": 0.001058136,
    "p90": 0.001101057,
    "p95": 0.001134807,
    "p99": 0.001224584
  },
  "rps": {
    "mean": 50674.50735061425,
    "stddev": 2555.5355040993945,
    "max": 61634.595498451265,
    "percentiles": {
      "p10": 48643.5129562691,
      "p25": 49438.46725909881,
      "p50": 50208.61077674823,
      "p75": 51713.10410057875,
      "p90": 53628.553004405985,
      "p95": 55054.65826472574,
      "p99": 58113.11613030801
    }
  },
  "details": {
    "DNSDialup": {
      "average": 0.0007097620800000001,
      "fastest": 0.00011534,
      "slowest": 0.001283099
    },
    "DNSLookup": {
      "average": 0.00000729392,
      "fastest": 0.000003307,
      "slowest": 0.000032922
    }
  },
  "statusCodeDistribution": {
    "200": 506786
  },
  "errorDistribution": {}
}