{
  "summary": {
    "successRate": 1,
    "total": 10.000634751,
    "slowest": 0.00581201,
    "fastest": 0.00019095,
    "average": 0.0009333242455044717,
    "requestsPerSec": 53477.505509990006,
    "totalData": 6952517,
    "sizePerRequest": 13,
    "sizePerSec": 695207.5716298701
  },
  "responseTimeHistogram": {
    "0.00019095": 1,
    "0.000753056": 42604,
    "0.0013151620000000001": 489936,
    "0.001877268": 1986,
    "0.0024393740000000002": 181,
    "0.0030014800000000004": 2,
    "0.003563586": 24,
    "0.004125692": 18,
    "0.004687798": 5,
    "0.005249904": 2,
    "0.00581201": 50
  },
  "latencyPercentiles": {
    "p10": 0.000783927,
    "p25": 0.000873627,
    "p50": 0.000947934,
    "p75": 0.001010853,
    "p90": 0.001058124,
    "p95": 0.001097134,
    "p99": 0.001210552
  },
  "rps": {
    "mean": 53477.20741475758,
    "stddev": 3728.660466474409,
    "max": 78648.54188004982,
    "percentiles": {
      "p10": 50728.32310948307,
      "p25": 51825.16814610671,
      "p50": 52920.257874714305,
      "p75": 54953.15444143088,
      "p90": 57524.46044465628,
      "p95": 59265.95542153967,
      "p99": 64412.57977683142
    }
  },
  "details": {
    "DNSDialup": {
      "average": 0.0006898302799999997,
      "fastest": 0.000070524,
      "slowest": 0.001589393
    },
    "DNSLookup": {
      "average": 0.00000697672,
      "fastest": 0.000003267,
      "slowest": 0.000036879
    }
  },
  "statusCodeDistribution": {
    "200": 534809
  },
  "errorDistribution": {}
}