{
  "summary": {
    "successRate": 1,
    "total": 10.000633006,
    "slowest": 0.005794666,
    "fastest": 0.000110116,
    "average": 0.0009541663669458833,
    "requestsPerSec": 52308.48884127126,
    "totalData": 6800534,
    "sizePerRequest": 13,
    "sizePerSec": 680010.3549365264
  },
  "responseTimeHistogram": {
    "0.000110116": 1,
    "0.000678571": 19742,
    "0.001247026": 499425,
    "0.001815481": 3646,
    "0.002383936": 155,
    "0.002952391": 62,
    "0.0035208460000000002": 15,
    "0.004089301000000001": 8,
    "0.004657756000000001": 12,
    "0.005226211000000001": 2,
    "0.005794666": 50
  },
  "latencyPercentiles": {
    "p10": 0.000816593,
    "p25": 0.000892467,
    "p50": 0.000967538,
    "p75": 0.001029109,
    "p90": 0.001074842,
    "p95": 0.001111736,
    "p99": 0.001219882
  },
  "rps": {
    "mean": 52308.16112989858,
    "stddev": 3207.9725904717375,
    "max": 72508.5415061893,
    "percentiles": {
      "p10": 50048.97292000238,
      "p25": 50916.339053202995,
      "p50": 51834.30267823907,
      "p75": 53387.96162133415,
      "p90": 55946.853110477765,
      "p95": 57676.27917819767,
      "p99": 61406.84176398562
    }
  },
  "details": {
    "DNSDialup": {
      "average": 0.0006986364199999999,
      "fastest": 0.000082978,
      "slowest": 0.001595424
    },
    "DNSLookup": {
      "average": 0.000006645439999999999,
      "fastest": 0.000003357,
      "slowest": 0.000033022
    }
  },
  "statusCodeDistribution": {
    "200": 523118
  },
  "errorDistribution": {}
}