{
  "summary": {
    "successRate": 1,
    "total": 10.000663063,
    "slowest": 0.006049775,
    "fastest": 0.000159679,
    "average": 0.0009509251861265009,
    "requestsPerSec": 52485.01991252418,
    "totalData": 6823505,
    "sizePerRequest": 13,
    "sizePerSec": 682305.2588628143
  },
  "responseTimeHistogram": {
    "0.000159679": 1,
    "0.0007486886": 37801,
    "0.0013376982": 484747,
    "0.0019267078000000002": 2072,
    "0.0025157174": 164,
    "0.003104727": 14,
    "0.0036937366": 18,
    "0.0042827462000000005": 15,
    "0.0048717558000000005": 3,
    "0.0054607654": 0,
    "0.006049775": 50
  },
  "latencyPercentiles": {
    "p10": 0.000797975,
    "p25": 0.000890493,
    "p50": 0.000967418,
    "p75": 0.001031578,
    "p90": 0.001076532,
    "p95": 0.001113221,
    "p99": 0.001222552
  },
  "rps": {
    "mean": 52483.82993834173,
    "stddev": 3348.8869104925852,
    "max": 69205.62374928468,
    "percentiles": {
      "p10": 50036.90096102949,
      "p25": 50884.350988636164,
      "p50": 51933.39682761732,
      "p75": 53858.08594569215,
      "p90": 56407.31042779463,
      "p95": 58049.10493093116,
      "p99": 61135.94212302067
    }
  },
  "details": {
    "DNSDialup": {
      "average": 0.0007630074799999999,
      "fastest": 0.000100468,
      "slowest": 0.001334552
    },
    "DNSLookup": {
      "average": 0.000009727639999999998,
      "fastest": 0.000003096,
      "slowest": 0.000172921
    }
  },
  "statusCodeDistribution": {
    "200": 524885
  },
  "errorDistribution": {}
}