{
  "summary": {
    "successRate": 1,
    "total": 10.000660389,
    "slowest": 0.005715867,
    "fastest": 0.000240359,
    "average": 0.0009321342692617279,
    "requestsPerSec": 53546.96381741116,
    "totalData": 6961565,
    "sizePerRequest": 13,
    "sizePerSec": 696110.529626345
  },
  "responseTimeHistogram": {
    "0.000240359": 1,
    "0.0007879098": 45718,
    "0.0013354605999999999": 488068,
    "0.0018830114000000001": 1486,
    "0.0024305622": 129,
    "0.002978113": 11,
    "0.0035256638": 14,
    "0.0040732146": 27,
    "0.0046207654": 1,
    "0.0051683162": 0,
    "0.005715867": 50
  },
  "latencyPercentiles": {
    "p10": 0.000802736,
    "p25": 0.000872451,
    "p50": 0.000943551,
    "p75": 0.00100294,
    "p90": 0.001045138,
    "p95": 0.001079572,
    "p99": 0.00118617
  },
  "rps": {
    "mean": 53547.439885061256,
    "stddev": 3058.314591586116,
    "max": 68080.08260116406,
    "percentiles": {
      "p10": 51273.82405186769,
      "p25": 52143.42113287509,
      "p50": 53186.81151375277,
      "p75": 54605.258486392,
      "p90": 56889.401694764376,
      "p95": 58418.343359813705,
      "p99": 62624.10401763529
    }
  },
  "details": {
    "DNSDialup": {
      "average": 0.0006887723000000002,
      "fastest": 0.0000674,
      "slowest": 0.001544189
    },
    "DNSLookup": {
      "average": 0.00000628348,
      "fastest": 0.000003296,
      "slowest": 0.00002694
    }
  },
  "statusCodeDistribution": {
    "200": 535505
  },
  "errorDistribution": {}
}