{
  "summary": {
    "successRate": 1,
    "total": 10.000394394,
    "slowest": 0.004438799,
    "fastest": 0.000082023,
    "average": 0.0009442528149496946,
    "requestsPerSec": 52861.915157783325,
    "totalData": 6872320,
    "sizePerRequest": 13,
    "sizePerSec": 687204.8970511832
  },
  "responseTimeHistogram": {
    "0.000082023": 1,
    "0.0005177006": 1347,
    "0.0009533782000000001": 257349,
    "0.0013890558000000004": 268918,
    "0.0018247334000000004": 685,
    "0.0022604110000000004": 176,
    "0.0026960886000000008": 104,
    "0.0031317662000000007": 26,
    "0.0035674438000000007": 12,
    "0.0040031214": 7,
    "0.004438799": 15
  },
  "latencyPercentiles": {
    "p10": 0.000818377,
    "p25": 0.000882534,
    "p50": 0.000956282,
    "p75": 0.001014606,
    "p90": 0.001064277,
    "p95": 0.001104741,
    "p99": 0.001195
  },
  "rps": {
    "mean": 52862.85983783196,
    "stddev": 3457.531345629805,
    "max": 72733.268196869,
    "percentiles": {
      "p10": 50611.11420067847,
      "p25": 51434.34898558047,
      "p50": 52317.31497880677,
      "p75": 53304.629077159254,
      "p90": 55869.121276842634,
      "p95": 59260.36853743031,
      "p99": 65499.73644868895
    }
  },
  "details": {
    "DNSDialup": {
      "average": 0.0008246310400000001,
      "fastest": 0.000088688,
      "slowest": 0.00139281
    },
    "DNSLookup": {
      "average": 0.00000693478,
      "fastest": 0.000003727,
      "slowest": 0.000036488
    }
  },
  "statusCodeDistribution": {
    "200": 528640
  },
  "errorDistribution": {}
}