{
  "summary": {
    "successRate": 1,
    "total": 10.000624864,
    "slowest": 0.005904695,
    "fastest": 0.000153655,
    "average": 0.0009155900718897552,
    "requestsPerSec": 54513.393654278756,
    "totalData": 7087184,
    "sizePerRequest": 13,
    "sizePerSec": 708674.1175056238
  },
  "responseTimeHistogram": {
    "0.000153655": 1,
    "0.000728759": 34620,
    "0.001303863": 508416,
    "0.001878967": 1798,
    "0.002454071": 184,
    "0.003029175": 7,
    "0.003604279": 14,
    "0.004179383": 28,
    "0.004754487": 13,
    "0.005329591": 37,
    "0.005904695": 50
  },
  "latencyPercentiles": {
    "p10": 0.000781753,
    "p25": 0.000857632,
    "p50": 0.000927751,
    "p75": 0.000986914,
    "p90": 0.001029904,
    "p95": 0.001064676,
    "p99": 0.001173751
  },
  "rps": {
    "mean": 54511.039788644084,
    "stddev": 3424.0147669132075,
    "max": 68824.32251557981,
    "percentiles": {
      "p10": 52126.28207142244,
      "p25": 53044.988278367,
      "p50": 54080.6297960737,
      "p75": 55778.99979741371,
      "p90": 58313.05046069687,
      "p95": 59884.8405488361,
      "p99": 63159.53417691146
    }
  },
  "details": {
    "DNSDialup": {
      "average": 0.00069769858,
      "fastest": 0.000066487,
      "slowest": 0.00174988
    },
    "DNSLookup": {
      "average": 0.0000075281000000000025,
      "fastest": 0.000003115,
      "slowest": 0.000041338
    }
  },
  "statusCodeDistribution": {
    "200": 545168
  },
  "errorDistribution": {}
}