{
  "summary": {
    "successRate": 1,
    "total": 10.000733969,
    "slowest": 0.004131636,
    "fastest": 0.000287237,
    "average": 0.0009790343727366013,
    "requestsPerSec": 50982.65803094677,
    "totalData": 6628232,
    "sizePerRequest": 13,
    "sizePerSec": 662774.554402308
  },
  "responseTimeHistogram": {
    "0.000287237": 1,
    "0.0006716769": 11368,
    "0.0010561168": 382727,
    "0.0014405567000000002": 114713,
    "0.0018249966": 842,
    "0.0022094365": 149,
    "0.0025938764000000003": 12,
    "0.0029783163": 1,
    "0.0033627562000000002": 22,
    "0.0037471961000000004": 11,
    "0.004131636": 18
  },
  "latencyPercentiles": {
    "p10": 0.000849357,
    "p25": 0.000915543,
    "p50": 0.000990793,
    "p75": 0.001050822,
    "p90": 0.001097214,
    "p95": 0.001136663,
    "p99": 0.001233173
  },
  "rps": {
    "mean": 50984.3669627921,
    "stddev": 2956.6908028813423,
    "max": 77538.2751194349,
    "percentiles": {
      "p10": 49112.48930602677,
      "p25": 49808.22333767324,
      "p50": 50631.50885041973,
      "p75": 51601.071017802176,
      "p90": 53594.11887114742,
      "p95": 55221.63031259289,
      "p99": 61791.73357009916
    }
  },
  "details": {
    "DNSDialup": {
      "average": 0.0006112913999999999,
      "fastest": 0.000111749,
      "slowest": 0.000983609
    },
    "DNSLookup": {
      "average": 0.000005889180000000001,
      "fastest": 0.000003156,
      "slowest": 0.000030397
    }
  },
  "statusCodeDistribution": {
    "200": 509864
  },
  "errorDistribution": {}
}