{
  "summary": {
    "successRate": 1,
    "total": 10.000967101,
    "slowest": 0.013280554,
    "fastest": 0.000166917,
    "average": 0.0016160815416140957,
    "requestsPerSec": 30895.21212094626,
    "totalData": 4016766,
    "sizePerRequest": 13,
    "sizePerSec": 401637.7575723014
  },
  "responseTimeHistogram": {
    "0.000166917": 1,
    "0.0014782806999999998": 81647,
    "0.0027896443999999997": 223339,
    "0.004101008099999999": 3038,
    "0.005412371799999999": 320,
    "0.0067237354999999995": 99,
    "0.0080350992": 388,
    "0.0093464629": 100,
    "0.0106578266": 0,
    "0.0119691903": 0,
    "0.013280554": 50
  },
  "latencyPercentiles": {
    "p10": 0.001114804,
    "p25": 0.001433706,
    "p50": 0.00166144,
    "p75": 0.001735702,
    "p90": 0.001826777,
    "p95": 0.002086872,
    "p99": 0.002877081
  },
  "rps": {
    "mean": 30896.676309707793,
    "stddev": 3780.535646616255,
    "max": 36437.82954877246,
    "percentiles": {
      "p10": 27523.08361022371,
      "p25": 30216.75755117732,
      "p50": 32072.91965723233,
      "p75": 32891.21061615993,
      "p90": 33544.184399692196,
      "p95": 33934.49952460152,
      "p99": 34747.18886452011
    }
  },
  "details": {
    "DNSDialup": {
      "average": 0.00077041946,
      "fastest": 0.000090479,
      "slowest": 0.001191858
    },
    "DNSLookup": {
      "average": 0.00000679798,
      "fastest": 0.000003386,
      "slowest": 0.00003741
    }
  },
  "statusCodeDistribution": {
    "200": 308982
  },
  "errorDistribution": {}
}