{
  "summary": {
    "successRate": 1,
    "total": 10.001101288,
    "slowest": 0.01179146,
    "fastest": 0.000215724,
    "average": 0.0015860116347713642,
    "requestsPerSec": 31483.93271227112,
    "totalData": 4093362,
    "sizePerRequest": 13,
    "sizePerSec": 409291.12525952456
  },
  "responseTimeHistogram": {
    "0.000215724": 1,
    "0.0013732976": 75912,
    "0.0025308712": 234744,
    "0.0036884448": 2535,
    "0.0048460184": 307,
    "0.0060035919999999994": 880,
    "0.0071611656": 377,
    "0.008318739200000001": 68,
    "0.009476312800000001": 0,
    "0.0106338864": 0,
    "0.01179146": 50
  },
  "latencyPercentiles": {
    "p10": 0.001069771,
    "p25": 0.001405127,
    "p50": 0.00162183,
    "p75": 0.001703623,
    "p90": 0.001948549,
    "p95": 0.002106902,
    "p99": 0.002752074
  },
  "rps": {
    "mean": 31476.18105674849,
    "stddev": 3841.2819431946405,
    "max": 36815.274886346204,
    "percentiles": {
      "p10": 28800.34848421669,
      "p25": 31010.630444115097,
      "p50": 32277.679031989388,
      "p75": 33416.57252124618,
      "p90": 34375.53485957997,
      "p95": 34982.07751561943,
      "p99": 36080.164796153374
    }
  },
  "details": {
    "DNSDialup": {
      "average": 0.0007691585600000003,
      "fastest": 0.000100718,
      "slowest": 0.001790211
    },
    "DNSLookup": {
      "average": 0.00000705078,
      "fastest": 0.000003476,
      "slowest": 0.000028213
    }
  },
  "statusCodeDistribution": {
    "200": 314874
  },
  "errorDistribution": {}
}