{
  "summary": {
    "successRate": 1,
    "total": 10.000991474,
    "slowest": 0.015047463,
    "fastest": 0.000290632,
    "average": 0.0014827270023041197,
    "requestsPerSec": 33675.96111601285,
    "totalData": 4378309,
    "sizePerRequest": 13,
    "sizePerSec": 437787.49450816703
  },
  "responseTimeHistogram": {
    "0.000290632": 1,
    "0.0017663151": 313985,
    "0.0032419982": 21428,
    "0.0047176813": 778,
    "0.0061933644": 71,
    "0.0076690475": 422,
    "0.009144730600000001": 58,
    "0.010620413700000001": 0,
    "0.012096096800000001": 0,
    "0.0135717799": 0,
    "0.015047463": 50
  },
  "latencyPercentiles": {
    "p10": 0.001020589,
    "p25": 0.001298733,
    "p50": 0.001524621,
    "p75": 0.001600202,
    "p90": 0.001679366,
    "p95": 0.001917464,
    "p99": 0.002703742
  },
  "rps": {
    "mean": 33691.83662210017,
    "stddev": 3973.2558101172485,
    "max": 42243.53869432087,
    "percentiles": {
      "p10": 30188.18332099665,
      "p25": 33209.4148691164,
      "p50": 35000.56072326664,
      "p75": 35618.82017275416,
      "p90": 36355.388629404144,
      "p95": 36778.12695667981,
      "p99": 37851.21232098662
    }
  },
  "details": {
    "DNSDialup": {
      "average": 0.0008179315399999998,
      "fastest": 0.000106261,
      "slowest": 0.00127882
    },
    "DNSLookup": {
      "average": 0.000014962079999999999,
      "fastest": 0.000003707,
      "slowest": 0.000411877
    }
  },
  "statusCodeDistribution": {
    "200": 336793
  },
  "errorDistribution": {}
}