{
  "summary": {
    "successRate": 1,
    "total": 10.000410348,
    "slowest": 0.012416926,
    "fastest": 0.000328427,
    "average": 0.0015675393602324866,
    "requestsPerSec": 31858.392697227344,
    "totalData": 4141761,
    "sizePerRequest": 13,
    "sizePerSec": 414159.1050639555
  },
  "responseTimeHistogram": {
    "0.000328427": 1,
    "0.0015372769": 113705,
    "0.0027461268": 201934,
    "0.0039549767": 1385,
    "0.0051638266": 294,
    "0.0063726765": 1051,
    "0.0075815264": 62,
    "0.0087903763": 16,
    "0.0099992262": 24,
    "0.011208076099999999": 38,
    "0.012416925999999998": 87
  },
  "latencyPercentiles": {
    "p10": 0.001064442,
    "p25": 0.001379979,
    "p50": 0.001601712,
    "p75": 0.001686418,
    "p90": 0.001909357,
    "p95": 0.002073407,
    "p99": 0.002702777
  },
  "rps": {
    "mean": 31849.058654317967,
    "stddev": 3937.8641810006097,
    "max": 37689.853353046645,
    "percentiles": {
      "p10": 28939.989277187044,
      "p25": 31728.841516941833,
      "p50": 32864.22177018768,
      "p75": 33687.16790505647,
      "p90": 34500.962576856604,
      "p95": 35039.67734160942,
      "p99": 36027.910319406474
    }
  },
  "details": {
    "DNSDialup": {
      "average": 0.0008386520800000001,
      "fastest": 0.000079322,
      "slowest": 0.001897373
    },
    "DNSLookup": {
      "average": 0.000042986259999999996,
      "fastest": 0.000003096,
      "slowest": 0.001809816
    }
  },
  "statusCodeDistribution": {
    "200": 318597
  },
  "errorDistribution": {}
}