{
  "summary": {
    "successRate": 1,
    "total": 10.000569881,
    "slowest": 0.011379202,
    "fastest": 0.000459137,
    "average": 0.001536878654735223,
    "requestsPerSec": 32492.0483399,
    "totalData": 4224207,
    "sizePerRequest": 13,
    "sizePerSec": 422396.6284187
  },
  "responseTimeHistogram": {
    "0.000459137": 1,
    "0.0015511434999999998": 136393,
    "0.00264315": 185754,
    "0.0037351564999999996": 1615,
    "0.004827163": 470,
    "0.0059191695": 410,
    "0.007011175999999999": 204,
    "0.008103182499999998": 42,
    "0.009195189": 0,
    "0.010287195499999999": 0,
    "0.011379202": 50
  },
  "latencyPercentiles": {
    "p10": 0.001057359,
    "p25": 0.001366029,
    "p50": 0.001581901,
    "p75": 0.001663324,
    "p90": 0.001832462,
    "p95": 0.00203949,
    "p99": 0.002545437
  },
  "rps": {
    "mean": 32494.34417113633,
    "stddev": 3379.9950524551723,
    "max": 37201.314058705124,
    "percentiles": {
      "p10": 30813.653529879146,
      "p25": 32245.6178756083,
      "p50": 33142.26747936947,
      "p75": 34018.13506780423,
      "p90": 34854.12805830411,
      "p95": 35236.48121757399,
      "p99": 35954.197408094726
    }
  },
  "details": {
    "DNSDialup": {
      "average": 0.0007663178,
      "fastest": 0.000082572,
      "slowest": 0.001662342
    },
    "DNSLookup": {
      "average": 0.000006402760000000002,
      "fastest": 0.000003166,
      "slowest": 0.000030728
    }
  },
  "statusCodeDistribution": {
    "200": 324939
  },
  "errorDistribution": {}
}