{
  "summary": {
    "successRate": 1,
    "total": 10.001818763,
    "slowest": 0.01330589,
    "fastest": 0.000224563,
    "average": 0.0015044718730032837,
    "requestsPerSec": 33186.16422323989,
    "totalData": 4314986,
    "sizePerRequest": 13,
    "sizePerSec": 431420.13490211853
  },
  "responseTimeHistogram": {
    "0.000224563": 1,
    "0.0015326957": 148853,
    "0.0028408284000000002": 180391,
    "0.0041489611": 1975,
    "0.0054570938": 128,
    "0.0067652265": 103,
    "0.008073359200000001": 321,
    "0.0093814919": 1,
    "0.010689624600000001": 56,
    "0.011997757300000002": 43,
    "0.01330589": 50
  },
  "latencyPercentiles": {
    "p10": 0.001026783,
    "p25": 0.001333063,
    "p50": 0.001548843,
    "p75": 0.001619711,
    "p90": 0.0016961,
    "p95": 0.001925406,
    "p99": 0.002805858
  },
  "rps": {
    "mean": 33184.57530500564,
    "stddev": 3869.3546168912203,
    "max": 38522.75969534002,
    "percentiles": {
      "p10": 29800.976205218674,
      "p25": 32548.11530138354,
      "p50": 34317.010942324174,
      "p75": 35143.97026192252,
      "p90": 35931.86451167749,
      "p95": 36254.080211454224,
      "p99": 36985.975183124036
    }
  },
  "details": {
    "DNSDialup": {
      "average": 0.0008235683600000003,
      "fastest": 0.000079246,
      "slowest": 0.001780704
    },
    "DNSLookup": {
      "average": 0.00000698132,
      "fastest": 0.000003466,
      "slowest": 0.000035988
    }
  },
  "statusCodeDistribution": {
    "200": 331922
  },
  "errorDistribution": {}
}