{
  "summary": {
    "successRate": 1,
    "total": 10.000968484,
    "slowest": 0.013163627,
    "fastest": 0.000263057,
    "average": 0.001535877379537216,
    "requestsPerSec": 32511.45131795818,
    "totalData": 4226898,
    "sizePerRequest": 13,
    "sizePerSec": 422648.86713345634
  },
  "responseTimeHistogram": {
    "0.000263057": 1,
    "0.001553114": 135304,
    "0.0028431710000000002": 187127,
    "0.004133228": 1851,
    "0.005423285": 274,
    "0.006713342": 165,
    "0.008003399000000001": 281,
    "0.009293456": 43,
    "0.010583513000000001": 50,
    "0.011873570000000002": 0,
    "0.013163627": 50
  },
  "latencyPercentiles": {
    "p10": 0.001048303,
    "p25": 0.001366866,
    "p50": 0.001582056,
    "p75": 0.001655171,
    "p90": 0.001731703,
    "p95": 0.001957482,
    "p99": 0.00276997
  },
  "rps": {
    "mean": 32509.034393510075,
    "stddev": 3904.9787306687067,
    "max": 37309.08430067824,
    "percentiles": {
      "p10": 29411.067384657606,
      "p25": 31991.146501804735,
      "p50": 33505.18660288746,
      "p75": 34472.10233591023,
      "p90": 35375.80260137506,
      "p95": 35822.93957335893,
      "p99": 36654.17487045888
    }
  },
  "details": {
    "DNSDialup": {
      "average": 0.00076136548,
      "fastest": 0.000113197,
      "slowest": 0.001128714
    },
    "DNSLookup": {
      "average": 0.0000074279199999999985,
      "fastest": 0.000003466,
      "slowest": 0.000030988
    }
  },
  "statusCodeDistribution": {
    "200": 325146
  },
  "errorDistribution": {}
}