{
  "summary": {
    "successRate": 1,
    "total": 10.000766333,
    "slowest": 0.01178194,
    "fastest": 0.000483895,
    "average": 0.0015792175601977347,
    "requestsPerSec": 31618.376979431425,
    "totalData": 4110704,
    "sizePerRequest": 13,
    "sizePerSec": 411038.9007326085
  },
  "responseTimeHistogram": {
    "0.000483895": 1,
    "0.0016136995": 152981,
    "0.002743504": 160466,
    "0.0038733085": 1828,
    "0.005003113": 296,
    "0.0061329175": 398,
    "0.007262722": 148,
    "0.0083925265": 40,
    "0.009522331": 0,
    "0.0106521355": 0,
    "0.01178194": 50
  },
  "latencyPercentiles": {
    "p10": 0.001079098,
    "p25": 0.001401802,
    "p50": 0.001619309,
    "p75": 0.001701705,
    "p90": 0.001927896,
    "p95": 0.002156841,
    "p99": 0.002665079
  },
  "rps": {
    "mean": 31611.830872531078,
    "stddev": 3443.7967348513444,
    "max": 37837.77490598786,
    "percentiles": {
      "p10": 29339.558526762365,
      "p25": 30909.62239931296,
      "p50": 32122.607891433654,
      "p75": 33413.793748680866,
      "p90": 34464.277424771935,
      "p95": 35043.881510378895,
      "p99": 36216.64879345191
    }
  },
  "details": {
    "DNSDialup": {
      "average": 0.0007465297599999999,
      "fastest": 0.0000702,
      "slowest": 0.001300444
    },
    "DNSLookup": {
      "average": 0.000006977099999999998,
      "fastest": 0.000003106,
      "slowest": 0.000038221
    }
  },
  "statusCodeDistribution": {
    "200": 316208
  },
  "errorDistribution": {}
}