{
  "summary": {
    "successRate": 1,
    "total": 10.000665392,
    "slowest": 0.01225523,
    "fastest": 0.000225224,
    "average": 0.001500194156441442,
    "requestsPerSec": 33283.08537012594,
    "totalData": 4327089,
    "sizePerRequest": 13,
    "sizePerSec": 432680.1098116372
  },
  "responseTimeHistogram": {
    "0.000225224": 1,
    "0.0014282246": 94885,
    "0.0026312252": 232525,
    "0.0038342258": 4549,
    "0.005037226400000001": 341,
    "0.006240227000000001": 83,
    "0.0074432275999999995": 229,
    "0.0086462282": 100,
    "0.0098492288": 66,
    "0.0110522294": 24,
    "0.01225523": 50
  },
  "latencyPercentiles": {
    "p10": 0.001031041,
    "p25": 0.001321074,
    "p50": 0.001546777,
    "p75": 0.001616064,
    "p90": 0.001691698,
    "p95": 0.00192177,
    "p99": 0.00273859
  },
  "rps": {
    "mean": 33282.50931903986,
    "stddev": 3966.447612780841,
    "max": 38433.868295685104,
    "percentiles": {
      "p10": 30229.41019317578,
      "p25": 32818.16813788101,
      "p50": 34438.53739531591,
      "p75": 35232.48655208626,
      "p90": 35978.80024570116,
      "p95": 36486.611202247965,
      "p99": 37289.300416635015
    }
  },
  "details": {
    "DNSDialup": {
      "average": 0.0006198958200000001,
      "fastest": 0.000082264,
      "slowest": 0.001052964
    },
    "DNSLookup": {
      "average": 0.000005912020000000002,
      "fastest": 0.000003246,
      "slowest": 0.000030758
    }
  },
  "statusCodeDistribution": {
    "200": 332853
  },
  "errorDistribution": {}
}