{
  "summary": {
    "successRate": 1,
    "total": 10.000714077,
    "slowest": 0.012110878,
    "fastest": 0.000184055,
    "average": 0.0016493644300200495,
    "requestsPerSec": 30272.238329087068,
    "totalData": 3935672,
    "sizePerRequest": 13,
    "sizePerSec": 393539.0982781319
  },
  "responseTimeHistogram": {
    "0.000184055": 1,
    "0.0013767373": 65821,
    "0.0025694195999999996": 227878,
    "0.0037621018999999993": 7783,
    "0.0049547841999999995": 637,
    "0.0061474665": 124,
    "0.007340148799999999": 79,
    "0.0085328311": 285,
    "0.0097255134": 86,
    "0.0109181957": 0,
    "0.012110878": 50
  },
  "latencyPercentiles": {
    "p10": 0.00113399,
    "p25": 0.001461735,
    "p50": 0.001696354,
    "p75": 0.001770017,
    "p90": 0.001868159,
    "p95": 0.002159139,
    "p99": 0.002951999
  },
  "rps": {
    "mean": 30263.51811453923,
    "stddev": 3749.329227660673,
    "max": 35856.21407994267,
    "percentiles": {
      "p10": 26961.04258244271,
      "p25": 29615.672613947903,
      "p50": 31231.009269103848,
      "p75": 32318.861287447085,
      "p90": 33092.245697477585,
      "p95": 33498.365875728065,
      "p99": 34375.41453481093
    }
  },
  "details": {
    "DNSDialup": {
      "average": 0.0007423003,
      "fastest": 0.000070703,
      "slowest": 0.001632975
    },
    "DNSLookup": {
      "average": 0.000006856640000000001,
      "fastest": 0.000003016,
      "slowest": 0.000038062
    }
  },
  "statusCodeDistribution": {
    "200": 302744
  },
  "errorDistribution": {}
}