{
  "summary": {
    "successRate": 1,
    "total": 10.000618261,
    "slowest": 0.012986363,
    "fastest": 0.00031553,
    "average": 0.0015860588215702632,
    "requestsPerSec": 31482.153581224473,
    "totalData": 4092933,
    "sizePerRequest": 13,
    "sizePerSec": 409267.99655591813
  },
  "responseTimeHistogram": {
    "0.00031553": 1,
    "0.0015826133000000002": 109288,
    "0.0028496966000000003": 203573,
    "0.0041167799": 1285,
    "0.0053838632": 194,
    "0.0066509465": 408,
    "0.0079180298": 42,
    "0.009185113100000001": 0,
    "0.0104521964": 0,
    "0.0117192797": 0,
    "0.012986363": 50
  },
  "latencyPercentiles": {
    "p10": 0.001086722,
    "p25": 0.001418716,
    "p50": 0.001643056,
    "p75": 0.001716852,
    "p90": 0.001870978,
    "p95": 0.002087605,
    "p99": 0.002503353
  },
  "rps": {
    "mean": 31486.754699880035,
    "stddev": 3074.6609084130437,
    "max": 36001.946850147564,
    "percentiles": {
      "p10": 29505.57360285414,
      "p25": 30780.858236499796,
      "p50": 31920.94013673353,
      "p75": 33052.26116915857,
      "p90": 33977.64587463418,
      "p95": 34485.70689883495,
      "p99": 35432.74591074565
    }
  },
  "details": {
    "DNSDialup": {
      "average": 0.0007474086200000001,
      "fastest": 0.000092092,
      "slowest": 0.001701279
    },
    "DNSLookup": {
      "average": 0.00000694002,
      "fastest": 0.000003056,
      "slowest": 0.000049753
    }
  },
  "statusCodeDistribution": {
    "200": 314841
  },
  "errorDistribution": {}
}