{
  "summary": {
    "successRate": 1,
    "total": 10.000640303,
    "slowest": 0.01588313,
    "fastest": 0.000171472,
    "average": 0.001506931627851851,
    "requestsPerSec": 33133.8784278241,
    "totalData": 4307680,
    "sizePerRequest": 13,
    "sizePerSec": 430740.4195617133
  },
  "responseTimeHistogram": {
    "0.000171472": 1,
    "0.0017426378": 305330,
    "0.0033138036": 24627,
    "0.0048849694": 731,
    "0.0064561352": 254,
    "0.008027301": 332,
    "0.009598466800000002": 35,
    "0.011169632600000002": 0,
    "0.012740798400000001": 0,
    "0.014311964200000001": 0,
    "0.01588313": 50
  },
  "latencyPercentiles": {
    "p10": 0.001035296,
    "p25": 0.00132472,
    "p50": 0.001550433,
    "p75": 0.001625277,
    "p90": 0.001705866,
    "p95": 0.001942118,
    "p99": 0.002755982
  },
  "rps": {
    "mean": 33146.59445690957,
    "stddev": 3997.9889345721936,
    "max": 38571.13093592668,
    "percentiles": {
      "p10": 29900.95982081063,
      "p25": 32519.280681517717,
      "p50": 34234.79967386905,
      "p75": 35213.12040866222,
      "p90": 35936.81955004326,
      "p95": 36333.33013545783,
      "p99": 37385.676531405996
    }
  },
  "details": {
    "DNSDialup": {
      "average": 0.0008163018799999997,
      "fastest": 0.000111729,
      "slowest": 0.001177173
    },
    "DNSLookup": {
      "average": 0.0000064625,
      "fastest": 0.000003437,
      "slowest": 0.000025117
    }
  },
  "statusCodeDistribution": {
    "200": 331360
  },
  "errorDistribution": {}
}