{
  "summary": {
    "successRate": 1,
    "total": 10.001068874,
    "slowest": 0.012587021,
    "fastest": 0.000182371,
    "average": 0.0015026204438475523,
    "requestsPerSec": 33225.648596808176,
    "totalData": 4319796,
    "sizePerRequest": 13,
    "sizePerSec": 431933.4317585063
  },
  "responseTimeHistogram": {
    "0.000182371": 1,
    "0.001422836": 106220,
    "0.0026633010000000003": 211953,
    "0.0039037660000000004": 12057,
    "0.005144231": 715,
    "0.006384696": 156,
    "0.007625161": 129,
    "0.008865626000000001": 384,
    "0.010106091000000001": 541,
    "0.011346556": 53,
    "0.012587021": 83
  },
  "latencyPercentiles": {
    "p10": 0.000929546,
    "p25": 0.001308461,
    "p50": 0.001488901,
    "p75": 0.001571798,
    "p90": 0.001768894,
    "p95": 0.002445083,
    "p99": 0.003214529
  },
  "rps": {
    "mean": 33230.30546359135,
    "stddev": 5977.807133101958,
    "max": 42138.02122950219,
    "percentiles": {
      "p10": 28315.37358160395,
      "p25": 31113.662008986194,
      "p50": 35136.38654532466,
      "p75": 36816.12546295202,
      "p90": 38000.67283544243,
      "p95": 38494.65205759387,
      "p99": 39818.08673361737
    }
  },
  "details": {
    "DNSDialup": {
      "average": 0.0005017349800000003,
      "fastest": 0.000065432,
      "slowest": 0.000871327
    },
    "DNSLookup": {
      "average": 0.000005692319999999999,
      "fastest": 0.000002669,
      "slowest": 0.000038175
    }
  },
  "statusCodeDistribution": {
    "200": 332292
  },
  "errorDistribution": {}
}