{
  "summary": {
    "successRate": 1,
    "total": 10.000882616,
    "slowest": 0.013277867,
    "fastest": 0.000326563,
    "average": 0.001511370231969354,
    "requestsPerSec": 33038.08400584471,
    "totalData": 4295330,
    "sizePerRequest": 13,
    "sizePerSec": 429495.0920759812
  },
  "responseTimeHistogram": {
    "0.000326563": 1,
    "0.0016216934": 243104,
    "0.0029168238": 85145,
    "0.0042119542": 1247,
    "0.0055070846": 334,
    "0.006802215": 270,
    "0.008097345399999999": 259,
    "0.0093924758": 0,
    "0.0106876062": 0,
    "0.0119827366": 0,
    "0.013277867": 50
  },
  "latencyPercentiles": {
    "p10": 0.001031419,
    "p25": 0.001332485,
    "p50": 0.001556685,
    "p75": 0.001626022,
    "p90": 0.001704051,
    "p95": 0.001995367,
    "p99": 0.002743757
  },
  "rps": {
    "mean": 33039.625971589754,
    "stddev": 4097.653958785389,
    "max": 38013.73384290889,
    "percentiles": {
      "p10": 29748.263582835803,
      "p25": 32678.576751021454,
      "p50": 34213.24052408513,
      "p75": 35101.0109091144,
      "p90": 35829.31913184096,
      "p95": 36321.1788794052,
      "p99": 37133.02435347063
    }
  },
  "details": {
    "DNSDialup": {
      "average": 0.0007221542999999998,
      "fastest": 0.000119495,
      "slowest": 0.001131214
    },
    "DNSLookup": {
      "average": 0.0000065276200000000005,
      "fastest": 0.000002585,
      "slowest": 0.000027803
    }
  },
  "statusCodeDistribution": {
    "200": 330410
  },
  "errorDistribution": {}
}