{
  "summary": {
    "successRate": 1,
    "total": 10.000631701,
    "slowest": 0.011739329,
    "fastest": 0.000255055,
    "average": 0.0015025628556724086,
    "requestsPerSec": 33232.700686974335,
    "totalData": 4320524,
    "sizePerRequest": 13,
    "sizePerSec": 432025.10893066635
  },
  "responseTimeHistogram": {
    "0.000255055": 1,
    "0.0014034823999999999": 91608,
    "0.0025519098": 233512,
    "0.0037003372000000002": 6319,
    "0.0048487645999999995": 252,
    "0.005997191999999999": 133,
    "0.0071456194": 296,
    "0.0082940468": 177,
    "0.0094424742": 0,
    "0.0105909016": 0,
    "0.011739329": 50
  },
  "latencyPercentiles": {
    "p10": 0.001028433,
    "p25": 0.001314596,
    "p50": 0.001546367,
    "p75": 0.001620314,
    "p90": 0.001707212,
    "p95": 0.00193571,
    "p99": 0.002765346
  },
  "rps": {
    "mean": 33234.182869148695,
    "stddev": 3907.008864938405,
    "max": 38571.89541785081,
    "percentiles": {
      "p10": 29971.07331118905,
      "p25": 32767.22390121419,
      "p50": 34340.61173000842,
      "p75": 35245.564180065674,
      "p90": 35937.312826497466,
      "p95": 36384.69906164827,
      "p99": 37455.174002057305
    }
  },
  "details": {
    "DNSDialup": {
      "average": 0.00071554976,
      "fastest": 0.000069549,
      "slowest": 0.001565603
    },
    "DNSLookup": {
      "average": 0.000006626679999999998,
      "fastest": 0.000003516,
      "slowest": 0.000027702
    }
  },
  "statusCodeDistribution": {
    "200": 332348
  },
  "errorDistribution": {}
}