{
  "summary": {
    "successRate": 1,
    "total": 10.00110487,
    "slowest": 0.013353234,
    "fastest": 0.000120461,
    "average": 0.0014943674922837866,
    "requestsPerSec": 33413.00829695229,
    "totalData": 4344171,
    "sizePerRequest": 13,
    "sizePerSec": 434369.1078603798
  },
  "responseTimeHistogram": {
    "0.000120461": 1,
    "0.0014437383": 100189,
    "0.0027670156": 231064,
    "0.0040902929": 2040,
    "0.0054135701999999996": 201,
    "0.0067368474999999995": 264,
    "0.0080601248": 314,
    "0.0093834021": 44,
    "0.0107066794": 0,
    "0.0120299567": 0,
    "0.013353234": 50
  },
  "latencyPercentiles": {
    "p10": 0.001017969,
    "p25": 0.001315724,
    "p50": 0.001541168,
    "p75": 0.001612978,
    "p90": 0.001686644,
    "p95": 0.001899824,
    "p99": 0.002718803
  },
  "rps": {
    "mean": 33414.10886538653,
    "stddev": 3965.2540518348296,
    "max": 38365.61652930213,
    "percentiles": {
      "p10": 30044.243152466523,
      "p25": 33100.44685603202,
      "p50": 34632.180221861716,
      "p75": 35357.159036199984,
      "p90": 35979.321037688256,
      "p95": 36407.43961181945,
      "p99": 37120.65644251877
    }
  },
  "details": {
    "DNSDialup": {
      "average": 0.0008098743799999999,
      "fastest": 0.000095486,
      "slowest": 0.00114662
    },
    "DNSLookup": {
      "average": 0.00000667438,
      "fastest": 0.000003546,
      "slowest": 0.000031549
    }
  },
  "statusCodeDistribution": {
    "200": 334167
  },
  "errorDistribution": {}
}