{
  "summary": {
    "successRate": 1,
    "total": 10.001297462,
    "slowest": 0.013832447,
    "fastest": 0.000230971,
    "average": 0.0015855629256821477,
    "requestsPerSec": 31489.014420037256,
    "totalData": 4094103,
    "sizePerRequest": 13,
    "sizePerSec": 409357.18746048433
  },
  "responseTimeHistogram": {
    "0.000230971": 1,
    "0.0015911185999999999": 129229,
    "0.0029512661999999998": 182999,
    "0.0043114137999999995": 1889,
    "0.0056715614": 224,
    "0.007031709": 184,
    "0.008391856599999999": 306,
    "0.009752004199999999": 49,
    "0.0111121518": 0,
    "0.0124722994": 0,
    "0.013832447": 50
  },
  "latencyPercentiles": {
    "p10": 0.001098529,
    "p25": 0.001408906,
    "p50": 0.001623659,
    "p75": 0.001697306,
    "p90": 0.001789498,
    "p95": 0.002093235,
    "p99": 0.002881935
  },
  "rps": {
    "mean": 31489.36259426908,
    "stddev": 3945.81556875953,
    "max": 36668.69276732319,
    "percentiles": {
      "p10": 28058.277041414065,
      "p25": 30919.439051331352,
      "p50": 32727.286328218746,
      "p75": 33415.25482850454,
      "p90": 34247.848643361605,
      "p95": 34844.69302589306,
      "p99": 35666.26693723479
    }
  },
  "details": {
    "DNSDialup": {
      "average": 0.00056285398,
      "fastest": 0.000055734,
      "slowest": 0.000904718
    },
    "DNSLookup": {
      "average": 0.00000608056,
      "fastest": 0.000002785,
      "slowest": 0.000044543
    }
  },
  "statusCodeDistribution": {
    "200": 314931
  },
  "errorDistribution": {}
}