{
  "summary": {
    "successRate": 1,
    "total": 10.001227168,
    "slowest": 0.011544351,
    "fastest": 0.000497139,
    "average": 0.001565863369390527,
    "requestsPerSec": 31890.786464735564,
    "totalData": 4146311,
    "sizePerRequest": 13,
    "sizePerSec": 414580.22404156235
  },
  "responseTimeHistogram": {
    "0.000497139": 1,
    "0.0016018602": 160675,
    "0.0027065813999999997": 155150,
    "0.0038113026": 1517,
    "0.0049160238": 340,
    "0.006020745": 890,
    "0.0071254662": 176,
    "0.0082301874": 53,
    "0.0093349086": 16,
    "0.010439629800000001": 79,
    "0.011544351000000001": 50
  },
  "latencyPercentiles": {
    "p10": 0.001062861,
    "p25": 0.001405204,
    "p50": 0.001600693,
    "p75": 0.001678454,
    "p90": 0.001900322,
    "p95": 0.00206102,
    "p99": 0.002691717
  },
  "rps": {
    "mean": 31876.382296944685,
    "stddev": 3793.6818259627066,
    "max": 37227.59413849694,
    "percentiles": {
      "p10": 29423.17369159953,
      "p25": 31700.725946622977,
      "p50": 32728.54911338827,
      "p75": 33687.89674516636,
      "p90": 34460.507384165765,
      "p95": 35001.830335889885,
      "p99": 35936.38918769002
    }
  },
  "details": {
    "DNSDialup": {
      "average": 0.0009015283199999994,
      "fastest": 0.00009004,
      "slowest": 0.001468641
    },
    "DNSLookup": {
      "average": 0.000006428479999999999,
      "fastest": 0.000003146,
      "slowest": 0.000029466
    }
  },
  "statusCodeDistribution": {
    "200": 318947
  },
  "errorDistribution": {}
}