{
  "summary": {
    "successRate": 1,
    "total": 10.00075994,
    "slowest": 0.011768328,
    "fastest": 0.000563015,
    "average": 0.0016187772701148034,
    "requestsPerSec": 30849.355634067946,
    "totalData": 4010721,
    "sizePerRequest": 13,
    "sizePerSec": 401041.6232428833
  },
  "responseTimeHistogram": {
    "0.000563015": 1,
    "0.0016835463": 161351,
    "0.0028040776": 141696,
    "0.0039246089": 4428,
    "0.0050451402": 394,
    "0.0061656715": 166,
    "0.007286202800000001": 335,
    "0.0084067341": 46,
    "0.0095272654": 7,
    "0.0106477967": 43,
    "0.011768328": 50
  },
  "latencyPercentiles": {
    "p10": 0.00108149,
    "p25": 0.001424897,
    "p50": 0.001676535,
    "p75": 0.001748829,
    "p90": 0.001827318,
    "p95": 0.002169402,
    "p99": 0.002951116
  },
  "rps": {
    "mean": 30851.657564889567,
    "stddev": 3593.6926196839936,
    "max": 35536.001694453225,
    "percentiles": {
      "p10": 27301.208840384985,
      "p25": 30249.948715318613,
      "p50": 32094.95648914436,
      "p75": 32777.306702958624,
      "p90": 33325.10577960711,
      "p95": 33771.60794780764,
      "p99": 34485.99699171185
    }
  },
  "details": {
    "DNSDialup": {
      "average": 0.0007205942799999999,
      "fastest": 0.000067767,
      "slowest": 0.001644188
    },
    "DNSLookup": {
      "average": 0.0000066340199999999975,
      "fastest": 0.000003226,
      "slowest": 0.000028704
    }
  },
  "statusCodeDistribution": {
    "200": 308517
  },
  "errorDistribution": {}
}