{
  "summary": {
    "successRate": 1,
    "total": 10.000752287,
    "slowest": 0.011958685,
    "fastest": 0.000253574,
    "average": 0.0015856020119079872,
    "requestsPerSec": 31489.131113602198,
    "totalData": 4093895,
    "sizePerRequest": 13,
    "sizePerSec": 409358.70447682857
  },
  "responseTimeHistogram": {
    "0.000253574": 1,
    "0.0014240850999999999": 80573,
    "0.0025945962": 227733,
    "0.0037651073": 5707,
    "0.0049356184": 209,
    "0.006106129500000001": 130,
    "0.0072766406": 264,
    "0.008447151699999999": 248,
    "0.0096176628": 0,
    "0.0107881739": 0,
    "0.011958685": 50
  },
  "latencyPercentiles": {
    "p10": 0.001097173,
    "p25": 0.001405758,
    "p50": 0.001632339,
    "p75": 0.00170142,
    "p90": 0.001785527,
    "p95": 0.002056003,
    "p99": 0.002831695
  },
  "rps": {
    "mean": 31480.759885563013,
    "stddev": 3731.1834170097604,
    "max": 36467.72757190326,
    "percentiles": {
      "p10": 28478.478142216514,
      "p25": 30916.64552195396,
      "p50": 32653.124531567926,
      "p75": 33219.97372215061,
      "p90": 33963.88947248707,
      "p95": 34398.99687310176,
      "p99": 35453.686438348705
    }
  },
  "details": {
    "DNSDialup": {
      "average": 0.0009682196799999998,
      "fastest": 0.000114492,
      "slowest": 0.001464888
    },
    "DNSLookup": {
      "average": 0.000006728220000000002,
      "fastest": 0.000003576,
      "slowest": 0.00003717
    }
  },
  "statusCodeDistribution": {
    "200": 314915
  },
  "errorDistribution": {}
}