{
  "summary": {
    "successRate": 1,
    "total": 10.000983208,
    "slowest": 0.014840481,
    "fastest": 0.000229024,
    "average": 0.0016014017338554243,
    "requestsPerSec": 31177.73458019389,
    "totalData": 4053504,
    "sizePerRequest": 13,
    "sizePerSec": 405310.54954252054
  },
  "responseTimeHistogram": {
    "0.000229024": 1,
    "0.0016901697": 199031,
    "0.0031513154": 111041,
    "0.0046124611000000005": 1025,
    "0.006073606800000001": 92,
    "0.007534752500000001": 298,
    "0.0089958982": 270,
    "0.0104570439": 0,
    "0.0119181896": 0,
    "0.0133793353": 0,
    "0.014840481": 50
  },
  "latencyPercentiles": {
    "p10": 0.001108031,
    "p25": 0.001411101,
    "p50": 0.001649939,
    "p75": 0.001723135,
    "p90": 0.001814928,
    "p95": 0.002068843,
    "p99": 0.002816331
  },
  "rps": {
    "mean": 31191.720528739417,
    "stddev": 3747.6114556838415,
    "max": 36429.79076586921,
    "percentiles": {
      "p10": 28101.913740326167,
      "p25": 30507.257676600886,
      "p50": 32308.371098952055,
      "p75": 33016.40935677087,
      "p90": 33709.03402111886,
      "p95": 34306.3872255484,
      "p99": 35462.11862149007
    }
  },
  "details": {
    "DNSDialup": {
      "average": 0.0008453789999999999,
      "fastest": 0.000092654,
      "slowest": 0.00155218
    },
    "DNSLookup": {
      "average": 0.000007634980000000001,
      "fastest": 0.000003186,
      "slowest": 0.000032501
    }
  },
  "statusCodeDistribution": {
    "200": 311808
  },
  "errorDistribution": {}
}