{
  "summary": {
    "successRate": 1,
    "total": 10.000656989,
    "slowest": 0.015588206,
    "fastest": 0.000537073,
    "average": 0.0016360079768356506,
    "requestsPerSec": 30518.994935603627,
    "totalData": 3967730,
    "sizePerRequest": 13,
    "sizePerSec": 396746.9341628472
  },
  "responseTimeHistogram": {
    "0.000537073": 1,
    "0.0020421862999999998": 286298,
    "0.0035472995999999996": 17398,
    "0.0050524129": 897,
    "0.006557526199999999": 64,
    "0.0080626395": 225,
    "0.0095677528": 237,
    "0.0110728661": 40,
    "0.0125779794": 0,
    "0.014083092699999999": 0,
    "0.015588205999999999": 50
  },
  "latencyPercentiles": {
    "p10": 0.001132147,
    "p25": 0.001441079,
    "p50": 0.001672645,
    "p75": 0.001746896,
    "p90": 0.001846863,
    "p95": 0.002163196,
    "p99": 0.003048956
  },
  "rps": {
    "mean": 30520.250755510104,
    "stddev": 4015.94598240847,
    "max": 36103.417321034125,
    "percentiles": {
      "p10": 26713.957220680677,
      "p25": 29811.48761765142,
      "p50": 31806.360469410196,
      "p75": 32691.182245519452,
      "p90": 33429.65124972102,
      "p95": 33908.88751941855,
      "p99": 34563.54273191001
    }
  },
  "details": {
    "DNSDialup": {
      "average": 0.0007233556600000001,
      "fastest": 0.000093974,
      "slowest": 0.00138526
    },
    "DNSLookup": {
      "average": 0.000009227079999999999,
      "fastest": 0.000004038,
      "slowest": 0.000040476
    }
  },
  "statusCodeDistribution": {
    "200": 305210
  },
  "errorDistribution": {}
}