{
  "summary": {
    "successRate": 1,
    "total": 10.000950313,
    "slowest": 0.011906285,
    "fastest": 0.000306923,
    "average": 0.0014722216477398415,
    "requestsPerSec": 33916.87683510242,
    "totalData": 4409613,
    "sizePerRequest": 13,
    "sizePerSec": 440919.3988563314
  },
  "responseTimeHistogram": {
    "0.000306923": 1,
    "0.0014668592": 125379,
    "0.0026267954": 209897,
    "0.0037867316": 2953,
    "0.0049466677999999995": 358,
    "0.006106603999999999": 84,
    "0.007266540199999999": 316,
    "0.0084264764": 163,
    "0.0095864126": 0,
    "0.0107463488": 0,
    "0.011906284999999999": 50
  },
  "latencyPercentiles": {
    "p10": 0.001008694,
    "p25": 0.001288673,
    "p50": 0.00151678,
    "p75": 0.001588194,
    "p90": 0.001665994,
    "p95": 0.001900057,
    "p99": 0.002684924
  },
  "rps": {
    "mean": 33911.23856811926,
    "stddev": 4073.940613378204,
    "max": 39073.837201998176,
    "percentiles": {
      "p10": 30767.957187039854,
      "p25": 33258.41491622533,
      "p50": 35237.20820399823,
      "p75": 35879.77922176854,
      "p90": 36459.351993724944,
      "p95": 36887.48823556385,
      "p99": 37971.21887085729
    }
  },
  "details": {
    "DNSDialup": {
      "average": 0.00092324122,
      "fastest": 0.000128567,
      "slowest": 0.001978161
    },
    "DNSLookup": {
      "average": 0.00000769194,
      "fastest": 0.000002665,
      "slowest": 0.000029405
    }
  },
  "statusCodeDistribution": {
    "200": 339201
  },
  "errorDistribution": {}
}