{
  "summary": {
    "successRate": 1,
    "total": 10.000618331,
    "slowest": 0.011919666,
    "fastest": 0.000220528,
    "average": 0.0015916001142685823,
    "requestsPerSec": 31369.760310473746,
    "totalData": 4078321,
    "sizePerRequest": 13,
    "sizePerSec": 407806.8840361587
  },
  "responseTimeHistogram": {
    "0.000220528": 1,
    "0.0013904418000000001": 76364,
    "0.0025603556000000005": 230383,
    "0.0037302694000000006": 5831,
    "0.004900183200000001": 481,
    "0.006070097000000001": 155,
    "0.007240010800000001": 261,
    "0.0084099246": 155,
    "0.0095798384": 33,
    "0.0107497522": 3,
    "0.011919666": 50
  },
  "latencyPercentiles": {
    "p10": 0.001107387,
    "p25": 0.001407017,
    "p50": 0.001642778,
    "p75": 0.00171236,
    "p90": 0.001785567,
    "p95": 0.002067417,
    "p99": 0.002823314
  },
  "rps": {
    "mean": 31367.092544407045,
    "stddev": 3685.9448191187385,
    "max": 36495.400085624184,
    "percentiles": {
      "p10": 28633.721086108035,
      "p25": 30897.267688409684,
      "p50": 32422.551273949655,
      "p75": 33107.419372681434,
      "p90": 33782.01461970652,
      "p95": 34401.938937668056,
      "p99": 35376.13544797475
    }
  },
  "details": {
    "DNSDialup": {
      "average": 0.0008680055399999998,
      "fastest": 0.000072656,
      "slowest": 0.001710377
    },
    "DNSLookup": {
      "average": 0.000007894720000000006,
      "fastest": 0.000003807,
      "slowest": 0.00003761
    }
  },
  "statusCodeDistribution": {
    "200": 313717
  },
  "errorDistribution": {}
}