{
  "summary": {
    "successRate": 1,
    "total": 10.000969562,
    "slowest": 0.012134985,
    "fastest": 0.00018284,
    "average": 0.0016385043470403759,
    "requestsPerSec": 30470.44570137249,
    "totalData": 3961542,
    "sizePerRequest": 13,
    "sizePerSec": 396115.79411784234
  },
  "responseTimeHistogram": {
    "0.00018284": 1,
    "0.0013780545": 67119,
    "0.002573269": 228340,
    "0.0037684835": 8092,
    "0.004963698": 535,
    "0.0061589125": 100,
    "0.007354127": 144,
    "0.0085493415": 326,
    "0.009744556": 27,
    "0.0109397705": 0,
    "0.012134985": 50
  },
  "latencyPercentiles": {
    "p10": 0.00113003,
    "p25": 0.001452894,
    "p50": 0.001683972,
    "p75": 0.001758675,
    "p90": 0.001851658,
    "p95": 0.002129991,
    "p99": 0.002972322
  },
  "rps": {
    "mean": 30462.797768738794,
    "stddev": 3800.689810528697,
    "max": 35459.17583037074,
    "percentiles": {
      "p10": 27053.918459487035,
      "p25": 29731.080871943814,
      "p50": 31512.54199171272,
      "p75": 32548.881408559402,
      "p90": 33182.63977077585,
      "p95": 33650.20947756219,
      "p99": 34637.138968212545
    }
  },
  "details": {
    "DNSDialup": {
      "average": 0.00105707994,
      "fastest": 0.000118616,
      "slowest": 0.001552743
    },
    "DNSLookup": {
      "average": 0.00000658794,
      "fastest": 0.000003377,
      "slowest": 0.000031559
    }
  },
  "statusCodeDistribution": {
    "200": 304734
  },
  "errorDistribution": {}
}