{
  "summary": {
    "successRate": 1,
    "total": 10.000638857,
    "slowest": 0.011827537,
    "fastest": 0.000530644,
    "average": 0.0016024194387899648,
    "requestsPerSec": 31161.20924433458,
    "totalData": 4051216,
    "sizePerRequest": 13,
    "sizePerSec": 405095.7201763495
  },
  "responseTimeHistogram": {
    "0.000530644": 1,
    "0.0016603333": 171489,
    "0.0027900226": 137577,
    "0.0039197119": 1613,
    "0.0050494012": 301,
    "0.0061790905000000005": 412,
    "0.0073087798": 106,
    "0.0084384691": 83,
    "0.0095681584": 0,
    "0.0106978477": 0,
    "0.011827537": 50
  },
  "latencyPercentiles": {
    "p10": 0.001091459,
    "p25": 0.001435811,
    "p50": 0.001645296,
    "p75": 0.001722477,
    "p90": 0.001975749,
    "p95": 0.00214166,
    "p99": 0.002638059
  },
  "rps": {
    "mean": 31163.19636698124,
    "stddev": 3420.438724209836,
    "max": 36371.35671724613,
    "percentiles": {
      "p10": 28907.304875946385,
      "p25": 30548.55081180531,
      "p50": 31819.750519147143,
      "p75": 32996.025107503745,
      "p90": 33845.28838038112,
      "p95": 34339.62313990518,
      "p99": 35195.71330577638
    }
  },
  "details": {
    "DNSDialup": {
      "average": 0.00085428638,
      "fastest": 0.000107063,
      "slowest": 0.0016226
    },
    "DNSLookup": {
      "average": 0.000007268239999999998,
      "fastest": 0.000003466,
      "slowest": 0.000030627
    }
  },
  "statusCodeDistribution": {
    "200": 311632
  },
  "errorDistribution": {}
}