{
  "summary": {
    "successRate": 1,
    "total": 10.00072716,
    "slowest": 0.015274382,
    "fastest": 0.000578449,
    "average": 0.0016597003756238502,
    "requestsPerSec": 30073.913145331724,
    "totalData": 3909893,
    "sizePerRequest": 13,
    "sizePerSec": 390960.8708893124
  },
  "responseTimeHistogram": {
    "0.000578449": 1,
    "0.0020480423": 282174,
    "0.0035176356": 17029,
    "0.0049872289": 865,
    "0.0064568222": 219,
    "0.0079264155": 365,
    "0.0093960088": 58,
    "0.0108656021": 0,
    "0.0123351954": 0,
    "0.0138047887": 0,
    "0.015274382000000001": 50
  },
  "latencyPercentiles": {
    "p10": 0.001159632,
    "p25": 0.001487468,
    "p50": 0.001711303,
    "p75": 0.001793941,
    "p90": 0.001892813,
    "p95": 0.002165641,
    "p99": 0.002795076
  },
  "rps": {
    "mean": 30069.82907786199,
    "stddev": 3367.209920319592,
    "max": 34452.99256803206,
    "percentiles": {
      "p10": 28058.867504022648,
      "p25": 29652.32348143124,
      "p50": 30728.694974577706,
      "p75": 31704.276906955198,
      "p90": 32540.46406706639,
      "p95": 33057.07689654083,
      "p99": 33633.889798924116
    }
  },
  "details": {
    "DNSDialup": {
      "average": 0.0008532154800000003,
      "fastest": 0.000157734,
      "slowest": 0.001344834
    },
    "DNSLookup": {
      "average": 0.00000741296,
      "fastest": 0.000003316,
      "slowest": 0.000039724
    }
  },
  "statusCodeDistribution": {
    "200": 300761
  },
  "errorDistribution": {}
}