{
  "summary": {
    "successRate": 1,
    "total": 10.000458834,
    "slowest": 0.011557802,
    "fastest": 0.000349859,
    "average": 0.0015687531547414646,
    "requestsPerSec": 31831.63945615418,
    "totalData": 4138303,
    "sizePerRequest": 13,
    "sizePerSec": 413811.3129300043
  },
  "responseTimeHistogram": {
    "0.000349859": 1,
    "0.0014706533000000003": 85724,
    "0.0025914476000000004": 229590,
    "0.0037122419000000005": 2190,
    "0.004833036200000001": 201,
    "0.005953830500000001": 260,
    "0.007074624800000001": 274,
    "0.0081954191": 41,
    "0.0093162134": 0,
    "0.0104370077": 0,
    "0.011557802": 50
  },
  "latencyPercentiles": {
    "p10": 0.001075622,
    "p25": 0.001412127,
    "p50": 0.001619492,
    "p75": 0.001697941,
    "p90": 0.001869207,
    "p95": 0.002065493,
    "p99": 0.0025626
  },
  "rps": {
    "mean": 31829.75367771131,
    "stddev": 3263.2303682307856,
    "max": 36580.40473108148,
    "percentiles": {
      "p10": 29817.87880012806,
      "p25": 31311.563360348337,
      "p50": 32422.54459952615,
      "p75": 33419.4935906103,
      "p90": 34308.03494178463,
      "p95": 34867.63617894728,
      "p99": 35711.877106537446
    }
  },
  "details": {
    "DNSDialup": {
      "average": 0.00082050022,
      "fastest": 0.000093023,
      "slowest": 0.001795736
    },
    "DNSLookup": {
      "average": 0.00000669106,
      "fastest": 0.000003126,
      "slowest": 0.000033462
    }
  },
  "statusCodeDistribution": {
    "200": 318331
  },
  "errorDistribution": {}
}