{
  "summary": {
    "successRate": 1,
    "total": 10.000675426,
    "slowest": 0.013447959,
    "fastest": 0.000226213,
    "average": 0.0016194117689889715,
    "requestsPerSec": 30831.517559142107,
    "totalData": 4008368,
    "sizePerRequest": 13,
    "sizePerSec": 400809.7282688474
  },
  "responseTimeHistogram": {
    "0.000226213": 1,
    "0.0015483876000000002": 90159,
    "0.0028705622": 214967,
    "0.004192736800000001": 2379,
    "0.005514911400000001": 258,
    "0.006837086000000001": 218,
    "0.0081592606": 260,
    "0.0094814352": 44,
    "0.0108036098": 0,
    "0.0121257844": 0,
    "0.013447959": 50
  },
  "latencyPercentiles": {
    "p10": 0.001121627,
    "p25": 0.001436356,
    "p50": 0.001670998,
    "p75": 0.001741463,
    "p90": 0.001818093,
    "p95": 0.002096561,
    "p99": 0.002884579
  },
  "rps": {
    "mean": 30834.034158415554,
    "stddev": 3586.142467018791,
    "max": 36402.99649882008,
    "percentiles": {
      "p10": 27639.787442734087,
      "p25": 30182.358669421672,
      "p50": 31834.779496599993,
      "p75": 32728.919212779747,
      "p90": 33422.16789793237,
      "p95": 33803.80251072516,
      "p99": 34869.847792113236
    }
  },
  "details": {
    "DNSDialup": {
      "average": 0.00070390814,
      "fastest": 0.00007,
      "slowest": 0.001609194
    },
    "DNSLookup": {
      "average": 0.000028054939999999997,
      "fastest": 0.000003697,
      "slowest": 0.001068438
    }
  },
  "statusCodeDistribution": {
    "200": 308336
  },
  "errorDistribution": {}
}