{
  "summary": {
    "successRate": 1,
    "total": 10.000334406,
    "slowest": 0.012294966,
    "fastest": 0.000543574,
    "average": 0.0016216119321476375,
    "requestsPerSec": 30793.770237846984,
    "totalData": 4003324,
    "sizePerRequest": 13,
    "sizePerSec": 400319.0130920108
  },
  "responseTimeHistogram": {
    "0.000543574": 1,
    "0.0017187132": 205667,
    "0.0028938524": 99862,
    "0.0040689916": 1549,
    "0.0052441308": 189,
    "0.0064192699999999995": 215,
    "0.0075944092": 367,
    "0.0087695484": 48,
    "0.0099446876": 0,
    "0.0111198268": 0,
    "0.012294966": 50
  },
  "latencyPercentiles": {
    "p10": 0.001090022,
    "p25": 0.001446555,
    "p50": 0.001658999,
    "p75": 0.001751853,
    "p90": 0.001963912,
    "p95": 0.00225443,
    "p99": 0.002647191
  },
  "rps": {
    "mean": 30803.004040530956,
    "stddev": 3393.8266749701097,
    "max": 36856.71992252207,
    "percentiles": {
      "p10": 28950.45551732257,
      "p25": 30070.382141191174,
      "p50": 31251.789899987467,
      "p75": 32590.502419556153,
      "p90": 33482.45932430613,
      "p95": 33958.09714876499,
      "p99": 34973.43570961607
    }
  },
  "details": {
    "DNSDialup": {
      "average": 0.0007511977600000001,
      "fastest": 0.000087584,
      "slowest": 0.001860292
    },
    "DNSLookup": {
      "average": 0.00000696154,
      "fastest": 0.000003196,
      "slowest": 0.000029585
    }
  },
  "statusCodeDistribution": {
    "200": 307948
  },
  "errorDistribution": {}
}