{
  "summary": {
    "successRate": 1,
    "total": 10.000578512,
    "slowest": 0.013330228,
    "fastest": 0.00038343,
    "average": 0.0015541028592334545,
    "requestsPerSec": 32128.64131954529,
    "totalData": 4176965,
    "sizePerRequest": 13,
    "sizePerSec": 417672.33715408883
  },
  "responseTimeHistogram": {
    "0.00038343": 1,
    "0.0016781097999999997": 243710,
    "0.0029727895999999998": 72970,
    "0.0042674693999999996": 3591,
    "0.005562149199999999": 325,
    "0.006856828999999999": 291,
    "0.008151508799999999": 310,
    "0.009446188599999999": 7,
    "0.010740868399999999": 0,
    "0.0120355482": 50,
    "0.013330228": 50
  },
  "latencyPercentiles": {
    "p10": 0.001050318,
    "p25": 0.00136269,
    "p50": 0.001578982,
    "p75": 0.001674012,
    "p90": 0.001798624,
    "p95": 0.002057998,
    "p99": 0.00311066
  },
  "rps": {
    "mean": 32116.953534844622,
    "stddev": 4332.1746042851155,
    "max": 38562.76572155766,
    "percentiles": {
      "p10": 27640.53761246363,
      "p25": 31023.404056019914,
      "p50": 33365.83686745594,
      "p75": 34632.998320799576,
      "p90": 35574.590638471855,
      "p95": 36030.683730266515,
      "p99": 36819.59779078343
    }
  },
  "details": {
    "DNSDialup": {
      "average": 0.0006767019200000002,
      "fastest": 0.0000803,
      "slowest": 0.001444286
    },
    "DNSLookup": {
      "average": 0.0000082191,
      "fastest": 0.000003757,
      "slowest": 0.000041267
    }
  },
  "statusCodeDistribution": {
    "200": 321305
  },
  "errorDistribution": {}
}