{
  "summary": {
    "successRate": 1,
    "total": 10.001027699,
    "slowest": 0.01173345,
    "fastest": 0.000446409,
    "average": 0.0014945784439592711,
    "requestsPerSec": 33407.96666660647,
    "totalData": 4343482,
    "sizePerRequest": 13,
    "sizePerSec": 434303.5666658841
  },
  "responseTimeHistogram": {
    "0.000446409": 1,
    "0.0015751131": 212556,
    "0.0027038172": 117440,
    "0.0038325213": 3068,
    "0.0049612254": 362,
    "0.0060899295": 95,
    "0.0072186336": 296,
    "0.0083473377": 235,
    "0.0094760418": 11,
    "0.010604745899999999": 0,
    "0.01173345": 50
  },
  "latencyPercentiles": {
    "p10": 0.00101951,
    "p25": 0.001318169,
    "p50": 0.00153574,
    "p75": 0.001609543,
    "p90": 0.001691324,
    "p95": 0.001934171,
    "p99": 0.002780758
  },
  "rps": {
    "mean": 33382.42048836055,
    "stddev": 4170.924611912276,
    "max": 38133.47815765204,
    "percentiles": {
      "p10": 29746.380556564454,
      "p25": 32522.5283553919,
      "p50": 34824.45721630451,
      "p75": 35566.583238343,
      "p90": 36104.68878529648,
      "p95": 36449.309316045925,
      "p99": 37382.75489716605
    }
  },
  "details": {
    "DNSDialup": {
      "average": 0.0009670586799999997,
      "fastest": 0.000115937,
      "slowest": 0.001464562
    },
    "DNSLookup": {
      "average": 0.000007810020000000003,
      "fastest": 0.000002645,
      "slowest": 0.000038622
    }
  },
  "statusCodeDistribution": {
    "200": 334114
  },
  "errorDistribution": {}
}