{
  "summary": {
    "successRate": 1,
    "total": 10.001170444,
    "slowest": 0.01185551,
    "fastest": 0.000537655,
    "average": 0.00163421230940873,
    "requestsPerSec": 30556.323553443483,
    "totalData": 3972787,
    "sizePerRequest": 13,
    "sizePerSec": 397232.2061947653
  },
  "responseTimeHistogram": {
    "0.000537655": 1,
    "0.0016694404999999999": 129365,
    "0.0028012259999999995": 170342,
    "0.0039330115": 4997,
    "0.005064796999999999": 343,
    "0.006196582499999999": 76,
    "0.007328367999999999": 319,
    "0.0084601535": 6,
    "0.009591938999999999": 4,
    "0.010723724499999998": 51,
    "0.011855509999999998": 95
  },
  "latencyPercentiles": {
    "p10": 0.001094167,
    "p25": 0.001439268,
    "p50": 0.001696769,
    "p75": 0.001771912,
    "p90": 0.001847071,
    "p95": 0.002083254,
    "p99": 0.002964248
  },
  "rps": {
    "mean": 30552.15977577851,
    "stddev": 3574.5428162480102,
    "max": 35395.15735085508,
    "percentiles": {
      "p10": 27301.173950479988,
      "p25": 29884.502623301378,
      "p50": 31423.74692555228,
      "p75": 32454.148087768088,
      "p90": 33340.62271171655,
      "p95": 33847.67783900388,
      "p99": 34620.25313831633
    }
  },
  "details": {
    "DNSDialup": {
      "average": 0.0007493033199999999,
      "fastest": 0.000105517,
      "slowest": 0.001680431
    },
    "DNSLookup": {
      "average": 0.00000696482,
      "fastest": 0.000003416,
      "slowest": 0.000033171
    }
  },
  "statusCodeDistribution": {
    "200": 305599
  },
  "errorDistribution": {}
}