{
  "summary": {
    "successRate": 1,
    "total": 10.000557645,
    "slowest": 0.012061994,
    "fastest": 0.000238389,
    "average": 0.0016076795463305905,
    "requestsPerSec": 31056.56814600562,
    "totalData": 4037579,
    "sizePerRequest": 13,
    "sizePerSec": 403735.3858980731
  },
  "responseTimeHistogram": {
    "0.000238389": 1,
    "0.0014207495": 77831,
    "0.0026031099999999996": 225840,
    "0.0037854704999999993": 5728,
    "0.004967831": 505,
    "0.0061501915": 146,
    "0.007332551999999999": 215,
    "0.0085149125": 219,
    "0.009697273": 48,
    "0.0108796335": 0,
    "0.012061994": 50
  },
  "latencyPercentiles": {
    "p10": 0.001112787,
    "p25": 0.00141896,
    "p50": 0.001654561,
    "p75": 0.001724492,
    "p90": 0.001810713,
    "p95": 0.002098831,
    "p99": 0.002864568
  },
  "rps": {
    "mean": 31046.506921858116,
    "stddev": 3828.3957996592903,
    "max": 36544.30566831312,
    "percentiles": {
      "p10": 27810.189653487974,
      "p25": 30526.539773679644,
      "p50": 32254.16198243557,
      "p75": 32929.05989535869,
      "p90": 33503.56030814811,
      "p95": 33934.09045237775,
      "p99": 34871.3864525804
    }
  },
  "details": {
    "DNSDialup": {
      "average": 0.0007961059399999999,
      "fastest": 0.000076634,
      "slowest": 0.001569575
    },
    "DNSLookup": {
      "average": 0.000007142000000000003,
      "fastest": 0.000003617,
      "slowest": 0.00004299
    }
  },
  "statusCodeDistribution": {
    "200": 310583
  },
  "errorDistribution": {}
}