{
  "summary": {
    "successRate": 1,
    "total": 10.00068514,
    "slowest": 0.016360075,
    "fastest": 0.000245786,
    "average": 0.0016501928297911715,
    "requestsPerSec": 30257.22695635231,
    "totalData": 3933709,
    "sizePerRequest": 13,
    "sizePerSec": 393343.9504325801
  },
  "responseTimeHistogram": {
    "0.000245786": 1,
    "0.0018572149000000001": 272313,
    "0.0034686438000000003": 28758,
    "0.0050800727": 850,
    "0.0066915016": 215,
    "0.0083029305": 292,
    "0.009914359400000001": 114,
    "0.011525788300000001": 0,
    "0.0131372172": 0,
    "0.0147486461": 0,
    "0.016360075": 50
  },
  "latencyPercentiles": {
    "p10": 0.001134936,
    "p25": 0.001466038,
    "p50": 0.001696863,
    "p75": 0.001768317,
    "p90": 0.001857292,
    "p95": 0.002140681,
    "p99": 0.00295487
  },
  "rps": {
    "mean": 30264.80051166705,
    "stddev": 3744.6573240321527,
    "max": 34858.781750873866,
    "percentiles": {
      "p10": 27113.28705998891,
      "p25": 29635.22660501401,
      "p50": 31281.01298010688,
      "p75": 32234.30697291045,
      "p90": 33059.80187561386,
      "p95": 33527.72190683713,
      "p99": 34160.59406174571
    }
  },
  "details": {
    "DNSDialup": {
      "average": 0.0008089106399999998,
      "fastest": 0.000083998,
      "slowest": 0.001730729
    },
    "DNSLookup": {
      "average": 0.0000068969800000000005,
      "fastest": 0.000003096,
      "slowest": 0.000028592
    }
  },
  "statusCodeDistribution": {
    "200": 302593
  },
  "errorDistribution": {}
}