{
  "summary": {
    "successRate": 1,
    "total": 10.000600326,
    "slowest": 0.01643705,
    "fastest": 0.000224579,
    "average": 0.0016548575549237012,
    "requestsPerSec": 30172.788649048143,
    "totalData": 3922698,
    "sizePerRequest": 13,
    "sizePerSec": 392246.2524376259
  },
  "responseTimeHistogram": {
    "0.000224579": 1,
    "0.0018458261": 262823,
    "0.0034670732000000003": 37372,
    "0.0050883203": 873,
    "0.006709567400000001": 157,
    "0.008330814500000002": 397,
    "0.009952061600000001": 73,
    "0.011573308700000002": 0,
    "0.013194555800000002": 0,
    "0.014815802900000003": 0,
    "0.01643705": 50
  },
  "latencyPercentiles": {
    "p10": 0.001138395,
    "p25": 0.001473881,
    "p50": 0.001697467,
    "p75": 0.001774431,
    "p90": 0.001901931,
    "p95": 0.002277562,
    "p99": 0.002821226
  },
  "rps": {
    "mean": 30190.51518863047,
    "stddev": 3575.712854973305,
    "max": 35596.76309456546,
    "percentiles": {
      "p10": 27857.33038593281,
      "p25": 29572.7405139382,
      "p50": 30915.033981024324,
      "p75": 32051.041908610918,
      "p90": 32818.3553061235,
      "p95": 33402.36488743347,
      "p99": 34049.80123929186
    }
  },
  "details": {
    "DNSDialup": {
      "average": 0.0007803252799999999,
      "fastest": 0.000111588,
      "slowest": 0.001630503
    },
    "DNSLookup": {
      "average": 0.000009972099999999999,
      "fastest": 0.000003366,
      "slowest": 0.000170208
    }
  },
  "statusCodeDistribution": {
    "200": 301746
  },
  "errorDistribution": {}
}