{
  "summary": {
    "successRate": 1,
    "total": 10.000647938,
    "slowest": 0.180272606,
    "fastest": 0.000879679,
    "average": 0.0026770626837235045,
    "requestsPerSec": 18640.392218154695,
    "totalData": 2423408,
    "sizePerRequest": 13,
    "sizePerSec": 242325.09883601102
  },
  "responseTimeHistogram": {
    "0.000879679": 1,
    "0.018818971700000003": 186373,
    "0.036758264400000004": 7,
    "0.05469755710000001": 6,
    "0.0726368498": 6,
    "0.0905761425": 4,
    "0.10851543520000001": 4,
    "0.1264547279": 4,
    "0.1443940206": 4,
    "0.1623333133": 3,
    "0.180272606": 4
  },
  "latencyPercentiles": {
    "p10": 0.002487102,
    "p25": 0.002525963,
    "p50": 0.002568413,
    "p75": 0.002633951,
    "p90": 0.002767726,
    "p95": 0.002915854,
    "p99": 0.005155901
  },
  "rps": {
    "mean": 18638.359097645858,
    "stddev": 1862.9546153108402,
    "max": 21739.905771033766,
    "percentiles": {
      "p10": 18020.227705599427,
      "p25": 18696.14868383644,
      "p50": 19031.00531385727,
      "p75": 19273.60977043543,
      "p90": 19473.731441986278,
      "p95": 19605.699376808923,
      "p99": 19801.047475411484
    }
  },
  "details": {
    "DNSDialup": {
      "average": 0.0007805808799999999,
      "fastest": 0.000111787,
      "slowest": 0.001082965
    },
    "DNSLookup": {
      "average": 0.000007079080000000001,
      "fastest": 0.000003456,
      "slowest": 0.000034294
    }
  },
  "statusCodeDistribution": {
    "200": 186416
  },
  "errorDistribution": {}
}