{
  "summary": {
    "successRate": 1,
    "total": 10.000549476,
    "slowest": 0.184159047,
    "fastest": 0.000160787,
    "average": 0.002844073433351161,
    "requestsPerSec": 17540.236206117042,
    "totalData": 2280356,
    "sizePerRequest": 13,
    "sizePerSec": 228023.07067952154
  },
  "responseTimeHistogram": {
    "0.000160787": 1,
    "0.018560613": 175368,
    "0.036960439000000005": 8,
    "0.055360265000000006": 6,
    "0.073760091": 6,
    "0.09215991700000001": 4,
    "0.110559743": 4,
    "0.128959569": 4,
    "0.147359395": 4,
    "0.165759221": 3,
    "0.18415904700000002": 4
  },
  "latencyPercentiles": {
    "p10": 0.002513722,
    "p25": 0.002564376,
    "p50": 0.002735184,
    "p75": 0.002979659,
    "p90": 0.003044771,
    "p95": 0.003148882,
    "p99": 0.00563007
  },
  "rps": {
    "mean": 17538.467228299174,
    "stddev": 2186.6856872108333,
    "max": 34536.871564081164,
    "percentiles": {
      "p10": 16107.332057553016,
      "p25": 16403.851624359904,
      "p50": 17807.822805520864,
      "p75": 18987.517264575967,
      "p90": 19311.136732552768,
      "p95": 19490.993704109875,
      "p99": 19739.291058851835
    }
  },
  "details": {
    "DNSDialup": {
      "average": 0.0009642000800000003,
      "fastest": 0.00010224,
      "slowest": 0.001683613
    },
    "DNSLookup": {
      "average": 0.00000900856,
      "fastest": 0.000003386,
      "slowest": 0.000036197
    }
  },
  "statusCodeDistribution": {
    "200": 175412
  },
  "errorDistribution": {}
}