{
  "summary": {
    "successRate": 1,
    "total": 10.000954107,
    "slowest": 0.182752972,
    "fastest": 0.000262599,
    "average": 0.0027777811993663416,
    "requestsPerSec": 17957.186692247662,
    "totalData": 2334657,
    "sizePerRequest": 13,
    "sizePerSec": 233443.4269992196
  },
  "responseTimeHistogram": {
    "0.000262599": 1,
    "0.0185116363": 179545,
    "0.0367606736": 8,
    "0.0550097109": 6,
    "0.0732587482": 5,
    "0.0915077855": 5,
    "0.1097568228": 4,
    "0.1280058601": 4,
    "0.1462548974": 4,
    "0.1645039347": 3,
    "0.18275297199999999": 4
  },
  "latencyPercentiles": {
    "p10": 0.001828971,
    "p25": 0.002669345,
    "p50": 0.002772928,
    "p75": 0.002938168,
    "p90": 0.003029494,
    "p95": 0.003093573,
    "p99": 0.005573565
  },
  "rps": {
    "mean": 17952.271059740473,
    "stddev": 3460.3714714521734,
    "max": 35126.17673946755,
    "percentiles": {
      "p10": 16206.628269373181,
      "p25": 16678.272802087788,
      "p50": 17660.676787237673,
      "p75": 18075.70285111066,
      "p90": 18464.902285042728,
      "p95": 27904.506577814023,
      "p99": 29460.606359399084
    }
  },
  "details": {
    "DNSDialup": {
      "average": 0.00077716548,
      "fastest": 0.000096239,
      "slowest": 0.0010765
    },
    "DNSLookup": {
      "average": 0.00000602978,
      "fastest": 0.000003126,
      "slowest": 0.000032871
    }
  },
  "statusCodeDistribution": {
    "200": 179589
  },
  "errorDistribution": {}
}