{
  "summary": {
    "successRate": 1,
    "total": 10.000690391,
    "slowest": 0.191231062,
    "fastest": 0.000622082,
    "average": 0.0028004504666008013,
    "requestsPerSec": 17816.56996004487,
    "totalData": 2316314,
    "sizePerRequest": 13,
    "sizePerSec": 231615.40948058336
  },
  "responseTimeHistogram": {
    "0.000622082": 1,
    "0.01968298": 178135,
    "0.038743878": 8,
    "0.057804776": 5,
    "0.076865674": 6,
    "0.09592657199999999": 4,
    "0.11498747": 4,
    "0.134048368": 4,
    "0.153109266": 4,
    "0.172170164": 3,
    "0.19123106199999998": 4
  },
  "latencyPercentiles": {
    "p10": 0.002577892,
    "p25": 0.002630189,
    "p50": 0.002687799,
    "p75": 0.002762906,
    "p90": 0.002900184,
    "p95": 0.003038645,
    "p99": 0.005413266
  },
  "rps": {
    "mean": 17813.86486559096,
    "stddev": 1907.039009746673,
    "max": 19804.192547562237,
    "percentiles": {
      "p10": 17356.464048843445,
      "p25": 17823.0898128527,
      "p50": 18198.27432098808,
      "p75": 18493.320996412338,
      "p90": 18719.76620113159,
      "p95": 18874.281622754585,
      "p99": 19305.289649366485
    }
  },
  "details": {
    "DNSDialup": {
      "average": 0.00060589424,
      "fastest": 0.000078545,
      "slowest": 0.000992113
    },
    "DNSLookup": {
      "average": 0.000006289260000000001,
      "fastest": 0.000003446,
      "slowest": 0.000027491
    }
  },
  "statusCodeDistribution": {
    "200": 178178
  },
  "errorDistribution": {}
}