{
  "summary": {
    "successRate": 1,
    "total": 10.000080359,
    "slowest": 0.022737236,
    "fastest": 0.00039392,
    "average": 0.002777587962161952,
    "requestsPerSec": 17963.25564907393,
    "totalData": 2335242,
    "sizePerRequest": 13,
    "sizePerSec": 233522.32343796108
  },
  "responseTimeHistogram": {
    "0.00039392": 1,
    "0.0026282516": 80522,
    "0.0048625832": 94349,
    "0.0070969148000000004": 4424,
    "0.009331246400000002": 231,
    "0.011565578000000002": 40,
    "0.013799909600000002": 26,
    "0.0160342412": 8,
    "0.0182685728": 8,
    "0.0205029044": 12,
    "0.022737236": 13
  },
  "latencyPercentiles": {
    "p10": 0.002536338,
    "p25": 0.00258072,
    "p50": 0.002646921,
    "p75": 0.002903721,
    "p90": 0.003011307,
    "p95": 0.003148153,
    "p99": 0.005689138
  },
  "rps": {
    "mean": 17956.421931818484,
    "stddev": 2450.7746208771696,
    "max": 28935.127244475232,
    "percentiles": {
      "p10": 16309.637364719836,
      "p25": 16870.152843584154,
      "p50": 18489.03580080288,
      "p75": 18865.069397365267,
      "p90": 19078.1306685265,
      "p95": 19429.593213423574,
      "p99": 27371.598627690437
    }
  },
  "details": {
    "DNSDialup": {
      "average": 0.00076194338,
      "fastest": 0.000086811,
      "slowest": 0.00159958
    },
    "DNSLookup": {
      "average": 0.000009509939999999996,
      "fastest": 0.000003026,
      "slowest": 0.000188124
    }
  },
  "statusCodeDistribution": {
    "200": 179634
  },
  "errorDistribution": {}
}