{
  "summary": {
    "successRate": 1,
    "total": 10.000608402,
    "slowest": 0.181214378,
    "fastest": 0.000771128,
    "average": 0.0028400628050516048,
    "requestsPerSec": 17565.63130347837,
    "totalData": 2283671,
    "sizePerRequest": 13,
    "sizePerSec": 228353.20694521882
  },
  "responseTimeHistogram": {
    "0.000771128": 1,
    "0.018815453": 175624,
    "0.036859778": 7,
    "0.054904103": 6,
    "0.072948428": 5,
    "0.090992753": 5,
    "0.109037078": 4,
    "0.127081403": 4,
    "0.145125728": 3,
    "0.163170053": 4,
    "0.181214378": 4
  },
  "latencyPercentiles": {
    "p10": 0.002605811,
    "p25": 0.002669695,
    "p50": 0.002743777,
    "p75": 0.002831651,
    "p90": 0.002932009,
    "p95": 0.003038688,
    "p99": 0.005510531
  },
  "rps": {
    "mean": 17564.43462583421,
    "stddev": 1681.0106530506769,
    "max": 19261.81115198614,
    "percentiles": {
      "p10": 17116.133667595594,
      "p25": 17473.58125064818,
      "p50": 17822.556227161476,
      "p75": 18161.826489737174,
      "p90": 18433.962732939286,
      "p95": 18566.523854972478,
      "p99": 18929.5660892736
    }
  },
  "details": {
    "DNSDialup": {
      "average": 0.0008066882599999999,
      "fastest": 0.000118291,
      "slowest": 0.001650905
    },
    "DNSLookup": {
      "average": 0.000006865840000000001,
      "fastest": 0.000002975,
      "slowest": 0.000038412
    }
  },
  "statusCodeDistribution": {
    "200": 175667
  },
  "errorDistribution": {}
}