{
  "summary": {
    "successRate": 1,
    "total": 10.000674001,
    "slowest": 0.183830585,
    "fastest": 0.000891236,
    "average": 0.0028913861653965876,
    "requestsPerSec": 17253.73709639433,
    "totalData": 2243137,
    "sizePerRequest": 13,
    "sizePerSec": 224298.58225312628
  },
  "responseTimeHistogram": {
    "0.000891236": 1,
    "0.0191851709": 172506,
    "0.037479105799999995": 7,
    "0.05577304069999999": 6,
    "0.0740669756": 6,
    "0.0923609105": 4,
    "0.1106548454": 4,
    "0.12894878029999998": 4,
    "0.14724271519999999": 4,
    "0.1655366501": 3,
    "0.183830585": 4
  },
  "latencyPercentiles": {
    "p10": 0.002673852,
    "p25": 0.002740973,
    "p50": 0.002798771,
    "p75": 0.002863117,
    "p90": 0.002972255,
    "p95": 0.003127572,
    "p99": 0.005615344
  },
  "rps": {
    "mean": 17248.99734348002,
    "stddev": 1768.159190287956,
    "max": 23364.740109564686,
    "percentiles": {
      "p10": 16906.979201015372,
      "p25": 17217.686007068223,
      "p50": 17480.446764052747,
      "p75": 17725.659664930616,
      "p90": 17975.394195875026,
      "p95": 18170.902862970084,
      "p99": 21199.555231321818
    }
  },
  "details": {
    "DNSDialup": {
      "average": 0.0007625329399999998,
      "fastest": 0.000068129,
      "slowest": 0.001691793
    },
    "DNSLookup": {
      "average": 0.00000618406,
      "fastest": 0.000002935,
      "slowest": 0.000025347
    }
  },
  "statusCodeDistribution": {
    "200": 172549
  },
  "errorDistribution": {}
}