{
  "summary": {
    "successRate": 1,
    "total": 10.000653806,
    "slowest": 0.182526835,
    "fastest": 0.000180283,
    "average": 0.002615440285837863,
    "requestsPerSec": 19076.352776609652,
    "totalData": 2480088,
    "sizePerRequest": 13,
    "sizePerSec": 247992.58609592548
  },
  "responseTimeHistogram": {
    "0.000180283": 1,
    "0.018414938199999998": 190733,
    "0.0366495934": 8,
    "0.0548842486": 5,
    "0.0731189038": 6,
    "0.091353559": 4,
    "0.10958821419999999": 4,
    "0.12782286939999998": 4,
    "0.1460575246": 4,
    "0.1642921798": 3,
    "0.182526835": 4
  },
  "latencyPercentiles": {
    "p10": 0.002334606,
    "p25": 0.002407124,
    "p50": 0.002492068,
    "p75": 0.00263791,
    "p90": 0.00283443,
    "p95": 0.002966918,
    "p99": 0.005074322
  },
  "rps": {
    "mean": 19074.600624045805,
    "stddev": 2186.795860070815,
    "max": 21339.907761505503,
    "percentiles": {
      "p10": 17472.393367439356,
      "p25": 18563.895070442955,
      "p50": 19615.08007356131,
      "p75": 20267.014911506536,
      "p90": 20600.81006404823,
      "p95": 20781.855572730838,
      "p99": 21046.162653162613
    }
  },
  "details": {
    "DNSDialup": {
      "average": 0.00085799964,
      "fastest": 0.000109187,
      "slowest": 0.001362737
    },
    "DNSLookup": {
      "average": 0.00000630956,
      "fastest": 0.000002565,
      "slowest": 0.000030847
    }
  },
  "statusCodeDistribution": {
    "200": 190776
  },
  "errorDistribution": {}
}