{
  "summary": {
    "successRate": 1,
    "total": 10.000593558,
    "slowest": 0.187072827,
    "fastest": 0.000211594,
    "average": 0.002907033928432384,
    "requestsPerSec": 17158.981514924995,
    "totalData": 2230800,
    "sizePerRequest": 13,
    "sizePerSec": 223066.75969402495
  },
  "responseTimeHistogram": {
    "0.000211594": 1,
    "0.0188977173": 171557,
    "0.0375838406": 7,
    "0.056269963900000004": 6,
    "0.0749560872": 6,
    "0.09364221049999999": 5,
    "0.1123283338": 4,
    "0.1310144571": 4,
    "0.1497005804": 3,
    "0.1683867037": 3,
    "0.187072827": 4
  },
  "latencyPercentiles": {
    "p10": 0.00258043,
    "p25": 0.002744564,
    "p50": 0.002864689,
    "p75": 0.003086189,
    "p90": 0.003147812,
    "p95": 0.003290831,
    "p99": 0.005805507
  },
  "rps": {
    "mean": 17160.6703679576,
    "stddev": 3136.5255646410583,
    "max": 31301.220747605184,
    "percentiles": {
      "p10": 15604.517507818417,
      "p25": 15908.130645572764,
      "p50": 17052.020599242398,
      "p75": 17625.255228216654,
      "p90": 18152.577124382984,
      "p95": 24271.148444552637,
      "p99": 29077.459444213076
    }
  },
  "details": {
    "DNSDialup": {
      "average": 0.00079516216,
      "fastest": 0.000097212,
      "slowest": 0.001080208
    },
    "DNSLookup": {
      "average": 0.0000069629600000000015,
      "fastest": 0.000003847,
      "slowest": 0.000040625
    }
  },
  "statusCodeDistribution": {
    "200": 171600
  },
  "errorDistribution": {}
}