{
  "summary": {
    "successRate": 1,
    "total": 10.00063972,
    "slowest": 0.186565909,
    "fastest": 0.000387609,
    "average": 0.002816776776232353,
    "requestsPerSec": 17713.666821306106,
    "totalData": 2302924,
    "sizePerRequest": 13,
    "sizePerSec": 230277.66867697937
  },
  "responseTimeHistogram": {
    "0.000387609": 1,
    "0.019005439": 177105,
    "0.037623268999999994": 8,
    "0.05624109899999999": 5,
    "0.07485892899999999": 6,
    "0.09347675899999999": 5,
    "0.11209458899999998": 4,
    "0.130712419": 4,
    "0.149330249": 3,
    "0.167948079": 3,
    "0.186565909": 4
  },
  "latencyPercentiles": {
    "p10": 0.002603435,
    "p25": 0.002660142,
    "p50": 0.002715455,
    "p75": 0.002782596,
    "p90": 0.002886314,
    "p95": 0.003003036,
    "p99": 0.005461509
  },
  "rps": {
    "mean": 17709.638463742875,
    "stddev": 1800.601403415323,
    "max": 20469.27416455504,
    "percentiles": {
      "p10": 17404.07255297775,
      "p25": 17753.21704340968,
      "p50": 18024.688415720157,
      "p75": 18286.199314950885,
      "p90": 18511.92538233189,
      "p95": 18673.431401643094,
      "p99": 18985.901712297535
    }
  },
  "details": {
    "DNSDialup": {
      "average": 0.0008042175399999999,
      "fastest": 0.000100468,
      "slowest": 0.001028607
    },
    "DNSLookup": {
      "average": 0.0000066644200000000015,
      "fastest": 0.000003566,
      "slowest": 0.000033062
    }
  },
  "statusCodeDistribution": {
    "200": 177148
  },
  "errorDistribution": {}
}