{
  "summary": {
    "successRate": 1,
    "total": 10.000621006,
    "slowest": 0.184810649,
    "fastest": 0.000319159,
    "average": 0.002857872279064932,
    "requestsPerSec": 17457.215896418504,
    "totalData": 2269579,
    "sizePerRequest": 13,
    "sizePerSec": 226943.80665344055
  },
  "responseTimeHistogram": {
    "0.000319159": 1,
    "0.018768307999999997": 174540,
    "0.037217456999999995": 7,
    "0.055666605999999993": 6,
    "0.07411575499999999": 6,
    "0.09256490399999999": 4,
    "0.11101405299999999": 4,
    "0.129463202": 4,
    "0.147912351": 4,
    "0.1663615": 3,
    "0.184810649": 4
  },
  "latencyPercentiles": {
    "p10": 0.002596779,
    "p25": 0.002672734,
    "p50": 0.002763535,
    "p75": 0.002865359,
    "p90": 0.002974872,
    "p95": 0.003094233,
    "p99": 0.005538826
  },
  "rps": {
    "mean": 17453.414613352586,
    "stddev": 1727.8869780413477,
    "max": 20001.50811371174,
    "percentiles": {
      "p10": 17011.09264160523,
      "p25": 17408.232353079435,
      "p50": 17723.146429236385,
      "p75": 18062.19173859406,
      "p90": 18348.097703318286,
      "p95": 18558.215265467057,
      "p99": 18948.555673916762
    }
  },
  "details": {
    "DNSDialup": {
      "average": 0.0007914620799999998,
      "fastest": 0.000129172,
      "slowest": 0.001096634
    },
    "DNSLookup": {
      "average": 0.000007036639999999999,
      "fastest": 0.000003406,
      "slowest": 0.000028673
    }
  },
  "statusCodeDistribution": {
    "200": 174583
  },
  "errorDistribution": {}
}