{
  "summary": {
    "successRate": 1,
    "total": 10.000599629,
    "slowest": 0.181913396,
    "fastest": 0.000254742,
    "average": 0.002787805780065953,
    "requestsPerSec": 17892.927088202305,
    "totalData": 2326220,
    "sizePerRequest": 13,
    "sizePerSec": 232608.05214662993
  },
  "responseTimeHistogram": {
    "0.000254742": 1,
    "0.0184206074": 178896,
    "0.036586472800000006": 8,
    "0.05475233820000001": 6,
    "0.07291820360000001": 6,
    "0.09108406900000002": 4,
    "0.10924993440000001": 4,
    "0.1274157998": 4,
    "0.14558166520000002": 4,
    "0.16374753060000002": 3,
    "0.18191339600000003": 4
  },
  "latencyPercentiles": {
    "p10": 0.002470371,
    "p25": 0.002625618,
    "p50": 0.002741213,
    "p75": 0.002962138,
    "p90": 0.003026289,
    "p95": 0.003119048,
    "p99": 0.005525689
  },
  "rps": {
    "mean": 17890.687072298984,
    "stddev": 3090.4436679679598,
    "max": 34647.4670298324,
    "percentiles": {
      "p10": 16237.184776856957,
      "p25": 16540.166139452274,
      "p50": 17780.64946986569,
      "p75": 18522.216589085234,
      "p90": 18946.029378375602,
      "p95": 22902.631512361335,
      "p99": 29413.35908591588
    }
  },
  "details": {
    "DNSDialup": {
      "average": 0.0006503658800000001,
      "fastest": 0.000084122,
      "slowest": 0.001051507
    },
    "DNSLookup": {
      "average": 0.000006245239999999999,
      "fastest": 0.000003276,
      "slowest": 0.000031549
    }
  },
  "statusCodeDistribution": {
    "200": 178940
  },
  "errorDistribution": {}
}