{
  "summary": {
    "successRate": 1,
    "total": 10.000619328,
    "slowest": 0.184209918,
    "fastest": 0.000393766,
    "average": 0.002855598567238005,
    "requestsPerSec": 17466.718237232755,
    "totalData": 2270814,
    "sizePerRequest": 13,
    "sizePerSec": 227067.3370840258
  },
  "responseTimeHistogram": {
    "0.000393766": 1,
    "0.0187753812": 174635,
    "0.037156996399999996": 7,
    "0.055538611599999996": 6,
    "0.0739202268": 6,
    "0.09230184200000001": 5,
    "0.1106834572": 4,
    "0.12906507239999998": 4,
    "0.1474466876": 3,
    "0.1658283028": 3,
    "0.184209918": 4
  },
  "latencyPercentiles": {
    "p10": 0.001796525,
    "p25": 0.002721014,
    "p50": 0.002877084,
    "p75": 0.003040121,
    "p90": 0.003113191,
    "p95": 0.00324919,
    "p99": 0.005776986
  },
  "rps": {
    "mean": 17464.053396910444,
    "stddev": 3522.167222372536,
    "max": 35145.91462286721,
    "percentiles": {
      "p10": 15811.040940523446,
      "p25": 16130.72095806524,
      "p50": 16948.08510706622,
      "p75": 17630.551983531972,
      "p90": 18301.34514886838,
      "p95": 27431.494098373805,
      "p99": 30008.170452029186
    }
  },
  "details": {
    "DNSDialup": {
      "average": 0.0007902132200000001,
      "fastest": 0.000108181,
      "slowest": 0.00126266
    },
    "DNSLookup": {
      "average": 0.00000619294,
      "fastest": 0.000003386,
      "slowest": 0.000027612
    }
  },
  "statusCodeDistribution": {
    "200": 174678
  },
  "errorDistribution": {}
}