{
  "summary": {
    "successRate": 1,
    "total": 10.000629282,
    "slowest": 0.195074684,
    "fastest": 0.000361114,
    "average": 0.003040869710381981,
    "requestsPerSec": 16408.16746355622,
    "totalData": 2133196,
    "sizePerRequest": 13,
    "sizePerSec": 213306.17702623084
  },
  "responseTimeHistogram": {
    "0.000361114": 1,
    "0.019832471": 164049,
    "0.039303828000000006": 8,
    "0.05877518500000001": 6,
    "0.078246542": 5,
    "0.097717899": 5,
    "0.117189256": 4,
    "0.13666061300000001": 4,
    "0.15613197": 3,
    "0.175603327": 3,
    "0.195074684": 4
  },
  "latencyPercentiles": {
    "p10": 0.002836397,
    "p25": 0.00288621,
    "p50": 0.002933289,
    "p75": 0.002981804,
    "p90": 0.003091489,
    "p95": 0.003220041,
    "p99": 0.005891164
  },
  "rps": {
    "mean": 16405.659972276244,
    "stddev": 1628.9809732482292,
    "max": 19185.856708770098,
    "percentiles": {
      "p10": 16190.631919358188,
      "p25": 16482.634037483473,
      "p50": 16692.38567777239,
      "p75": 16895.746505876214,
      "p90": 17102.524332591096,
      "p95": 17233.812740597034,
      "p99": 17509.7757077774
    }
  },
  "details": {
    "DNSDialup": {
      "average": 0.00083761874,
      "fastest": 0.000095181,
      "slowest": 0.001569148
    },
    "DNSLookup": {
      "average": 0.000007818119999999997,
      "fastest": 0.000003337,
      "slowest": 0.00005829
    }
  },
  "statusCodeDistribution": {
    "200": 164092
  },
  "errorDistribution": {}
}