{
  "summary": {
    "successRate": 1,
    "total": 10.000659079,
    "slowest": 0.18507537,
    "fastest": 0.00038589,
    "average": 0.002943068495017281,
    "requestsPerSec": 16947.383033573762,
    "totalData": 2203305,
    "sizePerRequest": 13,
    "sizePerSec": 220315.9794364589
  },
  "responseTimeHistogram": {
    "0.00038589": 1,
    "0.018854838": 169442,
    "0.037323786": 7,
    "0.055792734": 6,
    "0.074261682": 6,
    "0.09273063": 4,
    "0.111199578": 4,
    "0.129668526": 4,
    "0.148137474": 4,
    "0.16660642199999998": 3,
    "0.18507537": 4
  },
  "latencyPercentiles": {
    "p10": 0.002653489,
    "p25": 0.002815765,
    "p50": 0.002942643,
    "p75": 0.003050025,
    "p90": 0.003117631,
    "p95": 0.003241107,
    "p99": 0.005881413
  },
  "rps": {
    "mean": 16943.33878298755,
    "stddev": 2990.380307677103,
    "max": 35009.382514513585,
    "percentiles": {
      "p10": 15806.22765369551,
      "p25": 16109.408659854435,
      "p50": 16666.092723915353,
      "p75": 17147.98520700486,
      "p90": 17622.059293823826,
      "p95": 21030.258335694496,
      "p99": 28455.918725885396
    }
  },
  "details": {
    "DNSDialup": {
      "average": 0.0007120285799999999,
      "fastest": 0.00007556,
      "slowest": 0.00114267
    },
    "DNSLookup": {
      "average": 0.00000693656,
      "fastest": 0.000003497,
      "slowest": 0.000028553
    }
  },
  "statusCodeDistribution": {
    "200": 169485
  },
  "errorDistribution": {}
}