{
  "summary": {
    "successRate": 1,
    "total": 10.000666378,
    "slowest": 0.184236832,
    "fastest": 0.000266467,
    "average": 0.00290634647683133,
    "requestsPerSec": 17164.256211727414,
    "totalData": 2231502,
    "sizePerRequest": 13,
    "sizePerSec": 223135.3307524564
  },
  "responseTimeHistogram": {
    "0.000266467": 1,
    "0.018663503499999998": 171610,
    "0.037060539999999996": 8,
    "0.055457576499999994": 6,
    "0.073854613": 6,
    "0.09225164949999999": 4,
    "0.110648686": 4,
    "0.1290457225": 4,
    "0.14744275899999998": 4,
    "0.16583979549999997": 3,
    "0.18423683199999996": 4
  },
  "latencyPercentiles": {
    "p10": 0.002612463,
    "p25": 0.00269935,
    "p50": 0.002792789,
    "p75": 0.002910693,
    "p90": 0.003088792,
    "p95": 0.003381036,
    "p99": 0.005664672
  },
  "rps": {
    "mean": 17175.85848677746,
    "stddev": 1955.0381416093392,
    "max": 34053.09186598635,
    "percentiles": {
      "p10": 16186.396510011815,
      "p25": 17027.81834683345,
      "p50": 17554.582463252653,
      "p75": 17940.619356286825,
      "p90": 18338.205818001356,
      "p95": 18570.963365211093,
      "p99": 19407.96114566259
    }
  },
  "details": {
    "DNSDialup": {
      "average": 0.0009025608000000001,
      "fastest": 0.000596017,
      "slowest": 0.001194848
    },
    "DNSLookup": {
      "average": 0.000006648319999999999,
      "fastest": 0.000002595,
      "slowest": 0.000046396
    }
  },
  "statusCodeDistribution": {
    "200": 171654
  },
  "errorDistribution": {}
}