{
  "summary": {
    "successRate": 1,
    "total": 10.00065193,
    "slowest": 0.185113612,
    "fastest": 0.000363186,
    "average": 0.002801883913234919,
    "requestsPerSec": 17803.239353416833,
    "totalData": 2314572,
    "sizePerRequest": 13,
    "sizePerSec": 231442.11159441882
  },
  "responseTimeHistogram": {
    "0.000363186": 1,
    "0.018838228600000003": 178001,
    "0.037313271200000005": 8,
    "0.0557883138": 5,
    "0.07426335640000001": 6,
    "0.09273839900000001": 5,
    "0.1112134416": 4,
    "0.1296884842": 4,
    "0.1481635268": 3,
    "0.1666385694": 3,
    "0.185113612": 4
  },
  "latencyPercentiles": {
    "p10": 0.001899117,
    "p25": 0.002669381,
    "p50": 0.002783003,
    "p75": 0.00296155,
    "p90": 0.003072677,
    "p95": 0.00314568,
    "p99": 0.005606794
  },
  "rps": {
    "mean": 17799.0730282053,
    "stddev": 3203.3883315266694,
    "max": 33118.64598895565,
    "percentiles": {
      "p10": 16021.171978770393,
      "p25": 16612.490931932738,
      "p50": 17553.71964823972,
      "p75": 18065.927991018154,
      "p90": 18684.251024720492,
      "p95": 26409.716134565828,
      "p99": 28268.814775808674
    }
  },
  "details": {
    "DNSDialup": {
      "average": 0.0007469124400000002,
      "fastest": 0.000087653,
      "slowest": 0.001376061
    },
    "DNSLookup": {
      "average": 0.00000635596,
      "fastest": 0.000003156,
      "slowest": 0.000030065
    }
  },
  "statusCodeDistribution": {
    "200": 178044
  },
  "errorDistribution": {}
}