{
  "summary": {
    "successRate": 1,
    "total": 10.000623498,
    "slowest": 0.18961058,
    "fastest": 0.00028953,
    "average": 0.0029679893938073824,
    "requestsPerSec": 16809.451934033805,
    "totalData": 2185365,
    "sizePerRequest": 13,
    "sizePerSec": 218522.87514243944
  },
  "responseTimeHistogram": {
    "0.00028953": 1,
    "0.019221634999999997": 168062,
    "0.03815374": 7,
    "0.057085844999999996": 6,
    "0.07601794999999999": 6,
    "0.09495005499999999": 4,
    "0.11388215999999998": 4,
    "0.132814265": 4,
    "0.15174637": 4,
    "0.170678475": 3,
    "0.18961058": 4
  },
  "latencyPercentiles": {
    "p10": 0.002656622,
    "p25": 0.002854499,
    "p50": 0.002936161,
    "p75": 0.003128641,
    "p90": 0.003204382,
    "p95": 0.003314517,
    "p99": 0.0058711
  },
  "rps": {
    "mean": 16806.809903282454,
    "stddev": 3090.559847741672,
    "max": 33115.99207384128,
    "percentiles": {
      "p10": 15355.628836585003,
      "p25": 15705.463930902028,
      "p50": 16681.96349122118,
      "p75": 17006.31614581671,
      "p90": 17350.796190928588,
      "p95": 24330.980637646808,
      "p99": 28351.705004416937
    }
  },
  "details": {
    "DNSDialup": {
      "average": 0.0007789708799999998,
      "fastest": 0.000089527,
      "slowest": 0.001451893
    },
    "DNSLookup": {
      "average": 0.00000662152,
      "fastest": 0.000003517,
      "slowest": 0.000024706
    }
  },
  "statusCodeDistribution": {
    "200": 168105
  },
  "errorDistribution": {}
}