{
  "summary": {
    "successRate": 1,
    "total": 10.000539334,
    "slowest": 0.194930286,
    "fastest": 0.000196116,
    "average": 0.003046793112455483,
    "requestsPerSec": 16371.81701224435,
    "totalData": 2128451,
    "sizePerRequest": 13,
    "sizePerSec": 212833.62115917655
  },
  "responseTimeHistogram": {
    "0.000196116": 1,
    "0.019669533": 163684,
    "0.03914295": 8,
    "0.058616367": 5,
    "0.078089784": 6,
    "0.09756320099999999": 5,
    "0.117036618": 4,
    "0.136510035": 4,
    "0.155983452": 3,
    "0.175456869": 3,
    "0.19493028599999998": 4
  },
  "latencyPercentiles": {
    "p10": 0.002716819,
    "p25": 0.002842841,
    "p50": 0.003012928,
    "p75": 0.003114411,
    "p90": 0.00321567,
    "p95": 0.003379646,
    "p99": 0.006067499
  },
  "rps": {
    "mean": 16369.898933880382,
    "stddev": 2319.8312486531663,
    "max": 30916.5527223248,
    "percentiles": {
      "p10": 15376.884422110703,
      "p25": 15726.30381576139,
      "p50": 16305.59010987427,
      "p75": 17050.37875410515,
      "p90": 17577.017216337004,
      "p95": 17914.953611779474,
      "p99": 27055.610101001592
    }
  },
  "details": {
    "DNSDialup": {
      "average": 0.0007108742199999999,
      "fastest": 0.000072285,
      "slowest": 0.001653661
    },
    "DNSLookup": {
      "average": 0.000006990400000000002,
      "fastest": 0.000003466,
      "slowest": 0.000040415
    }
  },
  "statusCodeDistribution": {
    "200": 163727
  },
  "errorDistribution": {}
}