{
  "summary": {
    "successRate": 1,
    "total": 10.000647375,
    "slowest": 0.180153388,
    "fastest": 0.00085828,
    "average": 0.002734271462442198,
    "requestsPerSec": 18248.018668891422,
    "totalData": 2372396,
    "sizePerRequest": 13,
    "sizePerSec": 237224.2426955885
  },
  "responseTimeHistogram": {
    "0.00085828": 1,
    "0.0187877908": 182449,
    "0.0367173016": 8,
    "0.0546468124": 5,
    "0.0725763232": 6,
    "0.090505834": 5,
    "0.1084353448": 4,
    "0.1263648556": 4,
    "0.14429436639999998": 3,
    "0.16222387719999998": 3,
    "0.18015338799999997": 4
  },
  "latencyPercentiles": {
    "p10": 0.002521059,
    "p25": 0.002557948,
    "p50": 0.002603648,
    "p75": 0.002712927,
    "p90": 0.00289711,
    "p95": 0.003033164,
    "p99": 0.005248469
  },
  "rps": {
    "mean": 18246.018555551815,
    "stddev": 1887.158672597597,
    "max": 20000.542014687686,
    "percentiles": {
      "p10": 17152.76705729824,
      "p25": 18088.39981875574,
      "p50": 18778.262163218078,
      "p75": 19049.97761627583,
      "p90": 19247.475823867255,
      "p95": 19366.127579232376,
      "p99": 19603.14042309661
    }
  },
  "details": {
    "DNSDialup": {
      "average": 0.0008628208399999999,
      "fastest": 0.000081265,
      "slowest": 0.001762936
    },
    "DNSLookup": {
      "average": 0.000009704259999999998,
      "fastest": 0.000003857,
      "slowest": 0.000151943
    }
  },
  "statusCodeDistribution": {
    "200": 182492
  },
  "errorDistribution": {}
}