{
  "summary": {
    "successRate": 1,
    "total": 10.000412045,
    "slowest": 0.023592718,
    "fastest": 0.000301368,
    "average": 0.002786930192803792,
    "requestsPerSec": 17902.962317389196,
    "totalData": 2327481,
    "sizePerRequest": 13,
    "sizePerSec": 232738.51012605953
  },
  "responseTimeHistogram": {
    "0.000301368": 1,
    "0.002630503": 90504,
    "0.004959638": 83513,
    "0.007288773": 4684,
    "0.009617908": 246,
    "0.011947043": 32,
    "0.014276178": 18,
    "0.016605313": 7,
    "0.018934448": 10,
    "0.021263583": 13,
    "0.023592718": 9
  },
  "latencyPercentiles": {
    "p10": 0.002547857,
    "p25": 0.002581921,
    "p50": 0.002629187,
    "p75": 0.002785751,
    "p90": 0.003009261,
    "p95": 0.003181702,
    "p99": 0.00559243
  },
  "rps": {
    "mean": 17902.038516273446,
    "stddev": 1990.2667495157518,
    "max": 20500.793380703453,
    "percentiles": {
      "p10": 16352.043649322932,
      "p25": 17746.440660564356,
      "p50": 18582.261814828435,
      "p75": 18859.359835081537,
      "p90": 19009.112968758636,
      "p95": 19091.93914213341,
      "p99": 19297.395886780145
    }
  },
  "details": {
    "DNSDialup": {
      "average": 0.0008573704600000002,
      "fastest": 0.000084628,
      "slowest": 0.001709495
    },
    "DNSLookup": {
      "average": 0.0000069429399999999995,
      "fastest": 0.000003126,
      "slowest": 0.00003738
    }
  },
  "statusCodeDistribution": {
    "200": 179037
  },
  "errorDistribution": {}
}