{
  "summary": {
    "successRate": 1,
    "total": 10.000726424,
    "slowest": 0.188584302,
    "fastest": 0.000935335,
    "average": 0.002910807402652193,
    "requestsPerSec": 17139.354956121537,
    "totalData": 2228278,
    "sizePerRequest": 13,
    "sizePerSec": 222811.61442957996
  },
  "responseTimeHistogram": {
    "0.000935335": 1,
    "0.019700231699999998": 171363,
    "0.0384651284": 7,
    "0.0572300251": 6,
    "0.07599492179999999": 5,
    "0.0947598185": 5,
    "0.11352471519999999": 4,
    "0.1322896119": 4,
    "0.1510545086": 4,
    "0.1698194053": 3,
    "0.188584302": 4
  },
  "latencyPercentiles": {
    "p10": 0.002653287,
    "p25": 0.002727001,
    "p50": 0.002810893,
    "p75": 0.002919719,
    "p90": 0.003046757,
    "p95": 0.003172114,
    "p99": 0.005663299
  },
  "rps": {
    "mean": 17137.905730274688,
    "stddev": 1776.2227511395877,
    "max": 22285.58094677584,
    "percentiles": {
      "p10": 16475.070305353354,
      "p25": 16919.48278442619,
      "p50": 17353.215370254427,
      "p75": 17768.954203683294,
      "p90": 18109.04909183078,
      "p95": 18308.037228341942,
      "p99": 20301.136863665102
    }
  },
  "details": {
    "DNSDialup": {
      "average": 0.0007900763599999999,
      "fastest": 0.00010818,
      "slowest": 0.001151136
    },
    "DNSLookup": {
      "average": 0.000007181260000000002,
      "fastest": 0.000003516,
      "slowest": 0.000032019
    }
  },
  "statusCodeDistribution": {
    "200": 171406
  },
  "errorDistribution": {}
}