{
  "summary": {
    "successRate": 1,
    "total": 10.000615861,
    "slowest": 0.189921076,
    "fastest": 0.000752333,
    "average": 0.002999188409728474,
    "requestsPerSec": 16638.77528272156,
    "totalData": 2163174,
    "sizePerRequest": 13,
    "sizePerSec": 216304.0786753803
  },
  "responseTimeHistogram": {
    "0.000752333": 1,
    "0.0196692073": 166355,
    "0.0385860816": 7,
    "0.057502955900000007": 6,
    "0.0764198302": 6,
    "0.0953367045": 5,
    "0.1142535788": 4,
    "0.1331704531": 3,
    "0.1520873274": 4,
    "0.1710042017": 3,
    "0.189921076": 4
  },
  "latencyPercentiles": {
    "p10": 0.002796171,
    "p25": 0.002842809,
    "p50": 0.002885037,
    "p75": 0.002941443,
    "p90": 0.003107668,
    "p95": 0.00322995,
    "p99": 0.005782782
  },
  "rps": {
    "mean": 16637.899593911352,
    "stddev": 1616.6370154381943,
    "max": 20740.20904327225,
    "percentiles": {
      "p10": 16333.38871320763,
      "p25": 16674.881892113146,
      "p50": 16944.620268552204,
      "p75": 17154.792406947312,
      "p90": 17348.168925840797,
      "p95": 17429.640847222425,
      "p99": 17742.77605880043
    }
  },
  "details": {
    "DNSDialup": {
      "average": 0.0005547553000000001,
      "fastest": 0.000073888,
      "slowest": 0.000805944
    },
    "DNSLookup": {
      "average": 0.00000619068,
      "fastest": 0.000003426,
      "slowest": 0.000029555
    }
  },
  "statusCodeDistribution": {
    "200": 166398
  },
  "errorDistribution": {}
}