{
  "summary": {
    "successRate": 1,
    "total": 10.000603772,
    "slowest": 0.185204957,
    "fastest": 0.000303795,
    "average": 0.002764834128709922,
    "requestsPerSec": 18041.81068598785,
    "totalData": 2345577,
    "sizePerRequest": 13,
    "sizePerSec": 234543.53891784206
  },
  "responseTimeHistogram": {
    "0.000303795": 1,
    "0.0187939112": 180386,
    "0.0372840274": 7,
    "0.0557741436": 6,
    "0.0742642598": 5,
    "0.092754376": 6,
    "0.11124449219999999": 4,
    "0.1297346084": 4,
    "0.1482247246": 3,
    "0.16671484079999999": 3,
    "0.185204957": 4
  },
  "latencyPercentiles": {
    "p10": 0.002143708,
    "p25": 0.002626495,
    "p50": 0.002717491,
    "p75": 0.002946998,
    "p90": 0.00306039,
    "p95": 0.003147572,
    "p99": 0.005481727
  },
  "rps": {
    "mean": 18036.47156222821,
    "stddev": 3299.886781382763,
    "max": 34202.74305999326,
    "percentiles": {
      "p10": 16011.304182152893,
      "p25": 16496.69703936595,
      "p50": 18023.197657705263,
      "p75": 18407.683367037327,
      "p90": 18804.27797323753,
      "p95": 27013.472793818695,
      "p99": 28986.39976176728
    }
  },
  "details": {
    "DNSDialup": {
      "average": 0.0007993687799999998,
      "fastest": 0.000101618,
      "slowest": 0.001251112
    },
    "DNSLookup": {
      "average": 0.000007370059999999999,
      "fastest": 0.000003597,
      "slowest": 0.000033713
    }
  },
  "statusCodeDistribution": {
    "200": 180429
  },
  "errorDistribution": {}
}