{
  "summary": {
    "successRate": 1,
    "total": 10.000607008,
    "slowest": 0.179093922,
    "fastest": 0.000542836,
    "average": 0.0027135158001130606,
    "requestsPerSec": 18385.283998553063,
    "totalData": 2390232,
    "sizePerRequest": 13,
    "sizePerSec": 239008.6919811898
  },
  "responseTimeHistogram": {
    "0.000542836": 1,
    "0.0183979446": 183820,
    "0.036253053199999996": 8,
    "0.05410816179999999": 6,
    "0.0719632704": 6,
    "0.089818379": 4,
    "0.10767348759999999": 4,
    "0.12552859619999998": 4,
    "0.14338370479999998": 4,
    "0.1612388134": 3,
    "0.179093922": 4
  },
  "latencyPercentiles": {
    "p10": 0.002492757,
    "p25": 0.002533338,
    "p50": 0.00258709,
    "p75": 0.002707017,
    "p90": 0.002883371,
    "p95": 0.002992499,
    "p99": 0.005200625
  },
  "rps": {
    "mean": 18380.94976867818,
    "stddev": 1894.7462192318999,
    "max": 21286.8396624039,
    "percentiles": {
      "p10": 17141.731545446102,
      "p25": 18150.62936555352,
      "p50": 18905.27401837081,
      "p75": 19209.600958558814,
      "p90": 19437.915598165553,
      "p95": 19561.868320938684,
      "p99": 19776.876675011023
    }
  },
  "details": {
    "DNSDialup": {
      "average": 0.0009151227799999999,
      "fastest": 0.000102952,
      "slowest": 0.001350733
    },
    "DNSLookup": {
      "average": 0.000008202080000000003,
      "fastest": 0.000003847,
      "slowest": 0.000034766
    }
  },
  "statusCodeDistribution": {
    "200": 183864
  },
  "errorDistribution": {}
}