{
  "summary": {
    "successRate": 1,
    "total": 10.000667205,
    "slowest": 0.180868105,
    "fastest": 0.000344185,
    "average": 0.002780149893082805,
    "requestsPerSec": 17945.402673760906,
    "totalData": 2333058,
    "sizePerRequest": 13,
    "sizePerSec": 233290.23475889178
  },
  "responseTimeHistogram": {
    "0.000344185": 1,
    "0.018396577": 179422,
    "0.036448969": 8,
    "0.054501361": 6,
    "0.072553753": 6,
    "0.090606145": 4,
    "0.108658537": 4,
    "0.126710929": 4,
    "0.144763321": 4,
    "0.162815713": 3,
    "0.180868105": 4
  },
  "latencyPercentiles": {
    "p10": 0.002526561,
    "p25": 0.002570882,
    "p50": 0.002631799,
    "p75": 0.002823097,
    "p90": 0.002986714,
    "p95": 0.003093433,
    "p99": 0.005336293
  },
  "rps": {
    "mean": 17944.198148349846,
    "stddev": 1940.709060023413,
    "max": 21397.95556096661,
    "percentiles": {
      "p10": 16518.866459267832,
      "p25": 17402.056923128857,
      "p50": 18537.445640193222,
      "p75": 18916.171434959146,
      "p90": 19145.042541587514,
      "p95": 19268.25973694484,
      "p99": 19562.588545791175
    }
  },
  "details": {
    "DNSDialup": {
      "average": 0.0006744604800000001,
      "fastest": 0.000076915,
      "slowest": 0.001170182
    },
    "DNSLookup": {
      "average": 0.0000071897800000000005,
      "fastest": 0.000003417,
      "slowest": 0.000033232
    }
  },
  "statusCodeDistribution": {
    "200": 179466
  },
  "errorDistribution": {}
}