{
  "summary": {
    "successRate": 1,
    "total": 10.000630703,
    "slowest": 0.184091607,
    "fastest": 0.000220816,
    "average": 0.0027741100533299114,
    "requestsPerSec": 17981.265916164288,
    "totalData": 2337712,
    "sizePerRequest": 13,
    "sizePerSec": 233756.45691013572
  },
  "responseTimeHistogram": {
    "0.000220816": 1,
    "0.018607895099999997": 179781,
    "0.036994974199999996": 7,
    "0.0553820533": 6,
    "0.07376913239999999": 6,
    "0.09215621149999999": 5,
    "0.1105432906": 4,
    "0.1289303697": 4,
    "0.1473174488": 3,
    "0.1657045279": 3,
    "0.184091607": 4
  },
  "latencyPercentiles": {
    "p10": 0.00249027,
    "p25": 0.002568318,
    "p50": 0.002672426,
    "p75": 0.002964088,
    "p90": 0.003035082,
    "p95": 0.003136484,
    "p99": 0.005554754
  },
  "rps": {
    "mean": 17977.989661495023,
    "stddev": 2995.7983821515127,
    "max": 35415.04577620544,
    "percentiles": {
      "p10": 16174.68499047457,
      "p25": 16500.173251819175,
      "p50": 18303.351343629085,
      "p75": 18927.61456092085,
      "p90": 19207.515900971648,
      "p95": 20006.86466693043,
      "p99": 29058.5267787865
    }
  },
  "details": {
    "DNSDialup": {
      "average": 0.0007507091199999999,
      "fastest": 0.000095006,
      "slowest": 0.001702444
    },
    "DNSLookup": {
      "average": 0.000006507719999999997,
      "fastest": 0.000003427,
      "slowest": 0.000034535
    }
  },
  "statusCodeDistribution": {
    "200": 179824
  },
  "errorDistribution": {}
}