{
  "summary": {
    "successRate": 1,
    "total": 10.000609078,
    "slowest": 0.184340413,
    "fastest": 0.000938827,
    "average": 0.0029887935650777997,
    "requestsPerSec": 16689.783462006853,
    "totalData": 2169804,
    "sizePerRequest": 13,
    "sizePerSec": 216967.18500608907
  },
  "responseTimeHistogram": {
    "0.000938827": 1,
    "0.0192789856": 166865,
    "0.0376191442": 8,
    "0.0559593028": 5,
    "0.0742994614": 6,
    "0.09263962": 4,
    "0.1109797786": 4,
    "0.1293199372": 4,
    "0.1476600958": 4,
    "0.1660002544": 3,
    "0.184340413": 4
  },
  "latencyPercentiles": {
    "p10": 0.002734057,
    "p25": 0.002819066,
    "p50": 0.002907586,
    "p75": 0.002982109,
    "p90": 0.003050232,
    "p95": 0.003146745,
    "p99": 0.005797147
  },
  "rps": {
    "mean": 16688.90471520618,
    "stddev": 1564.1266753358511,
    "max": 18379.410079186826,
    "percentiles": {
      "p10": 16349.624379919023,
      "p25": 16606.777225786456,
      "p50": 16898.112128831282,
      "p75": 17219.232160399897,
      "p90": 17526.80900705747,
      "p95": 17719.934926793052,
      "p99": 18010.541569981695
    }
  },
  "details": {
    "DNSDialup": {
      "average": 0.00073182042,
      "fastest": 0.000095953,
      "slowest": 0.001188266
    },
    "DNSLookup": {
      "average": 0.00000745502,
      "fastest": 0.000003657,
      "slowest": 0.000031418
    }
  },
  "statusCodeDistribution": {
    "200": 166908
  },
  "errorDistribution": {}
}