{
  "summary": {
    "successRate": 1,
    "total": 10.000618724,
    "slowest": 0.18253959,
    "fastest": 0.000357846,
    "average": 0.002729785920594846,
    "requestsPerSec": 18277.26914149277,
    "totalData": 2376192,
    "sizePerRequest": 13,
    "sizePerSec": 237604.498839406
  },
  "responseTimeHistogram": {
    "0.000357846": 1,
    "0.0185760204": 182741,
    "0.036794194800000006": 7,
    "0.05501236920000001": 6,
    "0.0732305436": 5,
    "0.09144871800000001": 5,
    "0.10966689240000001": 4,
    "0.1278850668": 4,
    "0.1461032412": 4,
    "0.16432141560000002": 3,
    "0.18253959000000003": 4
  },
  "latencyPercentiles": {
    "p10": 0.002533964,
    "p25": 0.002588184,
    "p50": 0.002638418,
    "p75": 0.002694643,
    "p90": 0.002779944,
    "p95": 0.002875697,
    "p99": 0.005291823
  },
  "rps": {
    "mean": 18273.81854160271,
    "stddev": 1828.1461681014418,
    "max": 23530.420127139485,
    "percentiles": {
      "p10": 18039.66200087496,
      "p25": 18322.701827563473,
      "p50": 18569.373321793726,
      "p75": 18791.501458050272,
      "p90": 19013.952438298933,
      "p95": 19141.859418174652,
      "p99": 19517.74666206331
    }
  },
  "details": {
    "DNSDialup": {
      "average": 0.0006668005199999999,
      "fastest": 0.000076475,
      "slowest": 0.001521191
    },
    "DNSLookup": {
      "average": 0.000006692739999999999,
      "fastest": 0.000003306,
      "slowest": 0.000029205
    }
  },
  "statusCodeDistribution": {
    "200": 182784
  },
  "errorDistribution": {}
}