{
  "summary": {
    "successRate": 1,
    "total": 10.000574552,
    "slowest": 0.188472008,
    "fastest": 0.000270251,
    "average": 0.002827790893618932,
    "requestsPerSec": 17640.28647381259,
    "totalData": 2293369,
    "sizePerRequest": 13,
    "sizePerSec": 229323.72415956366
  },
  "responseTimeHistogram": {
    "0.000270251": 1,
    "0.0190904267": 176370,
    "0.0379106024": 7,
    "0.056730778100000004": 6,
    "0.0755509538": 6,
    "0.0943711295": 4,
    "0.11319130520000001": 4,
    "0.1320114809": 4,
    "0.1508316566": 4,
    "0.1696518323": 3,
    "0.188472008": 4
  },
  "latencyPercentiles": {
    "p10": 0.002479166,
    "p25": 0.002668085,
    "p50": 0.002798993,
    "p75": 0.002986101,
    "p90": 0.003072193,
    "p95": 0.003197678,
    "p99": 0.005623798
  },
  "rps": {
    "mean": 17637.988595825147,
    "stddev": 3144.037469052626,
    "max": 34745.79334888924,
    "percentiles": {
      "p10": 16004.599721960054,
      "p25": 16442.1197782354,
      "p50": 17505.32687096698,
      "p75": 18053.06336916084,
      "p90": 18589.880211836713,
      "p95": 24511.396945699038,
      "p99": 28884.426289604802
    }
  },
  "details": {
    "DNSDialup": {
      "average": 0.00075811944,
      "fastest": 0.000101499,
      "slowest": 0.001141914
    },
    "DNSLookup": {
      "average": 0.0000077996,
      "fastest": 0.000003506,
      "slowest": 0.000044434
    }
  },
  "statusCodeDistribution": {
    "200": 176413
  },
  "errorDistribution": {}
}