{
  "summary": {
    "successRate": 1,
    "total": 10.000609084,
    "slowest": 0.182919677,
    "fastest": 0.000214689,
    "average": 0.002654501806119492,
    "requestsPerSec": 18791.355448605795,
    "totalData": 2443025,
    "sizePerRequest": 13,
    "sizePerSec": 244287.6208318753
  },
  "responseTimeHistogram": {
    "0.000214689": 1,
    "0.0184851878": 187882,
    "0.0367556866": 7,
    "0.0550261854": 6,
    "0.0732966842": 5,
    "0.09156718300000001": 5,
    "0.1098376818": 4,
    "0.12810818059999998": 4,
    "0.1463786794": 4,
    "0.1646491782": 3,
    "0.182919677": 4
  },
  "latencyPercentiles": {
    "p10": 0.00174268,
    "p25": 0.002521822,
    "p50": 0.002613662,
    "p75": 0.002879246,
    "p90": 0.003015909,
    "p95": 0.003092873,
    "p99": 0.005286412
  },
  "rps": {
    "mean": 18785.997213183397,
    "stddev": 3813.7472429851828,
    "max": 35212.058856103286,
    "percentiles": {
      "p10": 16302.014929044335,
      "p25": 16877.60321960316,
      "p50": 18606.6686300372,
      "p75": 19157.877864816746,
      "p90": 21006.28339144855,
      "p95": 28177.112303239468,
      "p99": 31947.7747022907
    }
  },
  "details": {
    "DNSDialup": {
      "average": 0.0008067011800000002,
      "fastest": 0.000149808,
      "slowest": 0.00126955
    },
    "DNSLookup": {
      "average": 0.00000701448,
      "fastest": 0.000003396,
      "slowest": 0.000029215
    }
  },
  "statusCodeDistribution": {
    "200": 187925
  },
  "errorDistribution": {}
}