{
  "summary": {
    "successRate": 1,
    "total": 10.00052779,
    "slowest": 0.188451032,
    "fastest": 0.000930718,
    "average": 0.0027668378064003075,
    "requestsPerSec": 18032.64825485776,
    "totalData": 2344368,
    "sizePerRequest": 13,
    "sizePerSec": 234424.42731315084
  },
  "responseTimeHistogram": {
    "0.000930718": 1,
    "0.0196827494": 180293,
    "0.0384347808": 8,
    "0.0571868122": 5,
    "0.0759388436": 5,
    "0.09469087500000001": 5,
    "0.1134429064": 4,
    "0.1321949378": 4,
    "0.1509469692": 4,
    "0.1696990006": 3,
    "0.18845103200000002": 4
  },
  "latencyPercentiles": {
    "p10": 0.002533263,
    "p25": 0.002574369,
    "p50": 0.002629121,
    "p75": 0.002756317,
    "p90": 0.002960864,
    "p95": 0.003104566,
    "p99": 0.005292339
  },
  "rps": {
    "mean": 18031.865803657118,
    "stddev": 1957.6810351071733,
    "max": 22043.339016287096,
    "percentiles": {
      "p10": 16722.118345935327,
      "p25": 17902.466959946858,
      "p50": 18578.42697161763,
      "p75": 18892.279338429416,
      "p90": 19096.62318432526,
      "p95": 19202.64228357724,
      "p99": 19511.19552399128
    }
  },
  "details": {
    "DNSDialup": {
      "average": 0.00079537378,
      "fastest": 0.000072723,
      "slowest": 0.001757129
    },
    "DNSLookup": {
      "average": 0.000008478140000000002,
      "fastest": 0.000003176,
      "slowest": 0.000039232
    }
  },
  "statusCodeDistribution": {
    "200": 180336
  },
  "errorDistribution": {}
}