{
  "summary": {
    "successRate": 1,
    "total": 10.000613129,
    "slowest": 0.18546566,
    "fastest": 0.000090074,
    "average": 0.002724968824288657,
    "requestsPerSec": 18306.177595163725,
    "totalData": 2379949,
    "sizePerRequest": 13,
    "sizePerSec": 237980.30873712845
  },
  "responseTimeHistogram": {
    "0.000090074": 1,
    "0.0186276326": 183029,
    "0.0371651912": 8,
    "0.0557027498": 6,
    "0.0742403084": 5,
    "0.092777867": 5,
    "0.11131542559999999": 4,
    "0.1298529842": 4,
    "0.1483905428": 4,
    "0.1669281014": 3,
    "0.18546566": 4
  },
  "latencyPercentiles": {
    "p10": 0.001763425,
    "p25": 0.002626214,
    "p50": 0.002717806,
    "p75": 0.002909867,
    "p90": 0.003077384,
    "p95": 0.003162312,
    "p99": 0.005474825
  },
  "rps": {
    "mean": 18301.414733868674,
    "stddev": 3845.57042722296,
    "max": 33980.62242476649,
    "percentiles": {
      "p10": 15909.421559447388,
      "p25": 16520.010688948485,
      "p50": 17973.416012385696,
      "p75": 18364.811255401204,
      "p90": 19377.916665118784,
      "p95": 27865.330266811317,
      "p99": 31615.51689569088
    }
  },
  "details": {
    "DNSDialup": {
      "average": 0.00064463916,
      "fastest": 0.000078575,
      "slowest": 0.001042777
    },
    "DNSLookup": {
      "average": 0.0000061352,
      "fastest": 0.000003286,
      "slowest": 0.000027952
    }
  },
  "statusCodeDistribution": {
    "200": 183073
  },
  "errorDistribution": {}
}