{
  "summary": {
    "successRate": 1,
    "total": 10.000646771,
    "slowest": 0.186921132,
    "fastest": 0.000743964,
    "average": 0.002867333496416835,
    "requestsPerSec": 17399.574645970664,
    "totalData": 2262091,
    "sizePerRequest": 13,
    "sizePerSec": 226194.47039761866
  },
  "responseTimeHistogram": {
    "0.000743964": 1,
    "0.019361680799999996": 173964,
    "0.03797939759999999": 7,
    "0.05659711439999999": 6,
    "0.07521483119999998": 6,
    "0.09383254799999997": 4,
    "0.11245026479999998": 4,
    "0.1310679816": 4,
    "0.14968569839999998": 4,
    "0.16830341519999997": 3,
    "0.18692113199999996": 4
  },
  "latencyPercentiles": {
    "p10": 0.002636071,
    "p25": 0.002702982,
    "p50": 0.002767227,
    "p75": 0.002841647,
    "p90": 0.002952474,
    "p95": 0.003080394,
    "p99": 0.005554857
  },
  "rps": {
    "mean": 17397.120015553817,
    "stddev": 1715.2378009507865,
    "max": 18939.745054996478,
    "percentiles": {
      "p10": 17080.72006689162,
      "p25": 17412.819317581703,
      "p50": 17681.819081435387,
      "p75": 17946.143123198373,
      "p90": 18211.105131908327,
      "p95": 18357.16973370157,
      "p99": 18659.17945355626
    }
  },
  "details": {
    "DNSDialup": {
      "average": 0.0007409236399999998,
      "fastest": 0.000071857,
      "slowest": 0.001572369
    },
    "DNSLookup": {
      "average": 0.000007216320000000002,
      "fastest": 0.000003176,
      "slowest": 0.000052418
    }
  },
  "statusCodeDistribution": {
    "200": 174007
  },
  "errorDistribution": {}
}