{
  "summary": {
    "successRate": 1,
    "total": 10.000371825,
    "slowest": 0.023804881,
    "fastest": 0.000159874,
    "average": 0.0028165981140894636,
    "requestsPerSec": 17712.641399711156,
    "totalData": 2302729,
    "sizePerRequest": 13,
    "sizePerSec": 230264.33819624502
  },
  "responseTimeHistogram": {
    "0.000159874": 1,
    "0.0025243747": 15057,
    "0.0048888754": 157129,
    "0.0072533761": 4545,
    "0.009617876800000001": 275,
    "0.011982377500000002": 63,
    "0.014346878200000001": 22,
    "0.0167113789": 9,
    "0.0190758796": 8,
    "0.021440380300000002": 12,
    "0.023804881000000003": 12
  },
  "latencyPercentiles": {
    "p10": 0.00256119,
    "p25": 0.00263484,
    "p50": 0.002717705,
    "p75": 0.002960511,
    "p90": 0.003099694,
    "p95": 0.003277379,
    "p99": 0.005715664
  },
  "rps": {
    "mean": 17710.7971084366,
    "stddev": 2934.5527849133555,
    "max": 32086.466610223066,
    "percentiles": {
      "p10": 15865.859181463951,
      "p25": 16601.59512150553,
      "p50": 17887.61353107535,
      "p75": 18400.18032176776,
      "p90": 18731.48575440478,
      "p95": 20722.104268623247,
      "p99": 30556.045899385757
    }
  },
  "details": {
    "DNSDialup": {
      "average": 0.0009601242999999997,
      "fastest": 0.00007318,
      "slowest": 0.001622524
    },
    "DNSLookup": {
      "average": 0.000006499979999999999,
      "fastest": 0.000003176,
      "slowest": 0.000034215
    }
  },
  "statusCodeDistribution": {
    "200": 177133
  },
  "errorDistribution": {}
}