{
  "summary": {
    "successRate": 1,
    "total": 10.00062484,
    "slowest": 0.186245734,
    "fastest": 0.000276682,
    "average": 0.0028308257144089087,
    "requestsPerSec": 17619.19908196456,
    "totalData": 2290639,
    "sizePerRequest": 13,
    "sizePerSec": 229049.5880655393
  },
  "responseTimeHistogram": {
    "0.000276682": 1,
    "0.0188735872": 176160,
    "0.0374704924": 7,
    "0.0560673976": 6,
    "0.0746643028": 5,
    "0.093261208": 5,
    "0.1118581132": 5,
    "0.13045501839999998": 3,
    "0.1490519236": 4,
    "0.1676488288": 3,
    "0.186245734": 4
  },
  "latencyPercentiles": {
    "p10": 0.002555498,
    "p25": 0.002692251,
    "p50": 0.002760599,
    "p75": 0.002907553,
    "p90": 0.003128722,
    "p95": 0.003234469,
    "p99": 0.005566581
  },
  "rps": {
    "mean": 17613.517406684055,
    "stddev": 2894.495217546014,
    "max": 29428.374839020995,
    "percentiles": {
      "p10": 15647.609416411271,
      "p25": 17102.996444977085,
      "p50": 17650.046707438498,
      "p75": 17993.546649677246,
      "p90": 18367.336492314447,
      "p95": 25728.95536637076,
      "p99": 27501.628096381814
    }
  },
  "details": {
    "DNSDialup": {
      "average": 0.00067036494,
      "fastest": 0.000080558,
      "slowest": 0.001470993
    },
    "DNSLookup": {
      "average": 0.0000071971399999999995,
      "fastest": 0.000003206,
      "slowest": 0.000028573
    }
  },
  "statusCodeDistribution": {
    "200": 176203
  },
  "errorDistribution": {}
}