{
  "summary": {
    "successRate": 1,
    "total": 10.000597195,
    "slowest": 0.180127875,
    "fastest": 0.000100097,
    "average": 0.0027390055405089792,
    "requestsPerSec": 18213.412304123904,
    "totalData": 2367885,
    "sizePerRequest": 13,
    "sizePerSec": 236774.35995361078
  },
  "responseTimeHistogram": {
    "0.000100097": 1,
    "0.0181028748": 182102,
    "0.0361056526": 7,
    "0.054108430400000004": 6,
    "0.0721112082": 5,
    "0.09011398600000001": 5,
    "0.1081167638": 4,
    "0.1261195416": 4,
    "0.1441223194": 3,
    "0.1621250972": 4,
    "0.18012787500000002": 4
  },
  "latencyPercentiles": {
    "p10": 0.002379109,
    "p25": 0.002597167,
    "p50": 0.002677848,
    "p75": 0.002947442,
    "p90": 0.003026751,
    "p95": 0.003081493,
    "p99": 0.005368831
  },
  "rps": {
    "mean": 18209.981795248535,
    "stddev": 3198.7627789654503,
    "max": 34758.6761211596,
    "percentiles": {
      "p10": 16175.928189326376,
      "p25": 16471.23810480371,
      "p50": 18309.704143195853,
      "p75": 18667.082025968426,
      "p90": 19041.415077794903,
      "p95": 27217.666987643915,
      "p99": 29011.85229533901
    }
  },
  "details": {
    "DNSDialup": {
      "average": 0.0005787137799999999,
      "fastest": 0.000079607,
      "slowest": 0.001195016
    },
    "DNSLookup": {
      "average": 0.00000759224,
      "fastest": 0.000003517,
      "slowest": 0.000030366
    }
  },
  "statusCodeDistribution": {
    "200": 182145
  },
  "errorDistribution": {}
}