{
  "summary": {
    "successRate": 1,
    "total": 10.000636107,
    "slowest": 0.005613321,
    "fastest": 0.000208718,
    "average": 0.0009576582395483893,
    "requestsPerSec": 52120.184598573556,
    "totalData": 6776055,
    "sizePerRequest": 13,
    "sizePerSec": 677562.3997814562
  },
  "responseTimeHistogram": {
    "0.000208718": 1,
    "0.0007491783": 27273,
    "0.0012896385999999998": 491120,
    "0.0018300989": 2461,
    "0.0023705592": 148,
    "0.0029110195": 74,
    "0.0034514797999999998": 10,
    "0.0039919401": 16,
    "0.0045324004": 10,
    "0.0050728607": 69,
    "0.005613321": 53
  },
  "latencyPercentiles": {
    "p10": 0.000824229,
    "p25": 0.000895198,
    "p50": 0.000969225,
    "p75": 0.001030161,
    "p90": 0.001076635,
    "p95": 0.001113986,
    "p99": 0.001224852
  },
  "rps": {
    "mean": 52119.07127638077,
    "stddev": 3369.4715026425083,
    "max": 71185.63632049307,
    "percentiles": {
      "p10": 49890.39201576501,
      "p25": 50783.9802034807,
      "p50": 51837.58743464759,
      "p75": 53306.73264033258,
      "p90": 55501.07672088746,
      "p95": 57013.99693624755,
      "p99": 61213.883308737255
    }
  },
  "details": {
    "DNSDialup": {
      "average": 0.0006934142599999999,
      "fastest": 0.000067315,
      "slowest": 0.00157734
    },
    "DNSLookup": {
      "average": 0.000006468140000000001,
      "fastest": 0.000003517,
      "slowest": 0.000028974
    }
  },
  "statusCodeDistribution": {
    "200": 521235
  },
  "errorDistribution": {}
}