{
  "summary": {
    "successRate": 1,
    "total": 10.000645216,
    "slowest": 0.006251793,
    "fastest": 0.000040752,
    "average": 0.0006404101463255356,
    "requestsPerSec": 77910.97305936065,
    "totalData": 10129080,
    "sizePerRequest": 13,
    "sizePerSec": 1012842.6497716884
  },
  "responseTimeHistogram": {
    "0.000040752": 1,
    "0.0006618561000000001": 476717,
    "0.0012829602000000002": 301480,
    "0.0019040643000000003": 814,
    "0.0025251684": 48,
    "0.0031462725": 0,
    "0.0037673766000000004": 16,
    "0.0043884807": 18,
    "0.0050095848": 15,
    "0.005630688900000001": 1,
    "0.006251793": 50
  },
  "latencyPercentiles": {
    "p10": 0.000557086,
    "p25": 0.000593803,
    "p50": 0.000643603,
    "p75": 0.000681672,
    "p90": 0.000712991,
    "p95": 0.00074558,
    "p99": 0.000849356
  },
  "rps": {
    "mean": 77911.32537506036,
    "stddev": 4303.313158714708,
    "max": 95803.99608218932,
    "percentiles": {
      "p10": 75336.1688946896,
      "p25": 76852.66218024306,
      "p50": 78312.70764885492,
      "p75": 79700.75715718656,
      "p90": 81205.37579587704,
      "p95": 82153.75320071755,
      "p99": 84498.21227213147
    }
  },
  "details": {
    "DNSDialup": {
      "average": 0.0004992547999999998,
      "fastest": 0.000081418,
      "slowest": 0.000966196
    },
    "DNSLookup": {
      "average": 0.000006301840000000001,
      "fastest": 0.00000319,
      "slowest": 0.000046359
    }
  },
  "statusCodeDistribution": {
    "200": 779160
  },
  "errorDistribution": {}
}