{
  "summary": {
    "successRate": 1,
    "total": 10.00062133,
    "slowest": 0.00601426,
    "fastest": 0.000156765,
    "average": 0.0009645101189764906,
    "requestsPerSec": 51748.18473003817,
    "totalData": 6727682,
    "sizePerRequest": 13,
    "sizePerSec": 672726.4014904962
  },
  "responseTimeHistogram": {
    "0.000156765": 1,
    "0.0007425145": 25885,
    "0.001328264": 489354,
    "0.0019140134999999997": 1873,
    "0.002499763": 224,
    "0.0030855124999999996": 55,
    "0.003671262": 31,
    "0.0042570114999999995": 8,
    "0.004842760999999999": 13,
    "0.005428510499999999": 16,
    "0.006014259999999999": 54
  },
  "latencyPercentiles": {
    "p10": 0.000827876,
    "p25": 0.000901537,
    "p50": 0.000976064,
    "p75": 0.001038028,
    "p90": 0.001084933,
    "p95": 0.00112413,
    "p99": 0.001236135
  },
  "rps": {
    "mean": 51746.58510038736,
    "stddev": 3252.952731467908,
    "max": 71868.07787372271,
    "percentiles": {
      "p10": 49518.906318432004,
      "p25": 50528.666195600585,
      "p50": 51553.38816519474,
      "p75": 52894.347647899034,
      "p90": 55048.40957137935,
      "p95": 56778.723700409944,
      "p99": 59343.308154862636
    }
  },
  "details": {
    "DNSDialup": {
      "average": 0.0008028971199999999,
      "fastest": 0.000095189,
      "slowest": 0.001511162
    },
    "DNSLookup": {
      "average": 0.00000784936,
      "fastest": 0.000003868,
      "slowest": 0.000034886
    }
  },
  "statusCodeDistribution": {
    "200": 517514
  },
  "errorDistribution": {}
}