{
  "summary": {
    "successRate": 1,
    "total": 10.00067485,
    "slowest": 0.005672313,
    "fastest": 0.000071188,
    "average": 0.0006517597030479253,
    "requestsPerSec": 76551.63391298539,
    "totalData": 9952384,
    "sizePerRequest": 13,
    "sizePerSec": 995171.24086881
  },
  "responseTimeHistogram": {
    "0.000071188": 1,
    "0.0006313005000000001": 294645,
    "0.001191413": 469669,
    "0.0017515255000000003": 1128,
    "0.002311638": 24,
    "0.0028717505": 3,
    "0.0034318630000000003": 10,
    "0.0039919755": 28,
    "0.004552088": 10,
    "0.0051122005000000005": 0,
    "0.005672313": 50
  },
  "latencyPercentiles": {
    "p10": 0.000561123,
    "p25": 0.000603353,
    "p50": 0.000654893,
    "p75": 0.000696086,
    "p90": 0.000733515,
    "p95": 0.000774033,
    "p99": 0.000867733
  },
  "rps": {
    "mean": 76553.59976530467,
    "stddev": 4326.056086059265,
    "max": 105121.72866131239,
    "percentiles": {
      "p10": 73905.87551710394,
      "p25": 75327.16297496653,
      "p50": 76724.88062510321,
      "p75": 78311.41780471637,
      "p90": 79849.12318058313,
      "p95": 81179.6098868736,
      "p99": 85915.01090629866
    }
  },
  "details": {
    "DNSDialup": {
      "average": 0.0005195577600000001,
      "fastest": 0.000068015,
      "slowest": 0.000859793
    },
    "DNSLookup": {
      "average": 0.000005920020000000001,
      "fastest": 0.000003204,
      "slowest": 0.000038291
    }
  },
  "statusCodeDistribution": {
    "200": 765568
  },
  "errorDistribution": {}
}