{
  "summary": {
    "successRate": 1,
    "total": 10.000622338,
    "slowest": 0.005964449,
    "fastest": 0.000311418,
    "average": 0.0009683320711591629,
    "requestsPerSec": 51540.39244552462,
    "totalData": 6700668,
    "sizePerRequest": 13,
    "sizePerSec": 670025.1017918201
  },
  "responseTimeHistogram": {
    "0.000311418": 1,
    "0.0008767211": 87394,
    "0.0014420242": 426859,
    "0.0020073273": 949,
    "0.0025726304": 132,
    "0.0031379335": 1,
    "0.0037032365999999997": 3,
    "0.0042685397": 19,
    "0.0048338428": 17,
    "0.0053991459": 11,
    "0.005964449": 50
  },
  "latencyPercentiles": {
    "p10": 0.00083554,
    "p25": 0.000903956,
    "p50": 0.000979036,
    "p75": 0.001039297,
    "p90": 0.001088743,
    "p95": 0.001133807,
    "p99": 0.001242341
  },
  "rps": {
    "mean": 51543.359098457026,
    "stddev": 3325.3024509561274,
    "max": 78466.52951558967,
    "percentiles": {
      "p10": 49573.057083781394,
      "p25": 50361.61853597326,
      "p50": 51172.831119824266,
      "p75": 52114.82666818836,
      "p90": 54402.45899113841,
      "p95": 56217.02813782314,
      "p99": 62933.16658048402
    }
  },
  "details": {
    "DNSDialup": {
      "average": 0.00072372338,
      "fastest": 0.000115081,
      "slowest": 0.001062576
    },
    "DNSLookup": {
      "average": 0.00000621372,
      "fastest": 0.000002956,
      "slowest": 0.000031421
    }
  },
  "statusCodeDistribution": {
    "200": 515436
  },
  "errorDistribution": {}
}