{
  "summary": {
    "successRate": 1,
    "total": 10.000655074,
    "slowest": 0.006118161,
    "fastest": 0.000115988,
    "average": 0.0009455678023493306,
    "requestsPerSec": 52785.14218257699,
    "totalData": 6862518,
    "sizePerRequest": 13,
    "sizePerSec": 686206.8483735007
  },
  "responseTimeHistogram": {
    "0.000115988": 1,
    "0.0007162053": 27447,
    "0.0013164226": 497924,
    "0.0019166399": 2222,
    "0.0025168572": 182,
    "0.0031170745": 11,
    "0.0037172918": 11,
    "0.0043175091": 11,
    "0.0049177264": 27,
    "0.0055179437": 0,
    "0.0061181609999999996": 50
  },
  "latencyPercentiles": {
    "p10": 0.000805083,
    "p25": 0.00088335,
    "p50": 0.000958369,
    "p75": 0.001019743,
    "p90": 0.001067011,
    "p95": 0.001108189,
    "p99": 0.00122418
  },
  "rps": {
    "mean": 52740.677006192665,
    "stddev": 3795.951282171463,
    "max": 79915.6314975206,
    "percentiles": {
      "p10": 50425.05621043158,
      "p25": 51378.55073953011,
      "p50": 52382.67557686549,
      "p75": 53989.86616233455,
      "p90": 56034.517262634225,
      "p95": 57905.36782760069,
      "p99": 63138.45131684954
    }
  },
  "details": {
    "DNSDialup": {
      "average": 0.0007143789800000001,
      "fastest": 0.000096206,
      "slowest": 0.001562582
    },
    "DNSLookup": {
      "average": 0.000006882300000000001,
      "fastest": 0.000003236,
      "slowest": 0.000033002
    }
  },
  "statusCodeDistribution": {
    "200": 527886
  },
  "errorDistribution": {}
}