{
  "summary": {
    "successRate": 1,
    "total": 10.000623461,
    "slowest": 0.005754471,
    "fastest": 0.000113311,
    "average": 0.0009477295485987627,
    "requestsPerSec": 52664.71656031486,
    "totalData": 6846840,
    "sizePerRequest": 13,
    "sizePerSec": 684641.3152840931
  },
  "responseTimeHistogram": {
    "0.000113311": 1,
    "0.000677427": 22772,
    "0.0012415430000000001": 500051,
    "0.0018056590000000003": 3485,
    "0.002369775": 250,
    "0.002933891": 23,
    "0.0034980070000000005": 0,
    "0.004062123": 14,
    "0.004626239": 20,
    "0.005190355": 13,
    "0.005754471": 51
  },
  "latencyPercentiles": {
    "p10": 0.000805073,
    "p25": 0.000888344,
    "p50": 0.000961751,
    "p75": 0.001023824,
    "p90": 0.001068053,
    "p95": 0.001103726,
    "p99": 0.001212401
  },
  "rps": {
    "mean": 52662.45324411467,
    "stddev": 3474.691863286697,
    "max": 80015.67507073737,
    "percentiles": {
      "p10": 50117.70157219428,
      "p25": 51222.80951707827,
      "p50": 52341.8368301823,
      "p75": 53804.083729959624,
      "p90": 56238.35196968063,
      "p95": 58123.20278255144,
      "p99": 61618.71563113194
    }
  },
  "details": {
    "DNSDialup": {
      "average": 0.00081420084,
      "fastest": 0.000099685,
      "slowest": 0.001207626
    },
    "DNSLookup": {
      "average": 0.0000063677200000000014,
      "fastest": 0.000003286,
      "slowest": 0.000028733
    }
  },
  "statusCodeDistribution": {
    "200": 526680
  },
  "errorDistribution": {}
}