{
  "summary": {
    "successRate": 1,
    "total": 10.000661384,
    "slowest": 0.006075213,
    "fastest": 0.000305543,
    "average": 0.000935575343595595,
    "requestsPerSec": 53347.271696805605,
    "totalData": 6935604,
    "sizePerRequest": 13,
    "sizePerSec": 693514.5320584729
  },
  "responseTimeHistogram": {
    "0.000305543": 1,
    "0.0008825100000000001": 144076,
    "0.0014594770000000003": 388232,
    "0.002036444": 956,
    "0.0026134110000000004": 135,
    "0.0031903780000000007": 10,
    "0.0037673450000000005": 7,
    "0.004344312": 18,
    "0.004921279000000001": 23,
    "0.005498246000000001": 0,
    "0.006075213000000001": 50
  },
  "latencyPercentiles": {
    "p10": 0.000774037,
    "p25": 0.0008761,
    "p50": 0.000950816,
    "p75": 0.001016384,
    "p90": 0.001063086,
    "p95": 0.001102062,
    "p99": 0.001207997
  },
  "rps": {
    "mean": 53340.30024290639,
    "stddev": 4196.287648419165,
    "max": 75924.3717233183,
    "percentiles": {
      "p10": 50028.606357114615,
      "p25": 51073.827217242884,
      "p50": 52683.52973639823,
      "p75": 55203.58530224001,
      "p90": 58363.259937446055,
      "p95": 60792.21281849324,
      "p99": 65125.29466444804
    }
  },
  "details": {
    "DNSDialup": {
      "average": 0.0007223878199999999,
      "fastest": 0.000102835,
      "slowest": 0.001127767
    },
    "DNSLookup": {
      "average": 0.00000722126,
      "fastest": 0.000003376,
      "slowest": 0.000036428
    }
  },
  "statusCodeDistribution": {
    "200": 533508
  },
  "errorDistribution": {}
}