{
  "summary": {
    "successRate": 1,
    "total": 10.000592791,
    "slowest": 0.005892738,
    "fastest": 0.000225931,
    "average": 0.0009553139249457497,
    "requestsPerSec": 52247.102838766106,
    "totalData": 6792526,
    "sizePerRequest": 13,
    "sizePerSec": 679212.3369039594
  },
  "responseTimeHistogram": {
    "0.000225931": 1,
    "0.0007926116999999999": 43098,
    "0.0013592924": 477693,
    "0.0019259731": 1462,
    "0.0024926538": 71,
    "0.0030593344999999997": 77,
    "0.0036260152": 0,
    "0.0041926959000000005": 0,
    "0.0047593766": 9,
    "0.0053260573": 25,
    "0.005892738": 66
  },
  "latencyPercentiles": {
    "p10": 0.000814524,
    "p25": 0.000894776,
    "p50": 0.000968945,
    "p75": 0.001031565,
    "p90": 0.001075882,
    "p95": 0.001110854,
    "p99": 0.001216619
  },
  "rps": {
    "mean": 52205.51566602491,
    "stddev": 3556.287255000505,
    "max": 65585.97665679613,
    "percentiles": {
      "p10": 49787.31200907115,
      "p25": 50813.38932808664,
      "p50": 51829.013881969906,
      "p75": 53561.29666754888,
      "p90": 56005.24769170637,
      "p95": 57327.571043840144,
      "p99": 61516.50611092648
    }
  },
  "details": {
    "DNSDialup": {
      "average": 0.00049381078,
      "fastest": 0.000073158,
      "slowest": 0.000880194
    },
    "DNSLookup": {
      "average": 0.00000626478,
      "fastest": 0.000003206,
      "slowest": 0.000032812
    }
  },
  "statusCodeDistribution": {
    "200": 522502
  },
  "errorDistribution": {}
}