{
  "summary": {
    "successRate": 1,
    "total": 10.000661383,
    "slowest": 0.005265754,
    "fastest": 0.000228155,
    "average": 0.000961990437365247,
    "requestsPerSec": 51883.8684891407,
    "totalData": 6745349,
    "sizePerRequest": 13,
    "sizePerSec": 674490.2903588291
  },
  "responseTimeHistogram": {
    "0.000228155": 1,
    "0.0007319148999999999": 19812,
    "0.0012356748": 495230,
    "0.0017394347": 3462,
    "0.0022431945999999998": 259,
    "0.0027469545": 59,
    "0.0032507143999999997": 0,
    "0.0037544742999999995": 2,
    "0.0042582342": 9,
    "0.0047619941": 24,
    "0.005265754": 15
  },
  "latencyPercentiles": {
    "p10": 0.000831809,
    "p25": 0.000899487,
    "p50": 0.000973082,
    "p75": 0.001032718,
    "p90": 0.001077769,
    "p95": 0.001116554,
    "p99": 0.001213206
  },
  "rps": {
    "mean": 51878.385154881544,
    "stddev": 2778.773301483161,
    "max": 65844.79421350338,
    "percentiles": {
      "p10": 50081.30402444631,
      "p25": 50723.12467253796,
      "p50": 51526.09982409989,
      "p75": 52803.7964226253,
      "p90": 54940.958484551345,
      "p95": 56410.0334111718,
      "p99": 59624.016553865134
    }
  },
  "details": {
    "DNSDialup": {
      "average": 0.00064857704,
      "fastest": 0.000076332,
      "slowest": 0.001547565
    },
    "DNSLookup": {
      "average": 0.000005918240000000002,
      "fastest": 0.000002605,
      "slowest": 0.000030868
    }
  },
  "statusCodeDistribution": {
    "200": 518873
  },
  "errorDistribution": {}
}