{
  "summary": {
    "successRate": 1,
    "total": 10.000667233,
    "slowest": 0.006311809,
    "fastest": 0.000129218,
    "average": 0.0009521744713932064,
    "requestsPerSec": 52419.40240448755,
    "totalData": 6814977,
    "sizePerRequest": 13,
    "sizePerSec": 681452.2312583381
  },
  "responseTimeHistogram": {
    "0.000129218": 1,
    "0.0007474770999999999": 46348,
    "0.0013657361999999998": 474961,
    "0.0019839953": 2543,
    "0.0026022543999999997": 225,
    "0.0032205134999999997": 50,
    "0.0038387725999999996": 2,
    "0.0044570317": 13,
    "0.0050752908": 17,
    "0.0056935499": 16,
    "0.006311809": 53
  },
  "latencyPercentiles": {
    "p10": 0.000773301,
    "p25": 0.000888794,
    "p50": 0.000969337,
    "p75": 0.001036887,
    "p90": 0.001087892,
    "p95": 0.001135323,
    "p99": 0.001277653
  },
  "rps": {
    "mean": 52418.2549343858,
    "stddev": 4467.847981884877,
    "max": 83164.51305020529,
    "percentiles": {
      "p10": 49451.188275504814,
      "p25": 50633.55992351815,
      "p50": 51741.274014280534,
      "p75": 53731.64256431015,
      "p90": 57026.391814133465,
      "p95": 59479.36738635327,
      "p99": 67775.62404130945
    }
  },
  "details": {
    "DNSDialup": {
      "average": 0.0006996705400000001,
      "fastest": 0.000078397,
      "slowest": 0.001431728
    },
    "DNSLookup": {
      "average": 0.000006738419999999999,
      "fastest": 0.000003016,
      "slowest": 0.000029505
    }
  },
  "statusCodeDistribution": {
    "200": 524229
  },
  "errorDistribution": {}
}