{
  "summary": {
    "successRate": 1,
    "total": 10.000613841,
    "slowest": 0.004757033,
    "fastest": 0.000297492,
    "average": 0.0009897890014177813,
    "requestsPerSec": 50426.904589845966,
    "totalData": 6555900,
    "sizePerRequest": 13,
    "sizePerSec": 655549.7596679976
  },
  "responseTimeHistogram": {
    "0.000297492": 1,
    "0.0007434461000000001": 18422,
    "0.0011894002": 474146,
    "0.0016353543": 11177,
    "0.0020813084": 426,
    "0.0025272625": 59,
    "0.0029732166": 18,
    "0.0034191707": 9,
    "0.0038651248": 12,
    "0.0043110789": 12,
    "0.004757033": 18
  },
  "latencyPercentiles": {
    "p10": 0.000854029,
    "p25": 0.000924867,
    "p50": 0.001001393,
    "p75": 0.001065038,
    "p90": 0.001110582,
    "p95": 0.001145675,
    "p99": 0.0012419
  },
  "rps": {
    "mean": 50425.22772056529,
    "stddev": 2832.0914076887084,
    "max": 62413.905377315605,
    "percentiles": {
      "p10": 47968.39672009436,
      "p25": 48978.78726716138,
      "p50": 50113.420373974885,
      "p75": 51920.32680794047,
      "p90": 53831.620693993005,
      "p95": 54785.15608280889,
      "p99": 57134.10906311266
    }
  },
  "details": {
    "DNSDialup": {
      "average": 0.0007053064600000002,
      "fastest": 0.000065431,
      "slowest": 0.001627551
    },
    "DNSLookup": {
      "average": 0.0000066892,
      "fastest": 0.000003165,
      "slowest": 0.000031137
    }
  },
  "statusCodeDistribution": {
    "200": 504300
  },
  "errorDistribution": {}
}