{
  "summary": {
    "successRate": 1,
    "total": 10.000668471,
    "slowest": 0.005549681,
    "fastest": 0.000139692,
    "average": 0.0009555799107886906,
    "requestsPerSec": 52230.908515235395,
    "totalData": 6790472,
    "sizePerRequest": 13,
    "sizePerSec": 679001.8106980602
  },
  "responseTimeHistogram": {
    "0.000139692": 1,
    "0.0006806908999999999": 20883,
    "0.0012216898": 495283,
    "0.0017626887000000001": 5599,
    "0.0023036875999999998": 471,
    "0.0028446864999999997": 5,
    "0.0033856854": 4,
    "0.0039266843": 6,
    "0.0044676832": 11,
    "0.0050086821": 21,
    "0.005549681": 60
  },
  "latencyPercentiles": {
    "p10": 0.000817921,
    "p25": 0.00089379,
    "p50": 0.00096819,
    "p75": 0.001029483,
    "p90": 0.001076929,
    "p95": 0.001118471,
    "p99": 0.001238373
  },
  "rps": {
    "mean": 52227.32531547661,
    "stddev": 3399.1765425109465,
    "max": 66460.1464325233,
    "percentiles": {
      "p10": 49763.80715353316,
      "p25": 50817.2372068616,
      "p50": 51890.68269168943,
      "p75": 53253.64651318697,
      "p90": 56167.22668400536,
      "p95": 57751.346722368304,
      "p99": 62928.626232073046
    }
  },
  "details": {
    "DNSDialup": {
      "average": 0.0008507415,
      "fastest": 0.000105617,
      "slowest": 0.001211424
    },
    "DNSLookup": {
      "average": 0.00000639818,
      "fastest": 0.000002585,
      "slowest": 0.00003266
    }
  },
  "statusCodeDistribution": {
    "200": 522344
  },
  "errorDistribution": {}
}