{
  "summary": {
    "successRate": 1,
    "total": 10.000653586,
    "slowest": 0.006706055,
    "fastest": 0.000079408,
    "average": 0.0010309847363343607,
    "requestsPerSec": 48404.73633419983,
    "totalData": 6293027,
    "sizePerRequest": 13,
    "sizePerSec": 629261.5723445978
  },
  "responseTimeHistogram": {
    "0.000079408": 1,
    "0.0007420726999999999": 16042,
    "0.0014047373999999998": 465474,
    "0.0020674020999999995": 2193,
    "0.0027300667999999996": 218,
    "0.0033927314999999997": 37,
    "0.0040553961999999985": 54,
    "0.0047180608999999995": 10,
    "0.005380725599999999": 0,
    "0.0060433903": 0,
    "0.006706054999999999": 50
  },
  "latencyPercentiles": {
    "p10": 0.000892824,
    "p25": 0.000964138,
    "p50": 0.001043204,
    "p75": 0.001107883,
    "p90": 0.001154573,
    "p95": 0.001190437,
    "p99": 0.001308821
  },
  "rps": {
    "mean": 48407.26126292919,
    "stddev": 2890.566188820897,
    "max": 62318.46116281925,
    "percentiles": {
      "p10": 46574.430597537874,
      "p25": 47302.87429100799,
      "p50": 48106.22817305319,
      "p75": 49318.27241993329,
      "p90": 51334.347812119064,
      "p95": 52893.128932112944,
      "p99": 57698.59406411743
    }
  },
  "details": {
    "DNSDialup": {
      "average": 0.0008329521199999999,
      "fastest": 0.000101161,
      "slowest": 0.001388319
    },
    "DNSLookup": {
      "average": 0.000014596639999999996,
      "fastest": 0.000003346,
      "slowest": 0.000400767
    }
  },
  "statusCodeDistribution": {
    "200": 484079
  },
  "errorDistribution": {}
}