{
  "summary": {
    "successRate": 1,
    "total": 10.000289666,
    "slowest": 0.0054709,
    "fastest": 0.000154957,
    "average": 0.0009486797250791156,
    "requestsPerSec": 52613.975952004184,
    "totalData": 6840015,
    "sizePerRequest": 13,
    "sizePerSec": 683981.6873760545
  },
  "responseTimeHistogram": {
    "0.000154957": 1,
    "0.0006865513": 18874,
    "0.0012181456000000001": 502764,
    "0.0017497399000000002": 4229,
    "0.0022813342": 151,
    "0.0028129285": 57,
    "0.0033445228000000002": 25,
    "0.0038761171": 20,
    "0.0044077114": 28,
    "0.0049393057": 5,
    "0.0054709": 1
  },
  "latencyPercentiles": {
    "p10": 0.000825557,
    "p25": 0.000886946,
    "p50": 0.000960536,
    "p75": 0.001017458,
    "p90": 0.001066572,
    "p95": 0.001108173,
    "p99": 0.001206364
  },
  "rps": {
    "mean": 52608.26338625557,
    "stddev": 3451.5397519538565,
    "max": 78980.01562588934,
    "percentiles": {
      "p10": 50460.87261926614,
      "p25": 51321.08095252855,
      "p50": 52197.346759395004,
      "p75": 53015.220669852875,
      "p90": 54905.52898676921,
      "p95": 58704.0799335553,
      "p99": 66201.22472265722
    }
  },
  "details": {
    "DNSDialup": {
      "average": 0.0007694662399999999,
      "fastest": 0.000079477,
      "slowest": 0.001639763
    },
    "DNSLookup": {
      "average": 0.00001004662,
      "fastest": 0.000003145,
      "slowest": 0.00018146
    }
  },
  "statusCodeDistribution": {
    "200": 526155
  },
  "errorDistribution": {}
}