{
  "summary": {
    "successRate": 1,
    "total": 10.000660794,
    "slowest": 0.005574048,
    "fastest": 0.000175341,
    "average": 0.0009589932280839043,
    "requestsPerSec": 52042.76104557577,
    "totalData": 6766006,
    "sizePerRequest": 13,
    "sizePerSec": 676555.893592485
  },
  "responseTimeHistogram": {
    "0.000175341": 1,
    "0.0007152117": 20080,
    "0.0012550824000000002": 496764,
    "0.0017949531000000002": 3248,
    "0.0023348238": 215,
    "0.0028746945000000003": 54,
    "0.0034145652": 1,
    "0.0039544359": 11,
    "0.0044943066": 17,
    "0.0050341773000000005": 21,
    "0.005574048000000001": 50
  },
  "latencyPercentiles": {
    "p10": 0.000829125,
    "p25": 0.000897544,
    "p50": 0.000969942,
    "p75": 0.001030071,
    "p90": 0.001074748,
    "p95": 0.001111855,
    "p99": 0.001220605
  },
  "rps": {
    "mean": 52047.23152286028,
    "stddev": 3097.7510502555942,
    "max": 74929.77470879369,
    "percentiles": {
      "p10": 49848.248119355434,
      "p25": 50798.265630757625,
      "p50": 51813.8044828146,
      "p75": 53073.29029370557,
      "p90": 55213.89310048227,
      "p95": 56880.104250812255,
      "p99": 60400.04228002902
    }
  },
  "details": {
    "DNSDialup": {
      "average": 0.0007203730800000001,
      "fastest": 0.000080361,
      "slowest": 0.001598342
    },
    "DNSLookup": {
      "average": 0.000007371859999999999,
      "fastest": 0.000003116,
      "slowest": 0.000032301
    }
  },
  "statusCodeDistribution": {
    "200": 520462
  },
  "errorDistribution": {}
}