{
  "summary": {
    "successRate": 1,
    "total": 10.000708475,
    "slowest": 0.005467712,
    "fastest": 0.000111247,
    "average": 0.0009359818269988364,
    "requestsPerSec": 53325.92199174169,
    "totalData": 6932861,
    "sizePerRequest": 13,
    "sizePerSec": 693236.9858926419
  },
  "responseTimeHistogram": {
    "0.000111247": 1,
    "0.0006468934999999999": 18519,
    "0.00118254": 509102,
    "0.0017181864999999998": 5216,
    "0.002253833": 280,
    "0.0027894795": 30,
    "0.0033251259999999994": 43,
    "0.0038607724999999995": 15,
    "0.0043964189999999995": 10,
    "0.004932065499999999": 23,
    "0.005467712": 58
  },
  "latencyPercentiles": {
    "p10": 0.000799351,
    "p25": 0.000878086,
    "p50": 0.00094986,
    "p75": 0.001010236,
    "p90": 0.001051368,
    "p95": 0.001083872,
    "p99": 0.001187018
  },
  "rps": {
    "mean": 53317.375318426835,
    "stddev": 3335.6812681966157,
    "max": 76519.53882355045,
    "percentiles": {
      "p10": 50918.57509619545,
      "p25": 51842.60944069885,
      "p50": 52888.320333815536,
      "p75": 54515.58940421354,
      "p90": 56810.0440157817,
      "p95": 58427.75046623987,
      "p99": 62984.30467232775
    }
  },
  "details": {
    "DNSDialup": {
      "average": 0.0007134787800000002,
      "fastest": 0.000089898,
      "slowest": 0.001665722
    },
    "DNSLookup": {
      "average": 0.00000666762,
      "fastest": 0.000003286,
      "slowest": 0.000030567
    }
  },
  "statusCodeDistribution": {
    "200": 533297
  },
  "errorDistribution": {}
}