{
  "summary": {
    "successRate": 1,
    "total": 10.000700165,
    "slowest": 0.005814747,
    "fastest": 0.000097209,
    "average": 0.0009396571206953534,
    "requestsPerSec": 53113.48117994497,
    "totalData": 6905236,
    "sizePerRequest": 13,
    "sizePerSec": 690475.2553392845
  },
  "responseTimeHistogram": {
    "0.000097209": 1,
    "0.0006689628": 20777,
    "0.0012407166": 507207,
    "0.0018124704": 2862,
    "0.0023842242": 210,
    "0.0029559779999999997": 16,
    "0.0035277318": 2,
    "0.0040994856": 9,
    "0.0046712394": 36,
    "0.0052429932": 2,
    "0.0058147469999999995": 50
  },
  "latencyPercentiles": {
    "p10": 0.00080129,
    "p25": 0.000880968,
    "p50": 0.000951881,
    "p75": 0.001014385,
    "p90": 0.001057682,
    "p95": 0.001090792,
    "p99": 0.001195449
  },
  "rps": {
    "mean": 53111.99734816544,
    "stddev": 3569.1271745749527,
    "max": 76004.07998713396,
    "percentiles": {
      "p10": 50571.21244330403,
      "p25": 51547.753969905156,
      "p50": 52678.93049660824,
      "p75": 54303.408891437655,
      "p90": 56602.13553209478,
      "p95": 58514.5377010258,
      "p99": 65749.66193798966
    }
  },
  "details": {
    "DNSDialup": {
      "average": 0.0007137273800000003,
      "fastest": 0.000080702,
      "slowest": 0.001221551
    },
    "DNSLookup": {
      "average": 0.000007922439999999998,
      "fastest": 0.000003577,
      "slowest": 0.000030136
    }
  },
  "statusCodeDistribution": {
    "200": 531172
  },
  "errorDistribution": {}
}