{
  "summary": {
    "successRate": 1,
    "total": 10.000373352,
    "slowest": 0.005106651,
    "fastest": 0.000162884,
    "average": 0.00091168180705592,
    "requestsPerSec": 54754.75572024423,
    "totalData": 7118384,
    "sizePerRequest": 13,
    "sizePerSec": 711811.824363175
  },
  "responseTimeHistogram": {
    "0.000162884": 1,
    "0.0006572606999999999": 80565,
    "0.0011516374": 443074,
    "0.0016460141": 23051,
    "0.0021403907999999997": 433,
    "0.0026347675": 77,
    "0.0031291441999999996": 54,
    "0.0036235208999999993": 72,
    "0.0041178976": 133,
    "0.0046122743": 69,
    "0.005106651": 39
  },
  "latencyPercentiles": {
    "p10": 0.000613866,
    "p25": 0.000825829,
    "p50": 0.000951143,
    "p75": 0.001032773,
    "p90": 0.001092716,
    "p95": 0.001142362,
    "p99": 0.001249298
  },
  "rps": {
    "mean": 54756.30989183692,
    "stddev": 7138.638216599741,
    "max": 82832.5652374069,
    "percentiles": {
      "p10": 49190.72737757491,
      "p25": 50302.344089233,
      "p50": 51873.10247687832,
      "p75": 58548.68786948444,
      "p90": 64702.40772574861,
      "p95": 69550.13543152624,
      "p99": 76064.525537013
    }
  },
  "details": {
    "DNSDialup": {
      "average": 0.00076531166,
      "fastest": 0.000067416,
      "slowest": 0.001793341
    },
    "DNSLookup": {
      "average": 0.000006907680000000001,
      "fastest": 0.000003166,
      "slowest": 0.000036708
    }
  },
  "statusCodeDistribution": {
    "200": 547568
  },
  "errorDistribution": {}
}