{
  "summary": {
    "successRate": 1,
    "total": 10.000641149,
    "slowest": 0.008262146,
    "fastest": 0.000103431,
    "average": 0.0009153405716059605,
    "requestsPerSec": 54529.70383349169,
    "totalData": 7089316,
    "sizePerRequest": 13,
    "sizePerSec": 708886.1498353919
  },
  "responseTimeHistogram": {
    "0.000103431": 1,
    "0.0009193025": 241796,
    "0.0017351740000000001": 303108,
    "0.0025510455000000007": 313,
    "0.0033669170000000005": 13,
    "0.0041827885": 1,
    "0.004998660000000001": 23,
    "0.005814531500000001": 38,
    "0.006630403000000001": 1,
    "0.007446274500000001": 10,
    "0.008262146": 28
  },
  "latencyPercentiles": {
    "p10": 0.000695432,
    "p25": 0.000858617,
    "p50": 0.000937912,
    "p75": 0.001004672,
    "p90": 0.001051204,
    "p95": 0.001092451,
    "p99": 0.001217254
  },
  "rps": {
    "mean": 54537.0770643996,
    "stddev": 5459.335460271511,
    "max": 85952.62106118954,
    "percentiles": {
      "p10": 51091.55095014996,
      "p25": 52033.05316670974,
      "p50": 53183.06699495149,
      "p75": 55256.78755154312,
      "p90": 60939.226580149065,
      "p95": 65774.62972811796,
      "p99": 74923.0308783184
    }
  },
  "details": {
    "DNSDialup": {
      "average": 0.0007224985999999998,
      "fastest": 0.000083646,
      "slowest": 0.001380286
    },
    "DNSLookup": {
      "average": 0.0000066082799999999985,
      "fastest": 0.000002965,
      "slowest": 0.000034445
    }
  },
  "statusCodeDistribution": {
    "200": 545332
  },
  "errorDistribution": {}
}