{
  "summary": {
    "successRate": 1,
    "total": 10.000639556,
    "slowest": 0.006182301,
    "fastest": 0.000211644,
    "average": 0.0009457838603751401,
    "requestsPerSec": 52776.62463930522,
    "totalData": 6861400,
    "sizePerRequest": 13,
    "sizePerSec": 686096.1203109679
  },
  "responseTimeHistogram": {
    "0.000211644": 1,
    "0.0008087096999999999": 52578,
    "0.0014057753999999999": 473842,
    "0.0020028411": 1178,
    "0.0025999067999999998": 100,
    "0.0031969724999999995": 1,
    "0.0037940381999999996": 0,
    "0.0043911039": 11,
    "0.0049881696": 22,
    "0.0055852353": 17,
    "0.006182300999999999": 50
  },
  "latencyPercentiles": {
    "p10": 0.000809062,
    "p25": 0.000879715,
    "p50": 0.000955212,
    "p75": 0.001017348,
    "p90": 0.001073402,
    "p95": 0.001121137,
    "p99": 0.00122912
  },
  "rps": {
    "mean": 52772.83145378834,
    "stddev": 3962.117905099964,
    "max": 73473.28225172042,
    "percentiles": {
      "p10": 50149.311818309856,
      "p25": 51074.20389464227,
      "p50": 52162.36626986355,
      "p75": 53754.85683139123,
      "p90": 56373.11593136544,
      "p95": 60144.88010953977,
      "p99": 65715.718417272
    }
  },
  "details": {
    "DNSDialup": {
      "average": 0.0005198699,
      "fastest": 0.000073957,
      "slowest": 0.000850938
    },
    "DNSLookup": {
      "average": 0.0000059446,
      "fastest": 0.000003175,
      "slowest": 0.00002669
    }
  },
  "statusCodeDistribution": {
    "200": 527800
  },
  "errorDistribution": {}
}