{
  "summary": {
    "successRate": 1,
    "total": 10.000629358,
    "slowest": 0.005916489,
    "fastest": 0.000314696,
    "average": 0.0010070995761353502,
    "requestsPerSec": 49548.78160779049,
    "totalData": 6441747,
    "sizePerRequest": 13,
    "sizePerSec": 644134.1609012764
  },
  "responseTimeHistogram": {
    "0.000314696": 1,
    "0.0008748752999999999": 56812,
    "0.0014350545999999998": 436941,
    "0.0019952338999999998": 1540,
    "0.0025554132": 119,
    "0.0031155924999999997": 5,
    "0.0036757718": 12,
    "0.0042359510999999996": 12,
    "0.004796130399999999": 7,
    "0.005356309699999999": 15,
    "0.005916488999999999": 55
  },
  "latencyPercentiles": {
    "p10": 0.000858861,
    "p25": 0.00094522,
    "p50": 0.001022816,
    "p75": 0.001088321,
    "p90": 0.001133936,
    "p95": 0.001168157,
    "p99": 0.001280014
  },
  "rps": {
    "mean": 49546.92452362675,
    "stddev": 3243.098749375702,
    "max": 68199.57240874154,
    "percentiles": {
      "p10": 47452.1791384963,
      "p25": 48219.96788870273,
      "p50": 48968.254032356046,
      "p75": 50623.7425352542,
      "p90": 52928.33783208002,
      "p95": 55174.02439033208,
      "p99": 59211.708809839314
    }
  },
  "details": {
    "DNSDialup": {
      "average": 0.0008144701,
      "fastest": 0.000072259,
      "slowest": 0.001442599
    },
    "DNSLookup": {
      "average": 0.00000655354,
      "fastest": 0.000003085,
      "slowest": 0.000032241
    }
  },
  "statusCodeDistribution": {
    "200": 495519
  },
  "errorDistribution": {}
}