{
  "summary": {
    "successRate": 1,
    "total": 10.00062718,
    "slowest": 0.005998624,
    "fastest": 0.000140119,
    "average": 0.0009483569690818594,
    "requestsPerSec": 52632.498994928035,
    "totalData": 6842654,
    "sizePerRequest": 13,
    "sizePerSec": 684222.4869340644
  },
  "responseTimeHistogram": {
    "0.000140119": 1,
    "0.0007259695": 33726,
    "0.00131182": 489125,
    "0.0018976705000000001": 3161,
    "0.0024835210000000003": 190,
    "0.0030693715": 4,
    "0.0036552220000000005": 12,
    "0.0042410725": 9,
    "0.004826923": 20,
    "0.005412773500000001": 60,
    "0.005998624": 50
  },
  "latencyPercentiles": {
    "p10": 0.000800084,
    "p25": 0.000887306,
    "p50": 0.000962529,
    "p75": 0.001025622,
    "p90": 0.001071024,
    "p95": 0.001108704,
    "p99": 0.001246578
  },
  "rps": {
    "mean": 52624.648339251806,
    "stddev": 4082.398313047272,
    "max": 82767.58801237431,
    "percentiles": {
      "p10": 50229.9973544204,
      "p25": 51037.43085178877,
      "p50": 52046.85778606912,
      "p75": 53526.55880388859,
      "p90": 56143.353897877954,
      "p95": 58139.82628220897,
      "p99": 65262.27326114556
    }
  },
  "details": {
    "DNSDialup": {
      "average": 0.00075564252,
      "fastest": 0.000069894,
      "slowest": 0.001602313
    },
    "DNSLookup": {
      "average": 0.000007029799999999999,
      "fastest": 0.000003016,
      "slowest": 0.000035527
    }
  },
  "statusCodeDistribution": {
    "200": 526358
  },
  "errorDistribution": {}
}