{
  "summary": {
    "successRate": 1,
    "total": 10.000617066,
    "slowest": 0.005675236,
    "fastest": 0.000110866,
    "average": 0.0009310587770787406,
    "requestsPerSec": 53609.791922013785,
    "totalData": 6969703,
    "sizePerRequest": 13,
    "sizePerSec": 696927.2949861792
  },
  "responseTimeHistogram": {
    "0.000110866": 1,
    "0.0006673030000000001": 22700,
    "0.00122374": 509705,
    "0.0017801770000000002": 3342,
    "0.002336614": 272,
    "0.0028930509999999998": 10,
    "0.003449488": 3,
    "0.0040059250000000005": 7,
    "0.004562362": 21,
    "0.005118799": 18,
    "0.005675236": 52
  },
  "latencyPercentiles": {
    "p10": 0.000796828,
    "p25": 0.000872511,
    "p50": 0.000944288,
    "p75": 0.001003862,
    "p90": 0.0010495,
    "p95": 0.001084701,
    "p99": 0.001188884
  },
  "rps": {
    "mean": 53608.307085691245,
    "stddev": 3495.4672183029184,
    "max": 70664.70996319877,
    "percentiles": {
      "p10": 51059.141803951665,
      "p25": 51974.24520928143,
      "p50": 53115.132360907955,
      "p75": 54877.12398842963,
      "p90": 57528.965281821154,
      "p95": 59553.732003789315,
      "p99": 63814.951843219744
    }
  },
  "details": {
    "DNSDialup": {
      "average": 0.00077426676,
      "fastest": 0.000090608,
      "slowest": 0.001386973
    },
    "DNSLookup": {
      "average": 0.000006686119999999998,
      "fastest": 0.000003546,
      "slowest": 0.000029004
    }
  },
  "statusCodeDistribution": {
    "200": 536131
  },
  "errorDistribution": {}
}