{
  "summary": {
    "successRate": 1,
    "total": 10.000757437,
    "slowest": 0.005734675,
    "fastest": 0.000198837,
    "average": 0.0009554176621699302,
    "requestsPerSec": 52241.24305495842,
    "totalData": 6791876,
    "sizePerRequest": 13,
    "sizePerSec": 679136.1597144594
  },
  "responseTimeHistogram": {
    "0.000198837": 1,
    "0.0007524207999999999": 28738,
    "0.0013060045999999997": 491031,
    "0.0018595883999999998": 2280,
    "0.0024131721999999995": 300,
    "0.0029667559999999996": 5,
    "0.0035203397999999993": 0,
    "0.0040739235999999995": 12,
    "0.0046275074": 22,
    "0.0051810912": 10,
    "0.005734675": 53
  },
  "latencyPercentiles": {
    "p10": 0.000821214,
    "p25": 0.000893744,
    "p50": 0.000967673,
    "p75": 0.001028333,
    "p90": 0.001073953,
    "p95": 0.001111158,
    "p99": 0.00122435
  },
  "rps": {
    "mean": 52235.0445871237,
    "stddev": 3154.2394277089475,
    "max": 62906.16480415379,
    "percentiles": {
      "p10": 50012.14294830752,
      "p25": 50948.32111635046,
      "p50": 51921.923059737,
      "p75": 53433.36379235154,
      "p90": 55824.203269854595,
      "p95": 57532.83180205978,
      "p99": 59780.57796793285
    }
  },
  "details": {
    "DNSDialup": {
      "average": 0.0007677444799999998,
      "fastest": 0.000076123,
      "slowest": 0.001340012
    },
    "DNSLookup": {
      "average": 0.00000634278,
      "fastest": 0.000002855,
      "slowest": 0.000029986
    }
  },
  "statusCodeDistribution": {
    "200": 522452
  },
  "errorDistribution": {}
}