{
  "summary": {
    "successRate": 1,
    "total": 10.000632711,
    "slowest": 0.004487921,
    "fastest": 0.000163324,
    "average": 0.0010048430591306748,
    "requestsPerSec": 49669.85733348967,
    "totalData": 6457490,
    "sizePerRequest": 13,
    "sizePerSec": 645708.1453353657
  },
  "responseTimeHistogram": {
    "0.000163324": 1,
    "0.0005957836999999999": 1761,
    "0.0010282434": 270467,
    "0.0014607031": 223242,
    "0.0018931628": 953,
    "0.0023256224999999996": 177,
    "0.0027580822": 77,
    "0.0031905418999999997": 5,
    "0.0036230015999999996": 7,
    "0.0040554612999999995": 15,
    "0.004487921": 25
  },
  "latencyPercentiles": {
    "p10": 0.000878396,
    "p25": 0.000939019,
    "p50": 0.001014442,
    "p75": 0.001075018,
    "p90": 0.001120454,
    "p95": 0.001158554,
    "p99": 0.001256393
  },
  "rps": {
    "mean": 49669.938283236326,
    "stddev": 2632.2556714432294,
    "max": 70626.65591046434,
    "percentiles": {
      "p10": 47928.28965291303,
      "p25": 48695.64587479903,
      "p50": 49534.08701817504,
      "p75": 50556.579697623725,
      "p90": 52156.384006976434,
      "p95": 53440.70578560553,
      "p99": 55746.63205771381
    }
  },
  "details": {
    "DNSDialup": {
      "average": 0.00074888852,
      "fastest": 0.000110914,
      "slowest": 0.001237128
    },
    "DNSLookup": {
      "average": 0.0000071371000000000015,
      "fastest": 0.000002915,
      "slowest": 0.000030827
    }
  },
  "statusCodeDistribution": {
    "200": 496730
  },
  "errorDistribution": {}
}