{
  "summary": {
    "successRate": 1,
    "total": 10.000426081,
    "slowest": 0.005858889,
    "fastest": 0.000254689,
    "average": 0.0009525987587278724,
    "requestsPerSec": 52398.76738807925,
    "totalData": 6812130,
    "sizePerRequest": 13,
    "sizePerSec": 681183.9760450303
  },
  "responseTimeHistogram": {
    "0.000254689": 1,
    "0.0008151090000000001": 49181,
    "0.0013755290000000001": 473423,
    "0.0019359490000000002": 1132,
    "0.002496369": 221,
    "0.003056789": 4,
    "0.0036172090000000006": 6,
    "0.004177629": 20,
    "0.004738049": 10,
    "0.005298469": 4,
    "0.005858889": 8
  },
  "latencyPercentiles": {
    "p10": 0.000820641,
    "p25": 0.00088759,
    "p50": 0.000964234,
    "p75": 0.001023554,
    "p90": 0.001076367,
    "p95": 0.001120267,
    "p99": 0.001220496
  },
  "rps": {
    "mean": 52398.76501183773,
    "stddev": 3400.5917333331154,
    "max": 72013.4953290171,
    "percentiles": {
      "p10": 50101.122265139216,
      "p25": 50932.389869528815,
      "p50": 51917.34357995842,
      "p75": 52902.79975495409,
      "p90": 55752.80757730157,
      "p95": 59453.531960171815,
      "p99": 65135.12737419659
    }
  },
  "details": {
    "DNSDialup": {
      "average": 0.00081778294,
      "fastest": 0.000087355,
      "slowest": 0.001716661
    },
    "DNSLookup": {
      "average": 0.0000061613199999999995,
      "fastest": 0.000002866,
      "slowest": 0.000032802
    }
  },
  "statusCodeDistribution": {
    "200": 524010
  },
  "errorDistribution": {}
}