{
  "summary": {
    "successRate": 1,
    "total": 10.000644926,
    "slowest": 0.006189151,
    "fastest": 0.000200316,
    "average": 0.0009555478159552818,
    "requestsPerSec": 52230.13154301845,
    "totalData": 6790355,
    "sizePerRequest": 13,
    "sizePerSec": 678991.7100592399
  },
  "responseTimeHistogram": {
    "0.000200316": 1,
    "0.0007991995000000001": 42108,
    "0.0013980830000000003": 478573,
    "0.0019969665000000004": 1428,
    "0.0025958500000000002": 81,
    "0.0031947335000000006": 20,
    "0.0037936170000000004": 25,
    "0.0043925005": 16,
    "0.004991384000000001": 12,
    "0.005590267500000001": 21,
    "0.006189151000000001": 50
  },
  "latencyPercentiles": {
    "p10": 0.000821544,
    "p25": 0.000894347,
    "p50": 0.000967356,
    "p75": 0.001028496,
    "p90": 0.001072713,
    "p95": 0.001110105,
    "p99": 0.00122292
  },
  "rps": {
    "mean": 52226.665333224955,
    "stddev": 3289.5538387760434,
    "max": 70020.82419311683,
    "percentiles": {
      "p10": 49924.80264195272,
      "p25": 50899.7788364504,
      "p50": 51835.08742132879,
      "p75": 53323.61120017935,
      "p90": 55647.188816114656,
      "p95": 57168.49929585669,
      "p99": 61716.03999879764
    }
  },
  "details": {
    "DNSDialup": {
      "average": 0.0006329718400000001,
      "fastest": 0.00014323,
      "slowest": 0.000987176
    },
    "DNSLookup": {
      "average": 0.00000643022,
      "fastest": 0.000003637,
      "slowest": 0.000029815
    }
  },
  "statusCodeDistribution": {
    "200": 522335
  },
  "errorDistribution": {}
}