{
  "summary": {
    "successRate": 1,
    "total": 10.000595269,
    "slowest": 0.005296204,
    "fastest": 0.000298707,
    "average": 0.001024798711201723,
    "requestsPerSec": 48704.80075419599,
    "totalData": 6332001,
    "sizePerRequest": 13,
    "sizePerSec": 633162.4098045478
  },
  "responseTimeHistogram": {
    "0.000298707": 1,
    "0.0007984566999999999": 9395,
    "0.0012982064": 474851,
    "0.0017979561": 2462,
    "0.0022977058": 227,
    "0.0027974555": 84,
    "0.0032972051999999997": 1,
    "0.0037969549": 13,
    "0.0042967045999999995": 16,
    "0.004796454299999999": 21,
    "0.005296204": 6
  },
  "latencyPercentiles": {
    "p10": 0.000905679,
    "p25": 0.000956824,
    "p50": 0.001033397,
    "p75": 0.001090215,
    "p90": 0.001133724,
    "p95": 0.001169393,
    "p99": 0.001262036
  },
  "rps": {
    "mean": 48704.508255093286,
    "stddev": 2059.934993237119,
    "max": 60448.45536152286,
    "percentiles": {
      "p10": 47333.01477780758,
      "p25": 47948.821490044436,
      "p50": 48631.71760622413,
      "p75": 49365.78978805382,
      "p90": 50545.82529079668,
      "p95": 51637.411193252665,
      "p99": 53871.374183658234
    }
  },
  "details": {
    "DNSDialup": {
      "average": 0.0006173767399999999,
      "fastest": 0.000104824,
      "slowest": 0.00099373
    },
    "DNSLookup": {
      "average": 0.000007417380000000001,
      "fastest": 0.000003086,
      "slowest": 0.000030677
    }
  },
  "statusCodeDistribution": {
    "200": 487077
  },
  "errorDistribution": {}
}