{
  "summary": {
    "successRate": 1,
    "total": 10.000596887,
    "slowest": 0.005509316,
    "fastest": 0.000190294,
    "average": 0.0009537606290852601,
    "requestsPerSec": 52331.276414141495,
    "totalData": 6803472,
    "sizePerRequest": 13,
    "sizePerSec": 680306.5933838395
  },
  "responseTimeHistogram": {
    "0.000190294": 1,
    "0.0007221962000000001": 21823,
    "0.0012540984": 497987,
    "0.0017860006000000002": 3207,
    "0.0023179028000000004": 182,
    "0.0028498050000000004": 45,
    "0.003381707200000001": 4,
    "0.0039136094": 8,
    "0.0044455116": 19,
    "0.0049774138": 18,
    "0.005509316": 50
  },
  "latencyPercentiles": {
    "p10": 0.000826017,
    "p25": 0.000893891,
    "p50": 0.000965393,
    "p75": 0.001024682,
    "p90": 0.001066864,
    "p95": 0.001099946,
    "p99": 0.001212623
  },
  "rps": {
    "mean": 52327.95332517699,
    "stddev": 3149.5950006234384,
    "max": 70043.2103478831,
    "percentiles": {
      "p10": 50228.791143079725,
      "p25": 51051.33211444079,
      "p50": 52003.81708017192,
      "p75": 53298.8613526043,
      "p90": 55711.73289093906,
      "p95": 57392.315539543706,
      "p99": 61640.99125918592
    }
  },
  "details": {
    "DNSDialup": {
      "average": 0.00069076008,
      "fastest": 0.000073968,
      "slowest": 0.001629031
    },
    "DNSLookup": {
      "average": 0.00000707896,
      "fastest": 0.000003296,
      "slowest": 0.000041307
    }
  },
  "statusCodeDistribution": {
    "200": 523344
  },
  "errorDistribution": {}
}