{
  "summary": {
    "successRate": 1,
    "total": 10.000576091,
    "slowest": 0.006130535,
    "fastest": 0.000115308,
    "average": 0.000927168352829162,
    "requestsPerSec": 53827.199063506436,
    "totalData": 6997939,
    "sizePerRequest": 13,
    "sizePerSec": 699753.5878255836
  },
  "responseTimeHistogram": {
    "0.000115308": 1,
    "0.0007168307000000001": 55195,
    "0.0013183534000000001": 480306,
    "0.0019198761000000003": 2473,
    "0.0025213988000000005": 184,
    "0.0031229215000000005": 40,
    "0.003724444200000001": 4,
    "0.0043259669": 12,
    "0.0049274896": 19,
    "0.0055290123": 18,
    "0.006130535": 51
  },
  "latencyPercentiles": {
    "p10": 0.000711081,
    "p25": 0.00086864,
    "p50": 0.000948363,
    "p75": 0.001017573,
    "p90": 0.001064907,
    "p95": 0.001104558,
    "p99": 0.001235308
  },
  "rps": {
    "mean": 53824.362090472794,
    "stddev": 5190.526804446864,
    "max": 82561.63783028342,
    "percentiles": {
      "p10": 50369.28294869423,
      "p25": 51437.5950523891,
      "p50": 52516.8048735631,
      "p75": 54902.89887306258,
      "p90": 58981.34707388465,
      "p95": 64810.86878269754,
      "p99": 74011.65788741848
    }
  },
  "details": {
    "DNSDialup": {
      "average": 0.0008374255000000002,
      "fastest": 0.000124493,
      "slowest": 0.001636562
    },
    "DNSLookup": {
      "average": 0.000006032439999999999,
      "fastest": 0.000002665,
      "slowest": 0.000034033
    }
  },
  "statusCodeDistribution": {
    "200": 538303
  },
  "errorDistribution": {}
}