{
  "summary": {
    "successRate": 1,
    "total": 10.000197498,
    "slowest": 0.005182842,
    "fastest": 0.000117896,
    "average": 0.0009393323395745545,
    "requestsPerSec": 53140.1504926558,
    "totalData": 6908356,
    "sizePerRequest": 13,
    "sizePerSec": 690821.9564045253
  },
  "responseTimeHistogram": {
    "0.000117896": 1,
    "0.0006243906": 22908,
    "0.0011308852": 484778,
    "0.0016373798": 23139,
    "0.0021438744": 432,
    "0.002650369": 99,
    "0.0031568636000000004": 6,
    "0.0036633582000000003": 5,
    "0.0041698528": 12,
    "0.0046763474": 16,
    "0.005182842": 16
  },
  "latencyPercentiles": {
    "p10": 0.000770579,
    "p25": 0.000876531,
    "p50": 0.000957123,
    "p75": 0.001023018,
    "p90": 0.001076852,
    "p95": 0.001123259,
    "p99": 0.001224042
  },
  "rps": {
    "mean": 53135.561133479794,
    "stddev": 3963.749952334863,
    "max": 72082.06543149271,
    "percentiles": {
      "p10": 50112.74867324076,
      "p25": 51081.797845994304,
      "p50": 52222.226120227846,
      "p75": 54647.01400362357,
      "p90": 58389.34737935982,
      "p95": 60565.719922854056,
      "p99": 64418.153035524025
    }
  },
  "details": {
    "DNSDialup": {
      "average": 0.0008190884599999999,
      "fastest": 0.000093381,
      "slowest": 0.001228486
    },
    "DNSLookup": {
      "average": 0.000006908540000000002,
      "fastest": 0.000002876,
      "slowest": 0.000036719
    }
  },
  "statusCodeDistribution": {
    "200": 531412
  },
  "errorDistribution": {}
}