{
  "summary": {
    "successRate": 1,
    "total": 10.000637492,
    "slowest": 0.005040775,
    "fastest": 0.000275522,
    "average": 0.0009731196976190324,
    "requestsPerSec": 51291.63019960808,
    "totalData": 6668337,
    "sizePerRequest": 13,
    "sizePerSec": 666791.192594905
  },
  "responseTimeHistogram": {
    "0.000275522": 1,
    "0.0007520472999999999": 20236,
    "0.0012285726": 488058,
    "0.0017050979000000001": 4298,
    "0.0021816232": 221,
    "0.0026581484999999997": 33,
    "0.0031346738": 35,
    "0.0036111991": 21,
    "0.0040877244": 27,
    "0.0045642497": 13,
    "0.005040775": 6
  },
  "latencyPercentiles": {
    "p10": 0.000846755,
    "p25": 0.000909905,
    "p50": 0.00098488,
    "p75": 0.00104328,
    "p90": 0.001090162,
    "p95": 0.001129652,
    "p99": 0.001222256
  },
  "rps": {
    "mean": 51297.24434556747,
    "stddev": 2939.30671534886,
    "max": 66667.20053814402,
    "percentiles": {
      "p10": 49403.09437734774,
      "p25": 50090.293813907825,
      "p50": 50919.629517178815,
      "p75": 51869.85822472905,
      "p90": 53942.44673662407,
      "p95": 56814.33425652927,
      "p99": 61126.61767585323
    }
  },
  "details": {
    "DNSDialup": {
      "average": 0.0005970560999999998,
      "fastest": 0.000076245,
      "slowest": 0.000999515
    },
    "DNSLookup": {
      "average": 0.00000599788,
      "fastest": 0.000003096,
      "slowest": 0.000029044
    }
  },
  "statusCodeDistribution": {
    "200": 512949
  },
  "errorDistribution": {}
}