{
  "summary": {
    "successRate": 1,
    "total": 10.000601655,
    "slowest": 0.006140895,
    "fastest": 0.000268474,
    "average": 0.000995787573762678,
    "requestsPerSec": 50123.28430753799,
    "totalData": 6516419,
    "sizePerRequest": 13,
    "sizePerSec": 651602.6959979939
  },
  "responseTimeHistogram": {
    "0.000268474": 1,
    "0.0008557161": 45091,
    "0.0014429582": 455086,
    "0.0020302003": 842,
    "0.0026174424": 44,
    "0.0032046845": 54,
    "0.0037919266": 44,
    "0.004379168700000001": 0,
    "0.0049664108": 23,
    "0.0055536529": 33,
    "0.006140895": 45
  },
  "latencyPercentiles": {
    "p10": 0.000864553,
    "p25": 0.000929838,
    "p50": 0.001005461,
    "p75": 0.001068094,
    "p90": 0.00111347,
    "p95": 0.00114887,
    "p99": 0.00124682
  },
  "rps": {
    "mean": 50109.059823974436,
    "stddev": 2756.8306076224267,
    "max": 60576.75084360818,
    "percentiles": {
      "p10": 48074.6797731437,
      "p25": 48923.93358831125,
      "p50": 49874.985075287565,
      "p75": 51189.55100052001,
      "p90": 53069.348169702156,
      "p95": 54436.706671307984,
      "p99": 56841.77870734964
    }
  },
  "details": {
    "DNSDialup": {
      "average": 0.0007405206200000001,
      "fastest": 0.000076213,
      "slowest": 0.00108031
    },
    "DNSLookup": {
      "average": 0.000006785160000000002,
      "fastest": 0.000003175,
      "slowest": 0.000043081
    }
  },
  "statusCodeDistribution": {
    "200": 501263
  },
  "errorDistribution": {}
}