{
  "summary": {
    "successRate": 1,
    "total": 10.000705544,
    "slowest": 0.006265594,
    "fastest": 0.000217343,
    "average": 0.0009765428124108463,
    "requestsPerSec": 51108.09409908569,
    "totalData": 6644521,
    "sizePerRequest": 13,
    "sizePerSec": 664405.223288114
  },
  "responseTimeHistogram": {
    "0.000217343": 1,
    "0.0008221681000000001": 43918,
    "0.0014269932000000002": 463598,
    "0.0020318183": 2266,
    "0.0026366434000000003": 641,
    "0.0032414685000000006": 472,
    "0.0038462936000000004": 123,
    "0.0044511187": 17,
    "0.0050559438000000005": 31,
    "0.005660768900000001": 0,
    "0.006265594000000001": 50
  },
  "latencyPercentiles": {
    "p10": 0.000836819,
    "p25": 0.000907203,
    "p50": 0.000982371,
    "p75": 0.001043736,
    "p90": 0.001094103,
    "p95": 0.001145952,
    "p99": 0.001325715
  },
  "rps": {
    "mean": 51104.78204110863,
    "stddev": 4140.6889711449285,
    "max": 73713.51905939609,
    "percentiles": {
      "p10": 49033.87227809201,
      "p25": 50039.85137662652,
      "p50": 51079.370316804736,
      "p75": 52444.362686397624,
      "p90": 54495.639345248666,
      "p95": 56121.584361343,
      "p99": 59513.20002777072
    }
  },
  "details": {
    "DNSDialup": {
      "average": 0.00085428538,
      "fastest": 0.000094159,
      "slowest": 0.001233301
    },
    "DNSLookup": {
      "average": 0.000006789519999999998,
      "fastest": 0.000002665,
      "slowest": 0.000033242
    }
  },
  "statusCodeDistribution": {
    "200": 511117
  },
  "errorDistribution": {}
}