{
  "summary": {
    "successRate": 1,
    "total": 10.000664346,
    "slowest": 0.006934647,
    "fastest": 0.000144699,
    "average": 0.0009621154257837952,
    "requestsPerSec": 51878.75345576566,
    "totalData": 6744686,
    "sizePerRequest": 13,
    "sizePerSec": 674423.7949249536
  },
  "responseTimeHistogram": {
    "0.000144699": 1,
    "0.0008236938000000001": 48837,
    "0.0015026886000000003": 468422,
    "0.0021816834000000004": 1300,
    "0.0028606782000000002": 162,
    "0.003539673": 0,
    "0.004218667800000001": 0,
    "0.004897662600000001": 20,
    "0.005576657400000001": 13,
    "0.0062556522000000005": 17,
    "0.006934647": 50
  },
  "latencyPercentiles": {
    "p10": 0.000828993,
    "p25": 0.000896132,
    "p50": 0.000970871,
    "p75": 0.001029991,
    "p90": 0.001079143,
    "p95": 0.001128213,
    "p99": 0.001264608
  },
  "rps": {
    "mean": 51890.796911427824,
    "stddev": 3389.334405987428,
    "max": 75128.0172195262,
    "percentiles": {
      "p10": 49830.04751865366,
      "p25": 50805.68515617115,
      "p50": 51801.39345748078,
      "p75": 53010.702860904436,
      "p90": 55244.738215418954,
      "p95": 56897.594702018156,
      "p99": 59805.68752088235
    }
  },
  "details": {
    "DNSDialup": {
      "average": 0.0004819082999999999,
      "fastest": 0.000067897,
      "slowest": 0.000843141
    },
    "DNSLookup": {
      "average": 0.000006422359999999999,
      "fastest": 0.000002966,
      "slowest": 0.000032171
    }
  },
  "statusCodeDistribution": {
    "200": 518822
  },
  "errorDistribution": {}
}