{
  "summary": {
    "successRate": 1,
    "total": 10.000666365,
    "slowest": 0.005603739,
    "fastest": 0.000224835,
    "average": 0.0009565034170088978,
    "requestsPerSec": 52179.82291923004,
    "totalData": 6783829,
    "sizePerRequest": 13,
    "sizePerSec": 678337.6979499905
  },
  "responseTimeHistogram": {
    "0.000224835": 1,
    "0.0007627254": 27845,
    "0.0013006158": 491777,
    "0.0018385062": 1888,
    "0.0023763966": 172,
    "0.002914287": 50,
    "0.0034521774": 1,
    "0.003990067799999999": 7,
    "0.0045279581999999995": 18,
    "0.0050658486": 14,
    "0.005603739": 60
  },
  "latencyPercentiles": {
    "p10": 0.000826776,
    "p25": 0.000895214,
    "p50": 0.000967479,
    "p75": 0.001027973,
    "p90": 0.001071403,
    "p95": 0.00110663,
    "p99": 0.001208771
  },
  "rps": {
    "mean": 52176.22223494473,
    "stddev": 2984.7078524320204,
    "max": 67235.64834075123,
    "percentiles": {
      "p10": 50033.18257616954,
      "p25": 51009.53001170066,
      "p50": 51930.38966402861,
      "p75": 53201.68117312827,
      "p90": 55166.61473233964,
      "p95": 56859.85637080108,
      "p99": 60211.31265370258
    }
  },
  "details": {
    "DNSDialup": {
      "average": 0.0007682993799999997,
      "fastest": 0.000105311,
      "slowest": 0.00109667
    },
    "DNSLookup": {
      "average": 0.00000654378,
      "fastest": 0.000003055,
      "slowest": 0.000030187
    }
  },
  "statusCodeDistribution": {
    "200": 521833
  },
  "errorDistribution": {}
}