{
  "summary": {
    "successRate": 1,
    "total": 10.000261732,
    "slowest": 0.005019997,
    "fastest": 0.000275287,
    "average": 0.0009328309167912663,
    "requestsPerSec": 53510.9994459093,
    "totalData": 6956612,
    "sizePerRequest": 13,
    "sizePerSec": 695642.9927968209
  },
  "responseTimeHistogram": {
    "0.000275287": 1,
    "0.000749758": 40925,
    "0.001224229": 491535,
    "0.0016987": 2304,
    "0.0021731710000000002": 234,
    "0.002647642": 32,
    "0.003122113": 19,
    "0.003596584": 21,
    "0.0040710550000000005": 24,
    "0.004545526": 24,
    "0.005019997": 5
  },
  "latencyPercentiles": {
    "p10": 0.000789476,
    "p25": 0.000874643,
    "p50": 0.000950477,
    "p75": 0.00101131,
    "p90": 0.001056747,
    "p95": 0.001090956,
    "p99": 0.001178201
  },
  "rps": {
    "mean": 53510.27002047722,
    "stddev": 3838.6826996710424,
    "max": 69828.76246725999,
    "percentiles": {
      "p10": 50772.274332504814,
      "p25": 51601.45000074693,
      "p50": 52567.34287932203,
      "p75": 54233.18528607785,
      "p90": 58729.38818584506,
      "p95": 61302.856713120935,
      "p99": 66009.27732217645
    }
  },
  "details": {
    "DNSDialup": {
      "average": 0.00078873086,
      "fastest": 0.000106807,
      "slowest": 0.001179761
    },
    "DNSLookup": {
      "average": 0.000006233779999999998,
      "fastest": 0.000003376,
      "slowest": 0.000026559
    }
  },
  "statusCodeDistribution": {
    "200": 535124
  },
  "errorDistribution": {}
}