{
  "summary": {
    "successRate": 1,
    "total": 10.00068263,
    "slowest": 0.005770515,
    "fastest": 0.000143039,
    "average": 0.000951152386643738,
    "requestsPerSec": 52475.21788420157,
    "totalData": 6822244,
    "sizePerRequest": 13,
    "sizePerSec": 682177.8324946205
  },
  "responseTimeHistogram": {
    "0.000143039": 1,
    "0.0007057866": 22845,
    "0.0012685342": 498861,
    "0.0018312818000000002": 2751,
    "0.0023940294000000003": 176,
    "0.0029567770000000003": 27,
    "0.0035195246000000006": 25,
    "0.004082272200000001": 24,
    "0.0046450198000000005": 13,
    "0.0052077674000000004": 14,
    "0.005770515": 51
  },
  "latencyPercentiles": {
    "p10": 0.000815453,
    "p25": 0.000889713,
    "p50": 0.000963982,
    "p75": 0.001024661,
    "p90": 0.001070331,
    "p95": 0.001106391,
    "p99": 0.001213187
  },
  "rps": {
    "mean": 52477.451906969996,
    "stddev": 3214.361754567144,
    "max": 63300.78492973301,
    "percentiles": {
      "p10": 50338.51394678252,
      "p25": 51099.22924992606,
      "p50": 52046.52052902355,
      "p75": 53607.80529645058,
      "p90": 55927.331686995436,
      "p95": 57751.008985450426,
      "p99": 61659.17199765734
    }
  },
  "details": {
    "DNSDialup": {
      "average": 0.00074198868,
      "fastest": 0.000070179,
      "slowest": 0.001724661
    },
    "DNSLookup": {
      "average": 0.000007241679999999998,
      "fastest": 0.000003477,
      "slowest": 0.000038893
    }
  },
  "statusCodeDistribution": {
    "200": 524788
  },
  "errorDistribution": {}
}