{
  "summary": {
    "successRate": 1,
    "total": 10.000417727,
    "slowest": 0.005844012,
    "fastest": 0.000164628,
    "average": 0.0009673630948915737,
    "requestsPerSec": 51598.844576945135,
    "totalData": 6708130,
    "sizePerRequest": 13,
    "sizePerSec": 670784.9795002869
  },
  "responseTimeHistogram": {
    "0.000164628": 1,
    "0.0007325664": 12041,
    "0.0013005048": 502046,
    "0.0018684431999999999": 1691,
    "0.0024363816": 143,
    "0.0030043199999999996": 40,
    "0.0035722583999999997": 3,
    "0.0041401968": 18,
    "0.0047081352": 13,
    "0.005276073599999999": 12,
    "0.005844011999999999": 2
  },
  "latencyPercentiles": {
    "p10": 0.000846451,
    "p25": 0.000901927,
    "p50": 0.000974831,
    "p75": 0.001031521,
    "p90": 0.001083205,
    "p95": 0.001124938,
    "p99": 0.001220878
  },
  "rps": {
    "mean": 51594.40897042582,
    "stddev": 2618.1037123978012,
    "max": 67537.36166847553,
    "percentiles": {
      "p10": 49806.55275492806,
      "p25": 50742.44097763102,
      "p50": 51480.75270869889,
      "p75": 52260.99380587074,
      "p90": 53215.98938905591,
      "p95": 54943.98815691871,
      "p99": 60682.98803839966
    }
  },
  "details": {
    "DNSDialup": {
      "average": 0.0008237417600000001,
      "fastest": 0.000089481,
      "slowest": 0.001797005
    },
    "DNSLookup": {
      "average": 0.00004100904,
      "fastest": 0.000003296,
      "slowest": 0.001722237
    }
  },
  "statusCodeDistribution": {
    "200": 516010
  },
  "errorDistribution": {}
}