{
  "summary": {
    "successRate": 1,
    "total": 10.000803075,
    "slowest": 0.006741339,
    "fastest": 0.000120536,
    "average": 0.0008751530129856929,
    "requestsPerSec": 57035.11965212854,
    "totalData": 7415161,
    "sizePerRequest": 13,
    "sizePerSec": 741456.555477671
  },
  "responseTimeHistogram": {
    "0.000120536": 1,
    "0.0007826163": 163721,
    "0.0014446966": 404003,
    "0.0021067769": 2457,
    "0.0027688572": 113,
    "0.0034309375": 1,
    "0.0040930178": 23,
    "0.0047550981": 12,
    "0.0054171784": 16,
    "0.0060792587": 16,
    "0.006741339": 34
  },
  "latencyPercentiles": {
    "p10": 0.000586373,
    "p25": 0.000725755,
    "p50": 0.000912579,
    "p75": 0.00100676,
    "p90": 0.001070249,
    "p95": 0.001125596,
    "p99": 0.001290021
  },
  "rps": {
    "mean": 57030.52219533249,
    "stddev": 8442.265446821859,
    "max": 86030.04301301394,
    "percentiles": {
      "p10": 50122.1816066246,
      "p25": 51710.69856123305,
      "p50": 54067.696367050165,
      "p75": 60919.585646785396,
      "p90": 69118.83488249991,
      "p95": 74808.22505919279,
      "p99": 82564.85469336157
    }
  },
  "details": {
    "DNSDialup": {
      "average": 0.0007195663599999999,
      "fastest": 0.000082397,
      "slowest": 0.001058215
    },
    "DNSLookup": {
      "average": 0.0000065998799999999996,
      "fastest": 0.000003326,
      "slowest": 0.000040897
    }
  },
  "statusCodeDistribution": {
    "200": 570397
  },
  "errorDistribution": {}
}