{
  "summary": {
    "successRate": 0.9286127203615788,
    "total": 10.001553803,
    "slowest": 0.006279866,
    "fastest": 0.000266997,
    "average": 0.0009130455155851707,
    "requestsPerSec": 56211.36586110909,
    "totalData": 6786871,
    "sizePerRequest": 13,
    "sizePerSec": 678581.6617778185
  },
  "responseTimeHistogram": {
    "0.000266997": 1,
    "0.0008682839": 179684,
    "0.0014695708": 341434,
    "0.0020708577": 786,
    "0.0026721446": 65,
    "0.0032734315000000004": 41,
    "0.0038747184000000002": 6,
    "0.0044760053": 0,
    "0.0050772922": 1,
    "0.0056785791": 31,
    "0.006279866": 18
  },
  "latencyPercentiles": {
    "p10": 0.000635341,
    "p25": 0.00076678,
    "p50": 0.000949268,
    "p75": 0.001051759,
    "p90": 0.001111081,
    "p95": 0.001150283,
    "p99": 0.001249848
  },
  "rps": {
    "mean": 54639.39497246858,
    "stddev": 6549.312711099579,
    "max": 75835.88752815565,
    "percentiles": {
      "p10": 48142.94832420022,
      "p25": 49525.2331062715,
      "p50": 53636.17760179521,
      "p75": 58828.01978582372,
      "p90": 63586.83688084584,
      "p95": 65810.23195684509,
      "p99": 71468.57774916834
    }
  },
  "details": {
    "DNSDialup": {
      "average": 0.00093646136,
      "fastest": 0.000079122,
      "slowest": 0.001838045
    },
    "DNSLookup": {
      "average": 0.000027008459999999998,
      "fastest": 0.000003546,
      "slowest": 0.001061016
    }
  },
  "statusCodeDistribution": {
    "200": 522067
  },
  "errorDistribution": {
    "Connection refused (os error 111)": 40134
  }
}