{
  "summary": {
    "successRate": 1,
    "total": 10.00061726,
    "slowest": 0.005558522,
    "fastest": 0.000189704,
    "average": 0.0009461300059727388,
    "requestsPerSec": 52753.043765620525,
    "totalData": 6858319,
    "sizePerRequest": 13,
    "sizePerSec": 685789.5689530668
  },
  "responseTimeHistogram": {
    "0.000189704": 1,
    "0.0007265857999999999": 29096,
    "0.0012634675999999999": 495106,
    "0.0018003493999999998": 3048,
    "0.0023372312": 135,
    "0.0028741129999999998": 69,
    "0.0034109948": 16,
    "0.0039478766": 6,
    "0.004484758399999999": 14,
    "0.005021640199999999": 10,
    "0.005558521999999999": 62
  },
  "latencyPercentiles": {
    "p10": 0.000809683,
    "p25": 0.000886253,
    "p50": 0.000959444,
    "p75": 0.001020366,
    "p90": 0.001064471,
    "p95": 0.001100897,
    "p99": 0.001219153
  },
  "rps": {
    "mean": 52747.95559015048,
    "stddev": 3480.9636267670985,
    "max": 78202.17030120833,
    "percentiles": {
      "p10": 50248.56390512491,
      "p25": 51295.8257320501,
      "p50": 52308.970988524554,
      "p75": 53807.57610671777,
      "p90": 56531.25613151163,
      "p95": 58584.00062917678,
      "p99": 62362.20630078218
    }
  },
  "details": {
    "DNSDialup": {
      "average": 0.00082738668,
      "fastest": 0.000102893,
      "slowest": 0.001383174
    },
    "DNSLookup": {
      "average": 0.000006370359999999999,
      "fastest": 0.000003226,
      "slowest": 0.000036328
    }
  },
  "statusCodeDistribution": {
    "200": 527563
  },
  "errorDistribution": {}
}