{
  "summary": {
    "successRate": 1,
    "total": 10.000644303,
    "slowest": 0.005582359,
    "fastest": 0.000215321,
    "average": 0.0009964563241558724,
    "requestsPerSec": 50090.27266870488,
    "totalData": 6512155,
    "sizePerRequest": 13,
    "sizePerSec": 651173.5446931634
  },
  "responseTimeHistogram": {
    "0.000215321": 1,
    "0.0007520248": 9089,
    "0.0012887286": 488090,
    "0.0018254324": 3297,
    "0.0023621362": 308,
    "0.0028988399999999998": 94,
    "0.0034355438": 0,
    "0.0039722476": 6,
    "0.0045089514": 11,
    "0.0050456552": 22,
    "0.005582358999999999": 17
  },
  "latencyPercentiles": {
    "p10": 0.000872832,
    "p25": 0.000926454,
    "p50": 0.001002694,
    "p75": 0.001059713,
    "p90": 0.001114114,
    "p95": 0.001159991,
    "p99": 0.001264734
  },
  "rps": {
    "mean": 50093.89514870136,
    "stddev": 2639.197726919578,
    "max": 69610.4694146021,
    "percentiles": {
      "p10": 48542.90057051565,
      "p25": 49367.37165209167,
      "p50": 50017.6314656815,
      "p75": 50857.552818985525,
      "p90": 51881.73859325709,
      "p95": 53076.642672018075,
      "p99": 57242.09789467535
    }
  },
  "details": {
    "DNSDialup": {
      "average": 0.00052362668,
      "fastest": 0.00006951,
      "slowest": 0.000855712
    },
    "DNSLookup": {
      "average": 0.00000616554,
      "fastest": 0.000003206,
      "slowest": 0.000030537
    }
  },
  "statusCodeDistribution": {
    "200": 500935
  },
  "errorDistribution": {}
}