{
  "summary": {
    "successRate": 1,
    "total": 10.000612197,
    "slowest": 0.006084705,
    "fastest": 0.000122948,
    "average": 0.0009592709475314793,
    "requestsPerSec": 52031.81462791802,
    "totalData": 6764550,
    "sizePerRequest": 13,
    "sizePerSec": 676413.5901629343
  },
  "responseTimeHistogram": {
    "0.000122948": 1,
    "0.0007191237": 19114,
    "0.0013152994": 498744,
    "0.0019114751000000002": 2177,
    "0.0025076508": 144,
    "0.0031038265": 13,
    "0.0037000022": 7,
    "0.004296177900000001": 7,
    "0.0048923536000000005": 19,
    "0.0054885293": 50,
    "0.006084705": 74
  },
  "latencyPercentiles": {
    "p10": 0.000828197,
    "p25": 0.000894691,
    "p50": 0.000968509,
    "p75": 0.001028602,
    "p90": 0.001076231,
    "p95": 0.001119802,
    "p99": 0.001233724
  },
  "rps": {
    "mean": 52035.35688810094,
    "stddev": 3191.9137766928616,
    "max": 65837.33635344917,
    "percentiles": {
      "p10": 49942.77098907522,
      "p25": 50862.72900368091,
      "p50": 51916.51103406208,
      "p75": 53149.088498139914,
      "p90": 55163.29994698053,
      "p95": 56634.58075424601,
      "p99": 58915.89911502971
    }
  },
  "details": {
    "DNSDialup": {
      "average": 0.0007119701399999999,
      "fastest": 0.000095117,
      "slowest": 0.001320114
    },
    "DNSLookup": {
      "average": 0.000009313880000000004,
      "fastest": 0.000003175,
      "slowest": 0.000171352
    }
  },
  "statusCodeDistribution": {
    "200": 520350
  },
  "errorDistribution": {}
}