{
  "summary": {
    "successRate": 1,
    "total": 10.000532135,
    "slowest": 0.005464159,
    "fastest": 0.000307651,
    "average": 0.0010076322499465258,
    "requestsPerSec": 49535.564039262994,
    "totalData": 6439966,
    "sizePerRequest": 13,
    "sizePerSec": 643962.332510419
  },
  "responseTimeHistogram": {
    "0.000307651": 1,
    "0.0008233017999999999": 24947,
    "0.0013389525999999998": 468429,
    "0.0018546033999999997": 1589,
    "0.0023702541999999997": 256,
    "0.0028859049999999994": 92,
    "0.0034015557999999995": 18,
    "0.0039172066": 0,
    "0.004432857399999999": 16,
    "0.004948508199999999": 17,
    "0.005464158999999999": 17
  },
  "latencyPercentiles": {
    "p10": 0.000878097,
    "p25": 0.000939955,
    "p50": 0.001016743,
    "p75": 0.001078222,
    "p90": 0.001124778,
    "p95": 0.001166953,
    "p99": 0.001264788
  },
  "rps": {
    "mean": 49533.58023110085,
    "stddev": 2470.56329851639,
    "max": 62526.64260241113,
    "percentiles": {
      "p10": 47796.05131861026,
      "p25": 48587.37510089422,
      "p50": 49438.39880435043,
      "p75": 50514.04290392827,
      "p90": 51910.32496363541,
      "p95": 53082.86265020564,
      "p99": 55789.65991426979
    }
  },
  "details": {
    "DNSDialup": {
      "average": 0.0006807625999999999,
      "fastest": 0.00007162,
      "slowest": 0.000920331
    },
    "DNSLookup": {
      "average": 0.000006607639999999998,
      "fastest": 0.000003096,
      "slowest": 0.00003264
    }
  },
  "statusCodeDistribution": {
    "200": 495382
  },
  "errorDistribution": {}
}