{
  "summary": {
    "successRate": 1,
    "total": 10.00063653,
    "slowest": 0.155717162,
    "fastest": 0.000108383,
    "average": 0.0025924532467330973,
    "requestsPerSec": 19237.37548333836,
    "totalData": 2501018,
    "sizePerRequest": 13,
    "sizePerSec": 250085.8812833987
  },
  "responseTimeHistogram": {
    "0.000108383": 1,
    "0.0156692609": 192341,
    "0.0312301388": 8,
    "0.0467910167": 5,
    "0.0623518946": 7,
    "0.0779127725": 5,
    "0.09347365040000001": 4,
    "0.1090345283": 4,
    "0.12459540620000001": 3,
    "0.1401562841": 4,
    "0.155717162": 4
  },
  "latencyPercentiles": {
    "p10": 0.002332848,
    "p25": 0.002407306,
    "p50": 0.002503317,
    "p75": 0.002648698,
    "p90": 0.002785184,
    "p95": 0.002868034,
    "p99": 0.004958482
  },
  "rps": {
    "mean": 19236.228380270168,
    "stddev": 1879.4208708966246,
    "max": 26016.28098864551,
    "percentiles": {
      "p10": 17838.48653469859,
      "p25": 18535.274480863078,
      "p50": 19612.781337806948,
      "p75": 20175.693147981896,
      "p90": 20630.646825859527,
      "p95": 20843.487853057315,
      "p99": 21243.8260130651
    }
  },
  "details": {
    "DNSDialup": {
      "average": 0.0008003000799999998,
      "fastest": 0.000091481,
      "slowest": 0.00149756
    },
    "DNSLookup": {
      "average": 0.000009016319999999995,
      "fastest": 0.000003367,
      "slowest": 0.000032891
    }
  },
  "statusCodeDistribution": {
    "200": 192386
  },
  "errorDistribution": {}
}