{
  "summary": {
    "successRate": 1,
    "total": 10.000234752,
    "slowest": 0.022597473,
    "fastest": 0.000223306,
    "average": 0.0025852245234620364,
    "requestsPerSec": 19294.547056648935,
    "totalData": 2508350,
    "sizePerRequest": 13,
    "sizePerSec": 250829.11173643614
  },
  "responseTimeHistogram": {
    "0.000223306": 1,
    "0.0024607227": 86492,
    "0.004698139400000001": 101862,
    "0.006935556100000001": 4325,
    "0.0091729728": 183,
    "0.0114103895": 33,
    "0.013647806200000001": 12,
    "0.0158852229": 8,
    "0.0181226396": 9,
    "0.020360056300000002": 14,
    "0.022597473": 11
  },
  "latencyPercentiles": {
    "p10": 0.002346775,
    "p25": 0.002402099,
    "p50": 0.002477929,
    "p75": 0.002613192,
    "p90": 0.002791749,
    "p95": 0.002896785,
    "p99": 0.005036881
  },
  "rps": {
    "mean": 19295.744703024302,
    "stddev": 1961.7225254487366,
    "max": 26505.012097788636,
    "percentiles": {
      "p10": 17598.412080193168,
      "p25": 19111.271828124536,
      "p50": 19722.47968234202,
      "p75": 20109.11810758718,
      "p90": 20457.442452662843,
      "p95": 20622.387684189085,
      "p99": 22943.59742382458
    }
  },
  "details": {
    "DNSDialup": {
      "average": 0.0006688903999999999,
      "fastest": 0.000079186,
      "slowest": 0.000929611
    },
    "DNSLookup": {
      "average": 0.000006158940000000001,
      "fastest": 0.000003116,
      "slowest": 0.000026981
    }
  },
  "statusCodeDistribution": {
    "200": 192950
  },
  "errorDistribution": {}
}