{
  "summary": {
    "successRate": 1,
    "total": 10.000587795,
    "slowest": 0.161448105,
    "fastest": 0.000304768,
    "average": 0.0026242073823931704,
    "requestsPerSec": 19006.282820198972,
    "totalData": 2470962,
    "sizePerRequest": 13,
    "sizePerSec": 247081.67666258663
  },
  "responseTimeHistogram": {
    "0.000304768": 1,
    "0.0164191017": 190030,
    "0.0325334354": 8,
    "0.0486477691": 5,
    "0.0647621028": 6,
    "0.0808764365": 5,
    "0.0969907702": 4,
    "0.1131051039": 4,
    "0.12921943760000001": 4,
    "0.14533377130000003": 3,
    "0.161448105": 4
  },
  "latencyPercentiles": {
    "p10": 0.002390242,
    "p25": 0.002467596,
    "p50": 0.002550591,
    "p75": 0.002639041,
    "p90": 0.002735036,
    "p95": 0.00283441,
    "p99": 0.005075593
  },
  "rps": {
    "mean": 19005.464401569534,
    "stddev": 1680.4313603226635,
    "max": 22274.38977954758,
    "percentiles": {
      "p10": 18422.560267302593,
      "p25": 18817.69427792987,
      "p50": 19212.97614231216,
      "p75": 19615.751448412717,
      "p90": 19975.455284792184,
      "p95": 20200.18786174694,
      "p99": 20532.519404231814
    }
  },
  "details": {
    "DNSDialup": {
      "average": 0.0007209628800000001,
      "fastest": 0.000089467,
      "slowest": 0.001534332
    },
    "DNSLookup": {
      "average": 0.000006846979999999999,
      "fastest": 0.000003396,
      "slowest": 0.000035196
    }
  },
  "statusCodeDistribution": {
    "200": 190074
  },
  "errorDistribution": {}
}