{
  "summary": {
    "successRate": 1,
    "total": 10.000452138,
    "slowest": 0.024251818,
    "fastest": 0.000254455,
    "average": 0.002533731144532532,
    "requestsPerSec": 19687.40985738819,
    "totalData": 2559479,
    "sizePerRequest": 13,
    "sizePerSec": 255936.32814604646
  },
  "responseTimeHistogram": {
    "0.000254455": 1,
    "0.0026541913": 161466,
    "0.0050539276": 33508,
    "0.0074536639": 1643,
    "0.009853400200000001": 192,
    "0.012253136500000001": 19,
    "0.014652872800000001": 13,
    "0.0170526091": 9,
    "0.0194523454": 12,
    "0.0218520817": 13,
    "0.024251818": 7
  },
  "latencyPercentiles": {
    "p10": 0.002296011,
    "p25": 0.002336157,
    "p50": 0.002395716,
    "p75": 0.002559584,
    "p90": 0.002761772,
    "p95": 0.002901195,
    "p99": 0.005033208
  },
  "rps": {
    "mean": 19688.675250103985,
    "stddev": 2110.4936512455,
    "max": 26346.559640196196,
    "percentiles": {
      "p10": 17790.527097134644,
      "p25": 19363.106299741412,
      "p50": 20337.71425731832,
      "p75": 20756.245273443117,
      "p90": 21036.757526425885,
      "p95": 21168.649931729226,
      "p99": 21385.097719355108
    }
  },
  "details": {
    "DNSDialup": {
      "average": 0.0008198551799999999,
      "fastest": 0.000087584,
      "slowest": 0.001647769
    },
    "DNSLookup": {
      "average": 0.00003845218,
      "fastest": 0.000003516,
      "slowest": 0.00157308
    }
  },
  "statusCodeDistribution": {
    "200": 196883
  },
  "errorDistribution": {}
}