{
  "summary": {
    "successRate": 1,
    "total": 10.000648541,
    "slowest": 0.157823996,
    "fastest": 0.000340062,
    "average": 0.0026418907882604305,
    "requestsPerSec": 18878.575646967132,
    "totalData": 2454374,
    "sizePerRequest": 13,
    "sizePerSec": 245421.48341057272
  },
  "responseTimeHistogram": {
    "0.000340062": 1,
    "0.016088455399999996": 188754,
    "0.0318368488": 8,
    "0.047585242199999996": 5,
    "0.0633336356": 5,
    "0.079082029": 6,
    "0.09483042239999999": 4,
    "0.11057881579999998": 4,
    "0.12632720919999998": 3,
    "0.1420756026": 4,
    "0.157823996": 4
  },
  "latencyPercentiles": {
    "p10": 0.002389813,
    "p25": 0.002480406,
    "p50": 0.002575263,
    "p75": 0.002667237,
    "p90": 0.002759614,
    "p95": 0.002849883,
    "p99": 0.005133507
  },
  "rps": {
    "mean": 18876.85884174802,
    "stddev": 1687.676769590982,
    "max": 25296.899774587982,
    "percentiles": {
      "p10": 18178.923797667034,
      "p25": 18663.05687024875,
      "p50": 19083.61485850241,
      "p75": 19502.11502447977,
      "p90": 19834.81803958585,
      "p95": 20089.51284237006,
      "p99": 20645.308193360546
    }
  },
  "details": {
    "DNSDialup": {
      "average": 0.0007506765600000001,
      "fastest": 0.000075147,
      "slowest": 0.00111378
    },
    "DNSLookup": {
      "average": 0.000006899659999999998,
      "fastest": 0.000003867,
      "slowest": 0.000030206
    }
  },
  "statusCodeDistribution": {
    "200": 188798
  },
  "errorDistribution": {}
}