{
  "summary": {
    "successRate": 1,
    "total": 10.000596814,
    "slowest": 0.161190806,
    "fastest": 0.000462496,
    "average": 0.002724910763622433,
    "requestsPerSec": 18306.907418135615,
    "totalData": 2380040,
    "sizePerRequest": 13,
    "sizePerSec": 237989.796435763
  },
  "responseTimeHistogram": {
    "0.000462496": 1,
    "0.016535327": 183036,
    "0.032608158": 8,
    "0.048680989": 5,
    "0.06475382": 6,
    "0.080826651": 5,
    "0.09689948200000001": 4,
    "0.112972313": 4,
    "0.129045144": 4,
    "0.145117975": 3,
    "0.161190806": 4
  },
  "latencyPercentiles": {
    "p10": 0.002554064,
    "p25": 0.002596731,
    "p50": 0.002640205,
    "p75": 0.002695648,
    "p90": 0.002798243,
    "p95": 0.002890523,
    "p99": 0.00525399
  },
  "rps": {
    "mean": 18305.814988787617,
    "stddev": 1554.055464281687,
    "max": 21514.805151769808,
    "percentiles": {
      "p10": 18028.03900906939,
      "p25": 18317.566546318114,
      "p50": 18547.797674607307,
      "p75": 18741.899390278348,
      "p90": 18941.96782391105,
      "p95": 19122.951366228583,
      "p99": 19510.633295145763
    }
  },
  "details": {
    "DNSDialup": {
      "average": 0.00096462452,
      "fastest": 0.00037022,
      "slowest": 0.001350629
    },
    "DNSLookup": {
      "average": 0.0000058941,
      "fastest": 0.000002565,
      "slowest": 0.000027662
    }
  },
  "statusCodeDistribution": {
    "200": 183080
  },
  "errorDistribution": {}
}