{
  "summary": {
    "successRate": 1,
    "total": 10.000631562,
    "slowest": 0.162070029,
    "fastest": 0.000904593,
    "average": 0.002669993061636441,
    "requestsPerSec": 18685.819874622834,
    "totalData": 2429310,
    "sizePerRequest": 13,
    "sizePerSec": 242915.65837009682
  },
  "responseTimeHistogram": {
    "0.000904593": 1,
    "0.017021136599999997": 186826,
    "0.0331376802": 8,
    "0.0492542238": 5,
    "0.06537076739999999": 6,
    "0.08148731099999999": 5,
    "0.09760385459999998": 4,
    "0.11372039819999998": 4,
    "0.1298369418": 4,
    "0.1459534854": 3,
    "0.162070029": 4
  },
  "latencyPercentiles": {
    "p10": 0.002480981,
    "p25": 0.002539352,
    "p50": 0.002591719,
    "p75": 0.002655914,
    "p90": 0.002754154,
    "p95": 0.002854612,
    "p99": 0.00515218
  },
  "rps": {
    "mean": 18684.868280938805,
    "stddev": 1681.5094845038625,
    "max": 24759.09451361615,
    "percentiles": {
      "p10": 18322.777044143622,
      "p25": 18652.662060796833,
      "p50": 18891.706008476744,
      "p75": 19138.35134225478,
      "p90": 19396.875756276964,
      "p95": 19587.400941740427,
      "p99": 20036.632976070036
    }
  },
  "details": {
    "DNSDialup": {
      "average": 0.0006914851800000003,
      "fastest": 0.00009486,
      "slowest": 0.001075068
    },
    "DNSLookup": {
      "average": 0.000007169600000000002,
      "fastest": 0.000003366,
      "slowest": 0.000037901
    }
  },
  "statusCodeDistribution": {
    "200": 186870
  },
  "errorDistribution": {}
}