{
  "summary": {
    "successRate": 1,
    "total": 10.000645463,
    "slowest": 0.153924172,
    "fastest": 0.000333527,
    "average": 0.0025617430999974257,
    "requestsPerSec": 19469.243332379097,
    "totalData": 2531165,
    "sizePerRequest": 13,
    "sizePerSec": 253100.16332092826
  },
  "responseTimeHistogram": {
    "0.000333527": 1,
    "0.0156925915": 194661,
    "0.031051656": 8,
    "0.0464107205": 5,
    "0.061769785": 6,
    "0.0771288495": 5,
    "0.092487914": 4,
    "0.1078469785": 4,
    "0.123206043": 4,
    "0.1385651075": 3,
    "0.153924172": 4
  },
  "latencyPercentiles": {
    "p10": 0.002313473,
    "p25": 0.002383814,
    "p50": 0.002468392,
    "p75": 0.002597306,
    "p90": 0.002750579,
    "p95": 0.002863034,
    "p99": 0.004881709
  },
  "rps": {
    "mean": 19463.059441779238,
    "stddev": 1901.6024266297247,
    "max": 24341.060935691796,
    "percentiles": {
      "p10": 17943.455460431403,
      "p25": 19028.11213286602,
      "p50": 19964.929945167503,
      "p75": 20391.097226861086,
      "p90": 20735.976919957084,
      "p95": 21044.63356332448,
      "p99": 21444.615522595483
    }
  },
  "details": {
    "DNSDialup": {
      "average": 0.0007256013399999999,
      "fastest": 0.000074307,
      "slowest": 0.001222529
    },
    "DNSLookup": {
      "average": 0.000007313879999999997,
      "fastest": 0.000003586,
      "slowest": 0.000034955
    }
  },
  "statusCodeDistribution": {
    "200": 194705
  },
  "errorDistribution": {}
}