{
  "summary": {
    "successRate": 1,
    "total": 10.000609486,
    "slowest": 0.158539757,
    "fastest": 0.000906416,
    "average": 0.002612084052048658,
    "requestsPerSec": 19094.43622084455,
    "totalData": 2482428,
    "sizePerRequest": 13,
    "sizePerSec": 248227.67087097914
  },
  "responseTimeHistogram": {
    "0.000906416": 1,
    "0.016669750100000002": 190912,
    "0.032433084200000004": 7,
    "0.04819641830000001": 6,
    "0.0639597524": 5,
    "0.0797230865": 6,
    "0.09548642060000001": 4,
    "0.11124975470000001": 4,
    "0.1270130888": 4,
    "0.1427764229": 3,
    "0.158539757": 4
  },
  "latencyPercentiles": {
    "p10": 0.002376663,
    "p25": 0.002445265,
    "p50": 0.002527577,
    "p75": 0.002627356,
    "p90": 0.002748702,
    "p95": 0.00285808,
    "p99": 0.005038412
  },
  "rps": {
    "mean": 19093.3213970624,
    "stddev": 1699.4075102948186,
    "max": 21972.421099945826,
    "percentiles": {
      "p10": 18325.76422212613,
      "p25": 18918.805292461082,
      "p50": 19376.519814397518,
      "p75": 19745.57674023092,
      "p90": 20044.697671336522,
      "p95": 20214.27737427768,
      "p99": 20625.393985072944
    }
  },
  "details": {
    "DNSDialup": {
      "average": 0.0007780605600000003,
      "fastest": 0.00008135,
      "slowest": 0.001621462
    },
    "DNSLookup": {
      "average": 0.000006831940000000002,
      "fastest": 0.000003296,
      "slowest": 0.000034886
    }
  },
  "statusCodeDistribution": {
    "200": 190956
  },
  "errorDistribution": {}
}