{
  "summary": {
    "successRate": 1,
    "total": 10.000628441,
    "slowest": 0.158534007,
    "fastest": 0.000588426,
    "average": 0.002522288713679639,
    "requestsPerSec": 19774.857266892435,
    "totalData": 2570893,
    "sizePerRequest": 13,
    "sizePerSec": 257073.14446960163
  },
  "responseTimeHistogram": {
    "0.000588426": 1,
    "0.0163829841": 197717,
    "0.032177542200000006": 8,
    "0.04797210030000001": 5,
    "0.06376665840000001": 6,
    "0.0795612165": 5,
    "0.09535577460000001": 4,
    "0.11115033270000002": 4,
    "0.12694489080000002": 4,
    "0.1427394489": 3,
    "0.158534007": 4
  },
  "latencyPercentiles": {
    "p10": 0.002293487,
    "p25": 0.002358086,
    "p50": 0.002432218,
    "p75": 0.002533003,
    "p90": 0.002710559,
    "p95": 0.002792015,
    "p99": 0.004837222
  },
  "rps": {
    "mean": 19774.505635665177,
    "stddev": 1905.3701083233118,
    "max": 24465.60697165595,
    "percentiles": {
      "p10": 18208.069816542877,
      "p25": 19647.166953706932,
      "p50": 20201.189850081468,
      "p75": 20605.06266389675,
      "p90": 20909.105915626144,
      "p95": 21107.303197264086,
      "p99": 21623.006879322355
    }
  },
  "details": {
    "DNSDialup": {
      "average": 0.0007612886199999998,
      "fastest": 0.000076907,
      "slowest": 0.001711835
    },
    "DNSLookup": {
      "average": 0.0000063111599999999996,
      "fastest": 0.000003046,
      "slowest": 0.000031369
    }
  },
  "statusCodeDistribution": {
    "200": 197761
  },
  "errorDistribution": {}
}