{
  "summary": {
    "successRate": 1,
    "total": 10.000656306,
    "slowest": 0.155526397,
    "fastest": 0.000790109,
    "average": 0.002512550032859554,
    "requestsPerSec": 19852.897042455366,
    "totalData": 2581046,
    "sizePerRequest": 13,
    "sizePerSec": 258087.66155191977
  },
  "responseTimeHistogram": {
    "0.000790109": 1,
    "0.0162637378": 198498,
    "0.0317373666": 7,
    "0.0472109954": 6,
    "0.0626846242": 6,
    "0.078158253": 5,
    "0.0936318818": 4,
    "0.1091055106": 4,
    "0.1245791394": 4,
    "0.1400527682": 3,
    "0.155526397": 4
  },
  "latencyPercentiles": {
    "p10": 0.002267174,
    "p25": 0.002345531,
    "p50": 0.002432899,
    "p75": 0.002533807,
    "p90": 0.002650992,
    "p95": 0.002753143,
    "p99": 0.00485929
  },
  "rps": {
    "mean": 19850.332628905162,
    "stddev": 1820.0302849769819,
    "max": 23322.597264489494,
    "percentiles": {
      "p10": 18985.751043161603,
      "p25": 19627.76347143025,
      "p50": 20138.087164252185,
      "p75": 20610.732008157214,
      "p90": 21004.86052472506,
      "p95": 21205.492222485656,
      "p99": 21512.674785456213
    }
  },
  "details": {
    "DNSDialup": {
      "average": 0.0007036707600000001,
      "fastest": 0.00006952,
      "slowest": 0.001589154
    },
    "DNSLookup": {
      "average": 0.000007323260000000001,
      "fastest": 0.000003236,
      "slowest": 0.000030507
    }
  },
  "statusCodeDistribution": {
    "200": 198542
  },
  "errorDistribution": {}
}