{
  "summary": {
    "successRate": 1,
    "total": 10.000635512,
    "slowest": 0.154278826,
    "fastest": 0.000387713,
    "average": 0.0025272066364152514,
    "requestsPerSec": 19735.545782382873,
    "totalData": 2565784,
    "sizePerRequest": 13,
    "sizePerSec": 256562.09517097735
  },
  "responseTimeHistogram": {
    "0.000387713": 1,
    "0.0157768243": 197323,
    "0.0311659356": 9,
    "0.046555046899999994": 5,
    "0.061944158199999995": 6,
    "0.0773332695": 5,
    "0.09272238079999999": 4,
    "0.1081114921": 4,
    "0.12350060339999999": 4,
    "0.1388897147": 3,
    "0.154278826": 4
  },
  "latencyPercentiles": {
    "p10": 0.002294961,
    "p25": 0.002356624,
    "p50": 0.00243347,
    "p75": 0.002547652,
    "p90": 0.002719358,
    "p95": 0.002795867,
    "p99": 0.004829418
  },
  "rps": {
    "mean": 19732.00148489747,
    "stddev": 1874.6447276082185,
    "max": 24053.251493482814,
    "percentiles": {
      "p10": 18201.921660338012,
      "p25": 19510.99218122076,
      "p50": 20208.584606740893,
      "p75": 20608.985517685538,
      "p90": 20927.092324394875,
      "p95": 21118.379073899072,
      "p99": 21509.094044960508
    }
  },
  "details": {
    "DNSDialup": {
      "average": 0.0008288957999999998,
      "fastest": 0.000101632,
      "slowest": 0.001185222
    },
    "DNSLookup": {
      "average": 0.0000069992799999999995,
      "fastest": 0.000003376,
      "slowest": 0.000031048
    }
  },
  "statusCodeDistribution": {
    "200": 197368
  },
  "errorDistribution": {}
}