{
  "summary": {
    "successRate": 1,
    "total": 10.000710083,
    "slowest": 0.157258679,
    "fastest": 0.000669982,
    "average": 0.0026513644227702735,
    "requestsPerSec": 18812.664144700615,
    "totalData": 2445820,
    "sizePerRequest": 13,
    "sizePerSec": 244564.633881108
  },
  "responseTimeHistogram": {
    "0.000669982": 1,
    "0.0163288517": 188096,
    "0.0319877214": 7,
    "0.0476465911": 6,
    "0.0633054608": 5,
    "0.0789643305": 6,
    "0.09462320020000001": 4,
    "0.11028206990000002": 4,
    "0.12594093960000002": 3,
    "0.14159980930000002": 4,
    "0.157258679": 4
  },
  "latencyPercentiles": {
    "p10": 0.002411171,
    "p25": 0.002486107,
    "p50": 0.00257143,
    "p75": 0.002670012,
    "p90": 0.002783466,
    "p95": 0.002890404,
    "p99": 0.005107908
  },
  "rps": {
    "mean": 18819.14518012208,
    "stddev": 1673.5789580673409,
    "max": 26279.827603825182,
    "percentiles": {
      "p10": 18121.82396158294,
      "p25": 18629.423311177787,
      "p50": 19065.338822677226,
      "p75": 19429.49202594666,
      "p90": 19810.190361921188,
      "p95": 20010.89393065565,
      "p99": 20541.09039723201
    }
  },
  "details": {
    "DNSDialup": {
      "average": 0.0008686411599999999,
      "fastest": 0.000124149,
      "slowest": 0.001232033
    },
    "DNSLookup": {
      "average": 0.0000095859,
      "fastest": 0.000003707,
      "slowest": 0.000040155
    }
  },
  "statusCodeDistribution": {
    "200": 188140
  },
  "errorDistribution": {}
}