{
  "summary": {
    "successRate": 1,
    "total": 10.000618842,
    "slowest": 0.152105895,
    "fastest": 0.000615858,
    "average": 0.002555140701686345,
    "requestsPerSec": 19520.192008533704,
    "totalData": 2537782,
    "sizePerRequest": 13,
    "sizePerSec": 253762.49611093817
  },
  "responseTimeHistogram": {
    "0.000615858": 1,
    "0.0157648617": 195170,
    "0.0309138654": 8,
    "0.0460628691": 5,
    "0.0612118728": 6,
    "0.0763608765": 5,
    "0.0915098802": 5,
    "0.1066588839": 3,
    "0.1218078876": 4,
    "0.1369568913": 3,
    "0.152105895": 4
  },
  "latencyPercentiles": {
    "p10": 0.002324773,
    "p25": 0.002393064,
    "p50": 0.002473394,
    "p75": 0.002588904,
    "p90": 0.0027088,
    "p95": 0.002771149,
    "p99": 0.004895175
  },
  "rps": {
    "mean": 19518.705100879775,
    "stddev": 1787.50626036904,
    "max": 22388.040971118233,
    "percentiles": {
      "p10": 18259.135863320258,
      "p25": 19034.4542656671,
      "p50": 19896.418041830082,
      "p75": 20359.369958738127,
      "p90": 20738.3597440192,
      "p95": 20954.21484005661,
      "p99": 21290.5551180828
    }
  },
  "details": {
    "DNSDialup": {
      "average": 0.00069920066,
      "fastest": 0.000066655,
      "slowest": 0.001532468
    },
    "DNSLookup": {
      "average": 0.00000670226,
      "fastest": 0.000003046,
      "slowest": 0.000050714
    }
  },
  "statusCodeDistribution": {
    "200": 195214
  },
  "errorDistribution": {}
}