{
  "summary": {
    "successRate": 1,
    "total": 10.000621061,
    "slowest": 0.157482649,
    "fastest": 0.000812945,
    "average": 0.0026313694291614986,
    "requestsPerSec": 18956.022715357638,
    "totalData": 2464436,
    "sizePerRequest": 13,
    "sizePerSec": 246428.29529964927
  },
  "responseTimeHistogram": {
    "0.000812945": 1,
    "0.0164799154": 189528,
    "0.032146885800000004": 8,
    "0.047813856200000004": 5,
    "0.0634808266": 6,
    "0.079147797": 5,
    "0.0948147674": 3,
    "0.1104817378": 4,
    "0.12614870820000001": 4,
    "0.14181567860000002": 3,
    "0.15748264900000003": 5
  },
  "latencyPercentiles": {
    "p10": 0.002392836,
    "p25": 0.002464479,
    "p50": 0.002549078,
    "p75": 0.002648453,
    "p90": 0.002770338,
    "p95": 0.002884744,
    "p99": 0.005085131
  },
  "rps": {
    "mean": 18952.710244913025,
    "stddev": 1674.145017316206,
    "max": 24336.920738009558,
    "percentiles": {
      "p10": 18425.08944429591,
      "p25": 18831.965378031822,
      "p50": 19180.81067345011,
      "p75": 19522.83573013147,
      "p90": 19865.12782156371,
      "p95": 20103.395463493933,
      "p99": 20471.250186272562
    }
  },
  "details": {
    "DNSDialup": {
      "average": 0.0007793460599999997,
      "fastest": 0.000073338,
      "slowest": 0.001742197
    },
    "DNSLookup": {
      "average": 0.000007738040000000002,
      "fastest": 0.000003767,
      "slowest": 0.000050895
    }
  },
  "statusCodeDistribution": {
    "200": 189572
  },
  "errorDistribution": {}
}