{
  "summary": {
    "successRate": 1,
    "total": 10.000607555,
    "slowest": 0.151908914,
    "fastest": 0.000814067,
    "average": 0.0024927960821680144,
    "requestsPerSec": 20007.78441705385,
    "totalData": 2601170,
    "sizePerRequest": 13,
    "sizePerSec": 260101.19742170005
  },
  "responseTimeHistogram": {
    "0.000814067": 1,
    "0.0159235517": 200046,
    "0.031033036400000002": 8,
    "0.0461425211": 5,
    "0.0612520058": 6,
    "0.0763614905": 6,
    "0.0914709752": 4,
    "0.10658045990000001": 4,
    "0.1216899446": 3,
    "0.1367994293": 3,
    "0.151908914": 4
  },
  "latencyPercentiles": {
    "p10": 0.00228621,
    "p25": 0.00234974,
    "p50": 0.002417307,
    "p75": 0.002503967,
    "p90": 0.002632857,
    "p95": 0.002717845,
    "p99": 0.004804773
  },
  "rps": {
    "mean": 20006.530795330626,
    "stddev": 1860.52509652372,
    "max": 27923.33166978061,
    "percentiles": {
      "p10": 18811.219011018726,
      "p25": 19816.95703129221,
      "p50": 20324.53984941422,
      "p75": 20705.22807008671,
      "p90": 21068.80016694571,
      "p95": 21274.819284459394,
      "p99": 22568.47048259623
    }
  },
  "details": {
    "DNSDialup": {
      "average": 0.0009424012000000001,
      "fastest": 0.000336135,
      "slowest": 0.001480108
    },
    "DNSLookup": {
      "average": 0.000006124299999999997,
      "fastest": 0.000002444,
      "slowest": 0.000030057
    }
  },
  "statusCodeDistribution": {
    "200": 200090
  },
  "errorDistribution": {}
}