{
  "summary": {
    "successRate": 1,
    "total": 10.000623249,
    "slowest": 0.156102761,
    "fastest": 0.000807795,
    "average": 0.0026374978043400155,
    "requestsPerSec": 18911.22136001986,
    "totalData": 2458612,
    "sizePerRequest": 13,
    "sizePerSec": 245845.87768025816
  },
  "responseTimeHistogram": {
    "0.000807795": 1,
    "0.0163372916": 189080,
    "0.0318667882": 8,
    "0.04739628480000001": 5,
    "0.0629257814": 6,
    "0.078455278": 6,
    "0.09398477460000002": 4,
    "0.10951427120000001": 3,
    "0.1250437678": 4,
    "0.1405732644": 2,
    "0.156102761": 5
  },
  "latencyPercentiles": {
    "p10": 0.002436331,
    "p25": 0.00250167,
    "p50": 0.002561772,
    "p75": 0.002628222,
    "p90": 0.002728514,
    "p95": 0.002819281,
    "p99": 0.005101344
  },
  "rps": {
    "mean": 18909.17908189145,
    "stddev": 1627.434081379553,
    "max": 22116.07622607275,
    "percentiles": {
      "p10": 18503.964524681985,
      "p25": 18840.473104322617,
      "p50": 19130.870458633333,
      "p75": 19419.07147008929,
      "p90": 19690.246305893666,
      "p95": 19878.48822290012,
      "p99": 20689.290841414713
    }
  },
  "details": {
    "DNSDialup": {
      "average": 0.0007692081799999999,
      "fastest": 0.000106238,
      "slowest": 0.001279319
    },
    "DNSLookup": {
      "average": 0.0000064765600000000005,
      "fastest": 0.000003126,
      "slowest": 0.000031629
    }
  },
  "statusCodeDistribution": {
    "200": 189124
  },
  "errorDistribution": {}
}