{
  "summary": {
    "successRate": 1,
    "total": 10.000615018,
    "slowest": 0.156313837,
    "fastest": 0.000725506,
    "average": 0.0026788137417087595,
    "requestsPerSec": 18617.754974557105,
    "totalData": 2420457,
    "sizePerRequest": 13,
    "sizePerSec": 242030.8146692424
  },
  "responseTimeHistogram": {
    "0.000725506": 1,
    "0.016284339100000003": 186145,
    "0.031843172200000006": 8,
    "0.04740200530000001": 5,
    "0.06296083840000001": 6,
    "0.07851967150000001": 6,
    "0.09407850460000002": 4,
    "0.10963733770000002": 3,
    "0.1251961708": 4,
    "0.1407550039": 3,
    "0.156313837": 4
  },
  "latencyPercentiles": {
    "p10": 0.002469635,
    "p25": 0.002544057,
    "p50": 0.002612395,
    "p75": 0.002678205,
    "p90": 0.002762623,
    "p95": 0.002844571,
    "p99": 0.005177819
  },
  "rps": {
    "mean": 18616.914886723847,
    "stddev": 1571.8382621296132,
    "max": 20725.770422941234,
    "percentiles": {
      "p10": 18207.31757122772,
      "p25": 18489.425957586485,
      "p50": 18784.05866251481,
      "p75": 19152.158989793294,
      "p90": 19519.443317488865,
      "p95": 19709.070114066406,
      "p99": 20073.746931476242
    }
  },
  "details": {
    "DNSDialup": {
      "average": 0.00080919636,
      "fastest": 0.000085793,
      "slowest": 0.001488232
    },
    "DNSLookup": {
      "average": 0.000013694199999999997,
      "fastest": 0.000003035,
      "slowest": 0.000360199
    }
  },
  "statusCodeDistribution": {
    "200": 186189
  },
  "errorDistribution": {}
}