{
  "summary": {
    "successRate": 1,
    "total": 10.000573933,
    "slowest": 0.16020551,
    "fastest": 0.000449207,
    "average": 0.0025895881940365957,
    "requestsPerSec": 19259.69462256862,
    "totalData": 2503904,
    "sizePerRequest": 13,
    "sizePerSec": 250376.03009339204
  },
  "responseTimeHistogram": {
    "0.000449207": 1,
    "0.016424837299999998": 192563,
    "0.032400467599999996": 8,
    "0.04837609789999999": 5,
    "0.06435172819999999": 6,
    "0.08032735849999999": 6,
    "0.09630298879999998": 4,
    "0.11227861909999998": 4,
    "0.1282542494": 4,
    "0.14422987969999998": 3,
    "0.16020551": 4
  },
  "latencyPercentiles": {
    "p10": 0.002329538,
    "p25": 0.002398137,
    "p50": 0.002488716,
    "p75": 0.002641453,
    "p90": 0.002792727,
    "p95": 0.002882605,
    "p99": 0.004940786
  },
  "rps": {
    "mean": 19253.788928708815,
    "stddev": 1915.4693560371509,
    "max": 22837.329899453627,
    "percentiles": {
      "p10": 17654.54017094996,
      "p25": 18805.128158449275,
      "p50": 19733.019261129724,
      "p75": 20210.57012817695,
      "p90": 20613.133119814956,
      "p95": 20814.57644788668,
      "p99": 21216.430003395857
    }
  },
  "details": {
    "DNSDialup": {
      "average": 0.0007586892600000002,
      "fastest": 0.000082274,
      "slowest": 0.001441077
    },
    "DNSLookup": {
      "average": 0.000006810800000000003,
      "fastest": 0.000003406,
      "slowest": 0.00003204
    }
  },
  "statusCodeDistribution": {
    "200": 192608
  },
  "errorDistribution": {}
}