{
  "summary": {
    "successRate": 1,
    "total": 10.000414285,
    "slowest": 0.021201364,
    "fastest": 0.000152636,
    "average": 0.0026730285411405825,
    "requestsPerSec": 18659.6269596445,
    "totalData": 2425852,
    "sizePerRequest": 13,
    "sizePerSec": 242575.15047537853
  },
  "responseTimeHistogram": {
    "0.000152636": 1,
    "0.0022575088": 2287,
    "0.0043623816000000004": 178922,
    "0.0064672544000000005": 5049,
    "0.0085721272": 239,
    "0.010677": 51,
    "0.0127818728": 10,
    "0.0148867456": 8,
    "0.016991618400000002": 10,
    "0.019096491200000003": 15,
    "0.021201364000000004": 12
  },
  "latencyPercentiles": {
    "p10": 0.002392866,
    "p25": 0.002455952,
    "p50": 0.0025567,
    "p75": 0.002762089,
    "p90": 0.002882048,
    "p95": 0.003029314,
    "p99": 0.005266839
  },
  "rps": {
    "mean": 18659.935660661056,
    "stddev": 2041.1759911857077,
    "max": 28747.942944448012,
    "percentiles": {
      "p10": 17072.06117019928,
      "p25": 17817.43650575201,
      "p50": 19144.025515477228,
      "p75": 19686.536106763906,
      "p90": 20067.311783916823,
      "p95": 20272.758931805634,
      "p99": 21193.11193729672
    }
  },
  "details": {
    "DNSDialup": {
      "average": 0.0006979114400000001,
      "fastest": 0.000102171,
      "slowest": 0.001644145
    },
    "DNSLookup": {
      "average": 0.000007057340000000005,
      "fastest": 0.000003586,
      "slowest": 0.000031008
    }
  },
  "statusCodeDistribution": {
    "200": 186604
  },
  "errorDistribution": {}
}