{
  "summary": {
    "successRate": 1,
    "total": 10.00060133,
    "slowest": 0.142113259,
    "fastest": 0.000101832,
    "average": 0.0017947721198382331,
    "requestsPerSec": 27767.430261116107,
    "totalData": 3609983,
    "sizePerRequest": 13,
    "sizePerSec": 360976.5933945094
  },
  "responseTimeHistogram": {
    "0.000101832": 1,
    "0.014302974699999998": 277646,
    "0.028504117399999997": 9,
    "0.042705260099999996": 5,
    "0.0569064028": 5,
    "0.0711075455": 6,
    "0.08530868819999998": 4,
    "0.09950983089999998": 3,
    "0.11371097359999999": 4,
    "0.1279121163": 4,
    "0.142113259": 4
  },
  "latencyPercentiles": {
    "p10": 0.00163001,
    "p25": 0.001687036,
    "p50": 0.001744492,
    "p75": 0.001800937,
    "p90": 0.001879756,
    "p95": 0.001979966,
    "p99": 0.003498139
  },
  "rps": {
    "mean": 27767.40910248567,
    "stddev": 2634.6583035126932,
    "max": 35779.61680331129,
    "percentiles": {
      "p10": 27153.76173285648,
      "p25": 27627.08282929624,
      "p50": 28063.175821410154,
      "p75": 28497.74727314572,
      "p90": 28930.964811638678,
      "p95": 29254.69457698089,
      "p99": 30274.40237126675
    }
  },
  "details": {
    "DNSDialup": {
      "average": 0.0007635756200000002,
      "fastest": 0.000099389,
      "slowest": 0.001663841
    },
    "DNSLookup": {
      "average": 0.000005836240000000001,
      "fastest": 0.000002544,
      "slowest": 0.000054682
    }
  },
  "statusCodeDistribution": {
    "200": 277691
  },
  "errorDistribution": {}
}