{
  "summary": {
    "successRate": 1,
    "total": 10.000602394,
    "slowest": 0.15707427,
    "fastest": 0.000788675,
    "average": 0.002536583369306431,
    "requestsPerSec": 19663.515481625498,
    "totalData": 2556411,
    "sizePerRequest": 13,
    "sizePerSec": 255625.70126113147
  },
  "responseTimeHistogram": {
    "0.000788675": 1,
    "0.0164172345": 196603,
    "0.032045794": 7,
    "0.0476743535": 6,
    "0.063302913": 5,
    "0.0789314725": 6,
    "0.094560032": 4,
    "0.1101885915": 4,
    "0.125817151": 4,
    "0.1414457105": 3,
    "0.15707427": 4
  },
  "latencyPercentiles": {
    "p10": 0.002287284,
    "p25": 0.002354653,
    "p50": 0.00243936,
    "p75": 0.002596135,
    "p90": 0.002743972,
    "p95": 0.002829558,
    "p99": 0.004854714
  },
  "rps": {
    "mean": 19661.730312556017,
    "stddev": 2094.5963518845483,
    "max": 30714.592502894935,
    "percentiles": {
      "p10": 18046.68315999834,
      "p25": 18955.982703718924,
      "p50": 20138.672292403353,
      "p75": 20615.238784511082,
      "p90": 20957.910899397895,
      "p95": 21149.703919180527,
      "p99": 22537.908762538886
    }
  },
  "details": {
    "DNSDialup": {
      "average": 0.0006761838599999999,
      "fastest": 0.000073979,
      "slowest": 0.001124386
    },
    "DNSLookup": {
      "average": 0.000007281079999999999,
      "fastest": 0.000003687,
      "slowest": 0.000035426
    }
  },
  "statusCodeDistribution": {
    "200": 196647
  },
  "errorDistribution": {}
}