{
  "summary": {
    "successRate": 1,
    "total": 10.000629093,
    "slowest": 0.157062388,
    "fastest": 0.000807119,
    "average": 0.002634115178017034,
    "requestsPerSec": 18933.508906208164,
    "totalData": 2461511,
    "sizePerRequest": 13,
    "sizePerSec": 246135.61578070614
  },
  "responseTimeHistogram": {
    "0.000807119": 1,
    "0.016432645899999997": 189303,
    "0.0320581728": 8,
    "0.0476836997": 5,
    "0.06330922659999999": 6,
    "0.07893475349999998": 5,
    "0.09456028039999999": 4,
    "0.1101858073": 4,
    "0.12581133419999999": 4,
    "0.14143686109999998": 3,
    "0.15706238799999997": 4
  },
  "latencyPercentiles": {
    "p10": 0.002404018,
    "p25": 0.002484025,
    "p50": 0.002567152,
    "p75": 0.002647645,
    "p90": 0.002730958,
    "p95": 0.002813471,
    "p99": 0.005103744
  },
  "rps": {
    "mean": 18931.41952542946,
    "stddev": 1612.9457053657923,
    "max": 23460.60813505609,
    "percentiles": {
      "p10": 18424.65771942585,
      "p25": 18763.444836024122,
      "p50": 19135.099513036806,
      "p75": 19511.928225070285,
      "p90": 19818.30138646638,
      "p95": 20053.699797316913,
      "p99": 20456.995234422073
    }
  },
  "details": {
    "DNSDialup": {
      "average": 0.0007976834600000001,
      "fastest": 0.000119055,
      "slowest": 0.001116699
    },
    "DNSLookup": {
      "average": 0.000006258160000000001,
      "fastest": 0.000003366,
      "slowest": 0.000031159
    }
  },
  "statusCodeDistribution": {
    "200": 189347
  },
  "errorDistribution": {}
}