{
  "summary": {
    "successRate": 1,
    "total": 10.000650968,
    "slowest": 0.158972524,
    "fastest": 0.00101901,
    "average": 0.0027542463625991184,
    "requestsPerSec": 18106.42132991197,
    "totalData": 2353988,
    "sizePerRequest": 13,
    "sizePerSec": 235383.47728885562
  },
  "responseTimeHistogram": {
    "0.00101901": 1,
    "0.016814361400000002": 181032,
    "0.0326097128": 8,
    "0.0484050642": 5,
    "0.0642004156": 6,
    "0.07999576700000001": 6,
    "0.0957911184": 4,
    "0.1115864698": 4,
    "0.1273818212": 3,
    "0.14317717259999999": 3,
    "0.158972524": 4
  },
  "latencyPercentiles": {
    "p10": 0.002509548,
    "p25": 0.002595495,
    "p50": 0.002683768,
    "p75": 0.002767084,
    "p90": 0.002849938,
    "p95": 0.002938701,
    "p99": 0.005341432
  },
  "rps": {
    "mean": 18103.60472572311,
    "stddev": 1530.620580347258,
    "max": 20045.941653552603,
    "percentiles": {
      "p10": 17638.488946729132,
      "p25": 17957.55576197274,
      "p50": 18305.852381006312,
      "p75": 18658.000259606815,
      "p90": 18960.632309999615,
      "p95": 19126.061170952562,
      "p99": 19449.725167362925
    }
  },
  "details": {
    "DNSDialup": {
      "average": 0.0010856152800000005,
      "fastest": 0.000086471,
      "slowest": 0.002191888
    },
    "DNSLookup": {
      "average": 0.000015139419999999994,
      "fastest": 0.000003196,
      "slowest": 0.00039645
    }
  },
  "statusCodeDistribution": {
    "200": 181076
  },
  "errorDistribution": {}
}