{
  "summary": {
    "successRate": 1,
    "total": 10.000668353,
    "slowest": 0.155302368,
    "fastest": 0.000216399,
    "average": 0.002564393453694971,
    "requestsPerSec": 19452.299899700512,
    "totalData": 2528968,
    "sizePerRequest": 13,
    "sizePerSec": 252879.89869610668
  },
  "responseTimeHistogram": {
    "0.000216399": 1,
    "0.0157249959": 194492,
    "0.031233592799999998": 8,
    "0.0467421897": 5,
    "0.062250786599999997": 7,
    "0.0777593835": 5,
    "0.0932679804": 4,
    "0.1087765773": 3,
    "0.1242851742": 4,
    "0.1397937711": 3,
    "0.155302368": 4
  },
  "latencyPercentiles": {
    "p10": 0.002342351,
    "p25": 0.002403873,
    "p50": 0.002477554,
    "p75": 0.00257121,
    "p90": 0.002684963,
    "p95": 0.002788699,
    "p99": 0.004954723
  },
  "rps": {
    "mean": 19448.937497642117,
    "stddev": 1711.3483979808275,
    "max": 21471.730610451,
    "percentiles": {
      "p10": 18858.296652441717,
      "p25": 19315.954978812446,
      "p50": 19736.18432033323,
      "p75": 20079.54914986677,
      "p90": 20365.505648920924,
      "p95": 20535.193214131785,
      "p99": 20842.591836417556
    }
  },
  "details": {
    "DNSDialup": {
      "average": 0.0007950777400000001,
      "fastest": 0.000105087,
      "slowest": 0.001227183
    },
    "DNSLookup": {
      "average": 0.00000658098,
      "fastest": 0.000003507,
      "slowest": 0.000033403
    }
  },
  "statusCodeDistribution": {
    "200": 194536
  },
  "errorDistribution": {}
}