{
  "summary": {
    "successRate": 1,
    "total": 10.000654818,
    "slowest": 0.159395815,
    "fastest": 0.000502709,
    "average": 0.0025889541834837326,
    "requestsPerSec": 19266.938366195292,
    "totalData": 2504866,
    "sizePerRequest": 13,
    "sizePerSec": 250470.19876053883
  },
  "responseTimeHistogram": {
    "0.000502709": 1,
    "0.016392019600000002": 192638,
    "0.0322813302": 8,
    "0.048170640800000004": 5,
    "0.06405995140000001": 6,
    "0.07994926200000001": 5,
    "0.09583857260000002": 4,
    "0.11172788320000002": 4,
    "0.1276171938": 4,
    "0.1435065044": 3,
    "0.159395815": 4
  },
  "latencyPercentiles": {
    "p10": 0.00236945,
    "p25": 0.002433469,
    "p50": 0.002509409,
    "p75": 0.002597402,
    "p90": 0.002694592,
    "p95": 0.002786598,
    "p99": 0.005004775
  },
  "rps": {
    "mean": 19264.71314819688,
    "stddev": 1690.244980919827,
    "max": 22918.172975312787,
    "percentiles": {
      "p10": 18657.77566813386,
      "p25": 19115.477802377492,
      "p50": 19524.59122264502,
      "p75": 19879.36638234391,
      "p90": 20175.128142174457,
      "p95": 20372.81652080844,
      "p99": 20680.34520917215
    }
  },
  "details": {
    "DNSDialup": {
      "average": 0.00061016302,
      "fastest": 0.000068958,
      "slowest": 0.001333718
    },
    "DNSLookup": {
      "average": 0.000005754620000000001,
      "fastest": 0.000002846,
      "slowest": 0.000031979
    }
  },
  "statusCodeDistribution": {
    "200": 192682
  },
  "errorDistribution": {}
}