{
  "summary": {
    "successRate": 1,
    "total": 10.000404803,
    "slowest": 0.022366726,
    "fastest": 0.001045398,
    "average": 0.0026535406705557774,
    "requestsPerSec": 18795.439154984375,
    "totalData": 2443506,
    "sizePerRequest": 13,
    "sizePerSec": 244340.70901479686
  },
  "responseTimeHistogram": {
    "0.001045398": 1,
    "0.0031775308": 181282,
    "0.0053096636": 5253,
    "0.007441796399999999": 1298,
    "0.0095739292": 57,
    "0.011706062": 18,
    "0.013838194799999998": 12,
    "0.0159703276": 8,
    "0.0181024604": 10,
    "0.020234593199999998": 13,
    "0.022366726": 10
  },
  "latencyPercentiles": {
    "p10": 0.002376207,
    "p25": 0.002443554,
    "p50": 0.00254348,
    "p75": 0.002713425,
    "p90": 0.002846465,
    "p95": 0.002994601,
    "p99": 0.005184421
  },
  "rps": {
    "mean": 18795.880936256657,
    "stddev": 1878.6099231291694,
    "max": 27969.967900941003,
    "percentiles": {
      "p10": 17286.909939722304,
      "p25": 18329.956648150008,
      "p50": 19260.50495024846,
      "p75": 19725.218692098297,
      "p90": 20124.24166150619,
      "p95": 20341.296900968384,
      "p99": 20753.42138197973
    }
  },
  "details": {
    "DNSDialup": {
      "average": 0.0007438649800000001,
      "fastest": 0.000075419,
      "slowest": 0.001654502
    },
    "DNSLookup": {
      "average": 0.000006581899999999999,
      "fastest": 0.000003096,
      "slowest": 0.000036528
    }
  },
  "statusCodeDistribution": {
    "200": 187962
  },
  "errorDistribution": {}
}