{
  "summary": {
    "successRate": 1,
    "total": 10.00065963,
    "slowest": 0.155221045,
    "fastest": 0.000877084,
    "average": 0.0026396218074391567,
    "requestsPerSec": 18896.15355302318,
    "totalData": 2456662,
    "sizePerRequest": 13,
    "sizePerSec": 245649.99618930137
  },
  "responseTimeHistogram": {
    "0.000877084": 1,
    "0.0163114801": 188930,
    "0.0317458762": 8,
    "0.047180272300000006": 5,
    "0.0626146684": 6,
    "0.0780490645": 5,
    "0.09348346060000001": 5,
    "0.10891785670000001": 3,
    "0.12435225280000001": 4,
    "0.1397866489": 3,
    "0.155221045": 4
  },
  "latencyPercentiles": {
    "p10": 0.002396052,
    "p25": 0.002468627,
    "p50": 0.002561519,
    "p75": 0.002664798,
    "p90": 0.002767947,
    "p95": 0.002857746,
    "p99": 0.005101585
  },
  "rps": {
    "mean": 18892.139001133768,
    "stddev": 1661.6153952039192,
    "max": 25909.32959810559,
    "percentiles": {
      "p10": 18133.27637547657,
      "p25": 18628.52213023372,
      "p50": 19121.245616002772,
      "p75": 19561.36399886372,
      "p90": 19930.613281074806,
      "p95": 20165.523836600838,
      "p99": 20485.48798993131
    }
  },
  "details": {
    "DNSDialup": {
      "average": 0.0006976619000000001,
      "fastest": 0.000074599,
      "slowest": 0.001364854
    },
    "DNSLookup": {
      "average": 0.000006851719999999999,
      "fastest": 0.000003336,
      "slowest": 0.000036478
    }
  },
  "statusCodeDistribution": {
    "200": 188974
  },
  "errorDistribution": {}
}