{
  "summary": {
    "successRate": 1,
    "total": 10.000584072,
    "slowest": 0.162728671,
    "fastest": 0.000174387,
    "average": 0.0025902993240235323,
    "requestsPerSec": 19254.575394164036,
    "totalData": 2503241,
    "sizePerRequest": 13,
    "sizePerSec": 250309.48012413247
  },
  "responseTimeHistogram": {
    "0.000174387": 1,
    "0.016429815400000002": 192513,
    "0.0326852438": 7,
    "0.0489406722": 6,
    "0.0651961006": 6,
    "0.081451529": 5,
    "0.0977069574": 4,
    "0.11396238580000001": 4,
    "0.1302178142": 4,
    "0.1464732426": 3,
    "0.162728671": 4
  },
  "latencyPercentiles": {
    "p10": 0.002308024,
    "p25": 0.002407656,
    "p50": 0.00251162,
    "p75": 0.00263185,
    "p90": 0.002760667,
    "p95": 0.002867709,
    "p99": 0.005020211
  },
  "rps": {
    "mean": 19251.983239364257,
    "stddev": 1892.1638337574186,
    "max": 29006.433626978756,
    "percentiles": {
      "p10": 18107.572586855542,
      "p25": 18903.899874544095,
      "p50": 19578.191380735963,
      "p75": 20054.652940194337,
      "p90": 20485.617590155678,
      "p95": 20734.90929328551,
      "p99": 21454.238460250122
    }
  },
  "details": {
    "DNSDialup": {
      "average": 0.0008040527999999999,
      "fastest": 0.00008051,
      "slowest": 0.001662728
    },
    "DNSLookup": {
      "average": 0.000007466899999999998,
      "fastest": 0.000003046,
      "slowest": 0.000055012
    }
  },
  "statusCodeDistribution": {
    "200": 192557
  },
  "errorDistribution": {}
}