{
  "summary": {
    "successRate": 1,
    "total": 10.000593612,
    "slowest": 0.16469555,
    "fastest": 0.000283672,
    "average": 0.002630906546779771,
    "requestsPerSec": 18958.974572518608,
    "totalData": 2464813,
    "sizePerRequest": 13,
    "sizePerSec": 246466.6694427419
  },
  "responseTimeHistogram": {
    "0.000283672": 1,
    "0.0167248598": 189557,
    "0.0331660476": 8,
    "0.0496072354": 5,
    "0.0660484232": 6,
    "0.082489611": 5,
    "0.0989307988": 4,
    "0.11537198659999999": 4,
    "0.1318131744": 4,
    "0.14825436220000002": 3,
    "0.16469555000000002": 4
  },
  "latencyPercentiles": {
    "p10": 0.002420256,
    "p25": 0.002476489,
    "p50": 0.002539298,
    "p75": 0.002619405,
    "p90": 0.002742345,
    "p95": 0.00285449,
    "p99": 0.005074904
  },
  "rps": {
    "mean": 18955.841658070985,
    "stddev": 1740.0654799802808,
    "max": 22255.335565647616,
    "percentiles": {
      "p10": 18469.131807267826,
      "p25": 18882.983157785427,
      "p50": 19230.289629194194,
      "p75": 19568.935489047082,
      "p90": 19822.444954422,
      "p95": 19984.21146870763,
      "p99": 20285.32005615518
    }
  },
  "details": {
    "DNSDialup": {
      "average": 0.0007835227000000001,
      "fastest": 0.000068538,
      "slowest": 0.001810481
    },
    "DNSLookup": {
      "average": 0.000007205040000000003,
      "fastest": 0.000003737,
      "slowest": 0.000032811
    }
  },
  "statusCodeDistribution": {
    "200": 189601
  },
  "errorDistribution": {}
}