{
  "summary": {
    "successRate": 1,
    "total": 10.000654607,
    "slowest": 0.159795595,
    "fastest": 0.000832756,
    "average": 0.0026851794833478567,
    "requestsPerSec": 18572.984199453214,
    "totalData": 2414646,
    "sizePerRequest": 13,
    "sizePerSec": 241448.7945928918
  },
  "responseTimeHistogram": {
    "0.000832756": 1,
    "0.016729039900000003": 185698,
    "0.0326253238": 8,
    "0.048521607700000004": 5,
    "0.06441789160000001": 6,
    "0.08031417550000002": 5,
    "0.09621045940000002": 4,
    "0.11210674330000002": 4,
    "0.1280030272": 4,
    "0.1438993111": 3,
    "0.159795595": 4
  },
  "latencyPercentiles": {
    "p10": 0.002455925,
    "p25": 0.002532311,
    "p50": 0.002614554,
    "p75": 0.002701336,
    "p90": 0.002789605,
    "p95": 0.002884068,
    "p99": 0.005202338
  },
  "rps": {
    "mean": 18573.262088367628,
    "stddev": 1624.5039817402162,
    "max": 24186.993359014003,
    "percentiles": {
      "p10": 18085.688182037586,
      "p25": 18410.899252357365,
      "p50": 18740.383652732755,
      "p75": 19113.97231376131,
      "p90": 19412.38704417233,
      "p95": 19622.059118862322,
      "p99": 20184.405126918882
    }
  },
  "details": {
    "DNSDialup": {
      "average": 0.0007746843200000001,
      "fastest": 0.000099839,
      "slowest": 0.001087191
    },
    "DNSLookup": {
      "average": 0.00000781044,
      "fastest": 0.000003347,
      "slowest": 0.000036809
    }
  },
  "statusCodeDistribution": {
    "200": 185742
  },
  "errorDistribution": {}
}