{
  "summary": {
    "successRate": 1,
    "total": 10.000627527,
    "slowest": 0.158012407,
    "fastest": 0.000369902,
    "average": 0.002530026793476183,
    "requestsPerSec": 19714.16288305085,
    "totalData": 2563002,
    "sizePerRequest": 13,
    "sizePerSec": 256284.117479661
  },
  "responseTimeHistogram": {
    "0.000369902": 1,
    "0.0161341525": 197110,
    "0.031898403": 7,
    "0.0476626535": 5,
    "0.063426904": 6,
    "0.0791911545": 6,
    "0.094955405": 4,
    "0.11071965550000001": 4,
    "0.126483906": 4,
    "0.1422481565": 2,
    "0.158012407": 5
  },
  "latencyPercentiles": {
    "p10": 0.002291302,
    "p25": 0.002352768,
    "p50": 0.002429391,
    "p75": 0.002552942,
    "p90": 0.002738599,
    "p95": 0.002809949,
    "p99": 0.004838946
  },
  "rps": {
    "mean": 19713.036253767757,
    "stddev": 1914.8075339446787,
    "max": 22342.992385950583,
    "percentiles": {
      "p10": 18056.862866854186,
      "p25": 19414.669724444026,
      "p50": 20228.917237190428,
      "p75": 20580.80228786181,
      "p90": 20937.8136915272,
      "p95": 21158.54145249022,
      "p99": 21670.174526166073
    }
  },
  "details": {
    "DNSDialup": {
      "average": 0.0008135631000000003,
      "fastest": 0.000103734,
      "slowest": 0.00135379
    },
    "DNSLookup": {
      "average": 0.000007453980000000001,
      "fastest": 0.000003416,
      "slowest": 0.000033874
    }
  },
  "statusCodeDistribution": {
    "200": 197154
  },
  "errorDistribution": {}
}