{
  "summary": {
    "successRate": 1,
    "total": 10.000619756,
    "slowest": 0.156347312,
    "fastest": 0.000594808,
    "average": 0.0026425291790608445,
    "requestsPerSec": 18874.530239663676,
    "totalData": 2453841,
    "sizePerRequest": 13,
    "sizePerSec": 245368.8931156278
  },
  "responseTimeHistogram": {
    "0.000594808": 1,
    "0.0161700584": 188713,
    "0.0317453088": 7,
    "0.0473205592": 6,
    "0.06289580959999999": 5,
    "0.07847106": 5,
    "0.0940463104": 5,
    "0.10962156079999999": 4,
    "0.12519681119999998": 3,
    "0.1407720616": 4,
    "0.156347312": 4
  },
  "latencyPercentiles": {
    "p10": 0.002462431,
    "p25": 0.002518864,
    "p50": 0.002574268,
    "p75": 0.002633635,
    "p90": 0.002708687,
    "p95": 0.002781994,
    "p99": 0.00509808
  },
  "rps": {
    "mean": 18873.409966183204,
    "stddev": 1581.9963605485163,
    "max": 22861.309459710137,
    "percentiles": {
      "p10": 18591.69049920327,
      "p25": 18821.528063798996,
      "p50": 19092.79863850268,
      "p75": 19333.34615544895,
      "p90": 19543.145402105747,
      "p95": 19736.25154684142,
      "p99": 20121.724359339525
    }
  },
  "details": {
    "DNSDialup": {
      "average": 0.00072408078,
      "fastest": 0.000072625,
      "slowest": 0.001673221
    },
    "DNSLookup": {
      "average": 0.000007135180000000001,
      "fastest": 0.000003537,
      "slowest": 0.000041948
    }
  },
  "statusCodeDistribution": {
    "200": 188757
  },
  "errorDistribution": {}
}