{
  "summary": {
    "successRate": 1,
    "total": 10.000728063,
    "slowest": 0.15490996,
    "fastest": 0.000837878,
    "average": 0.002541016832050469,
    "requestsPerSec": 19629.47085085639,
    "totalData": 2552017,
    "sizePerRequest": 13,
    "sizePerSec": 255183.12106113308
  },
  "responseTimeHistogram": {
    "0.000837878": 1,
    "0.0162450862": 196266,
    "0.0316522944": 7,
    "0.04705950260000001": 5,
    "0.06246671080000001": 6,
    "0.07787391900000001": 5,
    "0.09328112720000002": 4,
    "0.10868833540000002": 4,
    "0.12409554360000002": 4,
    "0.13950275180000002": 3,
    "0.15490996": 4
  },
  "latencyPercentiles": {
    "p10": 0.002280537,
    "p25": 0.002349764,
    "p50": 0.002440582,
    "p75": 0.002588432,
    "p90": 0.002756108,
    "p95": 0.00288713,
    "p99": 0.004863264
  },
  "rps": {
    "mean": 19627.614712065726,
    "stddev": 1954.800088532783,
    "max": 24513.565807317274,
    "percentiles": {
      "p10": 17978.625924757205,
      "p25": 19218.7410698256,
      "p50": 20054.582557345802,
      "p75": 20557.25194666905,
      "p90": 20966.72871079323,
      "p95": 21227.717030126416,
      "p99": 22205.62246360604
    }
  },
  "details": {
    "DNSDialup": {
      "average": 0.00071158516,
      "fastest": 0.000074717,
      "slowest": 0.001080386
    },
    "DNSLookup": {
      "average": 0.000007334899999999997,
      "fastest": 0.000003136,
      "slowest": 0.000031088
    }
  },
  "statusCodeDistribution": {
    "200": 196309
  },
  "errorDistribution": {}
}