{
  "summary": {
    "successRate": 1,
    "total": 10.000611519,
    "slowest": 0.157475686,
    "fastest": 0.000837018,
    "average": 0.0025355725951302552,
    "requestsPerSec": 19671.297062809146,
    "totalData": 2557425,
    "sizePerRequest": 13,
    "sizePerSec": 255726.86181651888
  },
  "responseTimeHistogram": {
    "0.000837018": 1,
    "0.0165008848": 196680,
    "0.032164751600000006": 8,
    "0.04782861840000001": 5,
    "0.0634924852": 6,
    "0.07915635200000001": 6,
    "0.09482021880000001": 4,
    "0.1104840856": 4,
    "0.1261479524": 4,
    "0.14181181920000002": 3,
    "0.15747568600000003": 4
  },
  "latencyPercentiles": {
    "p10": 0.002295424,
    "p25": 0.002359515,
    "p50": 0.002437877,
    "p75": 0.002561372,
    "p90": 0.002732598,
    "p95": 0.002804106,
    "p99": 0.004842322
  },
  "rps": {
    "mean": 19670.042014385708,
    "stddev": 1906.218458213123,
    "max": 22044.434967564146,
    "percentiles": {
      "p10": 18138.887961901426,
      "p25": 19422.409576168924,
      "p50": 20154.88780596143,
      "p75": 20546.0272101583,
      "p90": 20918.043904671827,
      "p95": 21115.274789783194,
      "p99": 21427.349869372887
    }
  },
  "details": {
    "DNSDialup": {
      "average": 0.0008164955600000002,
      "fastest": 0.000118288,
      "slowest": 0.001128429
    },
    "DNSLookup": {
      "average": 0.000007162160000000002,
      "fastest": 0.000003256,
      "slowest": 0.000037289
    }
  },
  "statusCodeDistribution": {
    "200": 196725
  },
  "errorDistribution": {}
}