{
  "summary": {
    "successRate": 1,
    "total": 10.00060388,
    "slowest": 0.164995933,
    "fastest": 0.000143901,
    "average": 0.002605057462755392,
    "requestsPerSec": 19145.243857013964,
    "totalData": 2489032,
    "sizePerRequest": 13,
    "sizePerSec": 248888.17014118153
  },
  "responseTimeHistogram": {
    "0.000143901": 1,
    "0.016629104199999998": 191419,
    "0.0331143074": 9,
    "0.0495995106": 5,
    "0.0660847138": 6,
    "0.08256991699999999": 5,
    "0.0990551202": 4,
    "0.1155403234": 4,
    "0.1320255266": 4,
    "0.1485107298": 3,
    "0.16499593299999998": 4
  },
  "latencyPercentiles": {
    "p10": 0.002356552,
    "p25": 0.002435858,
    "p50": 0.002524892,
    "p75": 0.002627046,
    "p90": 0.002745933,
    "p95": 0.002865426,
    "p99": 0.005036931
  },
  "rps": {
    "mean": 19141.836462341173,
    "stddev": 1789.8062165660351,
    "max": 25690.701019949014,
    "percentiles": {
      "p10": 18464.364929708245,
      "p25": 18900.489522678625,
      "p50": 19373.711158846232,
      "p75": 19813.79857071127,
      "p90": 20177.171628325475,
      "p95": 20364.704776486564,
      "p99": 20941.7599635431
    }
  },
  "details": {
    "DNSDialup": {
      "average": 0.0007632748199999999,
      "fastest": 0.000096201,
      "slowest": 0.001664833
    },
    "DNSLookup": {
      "average": 0.000007201499999999999,
      "fastest": 0.000003747,
      "slowest": 0.000038021
    }
  },
  "statusCodeDistribution": {
    "200": 191464
  },
  "errorDistribution": {}
}