{
  "summary": {
    "successRate": 1,
    "total": 10.000631788,
    "slowest": 0.155352024,
    "fastest": 0.000843419,
    "average": 0.0026722860298709107,
    "requestsPerSec": 18662.420930640506,
    "totalData": 2426268,
    "sizePerRequest": 13,
    "sizePerSec": 242611.4720983266
  },
  "responseTimeHistogram": {
    "0.000843419": 1,
    "0.0162942795": 186592,
    "0.03174514": 7,
    "0.0471960005": 6,
    "0.062646861": 6,
    "0.0780977215": 5,
    "0.093548582": 4,
    "0.1089994425": 4,
    "0.124450303": 3,
    "0.1399011635": 4,
    "0.155352024": 4
  },
  "latencyPercentiles": {
    "p10": 0.002443962,
    "p25": 0.002525673,
    "p50": 0.002607449,
    "p75": 0.002684196,
    "p90": 0.00275905,
    "p95": 0.002842695,
    "p99": 0.005174407
  },
  "rps": {
    "mean": 18659.521188173032,
    "stddev": 1545.5342520338575,
    "max": 21365.657011319272,
    "percentiles": {
      "p10": 18211.17375240667,
      "p25": 18517.32480909109,
      "p50": 18841.674014585788,
      "p75": 19177.2266918877,
      "p90": 19489.284309277602,
      "p95": 19643.967127224656,
      "p99": 20015.660252581805
    }
  },
  "details": {
    "DNSDialup": {
      "average": 0.00069944334,
      "fastest": 0.000070583,
      "slowest": 0.001309959
    },
    "DNSLookup": {
      "average": 0.0000067078400000000015,
      "fastest": 0.000003196,
      "slowest": 0.000028223
    }
  },
  "statusCodeDistribution": {
    "200": 186636
  },
  "errorDistribution": {}
}