{
  "summary": {
    "successRate": 1,
    "total": 10.00059468,
    "slowest": 0.154203512,
    "fastest": 0.000248444,
    "average": 0.00256439035123419,
    "requestsPerSec": 19448.543434019066,
    "totalData": 2528461,
    "sizePerRequest": 13,
    "sizePerSec": 252831.06464224783
  },
  "responseTimeHistogram": {
    "0.000248444": 1,
    "0.0156439508": 194453,
    "0.0310394576": 8,
    "0.0464349644": 5,
    "0.0618304712": 6,
    "0.077225978": 5,
    "0.0926214848": 4,
    "0.1080169916": 4,
    "0.1234124984": 4,
    "0.1388080052": 3,
    "0.154203512": 4
  },
  "latencyPercentiles": {
    "p10": 0.002340679,
    "p25": 0.00241488,
    "p50": 0.002492642,
    "p75": 0.002599521,
    "p90": 0.002716803,
    "p95": 0.00280175,
    "p99": 0.004938115
  },
  "rps": {
    "mean": 19445.835347932843,
    "stddev": 1944.4063773799103,
    "max": 27006.082593032625,
    "percentiles": {
      "p10": 18252.59302153302,
      "p25": 19060.61618837335,
      "p50": 19737.329210736487,
      "p75": 20167.9802108965,
      "p90": 20555.928570454245,
      "p95": 20848.74436432427,
      "p99": 24040.481767245554
    }
  },
  "details": {
    "DNSDialup": {
      "average": 0.00086166114,
      "fastest": 0.000113161,
      "slowest": 0.001329269
    },
    "DNSLookup": {
      "average": 0.000007893679999999999,
      "fastest": 0.000003637,
      "slowest": 0.000035065
    }
  },
  "statusCodeDistribution": {
    "200": 194497
  },
  "errorDistribution": {}
}