{
  "summary": {
    "successRate": 1,
    "total": 10.000666048,
    "slowest": 0.16245163,
    "fastest": 0.000735497,
    "average": 0.0027307580465762947,
    "requestsPerSec": 18265.583424469132,
    "totalData": 2374684,
    "sizePerRequest": 13,
    "sizePerSec": 237452.5845180987
  },
  "responseTimeHistogram": {
    "0.000735497": 1,
    "0.016907110300000004": 182624,
    "0.033078723600000005": 8,
    "0.04925033690000001": 5,
    "0.06542195020000001": 6,
    "0.08159356350000001": 5,
    "0.09776517680000002": 4,
    "0.11393679010000002": 4,
    "0.13010840340000002": 4,
    "0.14628001670000002": 3,
    "0.16245163": 4
  },
  "latencyPercentiles": {
    "p10": 0.002485016,
    "p25": 0.002565487,
    "p50": 0.002657429,
    "p75": 0.002755989,
    "p90": 0.002853087,
    "p95": 0.002944105,
    "p99": 0.00529682
  },
  "rps": {
    "mean": 18263.28652228746,
    "stddev": 1699.268059144863,
    "max": 25919.307292002202,
    "percentiles": {
      "p10": 17680.29683611258,
      "p25": 18044.90112747433,
      "p50": 18422.062261764513,
      "p75": 18800.199282112582,
      "p90": 19111.378915005822,
      "p95": 19323.160740464937,
      "p99": 20106.124325469533
    }
  },
  "details": {
    "DNSDialup": {
      "average": 0.0008295201000000001,
      "fastest": 0.000083016,
      "slowest": 0.001554305
    },
    "DNSLookup": {
      "average": 0.000009464659999999998,
      "fastest": 0.000003176,
      "slowest": 0.000160351
    }
  },
  "statusCodeDistribution": {
    "200": 182668
  },
  "errorDistribution": {}
}