{
  "summary": {
    "successRate": 1,
    "total": 10.000619546,
    "slowest": 0.156147218,
    "fastest": 0.000642673,
    "average": 0.002491878137724298,
    "requestsPerSec": 20015.559943989894,
    "totalData": 2602184,
    "sizePerRequest": 13,
    "sizePerSec": 260202.27927186864
  },
  "responseTimeHistogram": {
    "0.000642673": 1,
    "0.0161931275": 200124,
    "0.031743582": 7,
    "0.047294036500000004": 6,
    "0.062844491": 6,
    "0.0783949455": 5,
    "0.0939454": 4,
    "0.10949585449999999": 4,
    "0.125046309": 4,
    "0.1405967635": 3,
    "0.156147218": 4
  },
  "latencyPercentiles": {
    "p10": 0.002265846,
    "p25": 0.002322132,
    "p50": 0.002396037,
    "p75": 0.002513186,
    "p90": 0.0026794,
    "p95": 0.002771916,
    "p99": 0.00476689
  },
  "rps": {
    "mean": 20012.73294036867,
    "stddev": 1932.9175074979914,
    "max": 24345.543207678464,
    "percentiles": {
      "p10": 18413.795414279517,
      "p25": 19798.04984184147,
      "p50": 20505.760068002954,
      "p75": 20900.071060240505,
      "p90": 21190.762153379637,
      "p95": 21410.836024113152,
      "p99": 21838.426895965047
    }
  },
  "details": {
    "DNSDialup": {
      "average": 0.0006700020999999999,
      "fastest": 0.000079736,
      "slowest": 0.001584512
    },
    "DNSLookup": {
      "average": 0.000006958379999999997,
      "fastest": 0.000003197,
      "slowest": 0.000033372
    }
  },
  "statusCodeDistribution": {
    "200": 200168
  },
  "errorDistribution": {}
}