{
  "summary": {
    "successRate": 1,
    "total": 10.000594722,
    "slowest": 0.153018275,
    "fastest": 0.000855791,
    "average": 0.0025219864935988297,
    "requestsPerSec": 19776.623840671622,
    "totalData": 2571114,
    "sizePerRequest": 13,
    "sizePerSec": 257096.10992873108
  },
  "responseTimeHistogram": {
    "0.000855791": 1,
    "0.0160720394": 197734,
    "0.0312882878": 7,
    "0.04650453620000001": 6,
    "0.06172078460000001": 5,
    "0.076937033": 5,
    "0.09215328140000001": 5,
    "0.1073695298": 4,
    "0.12258577820000001": 3,
    "0.13780202660000002": 4,
    "0.153018275": 4
  },
  "latencyPercentiles": {
    "p10": 0.002300745,
    "p25": 0.002362693,
    "p50": 0.002437349,
    "p75": 0.002536953,
    "p90": 0.002693087,
    "p95": 0.002778535,
    "p99": 0.004829656
  },
  "rps": {
    "mean": 19774.721281383216,
    "stddev": 1880.0910831641745,
    "max": 28918.991101456337,
    "percentiles": {
      "p10": 18376.213507902426,
      "p25": 19583.423425449466,
      "p50": 20137.721980814487,
      "p75": 20572.249741090578,
      "p90": 20911.13221214159,
      "p95": 21111.8416319728,
      "p99": 21537.62191796537
    }
  },
  "details": {
    "DNSDialup": {
      "average": 0.0008041441200000001,
      "fastest": 0.000080822,
      "slowest": 0.001387929
    },
    "DNSLookup": {
      "average": 0.000009286179999999998,
      "fastest": 0.000002665,
      "slowest": 0.000158537
    }
  },
  "statusCodeDistribution": {
    "200": 197778
  },
  "errorDistribution": {}
}