{
  "summary": {
    "successRate": 1,
    "total": 10.000621432,
    "slowest": 0.16223631,
    "fastest": 0.000754698,
    "average": 0.0027277458164624148,
    "requestsPerSec": 18287.76353985279,
    "totalData": 2377557,
    "sizePerRequest": 13,
    "sizePerSec": 237740.92601808626
  },
  "responseTimeHistogram": {
    "0.000754698": 1,
    "0.016902859200000002": 182845,
    "0.0330510204": 8,
    "0.0491991816": 5,
    "0.0653473428": 5,
    "0.081495504": 7,
    "0.09764366520000001": 4,
    "0.1137918264": 3,
    "0.1299399876": 4,
    "0.1460881488": 3,
    "0.16223631": 4
  },
  "latencyPercentiles": {
    "p10": 0.002549858,
    "p25": 0.002597136,
    "p50": 0.00264719,
    "p75": 0.002708925,
    "p90": 0.002802217,
    "p95": 0.002891907,
    "p99": 0.005250557
  },
  "rps": {
    "mean": 18287.096184268572,
    "stddev": 1569.961276653143,
    "max": 21116.155749547375,
    "percentiles": {
      "p10": 17994.40042406528,
      "p25": 18300.73019913561,
      "p50": 18532.84576254499,
      "p75": 18754.126283868463,
      "p90": 18974.707217255833,
      "p95": 19111.698270508758,
      "p99": 19427.756435619878
    }
  },
  "details": {
    "DNSDialup": {
      "average": 0.0008170197599999998,
      "fastest": 0.000094616,
      "slowest": 0.001624481
    },
    "DNSLookup": {
      "average": 0.000027951260000000002,
      "fastest": 0.000002615,
      "slowest": 0.001104557
    }
  },
  "statusCodeDistribution": {
    "200": 182889
  },
  "errorDistribution": {}
}