{
  "summary": {
    "successRate": 1,
    "total": 10.000634934,
    "slowest": 0.160262978,
    "fastest": 0.000369578,
    "average": 0.0026663240399440627,
    "requestsPerSec": 18710.012037721684,
    "totalData": 2432456,
    "sizePerRequest": 13,
    "sizePerSec": 243230.15649038187
  },
  "responseTimeHistogram": {
    "0.000369578": 1,
    "0.016358917999999997": 187068,
    "0.032348258": 8,
    "0.048337597999999996": 5,
    "0.06432693799999999": 6,
    "0.08031627799999998": 5,
    "0.09630561799999998": 4,
    "0.11229495799999999": 4,
    "0.128284298": 3,
    "0.14427363799999998": 4,
    "0.16026297799999997": 4
  },
  "latencyPercentiles": {
    "p10": 0.002471682,
    "p25": 0.002524274,
    "p50": 0.002582979,
    "p75": 0.002654178,
    "p90": 0.00275122,
    "p95": 0.002853908,
    "p99": 0.005140942
  },
  "rps": {
    "mean": 18708.795078061514,
    "stddev": 1623.2809653422376,
    "max": 21954.5372660225,
    "percentiles": {
      "p10": 18200.986493467513,
      "p25": 18664.866008840087,
      "p50": 19002.29314445708,
      "p75": 19254.2758782737,
      "p90": 19505.732775080476,
      "p95": 19624.64659365733,
      "p99": 19904.910541430676
    }
  },
  "details": {
    "DNSDialup": {
      "average": 0.00074547446,
      "fastest": 0.000078547,
      "slowest": 0.001521202
    },
    "DNSLookup": {
      "average": 0.000006273740000000002,
      "fastest": 0.000003456,
      "slowest": 0.000028252
    }
  },
  "statusCodeDistribution": {
    "200": 187112
  },
  "errorDistribution": {}
}