{
  "summary": {
    "successRate": 1,
    "total": 10.000684703,
    "slowest": 0.15634558,
    "fastest": 0.0004308,
    "average": 0.0026008387149150827,
    "requestsPerSec": 19177.186932257595,
    "totalData": 2493205,
    "sizePerRequest": 13,
    "sizePerSec": 249303.43011934872
  },
  "responseTimeHistogram": {
    "0.0004308": 1,
    "0.016022278": 191741,
    "0.031613756": 7,
    "0.047205234000000006": 6,
    "0.062796712": 5,
    "0.07838819": 5,
    "0.093979668": 5,
    "0.109571146": 4,
    "0.125162624": 4,
    "0.14075410200000002": 3,
    "0.15634558": 4
  },
  "latencyPercentiles": {
    "p10": 0.002415905,
    "p25": 0.002478466,
    "p50": 0.002535844,
    "p75": 0.00259584,
    "p90": 0.00266717,
    "p95": 0.002741149,
    "p99": 0.005021432
  },
  "rps": {
    "mean": 19176.327286854696,
    "stddev": 1639.0085014380024,
    "max": 25037.360749711464,
    "percentiles": {
      "p10": 18866.48549488415,
      "p25": 19118.234972516828,
      "p50": 19400.19034300788,
      "p75": 19646.670666166072,
      "p90": 19903.6881534148,
      "p95": 20110.660661216632,
      "p99": 20566.10357009501
    }
  },
  "details": {
    "DNSDialup": {
      "average": 0.00071895976,
      "fastest": 0.000071556,
      "slowest": 0.001417381
    },
    "DNSLookup": {
      "average": 0.000006752020000000003,
      "fastest": 0.000003397,
      "slowest": 0.000036548
    }
  },
  "statusCodeDistribution": {
    "200": 191785
  },
  "errorDistribution": {}
}