{
  "summary": {
    "successRate": 1,
    "total": 10.000589554,
    "slowest": 0.161462275,
    "fastest": 0.000912189,
    "average": 0.0027723482444613635,
    "requestsPerSec": 17995.239083481738,
    "totalData": 2339519,
    "sizePerRequest": 13,
    "sizePerSec": 233938.10808526262
  },
  "responseTimeHistogram": {
    "0.000912189": 1,
    "0.016967197599999997": 179919,
    "0.033022206199999994": 8,
    "0.04907721479999999": 5,
    "0.06513222339999998": 5,
    "0.08118723199999998": 6,
    "0.09724224059999997": 4,
    "0.11329724919999996": 4,
    "0.12935225779999998": 3,
    "0.14540726639999998": 4,
    "0.161462275": 4
  },
  "latencyPercentiles": {
    "p10": 0.002582961,
    "p25": 0.002632289,
    "p50": 0.002688036,
    "p75": 0.002755029,
    "p90": 0.002869637,
    "p95": 0.002972385,
    "p99": 0.005318564
  },
  "rps": {
    "mean": 17993.73787840108,
    "stddev": 1546.7166100631507,
    "max": 21049.607610254487,
    "percentiles": {
      "p10": 17587.876063966007,
      "p25": 17940.86390571819,
      "p50": 18238.03359525946,
      "p75": 18520.821107089436,
      "p90": 18738.331130159633,
      "p95": 18875.132464776663,
      "p99": 19201.799208586744
    }
  },
  "details": {
    "DNSDialup": {
      "average": 0.0009447600600000001,
      "fastest": 0.00012804,
      "slowest": 0.001646765
    },
    "DNSLookup": {
      "average": 0.0000059072800000000005,
      "fastest": 0.000002614,
      "slowest": 0.000026169
    }
  },
  "statusCodeDistribution": {
    "200": 179963
  },
  "errorDistribution": {}
}