{
  "summary": {
    "successRate": 1,
    "total": 10.000609532,
    "slowest": 0.004513396,
    "fastest": 0.000037479,
    "average": 0.0006177798653637264,
    "requestsPerSec": 80770.47678097467,
    "totalData": 10500802,
    "sizePerRequest": 13,
    "sizePerSec": 1050016.1981526706
  },
  "responseTimeHistogram": {
    "0.000037479": 1,
    "0.0004850707": 263655,
    "0.0009326624": 467714,
    "0.0013802541": 62925,
    "0.0018278458": 12571,
    "0.0022754375": 811,
    "0.0027230292": 41,
    "0.0031706209": 34,
    "0.0036182126": 1,
    "0.0040658043": 0,
    "0.004513396": 1
  },
  "latencyPercentiles": {
    "p10": 0.000352139,
    "p25": 0.000448159,
    "p50": 0.000565779,
    "p75": 0.000749968,
    "p90": 0.000922323,
    "p95": 0.00108333,
    "p99": 0.001494763
  },
  "rps": {
    "mean": 80779.78056747903,
    "stddev": 15915.730491266082,
    "max": 105805.09597094354,
    "percentiles": {
      "p10": 59012.48547094879,
      "p25": 65001.05301705863,
      "p50": 82626.7214817236,
      "p75": 96125.90549049775,
      "p90": 100476.67374973954,
      "p95": 102285.40780714447,
      "p99": 104640.14454559826
    }
  },
  "details": {
    "DNSDialup": {
      "average": 0.0006564429799999999,
      "fastest": 0.000076884,
      "slowest": 0.001528611
    },
    "DNSLookup": {
      "average": 0.00003399614,
      "fastest": 0.000003516,
      "slowest": 0.001350548
    }
  },
  "statusCodeDistribution": {
    "200": 807754
  },
  "errorDistribution": {}
}