{
  "summary": {
    "successRate": 1,
    "total": 10.000538894,
    "slowest": 0.003817945,
    "fastest": 0.000038823,
    "average": 0.0006156577699351278,
    "requestsPerSec": 81041.03274736987,
    "totalData": 10535902,
    "sizePerRequest": 13,
    "sizePerSec": 1053533.4257158083
  },
  "responseTimeHistogram": {
    "0.000038823": 1,
    "0.0004167352": 181564,
    "0.0007946474": 450301,
    "0.0011725595999999999": 150727,
    "0.0015504718": 21120,
    "0.001928384": 6314,
    "0.0023062962": 388,
    "0.0026842084": 20,
    "0.0030621206": 11,
    "0.0034400328": 0,
    "0.003817945": 8
  },
  "latencyPercentiles": {
    "p10": 0.000328216,
    "p25": 0.000433771,
    "p50": 0.000573075,
    "p75": 0.000757193,
    "p90": 0.00093242,
    "p95": 0.001067063,
    "p99": 0.001505108
  },
  "rps": {
    "mean": 81052.89175040345,
    "stddev": 16727.528027920645,
    "max": 105212.72961801269,
    "percentiles": {
      "p10": 57704.50095107881,
      "p25": 63012.54494945402,
      "p50": 84918.08755263865,
      "p75": 96524.94204502409,
      "p90": 100672.8065737137,
      "p95": 102733.55277833733,
      "p99": 104462.90756293193
    }
  },
  "details": {
    "DNSDialup": {
      "average": 0.00089581646,
      "fastest": 0.00022465,
      "slowest": 0.001202659
    },
    "DNSLookup": {
      "average": 0.000006814919999999998,
      "fastest": 0.000003206,
      "slowest": 0.000035447
    }
  },
  "statusCodeDistribution": {
    "200": 810454
  },
  "errorDistribution": {}
}