{
  "summary": {
    "successRate": 1,
    "total": 10.000454979,
    "slowest": 0.004788122,
    "fastest": 0.000035524,
    "average": 0.0006167466949414035,
    "requestsPerSec": 80896.51937825097,
    "totalData": 10517026,
    "sizePerRequest": 13,
    "sizePerSec": 1051654.7519172628
  },
  "responseTimeHistogram": {
    "0.000035524": 1,
    "0.0005107838": 311233,
    "0.0009860436": 439586,
    "0.0014613034": 49271,
    "0.0019365632": 8619,
    "0.0024118229999999996": 264,
    "0.0028870828": 15,
    "0.0033623425999999997": 1,
    "0.0038376023999999996": 0,
    "0.0043128622": 11,
    "0.004788122": 1
  },
  "latencyPercentiles": {
    "p10": 0.000347859,
    "p25": 0.000445023,
    "p50": 0.000566289,
    "p75": 0.000759935,
    "p90": 0.000924395,
    "p95": 0.001065629,
    "p99": 0.001483308
  },
  "rps": {
    "mean": 80882.57767793893,
    "stddev": 15958.187939162774,
    "max": 105433.87590432388,
    "percentiles": {
      "p10": 59036.98076476037,
      "p25": 64412.587303139895,
      "p50": 83321.3742458659,
      "p75": 95811.8411621943,
      "p90": 100029.4586755763,
      "p95": 102479.56513437045,
      "p99": 104573.41787960037
    }
  },
  "details": {
    "DNSDialup": {
      "average": 0.0008242092999999998,
      "fastest": 0.00007933,
      "slowest": 0.001935471
    },
    "DNSLookup": {
      "average": 0.00000843412,
      "fastest": 0.000003276,
      "slowest": 0.000042439
    }
  },
  "statusCodeDistribution": {
    "200": 809002
  },
  "errorDistribution": {}
}