{
  "summary": {
    "successRate": 1,
    "total": 10.000419247,
    "slowest": 0.004101534,
    "fastest": 0.000049665,
    "average": 0.0006203308677486593,
    "requestsPerSec": 80436.62771851389,
    "totalData": 10457200,
    "sizePerRequest": 13,
    "sizePerSec": 1045676.1603406806
  },
  "responseTimeHistogram": {
    "0.000049665": 1,
    "0.0004548519000000001": 253251,
    "0.0008600388000000001": 421738,
    "0.0012652257000000003": 108872,
    "0.0016704126000000002": 16129,
    "0.0020755995": 4182,
    "0.0024807864000000006": 196,
    "0.0028859733000000005": 11,
    "0.0032911602000000005": 12,
    "0.0036963471000000005": 3,
    "0.004101534": 5
  },
  "latencyPercentiles": {
    "p10": 0.000329349,
    "p25": 0.000414538,
    "p50": 0.000589759,
    "p75": 0.000769675,
    "p90": 0.000931933,
    "p95": 0.0010705,
    "p99": 0.001535573
  },
  "rps": {
    "mean": 80421.98884102885,
    "stddev": 16094.778536503143,
    "max": 104886.7594367501,
    "percentiles": {
      "p10": 57232.58250922039,
      "p25": 63924.824406513326,
      "p50": 85197.728556216,
      "p75": 94801.4883833665,
      "p90": 99458.69985139369,
      "p95": 101167.75204354459,
      "p99": 102943.0557555798
    }
  },
  "details": {
    "DNSDialup": {
      "average": 0.00085965962,
      "fastest": 0.000229351,
      "slowest": 0.001265618
    },
    "DNSLookup": {
      "average": 0.0000066967799999999994,
      "fastest": 0.000003367,
      "slowest": 0.000031559
    }
  },
  "statusCodeDistribution": {
    "200": 804400
  },
  "errorDistribution": {}
}