{
  "summary": {
    "successRate": 1,
    "total": 10.000239175,
    "slowest": 0.003355577,
    "fastest": 0.000029333,
    "average": 0.0006082895129084012,
    "requestsPerSec": 82018.33832639307,
    "totalData": 10662639,
    "sizePerRequest": 13,
    "sizePerSec": 1066238.39824311
  },
  "responseTimeHistogram": {
    "0.000029333": 1,
    "0.0003619574": 105249,
    "0.0006945818": 459488,
    "0.0010272062000000002": 211151,
    "0.0013598306000000002": 30878,
    "0.0016924550000000003": 11193,
    "0.0020250794": 2098,
    "0.0023577038": 117,
    "0.0026903282": 12,
    "0.0030229526000000004": 11,
    "0.003355577": 5
  },
  "latencyPercentiles": {
    "p10": 0.000338902,
    "p25": 0.000433236,
    "p50": 0.000554332,
    "p75": 0.000763935,
    "p90": 0.0009107,
    "p95": 0.001046222,
    "p99": 0.001481907
  },
  "rps": {
    "mean": 82037.36665481018,
    "stddev": 17606.20000612265,
    "max": 109478.06607446472,
    "percentiles": {
      "p10": 59185.76609364727,
      "p25": 63352.44145355439,
      "p50": 83936.40689000583,
      "p75": 98959.90042772997,
      "p90": 103920.20375595706,
      "p95": 105949.58647524226,
      "p99": 108505.19417269941
    }
  },
  "details": {
    "DNSDialup": {
      "average": 0.00083864652,
      "fastest": 0.000084908,
      "slowest": 0.001650007
    },
    "DNSLookup": {
      "average": 0.00002369722,
      "fastest": 0.000003186,
      "slowest": 0.000868103
    }
  },
  "statusCodeDistribution": {
    "200": 820203
  },
  "errorDistribution": {}
}