{
  "summary": {
    "successRate": 1,
    "total": 10.000414555,
    "slowest": 0.003318,
    "fastest": 0.000041247,
    "average": 0.0006067616938766669,
    "requestsPerSec": 82226.19127212772,
    "totalData": 10689848,
    "sizePerRequest": 13,
    "sizePerSec": 1068940.4865376602
  },
  "responseTimeHistogram": {
    "0.000041247": 1,
    "0.00036892230000000004": 139320,
    "0.0006965976000000001": 414934,
    "0.0010242729": 220260,
    "0.0013519482": 33685,
    "0.0016796235": 11342,
    "0.0020072988": 2537,
    "0.0023349741": 145,
    "0.0026626494": 47,
    "0.0029903247": 23,
    "0.003318": 2
  },
  "latencyPercentiles": {
    "p10": 0.000332392,
    "p25": 0.000406589,
    "p50": 0.000564156,
    "p75": 0.000756532,
    "p90": 0.000914239,
    "p95": 0.001062506,
    "p99": 0.001484355
  },
  "rps": {
    "mean": 82223.3891446702,
    "stddev": 16455.106150754902,
    "max": 107700.3123309052,
    "percentiles": {
      "p10": 58969.892077004646,
      "p25": 65184.0144728573,
      "p50": 86956.10359716683,
      "p75": 97190.27032308027,
      "p90": 100706.80964230679,
      "p95": 103046.51013804344,
      "p99": 105668.11797569346
    }
  },
  "details": {
    "DNSDialup": {
      "average": 0.00074842894,
      "fastest": 0.000066314,
      "slowest": 0.001092772
    },
    "DNSLookup": {
      "average": 0.000007051139999999998,
      "fastest": 0.000003166,
      "slowest": 0.000035155
    }
  },
  "statusCodeDistribution": {
    "200": 822296
  },
  "errorDistribution": {}
}