{
  "summary": {
    "successRate": 1,
    "total": 10.000426197,
    "slowest": 0.003840467,
    "fastest": 0.000033972,
    "average": 0.000602080089239321,
    "requestsPerSec": 82871.36804715525,
    "totalData": 10773737,
    "sizePerRequest": 13,
    "sizePerSec": 1077327.7846130182
  },
  "responseTimeHistogram": {
    "0.000033972": 1,
    "0.0004146215": 172205,
    "0.000795271": 494001,
    "0.0011759205": 136488,
    "0.00155657": 20629,
    "0.0019372195": 5127,
    "0.002317869": 270,
    "0.0026985185": 13,
    "0.003079168": 13,
    "0.0034598175": 0,
    "0.003840467": 2
  },
  "latencyPercentiles": {
    "p10": 0.000338309,
    "p25": 0.000436747,
    "p50": 0.000553759,
    "p75": 0.000729705,
    "p90": 0.00090442,
    "p95": 0.001044979,
    "p99": 0.001465757
  },
  "rps": {
    "mean": 82855.76893534658,
    "stddev": 15732.669802679817,
    "max": 106929.19367100306,
    "percentiles": {
      "p10": 59764.98722372952,
      "p25": 67903.15847836931,
      "p50": 85488.88279143671,
      "p75": 97408.55247090722,
      "p90": 101569.8009573494,
      "p95": 103813.99412640886,
      "p99": 105409.89798941853
    }
  },
  "details": {
    "DNSDialup": {
      "average": 0.0008010444199999999,
      "fastest": 0.000077236,
      "slowest": 0.001732961
    },
    "DNSLookup": {
      "average": 0.00002504378,
      "fastest": 0.000003226,
      "slowest": 0.00095773
    }
  },
  "statusCodeDistribution": {
    "200": 828749
  },
  "errorDistribution": {}
}