{
  "summary": {
    "successRate": 1,
    "total": 10.000733786,
    "slowest": 0.003695445,
    "fastest": 0.000035068,
    "average": 0.0006239594402415513,
    "requestsPerSec": 79962.73244664089,
    "totalData": 10395918,
    "sizePerRequest": 13,
    "sizePerSec": 1039515.5218063316
  },
  "responseTimeHistogram": {
    "0.000035068": 1,
    "0.00040110569999999993": 126067,
    "0.0007671433999999999": 469499,
    "0.0011331811": 170664,
    "0.0014992188": 25673,
    "0.0018652564999999998": 7220,
    "0.0022312942": 461,
    "0.0025973319": 72,
    "0.0029633695999999998": 21,
    "0.0033294072999999996": 7,
    "0.0036954449999999995": 1
  },
  "latencyPercentiles": {
    "p10": 0.000356395,
    "p25": 0.000450433,
    "p50": 0.000570336,
    "p75": 0.000772888,
    "p90": 0.000922689,
    "p95": 0.00108059,
    "p99": 0.001492263
  },
  "rps": {
    "mean": 79943.85907705312,
    "stddev": 16278.851883264542,
    "max": 106323.41241541739,
    "percentiles": {
      "p10": 58963.44466646113,
      "p25": 63603.739899906206,
      "p50": 80132.51777571533,
      "p75": 96397.39827439177,
      "p90": 100822.49399194536,
      "p95": 102927.43445659726,
      "p99": 105094.2246365497
    }
  },
  "details": {
    "DNSDialup": {
      "average": 0.0007367003599999999,
      "fastest": 0.000098296,
      "slowest": 0.001384549
    },
    "DNSLookup": {
      "average": 0.00000724072,
      "fastest": 0.000004027,
      "slowest": 0.000032691
    }
  },
  "statusCodeDistribution": {
    "200": 799686
  },
  "errorDistribution": {}
}