{
  "summary": {
    "successRate": 1,
    "total": 10.000671025,
    "slowest": 0.005657034,
    "fastest": 0.000394843,
    "average": 0.0010232159715562238,
    "requestsPerSec": 48784.2264564442,
    "totalData": 6342375,
    "sizePerRequest": 13,
    "sizePerSec": 634194.9439337746
  },
  "responseTimeHistogram": {
    "0.000394843": 1,
    "0.0009210621": 67967,
    "0.0014472812": 418256,
    "0.0019735003": 1310,
    "0.0024997194": 162,
    "0.0030259385000000003": 36,
    "0.0035521575999999996": 43,
    "0.0040783767": 2,
    "0.0046045958": 10,
    "0.0051308149": 34,
    "0.005657034": 54
  },
  "latencyPercentiles": {
    "p10": 0.000905921,
    "p25": 0.000952848,
    "p50": 0.001029871,
    "p75": 0.001083167,
    "p90": 0.001129089,
    "p95": 0.001170419,
    "p99": 0.001283197
  },
  "rps": {
    "mean": 48785.76290383706,
    "stddev": 2591.657584293416,
    "max": 62405.285727701936,
    "percentiles": {
      "p10": 47320.200993803955,
      "p25": 48190.28932608408,
      "p50": 48904.513886630535,
      "p75": 49734.40821278822,
      "p90": 50484.42004720301,
      "p95": 51049.93704842079,
      "p99": 54807.867363757
    }
  },
  "details": {
    "DNSDialup": {
      "average": 0.0007202349000000001,
      "fastest": 0.000076833,
      "slowest": 0.001229933
    },
    "DNSLookup": {
      "average": 0.000007140699999999999,
      "fastest": 0.000003396,
      "slowest": 0.000026158
    }
  },
  "statusCodeDistribution": {
    "200": 487875
  },
  "errorDistribution": {}
}