{
  "summary": {
    "successRate": 1,
    "total": 10.000717922,
    "slowest": 0.005592622,
    "fastest": 0.000218421,
    "average": 0.0010069446468995798,
    "requestsPerSec": 49573.84098489324,
    "totalData": 6445062,
    "sizePerRequest": 13,
    "sizePerSec": 644459.9328036122
  },
  "responseTimeHistogram": {
    "0.000218421": 1,
    "0.0007558411000000001": 14368,
    "0.0012932612": 477456,
    "0.0018306813000000003": 3413,
    "0.0023681014": 368,
    "0.0029055215": 68,
    "0.0034429416000000003": 1,
    "0.003980361700000001": 3,
    "0.0045177818000000005": 10,
    "0.0050552019": 26,
    "0.005592622": 60
  },
  "latencyPercentiles": {
    "p10": 0.000878803,
    "p25": 0.00093981,
    "p50": 0.00101652,
    "p75": 0.001076762,
    "p90": 0.001121319,
    "p95": 0.001159811,
    "p99": 0.001269553
  },
  "rps": {
    "mean": 49570.48978507145,
    "stddev": 2978.4916041727797,
    "max": 59529.925693649064,
    "percentiles": {
      "p10": 47520.476573356114,
      "p25": 48484.19765765232,
      "p50": 49452.058181647415,
      "p75": 50807.67058725805,
      "p90": 52451.611382706156,
      "p95": 53812.301492117265,
      "p99": 56233.76476791392
    }
  },
  "details": {
    "DNSDialup": {
      "average": 0.0008311934599999999,
      "fastest": 0.000084007,
      "slowest": 0.001893265
    },
    "DNSLookup": {
      "average": 0.0000071688,
      "fastest": 0.000003166,
      "slowest": 0.000029786
    }
  },
  "statusCodeDistribution": {
    "200": 495774
  },
  "errorDistribution": {}
}