{
  "summary": {
    "successRate": 1,
    "total": 10.000646159,
    "slowest": 0.006549045,
    "fastest": 0.000221835,
    "average": 0.001033660566160883,
    "requestsPerSec": 48293.579466898525,
    "totalData": 6278571,
    "sizePerRequest": 13,
    "sizePerSec": 627816.5330696808
  },
  "responseTimeHistogram": {
    "0.000221835": 1,
    "0.0008545559999999999": 24834,
    "0.001487277": 456260,
    "0.0021199979999999997": 1544,
    "0.002752719": 126,
    "0.00338544": 52,
    "0.004018160999999999": 22,
    "0.004650881999999999": 23,
    "0.0052836029999999996": 26,
    "0.005916324": 61,
    "0.006549045": 18
  },
  "latencyPercentiles": {
    "p10": 0.00090592,
    "p25": 0.000963099,
    "p50": 0.001042839,
    "p75": 0.001103469,
    "p90": 0.001149301,
    "p95": 0.001188063,
    "p99": 0.001300524
  },
  "rps": {
    "mean": 48282.045239722866,
    "stddev": 2834.2890244384425,
    "max": 65911.70929108279,
    "percentiles": {
      "p10": 46657.38154542271,
      "p25": 47503.539013657115,
      "p50": 48287.73321148955,
      "p75": 49411.041433412276,
      "p90": 50682.04916940199,
      "p95": 51531.55490652294,
      "p99": 54369.831461593865
    }
  },
  "details": {
    "DNSDialup": {
      "average": 0.00048637231999999997,
      "fastest": 0.000070782,
      "slowest": 0.000736242
    },
    "DNSLookup": {
      "average": 0.000006230059999999999,
      "fastest": 0.000003266,
      "slowest": 0.00003223
    }
  },
  "statusCodeDistribution": {
    "200": 482967
  },
  "errorDistribution": {}
}