{
  "summary": {
    "successRate": 1,
    "total": 10.000428068,
    "slowest": 0.006216695,
    "fastest": 0.000294736,
    "average": 0.0010107486680374384,
    "requestsPerSec": 49386.285931135404,
    "totalData": 6420492,
    "sizePerRequest": 13,
    "sizePerSec": 642021.7171047602
  },
  "responseTimeHistogram": {
    "0.000294736": 1,
    "0.0008869319": 49862,
    "0.0014791278": 442692,
    "0.0020713236999999997": 922,
    "0.0026635196": 280,
    "0.0032557155": 27,
    "0.0038479113999999996": 3,
    "0.0044401073": 21,
    "0.0050323032": 4,
    "0.0056244991": 68,
    "0.006216695": 4
  },
  "latencyPercentiles": {
    "p10": 0.00088635,
    "p25": 0.000942676,
    "p50": 0.001022184,
    "p75": 0.001080301,
    "p90": 0.001124753,
    "p95": 0.001160981,
    "p99": 0.00126355
  },
  "rps": {
    "mean": 49386.371094616705,
    "stddev": 2813.974597903267,
    "max": 63659.224452200084,
    "percentiles": {
      "p10": 47536.57464052839,
      "p25": 48506.354332418734,
      "p50": 49323.624733031465,
      "p75": 50237.160427568604,
      "p90": 51975.18260429855,
      "p95": 53312.299147414036,
      "p99": 56219.36194825535
    }
  },
  "details": {
    "DNSDialup": {
      "average": 0.0006739,
      "fastest": 0.000073189,
      "slowest": 0.001448466
    },
    "DNSLookup": {
      "average": 0.000006883519999999999,
      "fastest": 0.000003186,
      "slowest": 0.000046296
    }
  },
  "statusCodeDistribution": {
    "200": 493884
  },
  "errorDistribution": {}
}