{
  "summary": {
    "successRate": 1,
    "total": 10.000743493,
    "slowest": 0.005552272,
    "fastest": 0.000275406,
    "average": 0.0009939753238123992,
    "requestsPerSec": 50219.16624014346,
    "totalData": 6528977,
    "sizePerRequest": 13,
    "sizePerSec": 652849.161121865
  },
  "responseTimeHistogram": {
    "0.000275406": 1,
    "0.0008030926": 21136,
    "0.0013307791999999999": 478349,
    "0.0018584657999999997": 2307,
    "0.0023861524": 163,
    "0.002913839": 3,
    "0.0034415255999999997": 111,
    "0.0039692122": 60,
    "0.0044968987999999994": 11,
    "0.005024585399999999": 10,
    "0.005552272": 78
  },
  "latencyPercentiles": {
    "p10": 0.000873109,
    "p25": 0.000928399,
    "p50": 0.001002775,
    "p75": 0.001062015,
    "p90": 0.001103183,
    "p95": 0.001135089,
    "p99": 0.001234331
  },
  "rps": {
    "mean": 50217.64672888795,
    "stddev": 2845.5957044695247,
    "max": 63398.96578558243,
    "percentiles": {
      "p10": 48601.455538437134,
      "p25": 49478.26471913406,
      "p50": 50207.65666764206,
      "p75": 51132.51962564177,
      "p90": 52601.38341638264,
      "p95": 53683.1611724496,
      "p99": 56037.7777416547
    }
  },
  "details": {
    "DNSDialup": {
      "average": 0.0007146834999999999,
      "fastest": 0.000070982,
      "slowest": 0.001479042
    },
    "DNSLookup": {
      "average": 0.000006832999999999999,
      "fastest": 0.000003146,
      "slowest": 0.000033803
    }
  },
  "statusCodeDistribution": {
    "200": 502229
  },
  "errorDistribution": {}
}