{
  "summary": {
    "successRate": 1,
    "total": 10.000657381,
    "slowest": 0.006019189,
    "fastest": 0.00025698,
    "average": 0.0010218596954242197,
    "requestsPerSec": 48847.68884574589,
    "totalData": 6350617,
    "sizePerRequest": 13,
    "sizePerSec": 635019.9549946965
  },
  "responseTimeHistogram": {
    "0.00025698": 1,
    "0.0008332009": 20624,
    "0.0014094218": 465776,
    "0.0019856427": 1716,
    "0.0025618636": 171,
    "0.0031380845": 54,
    "0.0037143054": 49,
    "0.0042905263": 18,
    "0.0048667472": 32,
    "0.005442968100000001": 13,
    "0.006019189": 55
  },
  "latencyPercentiles": {
    "p10": 0.000897756,
    "p25": 0.000952971,
    "p50": 0.001030071,
    "p75": 0.001089222,
    "p90": 0.001133924,
    "p95": 0.001172851,
    "p99": 0.001285169
  },
  "rps": {
    "mean": 48846.87214210556,
    "stddev": 2699.384271377041,
    "max": 56506.98991465483,
    "percentiles": {
      "p10": 47131.856080568534,
      "p25": 47946.09057687479,
      "p50": 48821.671940173226,
      "p75": 49904.30674167019,
      "p90": 51340.74037158045,
      "p95": 52222.41386002905,
      "p99": 53863.413881328175
    }
  },
  "details": {
    "DNSDialup": {
      "average": 0.0006361980000000003,
      "fastest": 0.00006433,
      "slowest": 0.001040142
    },
    "DNSLookup": {
      "average": 0.0000062935,
      "fastest": 0.000003296,
      "slowest": 0.000028462
    }
  },
  "statusCodeDistribution": {
    "200": 488509
  },
  "errorDistribution": {}
}