{
  "summary": {
    "successRate": 1,
    "total": 10.000732119,
    "slowest": 0.006184189,
    "fastest": 0.000149632,
    "average": 0.0010200772728238968,
    "requestsPerSec": 48932.017594021105,
    "totalData": 6361628,
    "sizePerRequest": 13,
    "sizePerSec": 636116.2287222744
  },
  "responseTimeHistogram": {
    "0.000149632": 1,
    "0.0007530877": 10951,
    "0.0013565434": 475398,
    "0.0019599990999999996": 2648,
    "0.0025634547999999996": 113,
    "0.0031669104999999995": 88,
    "0.0037703661999999995": 31,
    "0.0043738219": 37,
    "0.0049772776": 11,
    "0.0055807333": 64,
    "0.006184189": 14
  },
  "latencyPercentiles": {
    "p10": 0.000893653,
    "p25": 0.000950051,
    "p50": 0.001028448,
    "p75": 0.001089076,
    "p90": 0.001136352,
    "p95": 0.001177096,
    "p99": 0.001290756
  },
  "rps": {
    "mean": 48933.11348059935,
    "stddev": 2884.813516387901,
    "max": 65824.15088095842,
    "percentiles": {
      "p10": 46905.84446822205,
      "p25": 47937.05683921198,
      "p50": 48910.69187724494,
      "p75": 50011.605899722,
      "p90": 51695.819380248846,
      "p95": 52818.29536880243,
      "p99": 54374.547504630915
    }
  },
  "details": {
    "DNSDialup": {
      "average": 0.0007864215399999998,
      "fastest": 0.000109791,
      "slowest": 0.001267185
    },
    "DNSLookup": {
      "average": 0.000006227040000000001,
      "fastest": 0.000003607,
      "slowest": 0.000024446
    }
  },
  "statusCodeDistribution": {
    "200": 489356
  },
  "errorDistribution": {}
}