{
  "summary": {
    "successRate": 1,
    "total": 10.000677595,
    "slowest": 0.005689991,
    "fastest": 0.000147215,
    "average": 0.000994711950889948,
    "requestsPerSec": 50183.89956405749,
    "totalData": 6524349,
    "sizePerRequest": 13,
    "sizePerSec": 652390.6943327473
  },
  "responseTimeHistogram": {
    "0.000147215": 1,
    "0.0007014926": 6632,
    "0.0012557702": 489175,
    "0.0018100478000000002": 5409,
    "0.0023643254": 429,
    "0.002918603": 86,
    "0.0034728806000000004": 11,
    "0.0040271582": 22,
    "0.0045814358": 0,
    "0.0051357134": 42,
    "0.005689991": 66
  },
  "latencyPercentiles": {
    "p10": 0.000876444,
    "p25": 0.000926688,
    "p50": 0.001002125,
    "p75": 0.001058196,
    "p90": 0.001099119,
    "p95": 0.001134917,
    "p99": 0.001288892
  },
  "rps": {
    "mean": 50184.28215092428,
    "stddev": 2975.469749447968,
    "max": 63209.8144105736,
    "percentiles": {
      "p10": 48524.223292267634,
      "p25": 49530.65435118253,
      "p50": 50437.19743310367,
      "p75": 51275.78047596093,
      "p90": 52623.238180032975,
      "p95": 53521.081954177884,
      "p99": 55304.756209025894
    }
  },
  "details": {
    "DNSDialup": {
      "average": 0.0007126961999999999,
      "fastest": 0.000066751,
      "slowest": 0.001524439
    },
    "DNSLookup": {
      "average": 0.000006337199999999999,
      "fastest": 0.000003376,
      "slowest": 0.000035185
    }
  },
  "statusCodeDistribution": {
    "200": 501873
  },
  "errorDistribution": {}
}