{
  "summary": {
    "successRate": 1,
    "total": 10.000641182,
    "slowest": 0.006456822,
    "fastest": 0.000234868,
    "average": 0.0010114630993177083,
    "requestsPerSec": 49348.53586070797,
    "totalData": 6415721,
    "sizePerRequest": 13,
    "sizePerSec": 641530.9661892037
  },
  "responseTimeHistogram": {
    "0.000234868": 1,
    "0.0008570634000000001": 30774,
    "0.0014792588": 461029,
    "0.0021014542": 1395,
    "0.0027236496": 89,
    "0.003345845": 55,
    "0.0039680404": 62,
    "0.0045902358": 6,
    "0.0052124312": 15,
    "0.0058346266": 73,
    "0.006456822": 18
  },
  "latencyPercentiles": {
    "p10": 0.000889331,
    "p25": 0.000942978,
    "p50": 0.001018937,
    "p75": 0.001078596,
    "p90": 0.001120701,
    "p95": 0.00115496,
    "p99": 0.001271306
  },
  "rps": {
    "mean": 49347.39901935946,
    "stddev": 2781.5532478562977,
    "max": 58641.99424624512,
    "percentiles": {
      "p10": 47700.109710252895,
      "p25": 48562.27140061613,
      "p50": 49420.1634266795,
      "p75": 50468.03066405253,
      "p90": 51808.414287736916,
      "p95": 52601.67799353247,
      "p99": 54639.6848030717
    }
  },
  "details": {
    "DNSDialup": {
      "average": 0.0006275698999999999,
      "fastest": 0.000071917,
      "slowest": 0.001050126
    },
    "DNSLookup": {
      "average": 0.0000056814599999999995,
      "fastest": 0.000002945,
      "slowest": 0.000027562
    }
  },
  "statusCodeDistribution": {
    "200": 493517
  },
  "errorDistribution": {}
}