{
  "summary": {
    "successRate": 1,
    "total": 10.00068941,
    "slowest": 0.006055429,
    "fastest": 0.000174186,
    "average": 0.0010322472949920198,
    "requestsPerSec": 48359.66603626379,
    "totalData": 6287190,
    "sizePerRequest": 13,
    "sizePerSec": 628675.6584714294
  },
  "responseTimeHistogram": {
    "0.000174186": 1,
    "0.0007623103000000001": 9866,
    "0.0013504346000000002": 469860,
    "0.0019385589000000003": 3283,
    "0.0025266832": 390,
    "0.0031148075000000004": 69,
    "0.0037029318000000007": 45,
    "0.0042910561": 26,
    "0.0048791804000000005": 2,
    "0.005467304700000001": 19,
    "0.006055429000000001": 69
  },
  "latencyPercentiles": {
    "p10": 0.000905732,
    "p25": 0.000961141,
    "p50": 0.001040143,
    "p75": 0.001101009,
    "p90": 0.001144156,
    "p95": 0.001181362,
    "p99": 0.001315043
  },
  "rps": {
    "mean": 48358.09004546461,
    "stddev": 2887.7146110115877,
    "max": 54622.52671156724,
    "percentiles": {
      "p10": 46631.77955776906,
      "p25": 47655.23162759792,
      "p50": 48519.12693296956,
      "p75": 49580.63713527602,
      "p90": 50862.89705850356,
      "p95": 51907.32139639552,
      "p99": 53246.1730317787
    }
  },
  "details": {
    "DNSDialup": {
      "average": 0.0007388457600000001,
      "fastest": 0.000065284,
      "slowest": 0.001592851
    },
    "DNSLookup": {
      "average": 0.000006466800000000001,
      "fastest": 0.000003266,
      "slowest": 0.000030597
    }
  },
  "statusCodeDistribution": {
    "200": 483630
  },
  "errorDistribution": {}
}