{
  "summary": {
    "successRate": 1,
    "total": 10.000712863,
    "slowest": 0.006161117,
    "fastest": 0.000277374,
    "average": 0.0010122967399771236,
    "requestsPerSec": 49311.384773831596,
    "totalData": 6410937,
    "sizePerRequest": 13,
    "sizePerSec": 641048.0020598108
  },
  "responseTimeHistogram": {
    "0.000277374": 1,
    "0.0008657482999999998": 33042,
    "0.0014541225999999997": 458341,
    "0.0020424969": 1420,
    "0.0026308711999999995": 107,
    "0.0032192454999999992": 53,
    "0.0038076197999999993": 44,
    "0.0043959941": 30,
    "0.0049843684": 38,
    "0.005572742699999999": 14,
    "0.006161116999999999": 59
  },
  "latencyPercentiles": {
    "p10": 0.000891993,
    "p25": 0.000944201,
    "p50": 0.001021502,
    "p75": 0.001079063,
    "p90": 0.001119684,
    "p95": 0.001152415,
    "p99": 0.001259144
  },
  "rps": {
    "mean": 49311.07796327754,
    "stddev": 2786.58520136755,
    "max": 58020.62052853621,
    "percentiles": {
      "p10": 47705.92984708014,
      "p25": 48547.673002375945,
      "p50": 49335.10192501989,
      "p75": 50383.65942588785,
      "p90": 51726.54223996539,
      "p95": 52609.98643765024,
      "p99": 54527.9564832883
    }
  },
  "details": {
    "DNSDialup": {
      "average": 0.0007997600400000001,
      "fastest": 0.000116043,
      "slowest": 0.00127878
    },
    "DNSLookup": {
      "average": 0.000006496220000000002,
      "fastest": 0.000003256,
      "slowest": 0.000032641
    }
  },
  "statusCodeDistribution": {
    "200": 493149
  },
  "errorDistribution": {}
}