{
  "summary": {
    "successRate": 1,
    "total": 10.000681701,
    "slowest": 0.005908771,
    "fastest": 0.000293775,
    "average": 0.0010747722961598723,
    "requestsPerSec": 46443.03397372971,
    "totalData": 6038006,
    "sizePerRequest": 13,
    "sizePerSec": 603759.4416584863
  },
  "responseTimeHistogram": {
    "0.000293775": 1,
    "0.0008552746": 10194,
    "0.0014167742": 451778,
    "0.0019782738000000003": 2115,
    "0.0025397734": 223,
    "0.0031012730000000003": 49,
    "0.0036627726": 1,
    "0.0042242722": 5,
    "0.0047857718": 16,
    "0.005347271400000001": 56,
    "0.005908771": 24
  },
  "latencyPercentiles": {
    "p10": 0.0009479,
    "p25": 0.000998364,
    "p50": 0.001083514,
    "p75": 0.001141724,
    "p90": 0.001189497,
    "p95": 0.001231967,
    "p99": 0.001342942
  },
  "rps": {
    "mean": 46483.364199097676,
    "stddev": 2718.5919249192243,
    "max": 88171.75858610905,
    "percentiles": {
      "p10": 44951.27592044199,
      "p25": 45747.22028077304,
      "p50": 46531.64151623087,
      "p75": 47418.901174006125,
      "p90": 48389.004765451544,
      "p95": 48966.04540204152,
      "p99": 50726.02373336381
    }
  },
  "details": {
    "DNSDialup": {
      "average": 0.0006793899800000001,
      "fastest": 0.000140946,
      "slowest": 0.001092059
    },
    "DNSLookup": {
      "average": 0.000006247519999999999,
      "fastest": 0.000003387,
      "slowest": 0.000028623
    }
  },
  "statusCodeDistribution": {
    "200": 464462
  },
  "errorDistribution": {}
}