{
  "summary": {
    "successRate": 1,
    "total": 10.00076687,
    "slowest": 0.005995383,
    "fastest": 0.000285103,
    "average": 0.0010063595025440514,
    "requestsPerSec": 49601.79618705581,
    "totalData": 6448728,
    "sizePerRequest": 13,
    "sizePerSec": 644823.3504317255
  },
  "responseTimeHistogram": {
    "0.000285103": 1,
    "0.000856131": 36710,
    "0.001427159": 457668,
    "0.0019981870000000002": 1399,
    "0.002569215": 166,
    "0.003140243": 12,
    "0.0037112710000000004": 4,
    "0.004282299": 8,
    "0.004853327": 22,
    "0.0054243550000000005": 14,
    "0.005995383": 52
  },
  "latencyPercentiles": {
    "p10": 0.000880597,
    "p25": 0.000939347,
    "p50": 0.001017072,
    "p75": 0.001076568,
    "p90": 0.001119877,
    "p95": 0.001156603,
    "p99": 0.001264125
  },
  "rps": {
    "mean": 49599.92287865803,
    "stddev": 2974.80115346945,
    "max": 68509.60541098389,
    "percentiles": {
      "p10": 47537.592728329786,
      "p25": 48542.87624765927,
      "p50": 49458.94043171305,
      "p75": 50789.36388575403,
      "p90": 52414.53099167373,
      "p95": 53826.493400055144,
      "p99": 56477.35343699202
    }
  },
  "details": {
    "DNSDialup": {
      "average": 0.00085239296,
      "fastest": 0.000097272,
      "slowest": 0.001296285
    },
    "DNSLookup": {
      "average": 0.000007249140000000001,
      "fastest": 0.000003085,
      "slowest": 0.000030768
    }
  },
  "statusCodeDistribution": {
    "200": 496056
  },
  "errorDistribution": {}
}