{
  "summary": {
    "successRate": 1,
    "total": 10.000576899,
    "slowest": 0.005458247,
    "fastest": 0.000131554,
    "average": 0.001007058902861794,
    "requestsPerSec": 49567.740442010676,
    "totalData": 6444178,
    "sizePerRequest": 13,
    "sizePerSec": 644380.6257461387
  },
  "responseTimeHistogram": {
    "0.000131554": 1,
    "0.0006642233": 5186,
    "0.0011968926000000002": 479589,
    "0.0017295619000000002": 10405,
    "0.0022622312": 184,
    "0.0027949005": 75,
    "0.0033275698": 40,
    "0.0038602391": 76,
    "0.0043929084": 8,
    "0.0049255777": 15,
    "0.005458247": 127
  },
  "latencyPercentiles": {
    "p10": 0.000887321,
    "p25": 0.000939952,
    "p50": 0.001016453,
    "p75": 0.001073229,
    "p90": 0.001114857,
    "p95": 0.00114872,
    "p99": 0.001257009
  },
  "rps": {
    "mean": 49561.35251507312,
    "stddev": 2983.6629222565875,
    "max": 79040.42917953052,
    "percentiles": {
      "p10": 47920.79283201013,
      "p25": 48704.22265610864,
      "p50": 49608.88495129515,
      "p75": 50533.42786253096,
      "p90": 51886.97471337581,
      "p95": 52947.72178164117,
      "p99": 54861.763373205584
    }
  },
  "details": {
    "DNSDialup": {
      "average": 0.0007139849599999999,
      "fastest": 0.000091871,
      "slowest": 0.001147989
    },
    "DNSLookup": {
      "average": 0.0000076855,
      "fastest": 0.000003567,
      "slowest": 0.000031789
    }
  },
  "statusCodeDistribution": {
    "200": 495706
  },
  "errorDistribution": {}
}