{
  "summary": {
    "successRate": 1,
    "total": 10.00053395,
    "slowest": 0.008177676,
    "fastest": 0.000185104,
    "average": 0.0010134146551847233,
    "requestsPerSec": 49260.26974789681,
    "totalData": 6404177,
    "sizePerRequest": 13,
    "sizePerSec": 640383.5067226585
  },
  "responseTimeHistogram": {
    "0.000185104": 1,
    "0.0009843612": 160406,
    "0.0017836184": 330928,
    "0.0025828756000000003": 943,
    "0.0033821328": 183,
    "0.00418139": 65,
    "0.0049806472000000004": 22,
    "0.0057799044": 31,
    "0.0065791616": 12,
    "0.007378418800000001": 19,
    "0.008177676": 19
  },
  "latencyPercentiles": {
    "p10": 0.000688783,
    "p25": 0.000954695,
    "p50": 0.001045176,
    "p75": 0.00112748,
    "p90": 0.00117609,
    "p95": 0.001214862,
    "p99": 0.001379028
  },
  "rps": {
    "mean": 49257.77167024564,
    "stddev": 6156.977608881527,
    "max": 78454.49664308215,
    "percentiles": {
      "p10": 45604.02683556755,
      "p25": 46508.943669869295,
      "p50": 47470.69335654462,
      "p75": 50376.355441939886,
      "p90": 56207.621753507585,
      "p95": 60907.814472596896,
      "p99": 73096.78396270642
    }
  },
  "details": {
    "DNSDialup": {
      "average": 0.0007373281599999998,
      "fastest": 0.000070186,
      "slowest": 0.00130659
    },
    "DNSLookup": {
      "average": 0.000006515879999999999,
      "fastest": 0.000003156,
      "slowest": 0.000026879
    }
  },
  "statusCodeDistribution": {
    "200": 492629
  },
  "errorDistribution": {}
}