{
  "summary": {
    "successRate": 1,
    "total": 10.000451563,
    "slowest": 0.005753167,
    "fastest": 0.000251597,
    "average": 0.0010213408285449804,
    "requestsPerSec": 48873.59304937018,
    "totalData": 6353854,
    "sizePerRequest": 13,
    "sizePerSec": 635356.7096418124
  },
  "responseTimeHistogram": {
    "0.000251597": 1,
    "0.000801754": 18249,
    "0.001351911": 467235,
    "0.0019020680000000002": 2808,
    "0.002452225": 307,
    "0.003002382": 12,
    "0.0035525390000000004": 47,
    "0.004102696": 6,
    "0.004652853": 5,
    "0.00520301": 32,
    "0.005753167": 56
  },
  "latencyPercentiles": {
    "p10": 0.00089109,
    "p25": 0.000950566,
    "p50": 0.00103123,
    "p75": 0.001091601,
    "p90": 0.001139212,
    "p95": 0.001181915,
    "p99": 0.001306078
  },
  "rps": {
    "mean": 48871.69149741209,
    "stddev": 2985.8519794017097,
    "max": 67969.03105722285,
    "percentiles": {
      "p10": 46830.89434099696,
      "p25": 47878.67903325575,
      "p50": 48829.80571341125,
      "p75": 50022.59520625481,
      "p90": 51802.2914148978,
      "p95": 52807.12453282744,
      "p99": 54928.6680450686
    }
  },
  "details": {
    "DNSDialup": {
      "average": 0.0006452111599999999,
      "fastest": 0.00007127,
      "slowest": 0.001045276
    },
    "DNSLookup": {
      "average": 0.000007473300000000001,
      "fastest": 0.000002766,
      "slowest": 0.000032901
    }
  },
  "statusCodeDistribution": {
    "200": 488758
  },
  "errorDistribution": {}
}