{
  "summary": {
    "successRate": 1,
    "total": 10.00072496,
    "slowest": 0.005723669,
    "fastest": 0.000308947,
    "average": 0.0010579076921627764,
    "requestsPerSec": 47182.87942997285,
    "totalData": 6134219,
    "sizePerRequest": 13,
    "sizePerSec": 613377.432589647
  },
  "responseTimeHistogram": {
    "0.000308947": 1,
    "0.0008504191999999999": 16446,
    "0.0013918913999999998": 452737,
    "0.0019333635999999998": 2242,
    "0.0024748357999999997": 288,
    "0.0030163079999999997": 48,
    "0.0035577801999999996": 1,
    "0.0040992523999999995": 8,
    "0.0046407246": 14,
    "0.0051821968": 22,
    "0.005723669": 56
  },
  "latencyPercentiles": {
    "p10": 0.000930124,
    "p25": 0.000985402,
    "p50": 0.001066897,
    "p75": 0.001127984,
    "p90": 0.001173478,
    "p95": 0.001214369,
    "p99": 0.001325561
  },
  "rps": {
    "mean": 47181.01326884551,
    "stddev": 2577.0017755964145,
    "max": 56824.01382824343,
    "percentiles": {
      "p10": 45419.16501447321,
      "p25": 46327.56953663123,
      "p50": 47245.35554131358,
      "p75": 48161.892848505624,
      "p90": 49502.50484682794,
      "p95": 50651.55588716164,
      "p99": 52830.809083294065
    }
  },
  "details": {
    "DNSDialup": {
      "average": 0.00073253812,
      "fastest": 0.00006623,
      "slowest": 0.001397773
    },
    "DNSLookup": {
      "average": 0.000006587860000000001,
      "fastest": 0.000003136,
      "slowest": 0.000031018
    }
  },
  "statusCodeDistribution": {
    "200": 471863
  },
  "errorDistribution": {}
}