{
  "summary": {
    "successRate": 1,
    "total": 10.000252567,
    "slowest": 0.005964691,
    "fastest": 0.000209011,
    "average": 0.0010172729386444855,
    "requestsPerSec": 49071.760609263816,
    "totalData": 6379490,
    "sizePerRequest": 13,
    "sizePerSec": 637932.8879204296
  },
  "responseTimeHistogram": {
    "0.000209011": 1,
    "0.0007845790000000001": 16608,
    "0.0013601470000000001": 471708,
    "0.0019357150000000002": 1947,
    "0.002511283": 304,
    "0.0030868510000000003": 24,
    "0.003662419": 36,
    "0.004237987": 18,
    "0.004813555000000001": 20,
    "0.005389123000000001": 14,
    "0.005964691000000001": 50
  },
  "latencyPercentiles": {
    "p10": 0.000888628,
    "p25": 0.000947734,
    "p50": 0.001027599,
    "p75": 0.001088034,
    "p90": 0.00113443,
    "p95": 0.001174478,
    "p99": 0.00127957
  },
  "rps": {
    "mean": 49069.19345112124,
    "stddev": 3022.2064022065506,
    "max": 58148.60642010627,
    "percentiles": {
      "p10": 46828.65913939378,
      "p25": 47912.730412469566,
      "p50": 48893.8474164429,
      "p75": 50402.72174697678,
      "p90": 52065.11704631107,
      "p95": 53636.24737597572,
      "p99": 55839.84731504407
    }
  },
  "details": {
    "DNSDialup": {
      "average": 0.0007238137200000002,
      "fastest": 0.000082771,
      "slowest": 0.001618746
    },
    "DNSLookup": {
      "average": 0.000006702539999999999,
      "fastest": 0.000003356,
      "slowest": 0.000039336
    }
  },
  "statusCodeDistribution": {
    "200": 490730
  },
  "errorDistribution": {}
}