{
  "summary": {
    "successRate": 1,
    "total": 10.000679489,
    "slowest": 0.006485621,
    "fastest": 0.000087197,
    "average": 0.0007376483456592157,
    "requestsPerSec": 67649.90326348814,
    "totalData": 8795085,
    "sizePerRequest": 13,
    "sizePerSec": 879448.7424253458
  },
  "responseTimeHistogram": {
    "0.000087197": 1,
    "0.0007270394": 308332,
    "0.0013668818": 365257,
    "0.0020067241999999997": 2147,
    "0.0026465665999999997": 429,
    "0.0032864089999999997": 146,
    "0.0039262514": 32,
    "0.0045660938": 60,
    "0.0052059362": 11,
    "0.0058457786": 29,
    "0.006485621": 101
  },
  "latencyPercentiles": {
    "p10": 0.000639099,
    "p25": 0.00067829,
    "p50": 0.00073774,
    "p75": 0.000780449,
    "p90": 0.000815522,
    "p95": 0.000861461,
    "p99": 0.001039078
  },
  "rps": {
    "mean": 67639.41567455739,
    "stddev": 5578.796251123355,
    "max": 89385.47933387988,
    "percentiles": {
      "p10": 64805.19737682935,
      "p25": 67023.94095170793,
      "p50": 68331.68540252243,
      "p75": 69528.67362500555,
      "p90": 70631.82069871374,
      "p95": 72273.84026799632,
      "p99": 82392.18620272788
    }
  },
  "details": {
    "DNSDialup": {
      "average": 0.0005863510599999999,
      "fastest": 0.000081751,
      "slowest": 0.001165031
    },
    "DNSLookup": {
      "average": 0.000005304819999999999,
      "fastest": 0.000002969,
      "slowest": 0.000027174
    }
  },
  "statusCodeDistribution": {
    "200": 676545
  },
  "errorDistribution": {}
}