{
  "summary": {
    "successRate": 1,
    "total": 10.00062478,
    "slowest": 0.005963841,
    "fastest": 0.000139399,
    "average": 0.001020703679428617,
    "requestsPerSec": 48902.74465431948,
    "totalData": 6357754,
    "sizePerRequest": 13,
    "sizePerSec": 635735.6805061533
  },
  "responseTimeHistogram": {
    "0.000139399": 1,
    "0.0007218432": 8116,
    "0.0013042874": 476893,
    "0.0018867315999999998": 3606,
    "0.0024691758": 121,
    "0.0030516199999999997": 33,
    "0.0036340642": 68,
    "0.0042165084": 39,
    "0.0047989526": 38,
    "0.0053813967999999995": 46,
    "0.005963840999999999": 97
  },
  "latencyPercentiles": {
    "p10": 0.000895662,
    "p25": 0.000951507,
    "p50": 0.001029155,
    "p75": 0.001088896,
    "p90": 0.001132948,
    "p95": 0.001170308,
    "p99": 0.001282628
  },
  "rps": {
    "mean": 48897.019532208426,
    "stddev": 3007.42751861397,
    "max": 62943.122333112995,
    "percentiles": {
      "p10": 47092.01780278627,
      "p25": 47946.72176326969,
      "p50": 48893.53427870369,
      "p75": 50008.34139134686,
      "p90": 51308.87643562064,
      "p95": 52250.59425040934,
      "p99": 55531.00875585686
    }
  },
  "details": {
    "DNSDialup": {
      "average": 0.00072637096,
      "fastest": 0.000072848,
      "slowest": 0.001582392
    },
    "DNSLookup": {
      "average": 0.0000064824999999999985,
      "fastest": 0.000003126,
      "slowest": 0.000033863
    }
  },
  "statusCodeDistribution": {
    "200": 489058
  },
  "errorDistribution": {}
}