{
  "summary": {
    "successRate": 1,
    "total": 10.000388303,
    "slowest": 0.005776436,
    "fastest": 0.000321611,
    "average": 0.0010039587182810571,
    "requestsPerSec": 49723.86920724153,
    "totalData": 6464354,
    "sizePerRequest": 13,
    "sizePerSec": 646410.2996941399
  },
  "responseTimeHistogram": {
    "0.000321611": 1,
    "0.0008670934999999999": 45928,
    "0.001412576": 449518,
    "0.0019580584999999997": 1367,
    "0.0025035409999999998": 288,
    "0.0030490235": 19,
    "0.0035945059999999995": 37,
    "0.0041399884999999996": 0,
    "0.004685471": 11,
    "0.0052309535": 30,
    "0.005776436": 59
  },
  "latencyPercentiles": {
    "p10": 0.000874131,
    "p25": 0.000937994,
    "p50": 0.001016017,
    "p75": 0.001077758,
    "p90": 0.00112091,
    "p95": 0.001153677,
    "p99": 0.00125357
  },
  "rps": {
    "mean": 49721.1843899731,
    "stddev": 3050.126446963893,
    "max": 63497.30517637975,
    "percentiles": {
      "p10": 47547.357167739436,
      "p25": 48518.7719128538,
      "p50": 49562.175749481685,
      "p75": 50912.76158435925,
      "p90": 53090.60442551288,
      "p95": 54269.3341577117,
      "p99": 56518.47596018587
    }
  },
  "details": {
    "DNSDialup": {
      "average": 0.0005433242999999999,
      "fastest": 0.000072657,
      "slowest": 0.000817407
    },
    "DNSLookup": {
      "average": 0.000006181999999999999,
      "fastest": 0.000003095,
      "slowest": 0.000029225
    }
  },
  "statusCodeDistribution": {
    "200": 497258
  },
  "errorDistribution": {}
}