{
  "summary": {
    "successRate": 1,
    "total": 10.000620017,
    "slowest": 0.005909062,
    "fastest": 0.000267046,
    "average": 0.001239293331078824,
    "requestsPerSec": 40272.50303634849,
    "totalData": 5235750,
    "sizePerRequest": 13,
    "sizePerSec": 523542.5394725304
  },
  "responseTimeHistogram": {
    "0.000267046": 1,
    "0.0008312476": 1318,
    "0.0013954491999999998": 368124,
    "0.0019596507999999997": 32689,
    "0.0025238523999999997": 390,
    "0.003088054": 129,
    "0.0036522555999999994": 0,
    "0.0042164572": 11,
    "0.0047806587999999995": 13,
    "0.005344860399999999": 22,
    "0.005909062": 53
  },
  "latencyPercentiles": {
    "p10": 0.001086584,
    "p25": 0.001147649,
    "p50": 0.00124447,
    "p75": 0.001317461,
    "p90": 0.001381717,
    "p95": 0.001435457,
    "p99": 0.001548609
  },
  "rps": {
    "mean": 40272.54249865841,
    "stddev": 2269.247118339794,
    "max": 48368.44618820312,
    "percentiles": {
      "p10": 38042.78613159208,
      "p25": 39727.97644100977,
      "p50": 40645.14863109954,
      "p75": 41292.76172382191,
      "p90": 42065.38631573273,
      "p95": 42792.98442452159,
      "p99": 44461.77452107646
    }
  },
  "details": {
    "DNSDialup": {
      "average": 0.00075756648,
      "fastest": 0.000072205,
      "slowest": 0.001696031
    },
    "DNSLookup": {
      "average": 0.000006850579999999997,
      "fastest": 0.000003266,
      "slowest": 0.000037149
    }
  },
  "statusCodeDistribution": {
    "200": 402750
  },
  "errorDistribution": {}
}