{
  "summary": {
    "successRate": 1,
    "total": 10.000672711,
    "slowest": 0.006296563,
    "fastest": 0.00017277,
    "average": 0.0010158537279360321,
    "requestsPerSec": 49141.39420435634,
    "totalData": 6388811,
    "sizePerRequest": 13,
    "sizePerSec": 638838.1246566324
  },
  "responseTimeHistogram": {
    "0.00017277": 1,
    "0.0007851493000000001": 14939,
    "0.0013975286": 473882,
    "0.0020099079": 2127,
    "0.0026222872": 236,
    "0.0032346665000000004": 80,
    "0.0038470458": 19,
    "0.0044594251": 10,
    "0.0050718044": 26,
    "0.0056841837000000004": 110,
    "0.006296563000000001": 17
  },
  "latencyPercentiles": {
    "p10": 0.000889068,
    "p25": 0.000945271,
    "p50": 0.00102342,
    "p75": 0.001083928,
    "p90": 0.001129276,
    "p95": 0.001168208,
    "p99": 0.001303506
  },
  "rps": {
    "mean": 49132.63216803872,
    "stddev": 3072.111061823834,
    "max": 63909.51612695103,
    "percentiles": {
      "p10": 47321.50289091383,
      "p25": 48318.254095073025,
      "p50": 49246.661754727465,
      "p75": 50380.03609795236,
      "p90": 51820.685193746715,
      "p95": 52866.49471320076,
      "p99": 54867.316710873485
    }
  },
  "details": {
    "DNSDialup": {
      "average": 0.0005097790000000001,
      "fastest": 0.000068006,
      "slowest": 0.000839112
    },
    "DNSLookup": {
      "average": 0.0000065332400000000015,
      "fastest": 0.000003105,
      "slowest": 0.000037981
    }
  },
  "statusCodeDistribution": {
    "200": 491447
  },
  "errorDistribution": {}
}