{
  "summary": {
    "successRate": 1,
    "total": 10.000689897,
    "slowest": 0.005511468,
    "fastest": 0.000242302,
    "average": 0.0009954066926844008,
    "requestsPerSec": 50143.04064666869,
    "totalData": 6519045,
    "sizePerRequest": 13,
    "sizePerSec": 651859.528406693
  },
  "responseTimeHistogram": {
    "0.000242302": 1,
    "0.0007692186000000001": 15651,
    "0.0012961352000000002": 482326,
    "0.0018230518000000003": 3026,
    "0.0023499684": 198,
    "0.002876885": 35,
    "0.0034038016000000008": 100,
    "0.003930718200000001": 15,
    "0.0044576348000000005": 28,
    "0.0049845514": 10,
    "0.005511468": 75
  },
  "latencyPercentiles": {
    "p10": 0.000871416,
    "p25": 0.000929517,
    "p50": 0.001003024,
    "p75": 0.001065157,
    "p90": 0.00110667,
    "p95": 0.001138052,
    "p99": 0.001243321
  },
  "rps": {
    "mean": 50141.270432007805,
    "stddev": 2830.3586710545605,
    "max": 58506.62880104725,
    "percentiles": {
      "p10": 48331.083564844484,
      "p25": 49205.80136398113,
      "p50": 50058.47330266222,
      "p75": 51306.040531767794,
      "p90": 52863.33556233892,
      "p95": 53933.929835260766,
      "p99": 55662.613315163995
    }
  },
  "details": {
    "DNSDialup": {
      "average": 0.00075183268,
      "fastest": 0.000116569,
      "slowest": 0.001259086
    },
    "DNSLookup": {
      "average": 0.0000072661199999999995,
      "fastest": 0.000003416,
      "slowest": 0.00003759
    }
  },
  "statusCodeDistribution": {
    "200": 501465
  },
  "errorDistribution": {}
}