{
  "summary": {
    "successRate": 1,
    "total": 10.000599881,
    "slowest": 0.006518726,
    "fastest": 0.00024233,
    "average": 0.0010358761542466409,
    "requestsPerSec": 48185.509442840994,
    "totalData": 6264492,
    "sizePerRequest": 13,
    "sizePerSec": 626411.622756933
  },
  "responseTimeHistogram": {
    "0.00024233": 1,
    "0.0008699696": 28415,
    "0.0014976092": 448617,
    "0.0021252488": 4220,
    "0.0027528884": 431,
    "0.003380528": 45,
    "0.0040081676": 56,
    "0.0046358072": 15,
    "0.0052634468": 40,
    "0.0058910864": 39,
    "0.006518726": 5
  },
  "latencyPercentiles": {
    "p10": 0.000904696,
    "p25": 0.000958254,
    "p50": 0.00103843,
    "p75": 0.00109786,
    "p90": 0.001147923,
    "p95": 0.001203605,
    "p99": 0.001502354
  },
  "rps": {
    "mean": 48185.677366650045,
    "stddev": 3445.1608846885606,
    "max": 58464.36927057159,
    "percentiles": {
      "p10": 46528.77769803508,
      "p25": 47601.01932601524,
      "p50": 48513.78909232141,
      "p75": 49523.58313028601,
      "p90": 50820.00851159789,
      "p95": 51852.13936210036,
      "p99": 53857.093905248
    }
  },
  "details": {
    "DNSDialup": {
      "average": 0.0007322183,
      "fastest": 0.000071003,
      "slowest": 0.001412418
    },
    "DNSLookup": {
      "average": 0.00000639684,
      "fastest": 0.000003216,
      "slowest": 0.000025318
    }
  },
  "statusCodeDistribution": {
    "200": 481884
  },
  "errorDistribution": {}
}