{
  "summary": {
    "successRate": 1,
    "total": 10.000585592,
    "slowest": 0.006813495,
    "fastest": 0.000157675,
    "average": 0.0010967237149103986,
    "requestsPerSec": 45507.235132716414,
    "totalData": 5916287,
    "sizePerRequest": 13,
    "sizePerSec": 591594.0567253134
  },
  "responseTimeHistogram": {
    "0.000157675": 1,
    "0.000823257": 12055,
    "0.0014888389999999998": 440158,
    "0.0021544209999999997": 2424,
    "0.0028200029999999997": 190,
    "0.003485585": 104,
    "0.004151167": 76,
    "0.004816749": 23,
    "0.005482331": 17,
    "0.006147913": 1,
    "0.006813495": 50
  },
  "latencyPercentiles": {
    "p10": 0.000963775,
    "p25": 0.001022554,
    "p50": 0.001106302,
    "p75": 0.001170652,
    "p90": 0.001216257,
    "p95": 0.001253577,
    "p99": 0.001405782
  },
  "rps": {
    "mean": 45507.65834144994,
    "stddev": 2812.816012524822,
    "max": 60012.597602427944,
    "percentiles": {
      "p10": 44109.57177707716,
      "p25": 44789.81702007164,
      "p50": 45487.63199427026,
      "p75": 46406.80991369055,
      "p90": 47906.544033912876,
      "p95": 49124.385679298815,
      "p99": 51552.752836605294
    }
  },
  "details": {
    "DNSDialup": {
      "average": 0.0008355253799999999,
      "fastest": 0.000086815,
      "slowest": 0.001752959
    },
    "DNSLookup": {
      "average": 0.000008233380000000002,
      "fastest": 0.000003356,
      "slowest": 0.000045174
    }
  },
  "statusCodeDistribution": {
    "200": 455099
  },
  "errorDistribution": {}
}