{
  "summary": {
    "successRate": 1,
    "total": 10.000660806,
    "slowest": 0.006670061,
    "fastest": 0.000204216,
    "average": 0.0010164130430391958,
    "requestsPerSec": 49112.454619531265,
    "totalData": 6385041,
    "sizePerRequest": 13,
    "sizePerSec": 638461.9100539064
  },
  "responseTimeHistogram": {
    "0.000204216": 1,
    "0.0008508004999999999": 26133,
    "0.001497385": 463292,
    "0.0021439694999999996": 1310,
    "0.0027905539999999998": 197,
    "0.0034371385": 57,
    "0.004083722999999999": 11,
    "0.004730307499999999": 6,
    "0.0053768919999999994": 61,
    "0.0060234765": 63,
    "0.006670061": 26
  },
  "latencyPercentiles": {
    "p10": 0.000893638,
    "p25": 0.000946627,
    "p50": 0.001024069,
    "p75": 0.001081963,
    "p90": 0.001125914,
    "p95": 0.001162329,
    "p99": 0.001290802
  },
  "rps": {
    "mean": 49108.966828672994,
    "stddev": 2920.7609109278824,
    "max": 58279.53780307521,
    "percentiles": {
      "p10": 47505.99050540151,
      "p25": 48425.035743478795,
      "p50": 49160.979278697356,
      "p75": 50212.585132811386,
      "p90": 51526.69900017559,
      "p95": 52657.66230671471,
      "p99": 54229.73958918645
    }
  },
  "details": {
    "DNSDialup": {
      "average": 0.00068673166,
      "fastest": 0.00006404,
      "slowest": 0.001574019
    },
    "DNSLookup": {
      "average": 0.00000613662,
      "fastest": 0.000002674,
      "slowest": 0.000038772
    }
  },
  "statusCodeDistribution": {
    "200": 491157
  },
  "errorDistribution": {}
}