{
  "summary": {
    "successRate": 1,
    "total": 10.000268671,
    "slowest": 0.00604177,
    "fastest": 0.00030709,
    "average": 0.0010221661913867135,
    "requestsPerSec": 48836.98789176261,
    "totalData": 6348979,
    "sizePerRequest": 13,
    "sizePerSec": 634880.8425929139
  },
  "responseTimeHistogram": {
    "0.00030709": 1,
    "0.0008805579999999999": 40331,
    "0.0014540259999999998": 446416,
    "0.002027494": 1175,
    "0.0026009619999999996": 306,
    "0.0031744299999999994": 18,
    "0.0037478979999999995": 37,
    "0.004321366": 12,
    "0.004894834": 19,
    "0.0054683019999999995": 16,
    "0.006041769999999999": 52
  },
  "latencyPercentiles": {
    "p10": 0.000894601,
    "p25": 0.000952263,
    "p50": 0.00103295,
    "p75": 0.001093134,
    "p90": 0.001137132,
    "p95": 0.001173026,
    "p99": 0.001274947
  },
  "rps": {
    "mean": 48830.80648624884,
    "stddev": 2892.0417457244534,
    "max": 59634.5606172754,
    "percentiles": {
      "p10": 46601.73824483648,
      "p25": 47625.52251751701,
      "p50": 48704.89971291093,
      "p75": 50101.070829585726,
      "p90": 51782.5361844247,
      "p95": 52826.30240642135,
      "p99": 55248.45107021167
    }
  },
  "details": {
    "DNSDialup": {
      "average": 0.0008012219000000001,
      "fastest": 0.000083064,
      "slowest": 0.001706479
    },
    "DNSLookup": {
      "average": 0.0000253041,
      "fastest": 0.000003255,
      "slowest": 0.000942165
    }
  },
  "statusCodeDistribution": {
    "200": 488383
  },
  "errorDistribution": {}
}