{
  "summary": {
    "successRate": 1,
    "total": 10.000591927,
    "slowest": 0.006096245,
    "fastest": 0.000129443,
    "average": 0.0010495779868506848,
    "requestsPerSec": 47558.58487895283,
    "totalData": 6182982,
    "sizePerRequest": 13,
    "sizePerSec": 618261.6034263868
  },
  "responseTimeHistogram": {
    "0.000129443": 1,
    "0.0007261232": 6213,
    "0.0013228034": 465133,
    "0.0019194835999999998": 3751,
    "0.0025161638": 352,
    "0.003112844": 63,
    "0.0037095241999999997": 0,
    "0.0043062044": 0,
    "0.0049028846": 10,
    "0.0054995648": 24,
    "0.006096245": 67
  },
  "latencyPercentiles": {
    "p10": 0.000918596,
    "p25": 0.000977629,
    "p50": 0.001058536,
    "p75": 0.001121954,
    "p90": 0.001167157,
    "p95": 0.001204631,
    "p99": 0.00131221
  },
  "rps": {
    "mean": 47557.160011690816,
    "stddev": 2637.4598649333784,
    "max": 56181.10541140551,
    "percentiles": {
      "p10": 45629.85104855668,
      "p25": 46604.52529940738,
      "p50": 47574.27999646379,
      "p75": 48671.8250121703,
      "p90": 49987.43789587533,
      "p95": 50943.33436732833,
      "p99": 53044.21765984502
    }
  },
  "details": {
    "DNSDialup": {
      "average": 0.0005258257,
      "fastest": 0.000076823,
      "slowest": 0.000844879
    },
    "DNSLookup": {
      "average": 0.0000064656,
      "fastest": 0.000003536,
      "slowest": 0.000036438
    }
  },
  "statusCodeDistribution": {
    "200": 475614
  },
  "errorDistribution": {}
}