{
  "summary": {
    "successRate": 1,
    "total": 10.00062913,
    "slowest": 0.005889952,
    "fastest": 0.000252131,
    "average": 0.0010175131243515727,
    "requestsPerSec": 49059.41352511689,
    "totalData": 6378125,
    "sizePerRequest": 13,
    "sizePerSec": 637772.3758265196
  },
  "responseTimeHistogram": {
    "0.000252131": 1,
    "0.0008159131": 20861,
    "0.0013796952": 466433,
    "0.0019434773": 2765,
    "0.0025072594": 339,
    "0.0030710415000000002": 60,
    "0.0036348236": 20,
    "0.0041986057": 29,
    "0.0047623878": 20,
    "0.0053261699": 13,
    "0.005889952": 84
  },
  "latencyPercentiles": {
    "p10": 0.000888858,
    "p25": 0.000947824,
    "p50": 0.001025433,
    "p75": 0.001087554,
    "p90": 0.0011326,
    "p95": 0.001170664,
    "p99": 0.001313747
  },
  "rps": {
    "mean": 49061.440363111054,
    "stddev": 3075.2149622513316,
    "max": 61158.10631681883,
    "percentiles": {
      "p10": 47133.41287638653,
      "p25": 48134.44982574014,
      "p50": 49126.678052024494,
      "p75": 50243.329847661196,
      "p90": 51825.60703243717,
      "p95": 52972.324268076445,
      "p99": 55707.930813994055
    }
  },
  "details": {
    "DNSDialup": {
      "average": 0.0006858410599999999,
      "fastest": 0.00007149,
      "slowest": 0.001420425
    },
    "DNSLookup": {
      "average": 0.00000806536,
      "fastest": 0.000003577,
      "slowest": 0.000045033
    }
  },
  "statusCodeDistribution": {
    "200": 490625
  },
  "errorDistribution": {}
}