{
  "summary": {
    "successRate": 1,
    "total": 10.00061799,
    "slowest": 0.007077343,
    "fastest": 0.000159575,
    "average": 0.0010718188812579418,
    "requestsPerSec": 46566.12226021044,
    "totalData": 6053970,
    "sizePerRequest": 13,
    "sizePerSec": 605359.5893827357
  },
  "responseTimeHistogram": {
    "0.000159575": 1,
    "0.0008513517999999999": 15600,
    "0.0015431285999999997": 448103,
    "0.0022349053999999994": 1592,
    "0.0029266821999999995": 204,
    "0.0036184589999999997": 66,
    "0.004310235799999999": 25,
    "0.0050020125999999995": 9,
    "0.0056937894": 31,
    "0.0063855662": 58,
    "0.007077343": 1
  },
  "latencyPercentiles": {
    "p10": 0.000941957,
    "p25": 0.000999317,
    "p50": 0.00107988,
    "p75": 0.001142317,
    "p90": 0.001189267,
    "p95": 0.00122726,
    "p99": 0.001369058
  },
  "rps": {
    "mean": 46564.314266807436,
    "stddev": 2683.6904368297364,
    "max": 58521.34400679736,
    "percentiles": {
      "p10": 45163.47370943884,
      "p25": 45825.64303847221,
      "p50": 46538.86811428488,
      "p75": 47475.62658542921,
      "p90": 48815.14350643489,
      "p95": 49916.81869367785,
      "p99": 51901.908209861846
    }
  },
  "details": {
    "DNSDialup": {
      "average": 0.0008491157200000001,
      "fastest": 0.000122719,
      "slowest": 0.001827465
    },
    "DNSLookup": {
      "average": 0.000007118580000000002,
      "fastest": 0.000002986,
      "slowest": 0.000042189
    }
  },
  "statusCodeDistribution": {
    "200": 465690
  },
  "errorDistribution": {}
}