{
  "summary": {
    "successRate": 1,
    "total": 10.000669218,
    "slowest": 0.006596594,
    "fastest": 0.00025041,
    "average": 0.0010240700038197021,
    "requestsPerSec": 48744.2379478569,
    "totalData": 6337175,
    "sizePerRequest": 13,
    "sizePerSec": 633675.0933221397
  },
  "responseTimeHistogram": {
    "0.00025041": 1,
    "0.0008850283999999999": 36636,
    "0.0015196467999999998": 449036,
    "0.0021542652": 1391,
    "0.0027888835999999996": 236,
    "0.0034235019999999997": 61,
    "0.004058120399999999": 16,
    "0.0046927387999999995": 7,
    "0.0053273572": 20,
    "0.0059619756": 69,
    "0.006596594": 2
  },
  "latencyPercentiles": {
    "p10": 0.000902956,
    "p25": 0.000954373,
    "p50": 0.001031242,
    "p75": 0.001089269,
    "p90": 0.001131575,
    "p95": 0.001168375,
    "p99": 0.001311001
  },
  "rps": {
    "mean": 48743.89644959188,
    "stddev": 2797.6951644450787,
    "max": 58419.529648759846,
    "percentiles": {
      "p10": 47007.31903957461,
      "p25": 48008.54071939384,
      "p50": 48824.57340779658,
      "p75": 49860.03934410437,
      "p90": 51045.273511515814,
      "p95": 51856.466516424975,
      "p99": 53255.353614549414
    }
  },
  "details": {
    "DNSDialup": {
      "average": 0.0007286930000000001,
      "fastest": 0.000081733,
      "slowest": 0.001452945
    },
    "DNSLookup": {
      "average": 0.00000796116,
      "fastest": 0.000003446,
      "slowest": 0.000040486
    }
  },
  "statusCodeDistribution": {
    "200": 487475
  },
  "errorDistribution": {}
}