{
  "summary": {
    "successRate": 1,
    "total": 10.000662552,
    "slowest": 0.006104722,
    "fastest": 0.000206932,
    "average": 0.0010492882729498246,
    "requestsPerSec": 47573.348018312376,
    "totalData": 6184945,
    "sizePerRequest": 13,
    "sizePerSec": 618453.5242380609
  },
  "responseTimeHistogram": {
    "0.000206932": 1,
    "0.0007967110000000001": 13365,
    "0.00138649": 459194,
    "0.001976269": 2742,
    "0.002566048": 337,
    "0.003155827": 29,
    "0.0037456060000000003": 2,
    "0.004335385": 13,
    "0.004925164": 15,
    "0.0055149430000000004": 19,
    "0.006104722": 48
  },
  "latencyPercentiles": {
    "p10": 0.00091632,
    "p25": 0.000977848,
    "p50": 0.001058005,
    "p75": 0.001122518,
    "p90": 0.001168172,
    "p95": 0.00120582,
    "p99": 0.001331183
  },
  "rps": {
    "mean": 47573.39827927792,
    "stddev": 2809.601884810932,
    "max": 59745.083640115925,
    "percentiles": {
      "p10": 45541.511087353574,
      "p25": 46566.36172209046,
      "p50": 47607.12678687871,
      "p75": 48801.38595935993,
      "p90": 50063.42202852851,
      "p95": 50912.570011085954,
      "p99": 53664.87009497236
    }
  },
  "details": {
    "DNSDialup": {
      "average": 0.0008101618599999997,
      "fastest": 0.000109622,
      "slowest": 0.001299714
    },
    "DNSLookup": {
      "average": 0.0000068759600000000005,
      "fastest": 0.000003416,
      "slowest": 0.000036137
    }
  },
  "statusCodeDistribution": {
    "200": 475765
  },
  "errorDistribution": {}
}