{
  "summary": {
    "successRate": 1,
    "total": 10.000713071,
    "slowest": 0.006587636,
    "fastest": 0.000118821,
    "average": 0.001034552954618936,
    "requestsPerSec": 48250.15942105715,
    "totalData": 6272968,
    "sizePerRequest": 13,
    "sizePerSec": 627252.0724737429
  },
  "responseTimeHistogram": {
    "0.000118821": 1,
    "0.0007657025": 9044,
    "0.0014125840000000001": 470444,
    "0.0020594655": 2669,
    "0.002706347": 117,
    "0.0033532285": 51,
    "0.00400011": 73,
    "0.0046469915": 25,
    "0.005293873": 32,
    "0.0059407545": 23,
    "0.006587636": 57
  },
  "latencyPercentiles": {
    "p10": 0.000905051,
    "p25": 0.000958946,
    "p50": 0.001040495,
    "p75": 0.001099568,
    "p90": 0.001154756,
    "p95": 0.001206458,
    "p99": 0.001346861
  },
  "rps": {
    "mean": 48249.189146106924,
    "stddev": 2911.1106374304386,
    "max": 60430.49514467248,
    "percentiles": {
      "p10": 46416.82609946079,
      "p25": 47434.21511165898,
      "p50": 48501.72181112133,
      "p75": 49432.60574675036,
      "p90": 50707.514853698165,
      "p95": 51529.16596349615,
      "p99": 53641.30294826691
    }
  },
  "details": {
    "DNSDialup": {
      "average": 0.0006925954199999997,
      "fastest": 0.000083817,
      "slowest": 0.001545239
    },
    "DNSLookup": {
      "average": 0.0000065025,
      "fastest": 0.000003216,
      "slowest": 0.00003206
    }
  },
  "statusCodeDistribution": {
    "200": 482536
  },
  "errorDistribution": {}
}