{
  "summary": {
    "successRate": 1,
    "total": 10.00058875,
    "slowest": 0.005666792,
    "fastest": 0.000270435,
    "average": 0.0009619806323639013,
    "requestsPerSec": 51909.14384915588,
    "totalData": 6748586,
    "sizePerRequest": 13,
    "sizePerSec": 674818.8700390265
  },
  "responseTimeHistogram": {
    "0.000270435": 1,
    "0.0008100707": 125927,
    "0.0013497064000000001": 388527,
    "0.0018893421000000003": 3865,
    "0.0024289778": 364,
    "0.0029686135": 252,
    "0.0035082492000000002": 143,
    "0.004047884900000001": 1,
    "0.0045875206000000005": 17,
    "0.0051271563000000004": 24,
    "0.005666792": 1
  },
  "latencyPercentiles": {
    "p10": 0.000627664,
    "p25": 0.000828861,
    "p50": 0.00101125,
    "p75": 0.001113272,
    "p90": 0.001163344,
    "p95": 0.001197057,
    "p99": 0.001332359
  },
  "rps": {
    "mean": 51908.76268174955,
    "stddev": 7845.193812927554,
    "max": 81106.16406847669,
    "percentiles": {
      "p10": 46220.55524551861,
      "p25": 47002.30781331355,
      "p50": 48738.58022405645,
      "p75": 55473.374642709576,
      "p90": 62932.97206188279,
      "p95": 68569.13949639516,
      "p99": 77653.88670727635
    }
  },
  "details": {
    "DNSDialup": {
      "average": 0.00070134556,
      "fastest": 0.000072964,
      "slowest": 0.001518278
    },
    "DNSLookup": {
      "average": 0.00000659336,
      "fastest": 0.000002986,
      "slowest": 0.00003172
    }
  },
  "statusCodeDistribution": {
    "200": 519122
  },
  "errorDistribution": {}
}