{
  "summary": {
    "successRate": 1,
    "total": 10.000777884,
    "slowest": 0.00652817,
    "fastest": 0.000340005,
    "average": 0.0010025842968669815,
    "requestsPerSec": 49788.12706125691,
    "totalData": 6472960,
    "sizePerRequest": 13,
    "sizePerSec": 647245.6517963398
  },
  "responseTimeHistogram": {
    "0.000340005": 1,
    "0.0009588215": 168108,
    "0.001577638": 328801,
    "0.0021964544999999998": 729,
    "0.002815271": 53,
    "0.0034340875": 55,
    "0.0040529039999999995": 75,
    "0.0046717205": 11,
    "0.005290537": 40,
    "0.0059093535": 42,
    "0.00652817": 5
  },
  "latencyPercentiles": {
    "p10": 0.000880639,
    "p25": 0.000935301,
    "p50": 0.001011589,
    "p75": 0.001070524,
    "p90": 0.001112926,
    "p95": 0.001146455,
    "p99": 0.001251277
  },
  "rps": {
    "mean": 49786.150940548185,
    "stddev": 2847.891768118812,
    "max": 60758.53477239956,
    "percentiles": {
      "p10": 48028.36059653013,
      "p25": 48894.40905986192,
      "p50": 49802.55049425281,
      "p75": 50855.61558059266,
      "p90": 52151.36960148111,
      "p95": 53196.01881395792,
      "p99": 55373.66358466921
    }
  },
  "details": {
    "DNSDialup": {
      "average": 0.0007074811199999999,
      "fastest": 0.000079826,
      "slowest": 0.001603519
    },
    "DNSLookup": {
      "average": 0.000007349140000000001,
      "fastest": 0.000003727,
      "slowest": 0.000036848
    }
  },
  "statusCodeDistribution": {
    "200": 497920
  },
  "errorDistribution": {}
}