{
  "summary": {
    "successRate": 1,
    "total": 10.000763454,
    "slowest": 0.005170556,
    "fastest": 0.000097757,
    "average": 0.0006493756432997525,
    "requestsPerSec": 76847.73302908281,
    "totalData": 9990968,
    "sizePerRequest": 13,
    "sizePerSec": 999020.5293780764
  },
  "responseTimeHistogram": {
    "0.000097757": 1,
    "0.0006050368999999999": 190436,
    "0.0011123167999999998": 575871,
    "0.0016195966999999996": 1437,
    "0.0021268765999999995": 416,
    "0.0026341564999999996": 118,
    "0.0031414363999999993": 82,
    "0.003648716299999999": 92,
    "0.0041559961999999995": 49,
    "0.0046632761": 33,
    "0.005170556": 1
  },
  "latencyPercentiles": {
    "p10": 0.000542433,
    "p25": 0.000605494,
    "p50": 0.000659711,
    "p75": 0.000702398,
    "p90": 0.000729442,
    "p95": 0.000754203,
    "p99": 0.000865757
  },
  "rps": {
    "mean": 76841.35124983182,
    "stddev": 6969.146156294041,
    "max": 115291.97994160201,
    "percentiles": {
      "p10": 73412.16439564103,
      "p25": 74725.73148968462,
      "p50": 75901.12306627046,
      "p75": 77350.25743572452,
      "p90": 83410.45967165068,
      "p95": 87885.4206605109,
      "p99": 101832.96323990739
    }
  },
  "details": {
    "DNSDialup": {
      "average": 0.0005082553799999999,
      "fastest": 0.000068117,
      "slowest": 0.000943503
    },
    "DNSLookup": {
      "average": 0.0000056833199999999975,
      "fastest": 0.000002859,
      "slowest": 0.000030655
    }
  },
  "statusCodeDistribution": {
    "200": 768536
  },
  "errorDistribution": {}
}