{
  "summary": {
    "successRate": 1,
    "total": 10.00070366,
    "slowest": 0.006691483,
    "fastest": 0.000280477,
    "average": 0.0010081082671913432,
    "requestsPerSec": 49512.71598822677,
    "totalData": 6437106,
    "sizePerRequest": 13,
    "sizePerSec": 643665.307846948
  },
  "responseTimeHistogram": {
    "0.000280477": 1,
    "0.0009215775999999999": 91276,
    "0.0015626781999999997": 402862,
    "0.0022037788": 746,
    "0.0028448793999999995": 69,
    "0.003485979999999999": 27,
    "0.004127080599999999": 48,
    "0.0047681812": 23,
    "0.0054092817999999996": 48,
    "0.006050382399999999": 53,
    "0.006691482999999999": 9
  },
  "latencyPercentiles": {
    "p10": 0.000883341,
    "p25": 0.000940408,
    "p50": 0.001016804,
    "p75": 0.001077145,
    "p90": 0.001120506,
    "p95": 0.001157269,
    "p99": 0.001262723
  },
  "rps": {
    "mean": 49512.715776568904,
    "stddev": 2852.3828855480942,
    "max": 57547.37883720208,
    "percentiles": {
      "p10": 47805.46148592831,
      "p25": 48666.91213749811,
      "p50": 49605.769150954824,
      "p75": 50662.167545792625,
      "p90": 52049.19806984676,
      "p95": 53149.32835293848,
      "p99": 54903.49186208481
    }
  },
  "details": {
    "DNSDialup": {
      "average": 0.0007661413199999999,
      "fastest": 0.00009656,
      "slowest": 0.001260703
    },
    "DNSLookup": {
      "average": 0.000007035219999999997,
      "fastest": 0.000003707,
      "slowest": 0.000025768
    }
  },
  "statusCodeDistribution": {
    "200": 495162
  },
  "errorDistribution": {}
}