{
  "summary": {
    "successRate": 1,
    "total": 10.000619368,
    "slowest": 0.005738144,
    "fastest": 0.000081652,
    "average": 0.0010409018281633774,
    "requestsPerSec": 47953.62990561526,
    "totalData": 6234358,
    "sizePerRequest": 13,
    "sizePerSec": 623397.1887729984
  },
  "responseTimeHistogram": {
    "0.000081652": 1,
    "0.0006473011999999999": 2938,
    "0.0012129503999999999": 459306,
    "0.0017785995999999998": 16680,
    "0.0023442488": 456,
    "0.0029098979999999997": 78,
    "0.0034755472": 6,
    "0.0040411964": 2,
    "0.004606845599999999": 25,
    "0.005172494799999999": 11,
    "0.005738143999999999": 63
  },
  "latencyPercentiles": {
    "p10": 0.000909008,
    "p25": 0.000971083,
    "p50": 0.001050625,
    "p75": 0.00111521,
    "p90": 0.001159554,
    "p95": 0.001194451,
    "p99": 0.001295867
  },
  "rps": {
    "mean": 47935.50986245993,
    "stddev": 2738.7805668790324,
    "max": 55817.20286191883,
    "percentiles": {
      "p10": 45734.179509261754,
      "p25": 46946.34073293872,
      "p50": 47930.93916949703,
      "p75": 49171.46584885243,
      "p90": 50723.06991688098,
      "p95": 51545.16387257822,
      "p99": 53125.8580756704
    }
  },
  "details": {
    "DNSDialup": {
      "average": 0.0007749472599999997,
      "fastest": 0.000054692,
      "slowest": 0.001475601
    },
    "DNSLookup": {
      "average": 0.00000560626,
      "fastest": 0.000002564,
      "slowest": 0.000029986
    }
  },
  "statusCodeDistribution": {
    "200": 479566
  },
  "errorDistribution": {}
}