{
  "summary": {
    "successRate": 1,
    "total": 10.000395202,
    "slowest": 0.005868384,
    "fastest": 0.000200422,
    "average": 0.0010268230712565675,
    "requestsPerSec": 48618.178599858096,
    "totalData": 6320613,
    "sizePerRequest": 13,
    "sizePerSec": 632036.3217981553
  },
  "responseTimeHistogram": {
    "0.000200422": 1,
    "0.0007672182": 11869,
    "0.0013340144": 471155,
    "0.0019008106": 2685,
    "0.0024676068": 331,
    "0.003034403": 59,
    "0.0036011992": 2,
    "0.004167995400000001": 8,
    "0.0047347916": 14,
    "0.0053015878": 15,
    "0.005868384000000001": 62
  },
  "latencyPercentiles": {
    "p10": 0.000900193,
    "p25": 0.000956838,
    "p50": 0.001036764,
    "p75": 0.00109514,
    "p90": 0.001145564,
    "p95": 0.001183866,
    "p99": 0.001287898
  },
  "rps": {
    "mean": 48614.577292847236,
    "stddev": 2947.8219824724047,
    "max": 64616.82075023108,
    "percentiles": {
      "p10": 46399.01465365222,
      "p25": 47475.2358430192,
      "p50": 48604.03899563904,
      "p75": 49688.8735191784,
      "p90": 51326.38176022051,
      "p95": 52943.33628293779,
      "p99": 55839.22705700591
    }
  },
  "details": {
    "DNSDialup": {
      "average": 0.0008231242000000001,
      "fastest": 0.000083399,
      "slowest": 0.001328284
    },
    "DNSLookup": {
      "average": 0.00000655562,
      "fastest": 0.000003336,
      "slowest": 0.000036578
    }
  },
  "statusCodeDistribution": {
    "200": 486201
  },
  "errorDistribution": {}
}