{
  "summary": {
    "successRate": 1,
    "total": 10.000622435,
    "slowest": 0.006232568,
    "fastest": 0.000462697,
    "average": 0.0010711475243148274,
    "requestsPerSec": 46598.29955874141,
    "totalData": 6058156,
    "sizePerRequest": 13,
    "sizePerSec": 605777.8942636384
  },
  "responseTimeHistogram": {
    "0.000462697": 1,
    "0.0010396841": 183531,
    "0.0016166712": 280893,
    "0.0021936583": 1179,
    "0.0027706453999999997": 179,
    "0.0033476324999999994": 78,
    "0.0039246196": 25,
    "0.0045016067": 12,
    "0.0050785938": 39,
    "0.005655580899999999": 62,
    "0.006232567999999999": 13
  },
  "latencyPercentiles": {
    "p10": 0.000938699,
    "p25": 0.000996341,
    "p50": 0.001078911,
    "p75": 0.001140153,
    "p90": 0.001189974,
    "p95": 0.001242002,
    "p99": 0.001386511
  },
  "rps": {
    "mean": 46596.09632447403,
    "stddev": 2730.767825094907,
    "max": 55879.113103665346,
    "percentiles": {
      "p10": 45006.64350298146,
      "p25": 45820.234215428,
      "p50": 46629.76791900304,
      "p75": 47601.57022786476,
      "p90": 49069.192468299996,
      "p95": 49862.12670498125,
      "p99": 52332.11098329867
    }
  },
  "details": {
    "DNSDialup": {
      "average": 0.0008062271199999997,
      "fastest": 0.000100887,
      "slowest": 0.00153211
    },
    "DNSLookup": {
      "average": 0.000007053100000000002,
      "fastest": 0.000003286,
      "slowest": 0.00003759
    }
  },
  "statusCodeDistribution": {
    "200": 466012
  },
  "errorDistribution": {}
}