{
  "summary": {
    "successRate": 1,
    "total": 10.000660989,
    "slowest": 0.006524564,
    "fastest": 0.000163496,
    "average": 0.0010454162155854485,
    "requestsPerSec": 47742.644263731076,
    "totalData": 6206954,
    "sizePerRequest": 13,
    "sizePerSec": 620654.375428504
  },
  "responseTimeHistogram": {
    "0.000163496": 1,
    "0.0007996028": 15642,
    "0.0014357096": 458935,
    "0.0020718164000000003": 2407,
    "0.0027079232": 253,
    "0.0033440300000000004": 64,
    "0.003980136800000001": 52,
    "0.0046162436": 28,
    "0.0052523504": 25,
    "0.005888457200000001": 1,
    "0.006524564000000001": 50
  },
  "latencyPercentiles": {
    "p10": 0.000916295,
    "p25": 0.000975987,
    "p50": 0.001054979,
    "p75": 0.001117118,
    "p90": 0.001161374,
    "p95": 0.001197055,
    "p99": 0.001341801
  },
  "rps": {
    "mean": 47743.50688475944,
    "stddev": 2874.108313638323,
    "max": 58402.38314000988,
    "percentiles": {
      "p10": 46020.62286601951,
      "p25": 46895.6577627063,
      "p50": 47715.847407333116,
      "p75": 48720.355827708256,
      "p90": 50545.2734013863,
      "p95": 51551.300706911374,
      "p99": 53864.381769797044
    }
  },
  "details": {
    "DNSDialup": {
      "average": 0.00084841956,
      "fastest": 0.000088542,
      "slowest": 0.001381625
    },
    "DNSLookup": {
      "average": 0.000009149699999999996,
      "fastest": 0.000003717,
      "slowest": 0.000125815
    }
  },
  "statusCodeDistribution": {
    "200": 477458
  },
  "errorDistribution": {}
}