{
  "summary": {
    "successRate": 1,
    "total": 10.000598096,
    "slowest": 0.0060311,
    "fastest": 0.000316109,
    "average": 0.0010298009156718977,
    "requestsPerSec": 48469.70104656829,
    "totalData": 6301438,
    "sizePerRequest": 13,
    "sizePerSec": 630106.1136053877
  },
  "responseTimeHistogram": {
    "0.000316109": 1,
    "0.0008876081": 39745,
    "0.0014591072": 443346,
    "0.0020306063": 1251,
    "0.0026021054": 187,
    "0.0031736045": 70,
    "0.0037451036": 27,
    "0.0043166027": 2,
    "0.0048881018": 0,
    "0.0054596009": 30,
    "0.0060311": 67
  },
  "latencyPercentiles": {
    "p10": 0.00090252,
    "p25": 0.000960847,
    "p50": 0.001039475,
    "p75": 0.001099945,
    "p90": 0.001146252,
    "p95": 0.001186124,
    "p99": 0.001299822
  },
  "rps": {
    "mean": 48466.95566886985,
    "stddev": 3150.850028971068,
    "max": 73407.57566181077,
    "percentiles": {
      "p10": 46502.31620789915,
      "p25": 47469.98050619667,
      "p50": 48337.72759638934,
      "p75": 49305.68001433571,
      "p90": 51052.41630279511,
      "p95": 52692.89757842892,
      "p99": 56036.210599289436
    }
  },
  "details": {
    "DNSDialup": {
      "average": 0.0008983288200000002,
      "fastest": 0.000066564,
      "slowest": 0.001508106
    },
    "DNSLookup": {
      "average": 0.000010148999999999999,
      "fastest": 0.000003115,
      "slowest": 0.000138859
    }
  },
  "statusCodeDistribution": {
    "200": 484726
  },
  "errorDistribution": {}
}