{
  "summary": {
    "successRate": 1,
    "total": 10.000626665,
    "slowest": 0.005700117,
    "fastest": 0.000187972,
    "average": 0.00101524195101356,
    "requestsPerSec": 49165.61896273927,
    "totalData": 6391931,
    "sizePerRequest": 13,
    "sizePerSec": 639153.0465156105
  },
  "responseTimeHistogram": {
    "0.000187972": 1,
    "0.0007391865": 16092,
    "0.001290401": 470499,
    "0.0018416155": 4588,
    "0.0023928300000000003": 344,
    "0.0029440445000000004": 59,
    "0.0034952589999999997": 4,
    "0.0040464735": 9,
    "0.004597688": 14,
    "0.0051489025": 22,
    "0.005700117": 55
  },
  "latencyPercentiles": {
    "p10": 0.000873333,
    "p25": 0.000946498,
    "p50": 0.001025841,
    "p75": 0.001091002,
    "p90": 0.001140013,
    "p95": 0.001184476,
    "p99": 0.001293563
  },
  "rps": {
    "mean": 49161.945890150346,
    "stddev": 3081.6816336199886,
    "max": 59168.280818889965,
    "percentiles": {
      "p10": 46831.78941865569,
      "p25": 47832.20063746649,
      "p50": 49009.48823692307,
      "p75": 50606.796492768306,
      "p90": 52445.04504918981,
      "p95": 53318.27812946211,
      "p99": 56457.9297669352
    }
  },
  "details": {
    "DNSDialup": {
      "average": 0.00076255336,
      "fastest": 0.000184861,
      "slowest": 0.001342383
    },
    "DNSLookup": {
      "average": 0.00000677704,
      "fastest": 0.000003066,
      "slowest": 0.000035156
    }
  },
  "statusCodeDistribution": {
    "200": 491687
  },
  "errorDistribution": {}
}