{
  "summary": {
    "successRate": 1,
    "total": 10.000782113,
    "slowest": 0.006542982,
    "fastest": 0.000233736,
    "average": 0.0010086856001628617,
    "requestsPerSec": 49485.02971149573,
    "totalData": 6433557,
    "sizePerRequest": 13,
    "sizePerSec": 643305.3862494444
  },
  "responseTimeHistogram": {
    "0.000233736": 1,
    "0.0008646606": 37515,
    "0.0014955852": 455727,
    "0.0021265098000000002": 1280,
    "0.0027574344": 188,
    "0.003388359": 24,
    "0.0040192836000000004": 6,
    "0.0046502082": 11,
    "0.0052811328": 77,
    "0.0059120574": 4,
    "0.006542982": 56
  },
  "latencyPercentiles": {
    "p10": 0.000884661,
    "p25": 0.000940422,
    "p50": 0.001016027,
    "p75": 0.001076079,
    "p90": 0.001117863,
    "p95": 0.001154423,
    "p99": 0.001295736
  },
  "rps": {
    "mean": 49448.97210960809,
    "stddev": 3194.594070926813,
    "max": 61960.51683679509,
    "percentiles": {
      "p10": 47627.53224308823,
      "p25": 48658.160737612925,
      "p50": 49630.58236485444,
      "p75": 50765.50570169026,
      "p90": 52033.296873049716,
      "p95": 53058.40669408751,
      "p99": 54869.084571009036
    }
  },
  "details": {
    "DNSDialup": {
      "average": 0.0007329244800000001,
      "fastest": 0.00018675,
      "slowest": 0.001337576
    },
    "DNSLookup": {
      "average": 0.00000747758,
      "fastest": 0.000003416,
      "slowest": 0.000045715
    }
  },
  "statusCodeDistribution": {
    "200": 494889
  },
  "errorDistribution": {}
}