{
  "summary": {
    "successRate": 1,
    "total": 10.000687122,
    "slowest": 0.00568445,
    "fastest": 0.000314548,
    "average": 0.0010012654947988927,
    "requestsPerSec": 49851.57458863655,
    "totalData": 6481150,
    "sizePerRequest": 13,
    "sizePerSec": 648070.4696522751
  },
  "responseTimeHistogram": {
    "0.000314548": 1,
    "0.0008515382": 35395,
    "0.0013885284": 461013,
    "0.0019255186": 1711,
    "0.0024625088": 166,
    "0.0029994989999999997": 83,
    "0.0035364892": 49,
    "0.0040734794": 17,
    "0.0046104696": 20,
    "0.0051474598": 24,
    "0.005684449999999999": 71
  },
  "latencyPercentiles": {
    "p10": 0.000877333,
    "p25": 0.000933942,
    "p50": 0.00101076,
    "p75": 0.001069552,
    "p90": 0.001113732,
    "p95": 0.001150699,
    "p99": 0.001255886
  },
  "rps": {
    "mean": 49848.199099542624,
    "stddev": 3022.0667535840835,
    "max": 66283.6342995343,
    "percentiles": {
      "p10": 47759.221434578416,
      "p25": 48803.66720070198,
      "p50": 49843.0344759646,
      "p75": 50948.53025023878,
      "p90": 52489.671427706264,
      "p95": 53704.799545829504,
      "p99": 56597.80566561145
    }
  },
  "details": {
    "DNSDialup": {
      "average": 0.0006298446000000003,
      "fastest": 0.000073688,
      "slowest": 0.001422891
    },
    "DNSLookup": {
      "average": 0.000007304320000000001,
      "fastest": 0.000003566,
      "slowest": 0.000030026
    }
  },
  "statusCodeDistribution": {
    "200": 498550
  },
  "errorDistribution": {}
}