{
  "summary": {
    "successRate": 1,
    "total": 10.000656077,
    "slowest": 0.006272403,
    "fastest": 0.000251877,
    "average": 0.0010168131685626628,
    "requestsPerSec": 49091.27923407939,
    "totalData": 6382285,
    "sizePerRequest": 13,
    "sizePerSec": 638186.6300430321
  },
  "responseTimeHistogram": {
    "0.000251877": 1,
    "0.0008539296": 29756,
    "0.0014559822": 459406,
    "0.0020580348": 1416,
    "0.0026600874000000004": 100,
    "0.00326214": 76,
    "0.0038641926000000004": 23,
    "0.004466245200000001": 11,
    "0.0050682978000000005": 20,
    "0.0056703504": 115,
    "0.006272403": 21
  },
  "latencyPercentiles": {
    "p10": 0.000891787,
    "p25": 0.000947665,
    "p50": 0.001025646,
    "p75": 0.001085948,
    "p90": 0.001128158,
    "p95": 0.001164223,
    "p99": 0.001270811
  },
  "rps": {
    "mean": 49087.53982754707,
    "stddev": 3093.6683876588363,
    "max": 70626.88119206036,
    "percentiles": {
      "p10": 47345.724309160796,
      "p25": 48271.92565396418,
      "p50": 49102.91671325092,
      "p75": 50163.95402498602,
      "p90": 51365.37216528478,
      "p95": 52221.81605254558,
      "p99": 55237.528376775015
    }
  },
  "details": {
    "DNSDialup": {
      "average": 0.0006929370199999999,
      "fastest": 0.000102229,
      "slowest": 0.001018299
    },
    "DNSLookup": {
      "average": 0.000005987040000000001,
      "fastest": 0.000003096,
      "slowest": 0.000027932
    }
  },
  "statusCodeDistribution": {
    "200": 490945
  },
  "errorDistribution": {}
}