{
  "summary": {
    "successRate": 1,
    "total": 10.000672911,
    "slowest": 0.00768387,
    "fastest": 0.000184935,
    "average": 0.001018376552526725,
    "requestsPerSec": 49018.40149784296,
    "totalData": 6372821,
    "sizePerRequest": 13,
    "sizePerSec": 637239.2194719586
  },
  "responseTimeHistogram": {
    "0.000184935": 1,
    "0.0009348285": 106594,
    "0.001684722": 382027,
    "0.0024346155": 1224,
    "0.0031845090000000003": 134,
    "0.0039344025": 21,
    "0.004684296": 4,
    "0.0054341895": 33,
    "0.006184083": 61,
    "0.0069339765": 85,
    "0.00768387": 33
  },
  "latencyPercentiles": {
    "p10": 0.000878651,
    "p25": 0.000944607,
    "p50": 0.001025445,
    "p75": 0.001088994,
    "p90": 0.001138316,
    "p95": 0.00119198,
    "p99": 0.001393436
  },
  "rps": {
    "mean": 49015.295830576106,
    "stddev": 3607.0479613480766,
    "max": 62478.84250703978,
    "percentiles": {
      "p10": 46748.59984439908,
      "p25": 48190.44865307572,
      "p50": 49068.151201274435,
      "p75": 50313.22231482012,
      "p90": 51992.17347158346,
      "p95": 53274.98987574921,
      "p99": 57008.80932409662
    }
  },
  "details": {
    "DNSDialup": {
      "average": 0.0007767337800000001,
      "fastest": 0.000069941,
      "slowest": 0.001593438
    },
    "DNSLookup": {
      "average": 0.000007657799999999998,
      "fastest": 0.000003136,
      "slowest": 0.00003229
    }
  },
  "statusCodeDistribution": {
    "200": 490217
  },
  "errorDistribution": {}
}