{
  "summary": {
    "successRate": 1,
    "total": 10.000677619,
    "slowest": 0.006650682,
    "fastest": 0.0002516,
    "average": 0.0010216490812762482,
    "requestsPerSec": 48860.889093319354,
    "totalData": 6352346,
    "sizePerRequest": 13,
    "sizePerSec": 635191.5582131515
  },
  "responseTimeHistogram": {
    "0.0002516": 1,
    "0.0008915081999999999": 44100,
    "0.0015314164": 442749,
    "0.0021713246": 1393,
    "0.0028112327999999997": 215,
    "0.0034511409999999996": 80,
    "0.0040910492": 7,
    "0.0047309574": 4,
    "0.0053708656": 14,
    "0.0060107738": 65,
    "0.006650682": 14
  },
  "latencyPercentiles": {
    "p10": 0.000897907,
    "p25": 0.000950735,
    "p50": 0.001028521,
    "p75": 0.001087395,
    "p90": 0.001131429,
    "p95": 0.00117195,
    "p99": 0.00131926
  },
  "rps": {
    "mean": 48859.03672683714,
    "stddev": 3001.5100446251104,
    "max": 58488.73549163344,
    "percentiles": {
      "p10": 47154.483832207974,
      "p25": 48224.782715837566,
      "p50": 49035.60951866818,
      "p75": 49982.78148269213,
      "p90": 51229.02161460644,
      "p95": 52333.26825862942,
      "p99": 54244.20903036202
    }
  },
  "details": {
    "DNSDialup": {
      "average": 0.00084181456,
      "fastest": 0.000102736,
      "slowest": 0.001323497
    },
    "DNSLookup": {
      "average": 0.00000690806,
      "fastest": 0.000003366,
      "slowest": 0.000032911
    }
  },
  "statusCodeDistribution": {
    "200": 488642
  },
  "errorDistribution": {}
}