{
  "summary": {
    "successRate": 1,
    "total": 10.000586289,
    "slowest": 0.007105516,
    "fastest": 0.000288794,
    "average": 0.0009967250202655342,
    "requestsPerSec": 50087.06345056566,
    "totalData": 6511700,
    "sizePerRequest": 13,
    "sizePerSec": 651131.8248573537
  },
  "responseTimeHistogram": {
    "0.000288794": 1,
    "0.0009704662": 206449,
    "0.0016521384": 293026,
    "0.0023338105999999997": 1072,
    "0.0030154828": 189,
    "0.0036971549999999997": 10,
    "0.0043788272": 14,
    "0.0050604994": 4,
    "0.0057421716": 83,
    "0.0064238438000000005": 51,
    "0.007105516": 1
  },
  "latencyPercentiles": {
    "p10": 0.000882355,
    "p25": 0.000923672,
    "p50": 0.001000812,
    "p75": 0.001055174,
    "p90": 0.001090913,
    "p95": 0.001124408,
    "p99": 0.001300098
  },
  "rps": {
    "mean": 50084.88424081933,
    "stddev": 2882.5791107288237,
    "max": 56402.24956343418,
    "percentiles": {
      "p10": 48899.276280607395,
      "p25": 49745.10886471904,
      "p50": 50603.52706583613,
      "p75": 51104.21098698988,
      "p90": 51826.00628995494,
      "p95": 52323.13723091278,
      "p99": 53401.922469207835
    }
  },
  "details": {
    "DNSDialup": {
      "average": 0.0007845832400000002,
      "fastest": 0.000106401,
      "slowest": 0.001614632
    },
    "DNSLookup": {
      "average": 0.000009355839999999997,
      "fastest": 0.000002694,
      "slowest": 0.000175635
    }
  },
  "statusCodeDistribution": {
    "200": 500900
  },
  "errorDistribution": {}
}