{
  "summary": {
    "successRate": 1,
    "total": 10.000641497,
    "slowest": 0.006434938,
    "fastest": 0.000159766,
    "average": 0.001005512603406915,
    "requestsPerSec": 49642.91542186856,
    "totalData": 6453993,
    "sizePerRequest": 13,
    "sizePerSec": 645357.9004842913
  },
  "responseTimeHistogram": {
    "0.000159766": 1,
    "0.0007872832": 16497,
    "0.0014148004": 477709,
    "0.0020423176000000003": 1840,
    "0.0026698348": 227,
    "0.0032973520000000004": 33,
    "0.0039248692": 31,
    "0.0045523864": 23,
    "0.005179903600000001": 14,
    "0.005807420800000001": 71,
    "0.006434938000000001": 15
  },
  "latencyPercentiles": {
    "p10": 0.000884016,
    "p25": 0.000938095,
    "p50": 0.001014831,
    "p75": 0.00107262,
    "p90": 0.001114458,
    "p95": 0.001150665,
    "p99": 0.001293958
  },
  "rps": {
    "mean": 49640.43647554384,
    "stddev": 3155.6056515358714,
    "max": 71536.7952319526,
    "percentiles": {
      "p10": 47881.278470203535,
      "p25": 48777.65402520837,
      "p50": 49662.17680457307,
      "p75": 50679.196380183355,
      "p90": 52407.682966321976,
      "p95": 53401.23356849429,
      "p99": 55840.61846587141
    }
  },
  "details": {
    "DNSDialup": {
      "average": 0.0007903971,
      "fastest": 0.000086795,
      "slowest": 0.001288572
    },
    "DNSLookup": {
      "average": 0.0000069608400000000014,
      "fastest": 0.000003737,
      "slowest": 0.000040265
    }
  },
  "statusCodeDistribution": {
    "200": 496461
  },
  "errorDistribution": {}
}