{
  "summary": {
    "successRate": 1,
    "total": 10.000460557,
    "slowest": 0.002694902,
    "fastest": 0.00003195,
    "average": 0.0005893090262675069,
    "requestsPerSec": 84659.60094281686,
    "totalData": 11006255,
    "sizePerRequest": 13,
    "sizePerSec": 1100574.812256619
  },
  "responseTimeHistogram": {
    "0.00003195": 1,
    "0.00029824519999999995": 41923,
    "0.0005645403999999999": 402367,
    "0.0008308355999999998": 293986,
    "0.0010971307999999998": 83024,
    "0.0013634259999999998": 19520,
    "0.0016297211999999996": 5434,
    "0.0018960163999999996": 354,
    "0.0021623116": 9,
    "0.0024286067999999997": 14,
    "0.002694902": 3
  },
  "latencyPercentiles": {
    "p10": 0.000352549,
    "p25": 0.000435772,
    "p50": 0.000552467,
    "p75": 0.00070568,
    "p90": 0.000874305,
    "p95": 0.000992231,
    "p99": 0.001307747
  },
  "rps": {
    "mean": 84667.05485929539,
    "stddev": 11982.009558025793,
    "max": 108017.32493488955,
    "percentiles": {
      "p10": 69311.81381805778,
      "p25": 73864.89030613806,
      "p50": 84241.49736160132,
      "p75": 95159.93054733113,
      "p90": 101323.2638213723,
      "p95": 103781.34677610594,
      "p99": 106626.8913019881
    }
  },
  "details": {
    "DNSDialup": {
      "average": 0.00067068142,
      "fastest": 0.000076545,
      "slowest": 0.001174488
    },
    "DNSLookup": {
      "average": 0.0000072913,
      "fastest": 0.000003236,
      "slowest": 0.000030547
    }
  },
  "statusCodeDistribution": {
    "200": 846635
  },
  "errorDistribution": {}
}