{
  "summary": {
    "successRate": 1,
    "total": 10.000340527,
    "slowest": 0.003329668,
    "fastest": 0.000032301,
    "average": 0.0006118274126821497,
    "requestsPerSec": 81551.0229674802,
    "totalData": 10601994,
    "sizePerRequest": 13,
    "sizePerSec": 1060163.2985772425
  },
  "responseTimeHistogram": {
    "0.000032301": 1,
    "0.00036203769999999997": 78743,
    "0.0006917744": 487106,
    "0.0010215111": 205010,
    "0.0013512478": 35461,
    "0.0016809845": 8677,
    "0.0020107212": 499,
    "0.0023404579": 26,
    "0.0026701946": 10,
    "0.0029999313": 3,
    "0.003329668": 2
  },
  "latencyPercentiles": {
    "p10": 0.000364883,
    "p25": 0.000450927,
    "p50": 0.000570386,
    "p75": 0.000735292,
    "p90": 0.000905967,
    "p95": 0.001040566,
    "p99": 0.001371362
  },
  "rps": {
    "mean": 81540.53409514055,
    "stddev": 12681.68195091388,
    "max": 106671.48055912729,
    "percentiles": {
      "p10": 65596.90222139531,
      "p25": 70201.93757347672,
      "p50": 80316.63357481343,
      "p75": 93128.20853436021,
      "p90": 98925.95817142141,
      "p95": 101189.79157308796,
      "p99": 103559.606064867
    }
  },
  "details": {
    "DNSDialup": {
      "average": 0.00086683496,
      "fastest": 0.000100281,
      "slowest": 0.001655577
    },
    "DNSLookup": {
      "average": 0.00001219838,
      "fastest": 0.000003135,
      "slowest": 0.000241211
    }
  },
  "statusCodeDistribution": {
    "200": 815538
  },
  "errorDistribution": {}
}