{
  "summary": {
    "successRate": 1,
    "total": 10.000229506,
    "slowest": 0.00652722,
    "fastest": 0.000034415,
    "average": 0.0006208102165745586,
    "requestsPerSec": 80365.8555553955,
    "totalData": 10447801,
    "sizePerRequest": 13,
    "sizePerSec": 1044756.1222201413
  },
  "responseTimeHistogram": {
    "0.000034415": 1,
    "0.0006836955": 541250,
    "0.001332976": 251352,
    "0.0019822564999999997": 10929,
    "0.0026315369999999998": 78,
    "0.0032808175": 11,
    "0.003930098": 17,
    "0.0045793785": 37,
    "0.005228659": 0,
    "0.0058779395": 0,
    "0.00652722": 2
  },
  "latencyPercentiles": {
    "p10": 0.000369223,
    "p25": 0.000458793,
    "p50": 0.00057908,
    "p75": 0.000742674,
    "p90": 0.000920115,
    "p95": 0.001061664,
    "p99": 0.001388486
  },
  "rps": {
    "mean": 80372.1951354461,
    "stddev": 12537.188153913292,
    "max": 108204.88595155094,
    "percentiles": {
      "p10": 64837.91721398688,
      "p25": 69403.11915443579,
      "p50": 79208.39233601565,
      "p75": 90929.85227050101,
      "p90": 98847.65555081842,
      "p95": 100708.56243775018,
      "p99": 103578.16953209609
    }
  },
  "details": {
    "DNSDialup": {
      "average": 0.0007052752199999999,
      "fastest": 0.000082533,
      "slowest": 0.001794858
    },
    "DNSLookup": {
      "average": 0.0000066287000000000014,
      "fastest": 0.000003747,
      "slowest": 0.000029295
    }
  },
  "statusCodeDistribution": {
    "200": 803677
  },
  "errorDistribution": {}
}