{
  "summary": {
    "successRate": 1,
    "total": 10.000567095,
    "slowest": 0.003292864,
    "fastest": 0.000032381,
    "average": 0.0005709546276820509,
    "requestsPerSec": 87376.54491982587,
    "totalData": 11359595,
    "sizePerRequest": 13,
    "sizePerSec": 1135895.0839577364
  },
  "responseTimeHistogram": {
    "0.000032381": 1,
    "0.0003584293": 105516,
    "0.0006844776": 559115,
    "0.0010105259": 173152,
    "0.0013365742": 29153,
    "0.0016626224999999998": 6293,
    "0.0019886708000000004": 536,
    "0.0023147191000000003": 14,
    "0.0026407674": 11,
    "0.0029668157": 11,
    "0.003292864": 13
  },
  "latencyPercentiles": {
    "p10": 0.000343091,
    "p25": 0.000425624,
    "p50": 0.000531678,
    "p75": 0.000674239,
    "p90": 0.000852991,
    "p95": 0.000974723,
    "p99": 0.001290894
  },
  "rps": {
    "mean": 87349.94217453123,
    "stddev": 11142.618905409467,
    "max": 107981.12754333987,
    "percentiles": {
      "p10": 71522.49382430915,
      "p25": 78750.886073341,
      "p50": 88961.76615424114,
      "p75": 96215.0865255656,
      "p90": 100807.29844840485,
      "p95": 102980.65643128706,
      "p99": 106165.0898165702
    }
  },
  "details": {
    "DNSDialup": {
      "average": 0.0007511280999999998,
      "fastest": 0.000102492,
      "slowest": 0.0011941
    },
    "DNSLookup": {
      "average": 0.000005877200000000001,
      "fastest": 0.000002856,
      "slowest": 0.00003195
    }
  },
  "statusCodeDistribution": {
    "200": 873815
  },
  "errorDistribution": {}
}