{
  "summary": {
    "successRate": 1,
    "total": 10.000632055,
    "slowest": 0.00851509,
    "fastest": 0.000035385,
    "average": 0.0005885697685586233,
    "requestsPerSec": 84759.94270544132,
    "totalData": 11019489,
    "sizePerRequest": 13,
    "sizePerSec": 1101879.2551707372
  },
  "responseTimeHistogram": {
    "0.000035385": 1,
    "0.0008833554999999999": 752277,
    "0.0017313259999999998": 94902,
    "0.0025792965": 398,
    "0.003427267": 70,
    "0.004275237499999999": 3,
    "0.005123208": 1,
    "0.0059711784999999995": 0,
    "0.006819148999999999": 0,
    "0.007667119499999999": 0,
    "0.00851509": 1
  },
  "latencyPercentiles": {
    "p10": 0.000384638,
    "p25": 0.000464676,
    "p50": 0.000527866,
    "p75": 0.000665372,
    "p90": 0.000910178,
    "p95": 0.001015385,
    "p99": 0.00131286
  },
  "rps": {
    "mean": 84750.04831879715,
    "stddev": 9786.0162547179,
    "max": 105044.80426267063,
    "percentiles": {
      "p10": 69733.68136810197,
      "p25": 80809.23649573303,
      "p50": 85403.4406473087,
      "p75": 89969.52057065732,
      "p90": 97338.38716915496,
      "p95": 99611.86412340969,
      "p99": 103462.90544651274
    }
  },
  "details": {
    "DNSDialup": {
      "average": 0.00063839514,
      "fastest": 0.000079149,
      "slowest": 0.001107829
    },
    "DNSLookup": {
      "average": 0.00000614222,
      "fastest": 0.000003246,
      "slowest": 0.000030276
    }
  },
  "statusCodeDistribution": {
    "200": 847653
  },
  "errorDistribution": {}
}