{
  "summary": {
    "successRate": 1,
    "total": 10.000653181,
    "slowest": 0.003691113,
    "fastest": 0.000029735,
    "average": 0.0005676108643581425,
    "requestsPerSec": 87885.25950183133,
    "totalData": 11425830,
    "sizePerRequest": 13,
    "sizePerSec": 1142508.3735238074
  },
  "responseTimeHistogram": {
    "0.000029735": 1,
    "0.0003958728000000001": 163543,
    "0.0007620106000000001": 576672,
    "0.0011281484": 120086,
    "0.0014942862000000001": 16255,
    "0.0018604240000000003": 2257,
    "0.0022265618": 68,
    "0.0025926996": 9,
    "0.0029588374000000003": 6,
    "0.0033249752000000005": 12,
    "0.0036911130000000006": 1
  },
  "latencyPercentiles": {
    "p10": 0.000342439,
    "p25": 0.000425351,
    "p50": 0.000529808,
    "p75": 0.000666534,
    "p90": 0.000848904,
    "p95": 0.000971143,
    "p99": 0.001276202
  },
  "rps": {
    "mean": 87867.68643057205,
    "stddev": 11059.70506905323,
    "max": 106737.33672038578,
    "percentiles": {
      "p10": 71357.31605154331,
      "p25": 80259.55599732416,
      "p50": 90109.12214692293,
      "p75": 96612.65788343379,
      "p90": 100840.10410940186,
      "p95": 102549.48238072282,
      "p99": 105254.23750858611
    }
  },
  "details": {
    "DNSDialup": {
      "average": 0.0007529410200000001,
      "fastest": 0.000071523,
      "slowest": 0.001769764
    },
    "DNSLookup": {
      "average": 0.000006382300000000002,
      "fastest": 0.000003136,
      "slowest": 0.000031409
    }
  },
  "statusCodeDistribution": {
    "200": 878910
  },
  "errorDistribution": {}
}