{
  "summary": {
    "successRate": 1,
    "total": 10.000812653,
    "slowest": 0.003251776,
    "fastest": 0.000032738,
    "average": 0.0005720728222271963,
    "requestsPerSec": 87183.41501362389,
    "totalData": 11334765,
    "sizePerRequest": 13,
    "sizePerSec": 1133384.3951771106
  },
  "responseTimeHistogram": {
    "0.000032738": 1,
    "0.0003546418": 100234,
    "0.0006765456000000001": 548754,
    "0.0009984494000000001": 184739,
    "0.0013203532": 30569,
    "0.001642257": 6870,
    "0.0019641608000000002": 698,
    "0.0022860646": 35,
    "0.0026079684": 0,
    "0.0029298722": 2,
    "0.003251776": 3
  },
  "latencyPercentiles": {
    "p10": 0.0003438,
    "p25": 0.000425378,
    "p50": 0.000532339,
    "p75": 0.000681495,
    "p90": 0.000847438,
    "p95": 0.000973293,
    "p99": 0.001294041
  },
  "rps": {
    "mean": 87169.71139165462,
    "stddev": 10633.98963560125,
    "max": 108810.97902778618,
    "percentiles": {
      "p10": 70938.66604805476,
      "p25": 80171.33989988512,
      "p50": 88528.11652981072,
      "p75": 95133.93427434326,
      "p90": 99836.64468280858,
      "p95": 102307.98189639751,
      "p99": 105356.22861921802
    }
  },
  "details": {
    "DNSDialup": {
      "average": 0.0007206613600000002,
      "fastest": 0.000072726,
      "slowest": 0.001609665
    },
    "DNSLookup": {
      "average": 0.00000662622,
      "fastest": 0.000003247,
      "slowest": 0.000031299
    }
  },
  "statusCodeDistribution": {
    "200": 871905
  },
  "errorDistribution": {}
}