{
  "summary": {
    "successRate": 1,
    "total": 10.000652094,
    "slowest": 0.00289512,
    "fastest": 0.000029824,
    "average": 0.0005793054634294285,
    "requestsPerSec": 86099.1855237715,
    "totalData": 11193624,
    "sizePerRequest": 13,
    "sizePerSec": 1119289.4118090298
  },
  "responseTimeHistogram": {
    "0.000029824": 1,
    "0.00031635360000000005": 57757,
    "0.0006028832000000001": 481658,
    "0.0008894128000000002": 247874,
    "0.0011759424": 58718,
    "0.001462472": 12106,
    "0.0017490016000000002": 2721,
    "0.0020355312": 161,
    "0.0023220608": 27,
    "0.0026085904": 7,
    "0.00289512": 18
  },
  "latencyPercentiles": {
    "p10": 0.00034838,
    "p25": 0.000434124,
    "p50": 0.000544683,
    "p75": 0.000685022,
    "p90": 0.000861423,
    "p95": 0.000980766,
    "p99": 0.001289216
  },
  "rps": {
    "mean": 86102.97888851281,
    "stddev": 10229.191301820754,
    "max": 105697.13590903742,
    "percentiles": {
      "p10": 71493.73371962467,
      "p25": 78725.04834987764,
      "p50": 87094.68934625761,
      "p75": 94034.54879608509,
      "p90": 98921.71331607921,
      "p95": 101109.64586021607,
      "p99": 103817.98127435753
    }
  },
  "details": {
    "DNSDialup": {
      "average": 0.0005321681799999999,
      "fastest": 0.000076263,
      "slowest": 0.000862327
    },
    "DNSLookup": {
      "average": 0.000006557339999999999,
      "fastest": 0.000003036,
      "slowest": 0.000038282
    }
  },
  "statusCodeDistribution": {
    "200": 861048
  },
  "errorDistribution": {}
}