{
  "summary": {
    "successRate": 1,
    "total": 10.000654231,
    "slowest": 0.003399974,
    "fastest": 0.000030207,
    "average": 0.0005630345141413907,
    "requestsPerSec": 88595.70379441108,
    "totalData": 11518195,
    "sizePerRequest": 13,
    "sizePerSec": 1151744.149327344
  },
  "responseTimeHistogram": {
    "0.000030207": 1,
    "0.0003671837": 122915,
    "0.0007041604": 581260,
    "0.0010411371000000002": 155093,
    "0.0013781138": 22199,
    "0.0017150905": 4310,
    "0.0020520672000000004": 204,
    "0.0023890439000000003": 18,
    "0.0027260206": 12,
    "0.0030629973": 1,
    "0.003399974": 2
  },
  "latencyPercentiles": {
    "p10": 0.000339893,
    "p25": 0.00042239,
    "p50": 0.000526891,
    "p75": 0.000662201,
    "p90": 0.000839941,
    "p95": 0.000956484,
    "p99": 0.00125185
  },
  "rps": {
    "mean": 88606.43393469966,
    "stddev": 10821.19896006262,
    "max": 108360.06398345267,
    "percentiles": {
      "p10": 71464.29642749584,
      "p25": 81760.29924269656,
      "p50": 90654.3430481241,
      "p75": 97159.5741185448,
      "p90": 101214.49367475363,
      "p95": 102806.41492008846,
      "p99": 105474.0111135977
    }
  },
  "details": {
    "DNSDialup": {
      "average": 0.0008098483399999999,
      "fastest": 0.00008628,
      "slowest": 0.001252442
    },
    "DNSLookup": {
      "average": 0.00001039448,
      "fastest": 0.000003627,
      "slowest": 0.000178657
    }
  },
  "statusCodeDistribution": {
    "200": 886015
  },
  "errorDistribution": {}
}