{
  "summary": {
    "successRate": 1,
    "total": 10.000669206,
    "slowest": 0.025001419,
    "fastest": 0.004553964,
    "average": 0.007949825006223607,
    "requestsPerSec": 6282.079599463957,
    "totalData": 816725,
    "sizePerRequest": 13,
    "sizePerSec": 81667.03479303143
  },
  "responseTimeHistogram": {
    "0.004553964": 1,
    "0.006598709499999999": 8933,
    "0.008643455": 46621,
    "0.010688200499999998": 2374,
    "0.012732945999999998": 2160,
    "0.014777691499999999": 1608,
    "0.016822437": 211,
    "0.0188671825": 137,
    "0.020911928": 429,
    "0.0229566735": 340,
    "0.025001419": 11
  },
  "latencyPercentiles": {
    "p10": 0.006502841,
    "p25": 0.006828913,
    "p50": 0.007727945,
    "p75": 0.007926184,
    "p90": 0.009018803,
    "p95": 0.012505833,
    "p99": 0.020355344
  },
  "rps": {
    "mean": 6377.401691855008,
    "stddev": 1637.3271341670127,
    "max": 11363.607667657046,
    "percentiles": {
      "p10": 4821.891871284789,
      "p25": 6039.644224690919,
      "p50": 6705.695146889102,
      "p75": 7160.873150478454,
      "p90": 7928.13218424245,
      "p95": 8592.544477566227,
      "p99": 9162.847858929106
    }
  },
  "details": {
    "DNSDialup": {
      "average": 0.00093405262,
      "fastest": 0.000130793,
      "slowest": 0.001811018
    },
    "DNSLookup": {
      "average": 0.0000056792,
      "fastest": 0.000002604,
      "slowest": 0.000025497
    }
  },
  "statusCodeDistribution": {
    "200": 62825
  },
  "errorDistribution": {}
}