{
  "summary": {
    "successRate": 1,
    "total": 10.00061529,
    "slowest": 0.023889977,
    "fastest": 0.004508727,
    "average": 0.007715389664287775,
    "requestsPerSec": 6473.301704219441,
    "totalData": 841581,
    "sizePerRequest": 13,
    "sizePerSec": 84152.92215485273
  },
  "responseTimeHistogram": {
    "0.004508727": 1,
    "0.0064468519999999994": 8333,
    "0.008384977": 48497,
    "0.010323102": 3351,
    "0.012261227": 2062,
    "0.014199351999999998": 1393,
    "0.016137477": 244,
    "0.018075602": 194,
    "0.020013727": 474,
    "0.021951852": 177,
    "0.023889977": 11
  },
  "latencyPercentiles": {
    "p10": 0.006402338,
    "p25": 0.006620093,
    "p50": 0.007580377,
    "p75": 0.007790902,
    "p90": 0.008798222,
    "p95": 0.011649846,
    "p99": 0.018329066
  },
  "rps": {
    "mean": 6555.952576598837,
    "stddev": 1663.4896422564555,
    "max": 11811.322392702257,
    "percentiles": {
      "p10": 5035.178780064811,
      "p25": 6026.218267817922,
      "p50": 6828.760005639848,
      "p75": 7367.706273571634,
      "p90": 8203.316600902383,
      "p95": 8857.171925980845,
      "p99": 9583.068227266253
    }
  },
  "details": {
    "DNSDialup": {
      "average": 0.0008198554999999997,
      "fastest": 0.000107677,
      "slowest": 0.0011208
    },
    "DNSLookup": {
      "average": 0.000006341680000000001,
      "fastest": 0.000003406,
      "slowest": 0.000028934
    }
  },
  "statusCodeDistribution": {
    "200": 64737
  },
  "errorDistribution": {}
}