{
  "summary": {
    "successRate": 1,
    "total": 10.000712488,
    "slowest": 0.024857816,
    "fastest": 0.004852681,
    "average": 0.007982791455401326,
    "requestsPerSec": 6255.354313511588,
    "totalData": 813254,
    "sizePerRequest": 13,
    "sizePerSec": 81319.60607565063
  },
  "responseTimeHistogram": {
    "0.004852681": 1,
    "0.0068531945": 14675,
    "0.008853708": 41317,
    "0.0108542215": 1906,
    "0.012854734999999999": 1957,
    "0.014855248500000001": 1690,
    "0.016855762": 150,
    "0.0188562755": 71,
    "0.020856789": 722,
    "0.0228573025": 58,
    "0.024857816": 11
  },
  "latencyPercentiles": {
    "p10": 0.006617072,
    "p25": 0.006884181,
    "p50": 0.007784182,
    "p75": 0.008019281,
    "p90": 0.008962565,
    "p95": 0.012509734,
    "p99": 0.019750374
  },
  "rps": {
    "mean": 6349.028810259671,
    "stddev": 1624.9623310211057,
    "max": 11233.12690728912,
    "percentiles": {
      "p10": 5001.113247808962,
      "p25": 6009.526738842827,
      "p50": 6556.951715515517,
      "p75": 7137.788164320785,
      "p90": 7922.607159530061,
      "p95": 8507.323664449505,
      "p99": 9564.381127046574
    }
  },
  "details": {
    "DNSDialup": {
      "average": 0.00074078434,
      "fastest": 0.000089847,
      "slowest": 0.00129533
    },
    "DNSLookup": {
      "average": 0.000007004819999999998,
      "fastest": 0.000003125,
      "slowest": 0.00003215
    }
  },
  "statusCodeDistribution": {
    "200": 62558
  },
  "errorDistribution": {}
}