{
  "summary": {
    "successRate": 1,
    "total": 10.000655584,
    "slowest": 0.025584567,
    "fastest": 0.004375616,
    "average": 0.007798801044831978,
    "requestsPerSec": 6403.480198083782,
    "totalData": 832507,
    "sizePerRequest": 13,
    "sizePerSec": 83245.24257508916
  },
  "responseTimeHistogram": {
    "0.004375616": 1,
    "0.0064965110999999996": 9736,
    "0.0086174062": 44454,
    "0.0107383013": 5902,
    "0.012859196399999998": 2732,
    "0.014980091499999997": 262,
    "0.0171009866": 865,
    "0.0192218817": 59,
    "0.021342776799999998": 9,
    "0.023463671899999997": 8,
    "0.025584566999999996": 11
  },
  "latencyPercentiles": {
    "p10": 0.00638352,
    "p25": 0.006747843,
    "p50": 0.007697905,
    "p75": 0.008036354,
    "p90": 0.01002567,
    "p95": 0.010931464,
    "p99": 0.015799449
  },
  "rps": {
    "mean": 6453.612233445554,
    "stddev": 1509.4027169943151,
    "max": 11365.43158521582,
    "percentiles": {
      "p10": 4718.221298834339,
      "p25": 5915.602994458241,
      "p50": 6600.436867684476,
      "p75": 7360.100371603878,
      "p90": 8104.9302290582755,
      "p95": 8618.716933369424,
      "p99": 9308.741421780904
    }
  },
  "details": {
    "DNSDialup": {
      "average": 0.0008060397199999998,
      "fastest": 0.000082265,
      "slowest": 0.001654057
    },
    "DNSLookup": {
      "average": 0.000007276499999999998,
      "fastest": 0.000003276,
      "slowest": 0.000041176
    }
  },
  "statusCodeDistribution": {
    "200": 64039
  },
  "errorDistribution": {}
}