{
  "summary": {
    "successRate": 1,
    "total": 10.0004801,
    "slowest": 0.02464655,
    "fastest": 0.004612085,
    "average": 0.007775711847487476,
    "requestsPerSec": 6419.491800198672,
    "totalData": 834574,
    "sizePerRequest": 13,
    "sizePerSec": 83453.39340258273
  },
  "responseTimeHistogram": {
    "0.004612085": 1,
    "0.006615531500000001": 16085,
    "0.008618978": 37091,
    "0.0106224245": 7300,
    "0.012625871": 776,
    "0.0146293175": 2606,
    "0.016632764": 303,
    "0.0186362105": 12,
    "0.020639657": 7,
    "0.022643103499999997": 9,
    "0.024646550000000003": 8
  },
  "latencyPercentiles": {
    "p10": 0.006436653,
    "p25": 0.006614613,
    "p50": 0.007627269,
    "p75": 0.008068252,
    "p90": 0.009447907,
    "p95": 0.011845481,
    "p99": 0.014250177
  },
  "rps": {
    "mean": 6484.041134156513,
    "stddev": 1654.1694684383478,
    "max": 11050.278168354194,
    "percentiles": {
      "p10": 5159.625666122706,
      "p25": 5806.209741318112,
      "p50": 6618.350037313527,
      "p75": 7431.2804889621975,
      "p90": 8397.834926184849,
      "p95": 8819.35318863715,
      "p99": 9926.656348091637
    }
  },
  "details": {
    "DNSDialup": {
      "average": 0.0008301883199999998,
      "fastest": 0.000087613,
      "slowest": 0.001829043
    },
    "DNSLookup": {
      "average": 0.000041232999999999996,
      "fastest": 0.000003086,
      "slowest": 0.001751401
    }
  },
  "statusCodeDistribution": {
    "200": 64198
  },
  "errorDistribution": {}
}