{
  "summary": {
    "successRate": 1,
    "total": 10.000662955,
    "slowest": 0.022292595,
    "fastest": 0.004163563,
    "average": 0.007411839129722569,
    "requestsPerSec": 6738.553264242071,
    "totalData": 876070,
    "sizePerRequest": 13,
    "sizePerSec": 87601.19243514692
  },
  "responseTimeHistogram": {
    "0.004163563": 1,
    "0.0059764662": 3365,
    "0.007789369399999999": 45834,
    "0.0096022726": 15984,
    "0.0114151758": 1139,
    "0.013228078999999998": 707,
    "0.015040982199999999": 318,
    "0.016853885399999997": 14,
    "0.018666788599999998": 9,
    "0.020479691799999998": 8,
    "0.022292595": 11
  },
  "latencyPercentiles": {
    "p10": 0.006150493,
    "p25": 0.006416927,
    "p50": 0.007349169,
    "p75": 0.007860087,
    "p90": 0.008943269,
    "p95": 0.009205927,
    "p99": 0.012404458
  },
  "rps": {
    "mean": 6754.490744136108,
    "stddev": 1284.113070286355,
    "max": 10562.279424398497,
    "percentiles": {
      "p10": 5478.287355893768,
      "p25": 5901.206253767896,
      "p50": 6736.016131049302,
      "p75": 7447.015241323074,
      "p90": 8460.99801220122,
      "p95": 8839.824292419838,
      "p99": 9608.210215629486
    }
  },
  "details": {
    "DNSDialup": {
      "average": 0.0007613976199999998,
      "fastest": 0.000097361,
      "slowest": 0.001383802
    },
    "DNSLookup": {
      "average": 0.000006765659999999998,
      "fastest": 0.000002986,
      "slowest": 0.000031659
    }
  },
  "statusCodeDistribution": {
    "200": 67390
  },
  "errorDistribution": {}
}