{
  "summary": {
    "successRate": 1,
    "total": 10.000971691,
    "slowest": 0.025223472,
    "fastest": 0.005088705,
    "average": 0.007672090424468215,
    "requestsPerSec": 6509.867442039537,
    "totalData": 846365,
    "sizePerRequest": 13,
    "sizePerSec": 84628.27674651399
  },
  "responseTimeHistogram": {
    "0.005088705": 1,
    "0.0071021817": 23776,
    "0.0091156584": 35500,
    "0.0111291351": 1724,
    "0.013142611799999999": 2453,
    "0.015156088499999998": 708,
    "0.0171695652": 155,
    "0.0191830419": 284,
    "0.0211965186": 485,
    "0.023209995299999998": 8,
    "0.025223471999999997": 11
  },
  "latencyPercentiles": {
    "p10": 0.006376902,
    "p25": 0.006571837,
    "p50": 0.007544905,
    "p75": 0.007731141,
    "p90": 0.008613402,
    "p95": 0.011784551,
    "p99": 0.018560716
  },
  "rps": {
    "mean": 6594.251956571647,
    "stddev": 1679.1384202203626,
    "max": 11582.265235471255,
    "percentiles": {
      "p10": 5066.210815772415,
      "p25": 6111.222539068738,
      "p50": 6956.894240028691,
      "p75": 7365.076055741075,
      "p90": 8274.132086428484,
      "p95": 8874.218640175532,
      "p99": 9628.223210697484
    }
  },
  "details": {
    "DNSDialup": {
      "average": 0.00075723996,
      "fastest": 0.000097884,
      "slowest": 0.001099644
    },
    "DNSLookup": {
      "average": 0.000007089899999999999,
      "fastest": 0.000002995,
      "slowest": 0.000030356
    }
  },
  "statusCodeDistribution": {
    "200": 65105
  },
  "errorDistribution": {}
}