{
  "summary": {
    "successRate": 1,
    "total": 10.000663076,
    "slowest": 0.024170765,
    "fastest": 0.004885325,
    "average": 0.008017648023200883,
    "requestsPerSec": 6227.787050387377,
    "totalData": 809666,
    "sizePerRequest": 13,
    "sizePerSec": 80961.23165503591
  },
  "responseTimeHistogram": {
    "0.004885325": 1,
    "0.006813869": 9782,
    "0.008742413000000001": 45681,
    "0.010670957000000002": 2264,
    "0.012599501": 1803,
    "0.014528045": 1715,
    "0.016456589": 224,
    "0.018385133": 64,
    "0.020313677000000002": 572,
    "0.022242221": 166,
    "0.024170765": 10
  },
  "latencyPercentiles": {
    "p10": 0.006682613,
    "p25": 0.00697286,
    "p50": 0.007848665,
    "p75": 0.008041713,
    "p90": 0.009004361,
    "p95": 0.012327615,
    "p99": 0.018822336
  },
  "rps": {
    "mean": 6306.0439152220615,
    "stddev": 1532.609482126981,
    "max": 10626.056913161305,
    "percentiles": {
      "p10": 5082.310044088,
      "p25": 6036.244630886088,
      "p50": 6433.965261228523,
      "p75": 6961.971356093562,
      "p90": 7760.3967030898375,
      "p95": 8341.62889902001,
      "p99": 9299.271065414687
    }
  },
  "details": {
    "DNSDialup": {
      "average": 0.00087005094,
      "fastest": 0.00012935,
      "slowest": 0.0016759
    },
    "DNSLookup": {
      "average": 0.000007664459999999996,
      "fastest": 0.000002756,
      "slowest": 0.000044913
    }
  },
  "statusCodeDistribution": {
    "200": 62282
  },
  "errorDistribution": {}
}