{
  "summary": {
    "successRate": 1,
    "total": 10.000621271,
    "slowest": 0.022284749,
    "fastest": 0.005036708,
    "average": 0.00763866652440738,
    "requestsPerSec": 6538.593776130611,
    "totalData": 850070,
    "sizePerRequest": 13,
    "sizePerSec": 85001.71908969794
  },
  "responseTimeHistogram": {
    "0.005036708": 1,
    "0.0067615121": 15963,
    "0.0084863162": 38152,
    "0.010211120300000001": 9360,
    "0.011935924399999999": 867,
    "0.0136607285": 583,
    "0.015385532600000001": 430,
    "0.0171103367": 8,
    "0.0188351408": 8,
    "0.0205599449": 7,
    "0.022284749": 11
  },
  "latencyPercentiles": {
    "p10": 0.006367498,
    "p25": 0.006809411,
    "p50": 0.007581299,
    "p75": 0.007995922,
    "p90": 0.009092946,
    "p95": 0.009447347,
    "p99": 0.01315709
  },
  "rps": {
    "mean": 6563.6499036416035,
    "stddev": 1242.2669988168118,
    "max": 10676.232571050494,
    "percentiles": {
      "p10": 5332.998461279014,
      "p25": 5819.603917757274,
      "p50": 6571.44208982369,
      "p75": 7159.1317486840835,
      "p90": 8051.434213330927,
      "p95": 8762.014912950137,
      "p99": 9637.661088234108
    }
  },
  "details": {
    "DNSDialup": {
      "average": 0.0008193894799999997,
      "fastest": 0.000107307,
      "slowest": 0.001161033
    },
    "DNSLookup": {
      "average": 0.00000740122,
      "fastest": 0.000003376,
      "slowest": 0.000047138
    }
  },
  "statusCodeDistribution": {
    "200": 65390
  },
  "errorDistribution": {}
}