{
  "summary": {
    "successRate": 1,
    "total": 10.000590034,
    "slowest": 0.023294663,
    "fastest": 0.004313128,
    "average": 0.007650800316125715,
    "requestsPerSec": 6527.714842630055,
    "totalData": 848653,
    "sizePerRequest": 13,
    "sizePerSec": 84860.2929541907
  },
  "responseTimeHistogram": {
    "0.004313128": 1,
    "0.0062112815000000005": 5000,
    "0.008109435": 51346,
    "0.010007588500000001": 3635,
    "0.011905742": 2252,
    "0.0138038955": 2010,
    "0.015702049": 163,
    "0.017600202500000002": 114,
    "0.019498356": 658,
    "0.0213965095": 91,
    "0.023294663": 11
  },
  "latencyPercentiles": {
    "p10": 0.006344417,
    "p25": 0.006584695,
    "p50": 0.007527343,
    "p75": 0.007742914,
    "p90": 0.008668223,
    "p95": 0.011765442,
    "p99": 0.018295719
  },
  "rps": {
    "mean": 6609.365827561349,
    "stddev": 1664.8245231000815,
    "max": 11244.03400432637,
    "percentiles": {
      "p10": 4880.161037180625,
      "p25": 6117.279479345324,
      "p50": 6947.57071141866,
      "p75": 7421.290197317893,
      "p90": 8351.32725732328,
      "p95": 8882.155497271884,
      "p99": 9539.315628949811
    }
  },
  "details": {
    "DNSDialup": {
      "average": 0.0007726187200000001,
      "fastest": 0.000100585,
      "slowest": 0.001020119
    },
    "DNSLookup": {
      "average": 0.0000067121000000000005,
      "fastest": 0.000003286,
      "slowest": 0.000032811
    }
  },
  "statusCodeDistribution": {
    "200": 65281
  },
  "errorDistribution": {}
}