{
  "summary": {
    "successRate": 1,
    "total": 10.000646872,
    "slowest": 0.024449444,
    "fastest": 0.004840955,
    "average": 0.007561398586375011,
    "requestsPerSec": 6605.07273633889,
    "totalData": 858715,
    "sizePerRequest": 13,
    "sizePerSec": 85865.94557240556
  },
  "responseTimeHistogram": {
    "0.004840955": 1,
    "0.0068018039": 22264,
    "0.0087626528": 34961,
    "0.0107235017": 6420,
    "0.012684350600000002": 1366,
    "0.0146451995": 114,
    "0.0166060484": 817,
    "0.018566897300000003": 85,
    "0.020527746200000002": 9,
    "0.0224885951": 7,
    "0.024449444": 11
  },
  "latencyPercentiles": {
    "p10": 0.006264794,
    "p25": 0.006491088,
    "p50": 0.007499281,
    "p75": 0.007783019,
    "p90": 0.009447254,
    "p95": 0.010526131,
    "p99": 0.015359614
  },
  "rps": {
    "mean": 6646.25226791491,
    "stddev": 1516.5803939421762,
    "max": 11718.304460299369,
    "percentiles": {
      "p10": 5047.621787756441,
      "p25": 5934.574236041488,
      "p50": 6804.850497434675,
      "p75": 7433.714870423517,
      "p90": 8311.768910659575,
      "p95": 8913.589435613714,
      "p99": 9594.731341126893
    }
  },
  "details": {
    "DNSDialup": {
      "average": 0.0007924642800000001,
      "fastest": 0.000104935,
      "slowest": 0.001217906
    },
    "DNSLookup": {
      "average": 0.000007559439999999999,
      "fastest": 0.000003196,
      "slowest": 0.000038161
    }
  },
  "statusCodeDistribution": {
    "200": 66055
  },
  "errorDistribution": {}
}