{
  "summary": {
    "successRate": 1,
    "total": 10.001292922,
    "slowest": 0.024541717,
    "fastest": 0.005046246,
    "average": 0.007512432904264187,
    "requestsPerSec": 6647.640511933403,
    "totalData": 864305,
    "sizePerRequest": 13,
    "sizePerSec": 86419.32665513424
  },
  "responseTimeHistogram": {
    "0.005046246": 1,
    "0.0069957931": 26769,
    "0.0089453402": 33643,
    "0.0108948873": 2055,
    "0.0128444344": 2500,
    "0.014793981500000001": 501,
    "0.0167435286": 178,
    "0.0186930757": 320,
    "0.0206426228": 500,
    "0.0225921699": 7,
    "0.024541717": 11
  },
  "latencyPercentiles": {
    "p10": 0.006258007,
    "p25": 0.00645817,
    "p50": 0.007446699,
    "p75": 0.007648954,
    "p90": 0.008444067,
    "p95": 0.01129528,
    "p99": 0.018041469
  },
  "rps": {
    "mean": 6740.173045123287,
    "stddev": 1715.1567199232509,
    "max": 12629.558218057462,
    "percentiles": {
      "p10": 5120.427947295624,
      "p25": 6202.767674936506,
      "p50": 7050.520504675899,
      "p75": 7708.964590464431,
      "p90": 8537.76509635059,
      "p95": 9045.072574484553,
      "p99": 9672.995324618318
    }
  },
  "details": {
    "DNSDialup": {
      "average": 0.00055933922,
      "fastest": 0.000074116,
      "slowest": 0.000882309
    },
    "DNSLookup": {
      "average": 0.000006484059999999998,
      "fastest": 0.000003396,
      "slowest": 0.000035315
    }
  },
  "statusCodeDistribution": {
    "200": 66485
  },
  "errorDistribution": {}
}