{
  "summary": {
    "successRate": 1,
    "total": 10.000661072,
    "slowest": 0.025632875,
    "fastest": 0.004867391,
    "average": 0.00778592984456849,
    "requestsPerSec": 6413.975990006434,
    "totalData": 833872,
    "sizePerRequest": 13,
    "sizePerSec": 83381.68787008364
  },
  "responseTimeHistogram": {
    "0.004867391": 1,
    "0.006943939400000001": 19947,
    "0.009020487800000001": 35474,
    "0.0110970362": 6180,
    "0.013173584600000001": 1509,
    "0.015250133": 165,
    "0.017326681400000002": 781,
    "0.019403229800000005": 58,
    "0.0214797782": 10,
    "0.023556326600000004": 8,
    "0.025632875": 11
  },
  "latencyPercentiles": {
    "p10": 0.006479095,
    "p25": 0.006765298,
    "p50": 0.007632597,
    "p75": 0.007954613,
    "p90": 0.009841203,
    "p95": 0.010903133,
    "p99": 0.015866304
  },
  "rps": {
    "mean": 6468.107387886207,
    "stddev": 1504.222450677833,
    "max": 11208.615689257464,
    "percentiles": {
      "p10": 4906.251545719448,
      "p25": 5834.468429166259,
      "p50": 6618.523128308863,
      "p75": 7304.867233037338,
      "p90": 8009.724846187199,
      "p95": 8573.513592297166,
      "p99": 9820.093627255734
    }
  },
  "details": {
    "DNSDialup": {
      "average": 0.0006026148200000001,
      "fastest": 0.000060614,
      "slowest": 0.001219652
    },
    "DNSLookup": {
      "average": 0.000005832720000000001,
      "fastest": 0.000002575,
      "slowest": 0.000029726
    }
  },
  "statusCodeDistribution": {
    "200": 64144
  },
  "errorDistribution": {}
}