{
  "summary": {
    "successRate": 1,
    "total": 10.000712599,
    "slowest": 0.024426572,
    "fastest": 0.005015033,
    "average": 0.007691177054528042,
    "requestsPerSec": 6493.437278308891,
    "totalData": 844207,
    "sizePerRequest": 13,
    "sizePerSec": 84414.68461801558
  },
  "responseTimeHistogram": {
    "0.005015033": 1,
    "0.0069561869": 21685,
    "0.0088973408": 37357,
    "0.0108384947": 1628,
    "0.012779648599999999": 2301,
    "0.0147208025": 1048,
    "0.016661956399999997": 116,
    "0.0186031103": 348,
    "0.0205442642": 437,
    "0.0224854181": 7,
    "0.024426572": 11
  },
  "latencyPercentiles": {
    "p10": 0.006409052,
    "p25": 0.0066055,
    "p50": 0.007565619,
    "p75": 0.007732309,
    "p90": 0.008623768,
    "p95": 0.011790046,
    "p99": 0.018016165
  },
  "rps": {
    "mean": 6574.300122358133,
    "stddev": 1651.4709094045943,
    "max": 11730.106209076914,
    "percentiles": {
      "p10": 5101.813694769131,
      "p25": 6117.263038641502,
      "p50": 6929.651284883103,
      "p75": 7365.667132183556,
      "p90": 8180.208581179826,
      "p95": 8839.233823247965,
      "p99": 9386.404670918588
    }
  },
  "details": {
    "DNSDialup": {
      "average": 0.0008053074600000002,
      "fastest": 0.000120304,
      "slowest": 0.001262059
    },
    "DNSLookup": {
      "average": 0.0000070269599999999995,
      "fastest": 0.000003156,
      "slowest": 0.000048149
    }
  },
  "statusCodeDistribution": {
    "200": 64939
  },
  "errorDistribution": {}
}