{
  "summary": {
    "successRate": 1,
    "total": 10.000632977,
    "slowest": 0.025965838,
    "fastest": 0.005150305,
    "average": 0.007789455969601095,
    "requestsPerSec": 6410.994198812502,
    "totalData": 833482,
    "sizePerRequest": 13,
    "sizePerSec": 83342.92458456253
  },
  "responseTimeHistogram": {
    "0.005150305": 1,
    "0.0072318582999999995": 20558,
    "0.0093134116": 38094,
    "0.011394964899999999": 1816,
    "0.013476518199999999": 2373,
    "0.0155580715": 413,
    "0.0176396248": 141,
    "0.0197211781": 636,
    "0.0218027314": 61,
    "0.0238842847": 10,
    "0.025965838": 11
  },
  "latencyPercentiles": {
    "p10": 0.006464859,
    "p25": 0.006793339,
    "p50": 0.007602157,
    "p75": 0.007799597,
    "p90": 0.008544076,
    "p95": 0.011871445,
    "p99": 0.018054413
  },
  "rps": {
    "mean": 6497.824942232195,
    "stddev": 1571.0421052180552,
    "max": 11587.30649198033,
    "percentiles": {
      "p10": 5124.460587723343,
      "p25": 6133.523385415791,
      "p50": 6857.821032251146,
      "p75": 7219.62064449499,
      "p90": 8002.921955727179,
      "p95": 8476.236970560616,
      "p99": 9180.715998883208
    }
  },
  "details": {
    "DNSDialup": {
      "average": 0.0008544786200000001,
      "fastest": 0.000079239,
      "slowest": 0.001591136
    },
    "DNSLookup": {
      "average": 0.000008576679999999999,
      "fastest": 0.000003657,
      "slowest": 0.00005329
    }
  },
  "statusCodeDistribution": {
    "200": 64114
  },
  "errorDistribution": {}
}