{
  "summary": {
    "successRate": 1,
    "total": 10.000455336,
    "slowest": 0.024506526,
    "fastest": 0.004230259,
    "average": 0.007292670309669106,
    "requestsPerSec": 6848.288172785656,
    "totalData": 890318,
    "sizePerRequest": 13,
    "sizePerSec": 89027.74624621353
  },
  "responseTimeHistogram": {
    "0.004230259": 1,
    "0.0062578857": 16815,
    "0.0082855124": 40243,
    "0.0103131391": 9682,
    "0.0123407658": 932,
    "0.0143683925": 715,
    "0.0163960192": 62,
    "0.0184236459": 11,
    "0.0204512726": 7,
    "0.0224788993": 11,
    "0.024506526": 7
  },
  "latencyPercentiles": {
    "p10": 0.006011123,
    "p25": 0.006263923,
    "p50": 0.007337651,
    "p75": 0.007787833,
    "p90": 0.008929933,
    "p95": 0.009353451,
    "p99": 0.012489692
  },
  "rps": {
    "mean": 6873.248413438301,
    "stddev": 1444.40760790656,
    "max": 10926.962814675855,
    "percentiles": {
      "p10": 5353.070339344193,
      "p25": 5928.376768238488,
      "p50": 6900.115231924402,
      "p75": 7564.2202297507865,
      "p90": 8751.190086410052,
      "p95": 9465.525097487407,
      "p99": 10242.88103353223
    }
  },
  "details": {
    "DNSDialup": {
      "average": 0.00080319172,
      "fastest": 0.000099966,
      "slowest": 0.001817465
    },
    "DNSLookup": {
      "average": 0.00004047560000000001,
      "fastest": 0.000003236,
      "slowest": 0.001715986
    }
  },
  "statusCodeDistribution": {
    "200": 68486
  },
  "errorDistribution": {}
}