{
  "summary": {
    "successRate": 1,
    "total": 10.000695292,
    "slowest": 0.023775199,
    "fastest": 0.005098456,
    "average": 0.007697675746743838,
    "requestsPerSec": 6487.448932865657,
    "totalData": 843427,
    "sizePerRequest": 13,
    "sizePerSec": 84336.83612725354
  },
  "responseTimeHistogram": {
    "0.005098456": 1,
    "0.0069661303": 22002,
    "0.0088338046": 36647,
    "0.010701478899999999": 1681,
    "0.012569153199999999": 2585,
    "0.014436827499999999": 987,
    "0.0163045018": 139,
    "0.0181721761": 131,
    "0.0200398504": 587,
    "0.0219075247": 108,
    "0.023775199": 11
  },
  "latencyPercentiles": {
    "p10": 0.006393726,
    "p25": 0.006585609,
    "p50": 0.007548627,
    "p75": 0.007767019,
    "p90": 0.008653292,
    "p95": 0.011862891,
    "p99": 0.018429744
  },
  "rps": {
    "mean": 6573.974754441012,
    "stddev": 1638.2706826507397,
    "max": 11705.783900983413,
    "percentiles": {
      "p10": 4970.679079973968,
      "p25": 6117.78547911805,
      "p50": 6876.715955528299,
      "p75": 7407.426219918465,
      "p90": 8160.205177780639,
      "p95": 8725.37396207981,
      "p99": 9349.00258128293
    }
  },
  "details": {
    "DNSDialup": {
      "average": 0.0006866469800000002,
      "fastest": 0.000093223,
      "slowest": 0.001487819
    },
    "DNSLookup": {
      "average": 0.00000630186,
      "fastest": 0.000003175,
      "slowest": 0.000024756
    }
  },
  "statusCodeDistribution": {
    "200": 64879
  },
  "errorDistribution": {}
}