{
  "summary": {
    "successRate": 1,
    "total": 10.000681163,
    "slowest": 0.025327638,
    "fastest": 0.005104681,
    "average": 0.007620512541587237,
    "requestsPerSec": 6553.253616610676,
    "totalData": 851981,
    "sizePerRequest": 13,
    "sizePerSec": 85192.29701593878
  },
  "responseTimeHistogram": {
    "0.005104681": 1,
    "0.0071269767": 25392,
    "0.0091492724": 34376,
    "0.011171568100000001": 1965,
    "0.0131938638": 2477,
    "0.0152161595": 440,
    "0.017238455200000002": 95,
    "0.0192607509": 452,
    "0.0212830466": 319,
    "0.0233053423": 8,
    "0.025327638": 12
  },
  "latencyPercentiles": {
    "p10": 0.006336445,
    "p25": 0.006564971,
    "p50": 0.007541318,
    "p75": 0.007711394,
    "p90": 0.008623572,
    "p95": 0.01157596,
    "p99": 0.018325152
  },
  "rps": {
    "mean": 6642.704799366105,
    "stddev": 1690.6496936022977,
    "max": 11804.535206061782,
    "percentiles": {
      "p10": 5023.40403941963,
      "p25": 6135.667864429318,
      "p50": 6948.398374034515,
      "p75": 7524.543229721238,
      "p90": 8254.376530834581,
      "p95": 8958.318225059944,
      "p99": 10131.280820265672
    }
  },
  "details": {
    "DNSDialup": {
      "average": 0.0006911166599999999,
      "fastest": 0.000072806,
      "slowest": 0.001624793
    },
    "DNSLookup": {
      "average": 0.0000071154000000000005,
      "fastest": 0.000003737,
      "slowest": 0.000029845
    }
  },
  "statusCodeDistribution": {
    "200": 65537
  },
  "errorDistribution": {}
}