{
  "summary": {
    "successRate": 1,
    "total": 10.000575548,
    "slowest": 0.024605507,
    "fastest": 0.004850288,
    "average": 0.008036781095367589,
    "requestsPerSec": 6214.542323259493,
    "totalData": 807937,
    "sizePerRequest": 13,
    "sizePerSec": 80789.05020237342
  },
  "responseTimeHistogram": {
    "0.004850288": 1,
    "0.0068258099": 11331,
    "0.0088013318": 44461,
    "0.0107768537": 1908,
    "0.012752375600000001": 1574,
    "0.0147278975": 1903,
    "0.0167034194": 181,
    "0.0186789413": 164,
    "0.0206544632": 601,
    "0.0226299851": 14,
    "0.024605507": 11
  },
  "latencyPercentiles": {
    "p10": 0.006683035,
    "p25": 0.006997955,
    "p50": 0.007847101,
    "p75": 0.008025104,
    "p90": 0.008889871,
    "p95": 0.012526045,
    "p99": 0.018703321
  },
  "rps": {
    "mean": 6298.020869433003,
    "stddev": 1559.533066022107,
    "max": 11078.586569306373,
    "percentiles": {
      "p10": 5102.844835996337,
      "p25": 6045.676902703294,
      "p50": 6467.068675823245,
      "p75": 6904.557007625081,
      "p90": 7781.5112634025545,
      "p95": 8321.172391032138,
      "p99": 9553.832021910901
    }
  },
  "details": {
    "DNSDialup": {
      "average": 0.00097624174,
      "fastest": 0.00037522,
      "slowest": 0.001620965
    },
    "DNSLookup": {
      "average": 0.00000623744,
      "fastest": 0.000002725,
      "slowest": 0.000034203
    }
  },
  "statusCodeDistribution": {
    "200": 62149
  },
  "errorDistribution": {}
}