{
  "summary": {
    "successRate": 1,
    "total": 10.000659629,
    "slowest": 0.025230463,
    "fastest": 0.005016835,
    "average": 0.007073728794350984,
    "requestsPerSec": 7059.1343590261895,
    "totalData": 917748,
    "sizePerRequest": 13,
    "sizePerSec": 91768.74666734046
  },
  "responseTimeHistogram": {
    "0.005016835": 1,
    "0.0070381978": 50495,
    "0.009059560599999999": 11806,
    "0.0110809234": 6621,
    "0.0131022862": 630,
    "0.015123649": 228,
    "0.0171450118": 708,
    "0.0191663746": 78,
    "0.0211877374": 12,
    "0.0232091002": 6,
    "0.025230462999999998": 11
  },
  "latencyPercentiles": {
    "p10": 0.005529961,
    "p25": 0.00644917,
    "p50": 0.006655113,
    "p75": 0.007121631,
    "p90": 0.00940208,
    "p95": 0.01000721,
    "p99": 0.015266859
  },
  "rps": {
    "mean": 7079.531497460653,
    "stddev": 1557.0108682160437,
    "max": 11557.15908219506,
    "percentiles": {
      "p10": 5134.533847753135,
      "p25": 6578.464636957359,
      "p50": 7292.593206959996,
      "p75": 8001.49868070341,
      "p90": 8670.169415112086,
      "p95": 9070.558057012899,
      "p99": 9831.73980561415
    }
  },
  "details": {
    "DNSDialup": {
      "average": 0.0007165571399999999,
      "fastest": 0.000095117,
      "slowest": 0.001673112
    },
    "DNSLookup": {
      "average": 0.0000070938,
      "fastest": 0.000003106,
      "slowest": 0.000024996
    }
  },
  "statusCodeDistribution": {
    "200": 70596
  },
  "errorDistribution": {}
}