{
  "summary": {
    "successRate": 1,
    "total": 10.000630459,
    "slowest": 0.025956632,
    "fastest": 0.004508375,
    "average": 0.007686404853904562,
    "requestsPerSec": 6497.3903661767135,
    "totalData": 844714,
    "sizePerRequest": 13,
    "sizePerSec": 84466.07476029727
  },
  "responseTimeHistogram": {
    "0.004508375": 1,
    "0.0066532007": 19806,
    "0.008798026399999999": 38832,
    "0.010942852099999999": 1890,
    "0.0130876778": 2443,
    "0.0152325035": 987,
    "0.0173773292": 153,
    "0.019522154899999998": 399,
    "0.021666980599999996": 417,
    "0.023811806299999995": 39,
    "0.025956632": 11
  },
  "latencyPercentiles": {
    "p10": 0.006354446,
    "p25": 0.006549574,
    "p50": 0.007544773,
    "p75": 0.007742838,
    "p90": 0.008696946,
    "p95": 0.012139707,
    "p99": 0.018803654
  },
  "rps": {
    "mean": 6592.346638270129,
    "stddev": 1755.1168891248572,
    "max": 12075.899654527633,
    "percentiles": {
      "p10": 4928.710725719502,
      "p25": 6143.699408939248,
      "p50": 6933.426743673586,
      "p75": 7555.800341099054,
      "p90": 8307.09508991696,
      "p95": 8865.686759772114,
      "p99": 9572.458123487495
    }
  },
  "details": {
    "DNSDialup": {
      "average": 0.0005942870200000001,
      "fastest": 0.000051828,
      "slowest": 0.001404969
    },
    "DNSLookup": {
      "average": 0.000005847640000000002,
      "fastest": 0.000002905,
      "slowest": 0.000033693
    }
  },
  "statusCodeDistribution": {
    "200": 64978
  },
  "errorDistribution": {}
}