{
  "summary": {
    "successRate": 1,
    "total": 10.001165448,
    "slowest": 0.023207692,
    "fastest": 0.00484443,
    "average": 0.007870877291599052,
    "requestsPerSec": 6344.960527844274,
    "totalData": 824941,
    "sizePerRequest": 13,
    "sizePerSec": 82484.48686197557
  },
  "responseTimeHistogram": {
    "0.00484443": 1,
    "0.0066807562000000004": 15440,
    "0.0085170824": 36312,
    "0.010353408599999999": 7752,
    "0.0121897348": 971,
    "0.014026061": 1485,
    "0.015862387199999998": 1367,
    "0.017698713399999996": 101,
    "0.019535039599999998": 8,
    "0.021371365799999997": 6,
    "0.023207692": 14
  },
  "latencyPercentiles": {
    "p10": 0.006503571,
    "p25": 0.00670212,
    "p50": 0.007689761,
    "p75": 0.008102782,
    "p90": 0.009516152,
    "p95": 0.011825665,
    "p99": 0.014281904
  },
  "rps": {
    "mean": 6395.572045172999,
    "stddev": 1577.5258572228852,
    "max": 11032.255332903087,
    "percentiles": {
      "p10": 5124.662015728459,
      "p25": 5801.122517207337,
      "p50": 6605.959897018331,
      "p75": 7177.166018160632,
      "p90": 8143.373234521701,
      "p95": 8638.460426308773,
      "p99": 9193.775364605395
    }
  },
  "details": {
    "DNSDialup": {
      "average": 0.0005061773999999999,
      "fastest": 0.000068206,
      "slowest": 0.001341091
    },
    "DNSLookup": {
      "average": 0.00000741018,
      "fastest": 0.000003597,
      "slowest": 0.000030397
    }
  },
  "statusCodeDistribution": {
    "200": 63457
  },
  "errorDistribution": {}
}