{
  "summary": {
    "successRate": 1,
    "total": 10.000674742,
    "slowest": 0.023643632,
    "fastest": 0.004423551,
    "average": 0.007551441685106564,
    "requestsPerSec": 6613.85373551028,
    "totalData": 859859,
    "sizePerRequest": 13,
    "sizePerSec": 85980.09856163364
  },
  "responseTimeHistogram": {
    "0.004423551": 1,
    "0.0063455591": 9393,
    "0.008267567200000001": 49233,
    "0.0101895753": 2934,
    "0.0121115834": 2147,
    "0.014033591500000001": 1389,
    "0.015955599600000002": 208,
    "0.0178776077": 87,
    "0.0197996158": 621,
    "0.0217216239": 119,
    "0.023643632": 11
  },
  "latencyPercentiles": {
    "p10": 0.006260556,
    "p25": 0.006479513,
    "p50": 0.007457946,
    "p75": 0.007668487,
    "p90": 0.00856694,
    "p95": 0.011475995,
    "p99": 0.018168643
  },
  "rps": {
    "mean": 6702.107781871191,
    "stddev": 1685.3823317443714,
    "max": 11795.976785516388,
    "percentiles": {
      "p10": 5202.330123662385,
      "p25": 6213.028721228416,
      "p50": 7017.061133593373,
      "p75": 7475.694396037629,
      "p90": 8404.994668080819,
      "p95": 9032.435475793189,
      "p99": 9783.149360870033
    }
  },
  "details": {
    "DNSDialup": {
      "average": 0.00066861288,
      "fastest": 0.000072394,
      "slowest": 0.00153012
    },
    "DNSLookup": {
      "average": 0.000007270100000000001,
      "fastest": 0.000003086,
      "slowest": 0.000031989
    }
  },
  "statusCodeDistribution": {
    "200": 66143
  },
  "errorDistribution": {}
}