{
  "summary": {
    "successRate": 1,
    "total": 10.001197166,
    "slowest": 0.024878163,
    "fastest": 0.005082796,
    "average": 0.007793566045283548,
    "requestsPerSec": 6407.732888004939,
    "totalData": 833105,
    "sizePerRequest": 13,
    "sizePerSec": 83300.52754406421
  },
  "responseTimeHistogram": {
    "0.005082796": 1,
    "0.0070623327": 20842,
    "0.0090418694": 37286,
    "0.011021406099999999": 1756,
    "0.013000942799999998": 2479,
    "0.014980479499999998": 759,
    "0.0169600162": 173,
    "0.0189395529": 504,
    "0.0209190896": 266,
    "0.0228986263": 9,
    "0.024878163": 10
  },
  "latencyPercentiles": {
    "p10": 0.006471772,
    "p25": 0.006743957,
    "p50": 0.00761974,
    "p75": 0.007855855,
    "p90": 0.008722857,
    "p95": 0.012043344,
    "p99": 0.018065376
  },
  "rps": {
    "mean": 6478.797987782244,
    "stddev": 1609.6248302198776,
    "max": 11097.64177473494,
    "percentiles": {
      "p10": 5018.468465801006,
      "p25": 6047.670155231477,
      "p50": 6758.8164464684105,
      "p75": 7209.990162368997,
      "p90": 8109.233984737717,
      "p95": 8660.94231405873,
      "p99": 9302.63083511342
    }
  },
  "details": {
    "DNSDialup": {
      "average": 0.00071984946,
      "fastest": 0.000087047,
      "slowest": 0.001596904
    },
    "DNSLookup": {
      "average": 0.00000797754,
      "fastest": 0.000003106,
      "slowest": 0.000059091
    }
  },
  "statusCodeDistribution": {
    "200": 64085
  },
  "errorDistribution": {}
}