{
  "summary": {
    "successRate": 1,
    "total": 10.000677679,
    "slowest": 0.025861949,
    "fastest": 0.004651134,
    "average": 0.007735697723281338,
    "requestsPerSec": 6456.6624455450565,
    "totalData": 839423,
    "sizePerRequest": 13,
    "sizePerSec": 83936.61179208574
  },
  "responseTimeHistogram": {
    "0.004651134": 1,
    "0.0067722155": 19010,
    "0.008893297": 39310,
    "0.011014378499999998": 2035,
    "0.013135459999999998": 2650,
    "0.015256541499999998": 562,
    "0.017377623": 211,
    "0.0194987045": 520,
    "0.021619786": 252,
    "0.0237408675": 9,
    "0.025861949": 11
  },
  "latencyPercentiles": {
    "p10": 0.006417149,
    "p25": 0.006628534,
    "p50": 0.007586336,
    "p75": 0.007793915,
    "p90": 0.008786117,
    "p95": 0.011954977,
    "p99": 0.018366528
  },
  "rps": {
    "mean": 6545.928751343697,
    "stddev": 1682.3818463518728,
    "max": 11999.98500001883,
    "percentiles": {
      "p10": 4754.275762965166,
      "p25": 6111.1895881358505,
      "p50": 6850.089912467047,
      "p75": 7367.379845856336,
      "p90": 8126.644830405335,
      "p95": 8827.409990761427,
      "p99": 9731.98526701564
    }
  },
  "details": {
    "DNSDialup": {
      "average": 0.0008318883199999998,
      "fastest": 0.000131857,
      "slowest": 0.001137037
    },
    "DNSLookup": {
      "average": 0.0000065342399999999995,
      "fastest": 0.000003386,
      "slowest": 0.000028955
    }
  },
  "statusCodeDistribution": {
    "200": 64571
  },
  "errorDistribution": {}
}