{
  "summary": {
    "successRate": 1,
    "total": 10.000333376,
    "slowest": 0.0239583,
    "fastest": 0.004777889,
    "average": 0.008043238452822317,
    "requestsPerSec": 6209.2929970737805,
    "totalData": 807235,
    "sizePerRequest": 13,
    "sizePerSec": 80720.80896195915
  },
  "responseTimeHistogram": {
    "0.004777889": 1,
    "0.006695930099999999": 11985,
    "0.008613971199999999": 36526,
    "0.010532012299999997": 9671,
    "0.012450053399999998": 916,
    "0.014368094499999998": 1550,
    "0.016286135599999998": 1308,
    "0.018204176699999998": 113,
    "0.020122217799999998": 7,
    "0.022040258899999998": 8,
    "0.0239583": 10
  },
  "latencyPercentiles": {
    "p10": 0.006548477,
    "p25": 0.00682839,
    "p50": 0.00775681,
    "p75": 0.008343137,
    "p90": 0.009890223,
    "p95": 0.012367456,
    "p99": 0.01485198
  },
  "rps": {
    "mean": 6274.764582051836,
    "stddev": 1655.4921705838556,
    "max": 11003.081886469081,
    "percentiles": {
      "p10": 4938.140219801369,
      "p25": 5460.571940304937,
      "p50": 6464.954065854831,
      "p75": 7075.818664298774,
      "p90": 7984.837299338024,
      "p95": 8637.538743378616,
      "p99": 9902.103021698222
    }
  },
  "details": {
    "DNSDialup": {
      "average": 0.0008342872999999998,
      "fastest": 0.000109355,
      "slowest": 0.001113887
    },
    "DNSLookup": {
      "average": 0.000006731859999999997,
      "fastest": 0.000003106,
      "slowest": 0.000029766
    }
  },
  "statusCodeDistribution": {
    "200": 62095
  },
  "errorDistribution": {}
}