{
  "summary": {
    "successRate": 1,
    "total": 10.000648608,
    "slowest": 0.025132739,
    "fastest": 0.004640719,
    "average": 0.007818037908891823,
    "requestsPerSec": 6388.685624739431,
    "totalData": 830583,
    "sizePerRequest": 13,
    "sizePerSec": 83052.9131216126
  },
  "responseTimeHistogram": {
    "0.004640719": 1,
    "0.006689921": 12691,
    "0.008739123": 39967,
    "0.010788325": 9456,
    "0.012837527": 812,
    "0.014886729": 799,
    "0.016935931": 84,
    "0.018985133": 52,
    "0.021034335": 10,
    "0.023083537": 7,
    "0.025132739": 12
  },
  "latencyPercentiles": {
    "p10": 0.006502782,
    "p25": 0.006938869,
    "p50": 0.007679319,
    "p75": 0.008247438,
    "p90": 0.009401121,
    "p95": 0.009778009,
    "p99": 0.013613163
  },
  "rps": {
    "mean": 6419.928979188677,
    "stddev": 1279.8177593853604,
    "max": 11486.628129030065,
    "percentiles": {
      "p10": 5235.437082035434,
      "p25": 5605.270635978985,
      "p50": 6433.64991917219,
      "p75": 7062.57583440813,
      "p90": 7910.124167922567,
      "p95": 8416.901137483948,
      "p99": 9790.975347015297
    }
  },
  "details": {
    "DNSDialup": {
      "average": 0.0007332292199999997,
      "fastest": 0.000102252,
      "slowest": 0.001250887
    },
    "DNSLookup": {
      "average": 0.00000761062,
      "fastest": 0.000003236,
      "slowest": 0.000032621
    }
  },
  "statusCodeDistribution": {
    "200": 63891
  },
  "errorDistribution": {}
}