{
  "summary": {
    "successRate": 1,
    "total": 10.000632395,
    "slowest": 0.023342569,
    "fastest": 0.003435111,
    "average": 0.006708770778725446,
    "requestsPerSec": 7445.0291800771665,
    "totalData": 967915,
    "sizePerRequest": 13,
    "sizePerSec": 96785.37934100316
  },
  "responseTimeHistogram": {
    "0.003435111": 1,
    "0.0054258568": 10313,
    "0.007416602599999999": 52024,
    "0.0094073484": 5020,
    "0.011398094199999998": 5551,
    "0.013388839999999997": 375,
    "0.015379585799999998": 43,
    "0.0173703316": 649,
    "0.0193610774": 419,
    "0.021351823199999998": 49,
    "0.023342568999999997": 11
  },
  "latencyPercentiles": {
    "p10": 0.005354995,
    "p25": 0.005572678,
    "p50": 0.006390715,
    "p75": 0.006787906,
    "p90": 0.009291311,
    "p95": 0.010366516,
    "p99": 0.016517722
  },
  "rps": {
    "mean": 7621.471952813496,
    "stddev": 2220.1164523519024,
    "max": 16285.495594762995,
    "percentiles": {
      "p10": 5065.739622807049,
      "p25": 6236.740639105046,
      "p50": 7848.5949523809795,
      "p75": 9032.858176984048,
      "p90": 10030.340713600648,
      "p95": 10548.02833742879,
      "p99": 12436.276771623561
    }
  },
  "details": {
    "DNSDialup": {
      "average": 0.0005457220999999999,
      "fastest": 0.000067087,
      "slowest": 0.000921961
    },
    "DNSLookup": {
      "average": 0.00001023356,
      "fastest": 0.00000281,
      "slowest": 0.000233818
    }
  },
  "statusCodeDistribution": {
    "200": 74455
  },
  "errorDistribution": {}
}