{
  "summary": {
    "successRate": 1,
    "total": 10.00064018,
    "slowest": 0.025418544,
    "fastest": 0.005219438,
    "average": 0.00737477687752177,
    "requestsPerSec": 6770.566561869842,
    "totalData": 880230,
    "sizePerRequest": 13,
    "sizePerSec": 88017.36530430795
  },
  "responseTimeHistogram": {
    "0.005219438": 1,
    "0.0072393486": 46117,
    "0.0092592592": 13167,
    "0.011279169799999999": 6994,
    "0.0132990804": 433,
    "0.015318991": 91,
    "0.017338901599999998": 558,
    "0.0193588122": 324,
    "0.0213787228": 8,
    "0.0233986334": 8,
    "0.025418544": 9
  },
  "latencyPercentiles": {
    "p10": 0.00564429,
    "p25": 0.006746196,
    "p50": 0.007109687,
    "p75": 0.007303169,
    "p90": 0.009896725,
    "p95": 0.010521709,
    "p99": 0.016356654
  },
  "rps": {
    "mean": 6795.751404099125,
    "stddev": 1499.2488352145679,
    "max": 11436.95853147987,
    "percentiles": {
      "p10": 4820.764478839838,
      "p25": 6400.734164208687,
      "p50": 7066.762127724387,
      "p75": 7464.610684239545,
      "p90": 8494.749587423099,
      "p95": 8825.939436002518,
      "p99": 9584.505627668448
    }
  },
  "details": {
    "DNSDialup": {
      "average": 0.0011379773199999997,
      "fastest": 0.000124855,
      "slowest": 0.001818118
    },
    "DNSLookup": {
      "average": 0.00000697846,
      "fastest": 0.000003055,
      "slowest": 0.000038252
    }
  },
  "statusCodeDistribution": {
    "200": 67710
  },
  "errorDistribution": {}
}