{
  "summary": {
    "successRate": 1,
    "total": 10.001960795,
    "slowest": 0.024335442,
    "fastest": 0.004388125,
    "average": 0.007541709839682937,
    "requestsPerSec": 6621.20171807772,
    "totalData": 860925,
    "sizePerRequest": 13,
    "sizePerSec": 86075.62233501035
  },
  "responseTimeHistogram": {
    "0.004388125": 1,
    "0.0063828567": 11516,
    "0.0083775884": 44678,
    "0.010372320099999999": 6442,
    "0.012367051799999999": 2510,
    "0.0143617835": 115,
    "0.016356515199999998": 775,
    "0.0183512469": 161,
    "0.0203459786": 9,
    "0.022340710299999997": 7,
    "0.024335442": 11
  },
  "latencyPercentiles": {
    "p10": 0.006272595,
    "p25": 0.006481155,
    "p50": 0.007463393,
    "p75": 0.007746909,
    "p90": 0.009359352,
    "p95": 0.010442962,
    "p99": 0.015496488
  },
  "rps": {
    "mean": 6665.763581647728,
    "stddev": 1550.499799796744,
    "max": 12244.806331378475,
    "percentiles": {
      "p10": 5024.560049522067,
      "p25": 5806.676516659042,
      "p50": 6823.383736063485,
      "p75": 7511.711509414098,
      "p90": 8429.30870637211,
      "p95": 8940.121443062275,
      "p99": 9805.602921508951
    }
  },
  "details": {
    "DNSDialup": {
      "average": 0.00077358974,
      "fastest": 0.000093838,
      "slowest": 0.001519734
    },
    "DNSLookup": {
      "average": 0.0000067200200000000014,
      "fastest": 0.000003366,
      "slowest": 0.00003229
    }
  },
  "statusCodeDistribution": {
    "200": 66225
  },
  "errorDistribution": {}
}