{
  "summary": {
    "successRate": 1,
    "total": 10.000570415,
    "slowest": 0.025340218,
    "fastest": 0.00531606,
    "average": 0.007404536156404262,
    "requestsPerSec": 6744.315294139149,
    "totalData": 876811,
    "sizePerRequest": 13,
    "sizePerSec": 87676.09882380893
  },
  "responseTimeHistogram": {
    "0.00531606": 1,
    "0.0073184758": 53179,
    "0.009320891599999999": 5416,
    "0.0113233074": 6997,
    "0.0133257232": 825,
    "0.015328139000000001": 109,
    "0.0173305548": 268,
    "0.0193329706": 626,
    "0.0213353864": 9,
    "0.0233378022": 6,
    "0.025340218": 11
  },
  "latencyPercentiles": {
    "p10": 0.005819737,
    "p25": 0.00676152,
    "p50": 0.007007223,
    "p75": 0.007232575,
    "p90": 0.010147473,
    "p95": 0.010854458,
    "p99": 0.01727932
  },
  "rps": {
    "mean": 6780.943859287617,
    "stddev": 1541.617894490751,
    "max": 10487.939273218048,
    "percentiles": {
      "p10": 4511.212166719169,
      "p25": 6528.125121460929,
      "p50": 7112.129737266933,
      "p75": 7552.539239217775,
      "p90": 8366.717881732451,
      "p95": 8739.168077406095,
      "p99": 9261.266301147556
    }
  },
  "details": {
    "DNSDialup": {
      "average": 0.0008245874400000001,
      "fastest": 0.00007441,
      "slowest": 0.001556043
    },
    "DNSLookup": {
      "average": 0.000008230459999999999,
      "fastest": 0.000003627,
      "slowest": 0.000042299
    }
  },
  "statusCodeDistribution": {
    "200": 67447
  },
  "errorDistribution": {}
}