{
  "summary": {
    "successRate": 1,
    "total": 10.000901808,
    "slowest": 0.023311186,
    "fastest": 0.005075212,
    "average": 0.0076196239311439205,
    "requestsPerSec": 6549.309378040841,
    "totalData": 851487,
    "sizePerRequest": 13,
    "sizePerSec": 85141.02191453092
  },
  "responseTimeHistogram": {
    "0.005075212": 1,
    "0.006898809400000001": 24298,
    "0.0087224068": 34688,
    "0.0105460042": 1941,
    "0.012369601600000002": 2215,
    "0.014193199": 1280,
    "0.0160167964": 191,
    "0.017840393800000003": 148,
    "0.0196639912": 571,
    "0.021487588600000003": 155,
    "0.023311186": 11
  },
  "latencyPercentiles": {
    "p10": 0.006339624,
    "p25": 0.006534032,
    "p50": 0.007518611,
    "p75": 0.007721917,
    "p90": 0.008699922,
    "p95": 0.011725807,
    "p99": 0.01823309
  },
  "rps": {
    "mean": 6645.12155377198,
    "stddev": 1724.0886089655223,
    "max": 12042.7494296193,
    "percentiles": {
      "p10": 4812.77599515672,
      "p25": 6154.996121342897,
      "p50": 6907.620486921142,
      "p75": 7532.032983073802,
      "p90": 8564.451903425133,
      "p95": 9016.296956748369,
      "p99": 9783.4085263394
    }
  },
  "details": {
    "DNSDialup": {
      "average": 0.0007044099199999998,
      "fastest": 0.000087784,
      "slowest": 0.001631627
    },
    "DNSLookup": {
      "average": 0.0000064174799999999986,
      "fastest": 0.000003006,
      "slowest": 0.000024726
    }
  },
  "statusCodeDistribution": {
    "200": 65499
  },
  "errorDistribution": {}
}