{
  "summary": {
    "successRate": 1,
    "total": 10.000658578,
    "slowest": 0.025702872,
    "fastest": 0.004962481,
    "average": 0.006864579164696741,
    "requestsPerSec": 7275.320863373645,
    "totalData": 945854,
    "sizePerRequest": 13,
    "sizePerSec": 94579.17122385738
  },
  "responseTimeHistogram": {
    "0.004962481": 1,
    "0.007036520100000001": 58826,
    "0.0091105592": 7001,
    "0.011184598300000001": 5602,
    "0.013258637400000002": 178,
    "0.015332676500000003": 674,
    "0.0174067156": 438,
    "0.019480754700000002": 9,
    "0.021554793800000003": 10,
    "0.023628832900000004": 8,
    "0.025702872000000005": 11
  },
  "latencyPercentiles": {
    "p10": 0.005479101,
    "p25": 0.006308778,
    "p50": 0.006474156,
    "p75": 0.006801477,
    "p90": 0.009009566,
    "p95": 0.009678243,
    "p99": 0.015150599
  },
  "rps": {
    "mean": 7300.517593442136,
    "stddev": 1567.4779857409076,
    "max": 11306.90908679751,
    "percentiles": {
      "p10": 5317.2966559956985,
      "p25": 6926.06764077962,
      "p50": 7545.283775104785,
      "p75": 8153.133153447859,
      "p90": 8838.540455657181,
      "p95": 9293.653071365292,
      "p99": 9852.552915727894
    }
  },
  "details": {
    "DNSDialup": {
      "average": 0.0007815719,
      "fastest": 0.000073823,
      "slowest": 0.001701891
    },
    "DNSLookup": {
      "average": 0.000006787420000000001,
      "fastest": 0.000003366,
      "slowest": 0.000033994
    }
  },
  "statusCodeDistribution": {
    "200": 72758
  },
  "errorDistribution": {}
}