{
  "summary": {
    "successRate": 1,
    "total": 10.000625763,
    "slowest": 0.025528498,
    "fastest": 0.004923389,
    "average": 0.008046258204823737,
    "requestsPerSec": 6206.411625724185,
    "totalData": 806884,
    "sizePerRequest": 13,
    "sizePerSec": 80683.3511344144
  },
  "responseTimeHistogram": {
    "0.004923389": 1,
    "0.0069838999": 14814,
    "0.0090444108": 41338,
    "0.011104921700000001": 1811,
    "0.0131654326": 2064,
    "0.0152259435": 1166,
    "0.0172864544": 133,
    "0.0193469653": 266,
    "0.0214074762": 456,
    "0.0234679871": 8,
    "0.025528498": 11
  },
  "latencyPercentiles": {
    "p10": 0.00673297,
    "p25": 0.007018632,
    "p50": 0.007861322,
    "p75": 0.008025533,
    "p90": 0.008898473,
    "p95": 0.012333709,
    "p99": 0.018775408
  },
  "rps": {
    "mean": 6270.130869145148,
    "stddev": 1504.4144459964084,
    "max": 9885.286991718582,
    "percentiles": {
      "p10": 5100.7793990924465,
      "p25": 6033.018711407934,
      "p50": 6461.4816439908855,
      "p75": 6908.69666736482,
      "p90": 7745.407451182967,
      "p95": 8167.840130048392,
      "p99": 8930.794558503387
    }
  },
  "details": {
    "DNSDialup": {
      "average": 0.00068404634,
      "fastest": 0.00008045,
      "slowest": 0.001193655
    },
    "DNSLookup": {
      "average": 0.000007162460000000001,
      "fastest": 0.000003487,
      "slowest": 0.000028563
    }
  },
  "statusCodeDistribution": {
    "200": 62068
  },
  "errorDistribution": {}
}