{
  "summary": {
    "successRate": 1,
    "total": 10.004003035,
    "slowest": 0.023981013,
    "fastest": 0.005042374,
    "average": 0.00808039394435003,
    "requestsPerSec": 6179.0265140598285,
    "totalData": 803595,
    "sizePerRequest": 13,
    "sizePerSec": 80327.34468277778
  },
  "responseTimeHistogram": {
    "0.005042374": 1,
    "0.0069362378999999995": 14554,
    "0.0088301018": 40004,
    "0.010723965700000001": 2348,
    "0.0126178296": 1506,
    "0.014511693499999999": 2207,
    "0.0164055574": 361,
    "0.0182994213": 113,
    "0.0201932852": 303,
    "0.022087149099999998": 407,
    "0.023981013": 11
  },
  "latencyPercentiles": {
    "p10": 0.006654505,
    "p25": 0.006965474,
    "p50": 0.007847227,
    "p75": 0.008152482,
    "p90": 0.009191395,
    "p95": 0.012822898,
    "p99": 0.019336409
  },
  "rps": {
    "mean": 6274.629799479594,
    "stddev": 1659.2660432154314,
    "max": 11216.077737618212,
    "percentiles": {
      "p10": 4904.3376672621125,
      "p25": 5917.418168911785,
      "p50": 6355.548767336205,
      "p75": 7079.169896537611,
      "p90": 7975.684644163604,
      "p95": 8438.905040015465,
      "p99": 9261.374938193254
    }
  },
  "details": {
    "DNSDialup": {
      "average": 0.0007735991399999999,
      "fastest": 0.00008177,
      "slowest": 0.001743646
    },
    "DNSLookup": {
      "average": 0.00000832242,
      "fastest": 0.000003175,
      "slowest": 0.000036138
    }
  },
  "statusCodeDistribution": {
    "200": 61815
  },
  "errorDistribution": {}
}