{
  "summary": {
    "successRate": 1,
    "total": 10.001537506,
    "slowest": 0.025252936,
    "fastest": 0.004418453,
    "average": 0.007668558961463501,
    "requestsPerSec": 6512.298730162858,
    "totalData": 846729,
    "sizePerRequest": 13,
    "sizePerSec": 84659.88349211715
  },
  "responseTimeHistogram": {
    "0.004418453": 1,
    "0.0065019013": 11962,
    "0.0085853496": 46658,
    "0.010668797899999999": 1831,
    "0.012752246200000001": 2714,
    "0.0148356945": 932,
    "0.0169191428": 218,
    "0.0190025911": 476,
    "0.0210860394": 324,
    "0.023169487699999998": 7,
    "0.025252936": 10
  },
  "latencyPercentiles": {
    "p10": 0.006344401,
    "p25": 0.006595809,
    "p50": 0.007561542,
    "p75": 0.007731574,
    "p90": 0.008583846,
    "p95": 0.011801619,
    "p99": 0.017852767
  },
  "rps": {
    "mean": 6592.3221558584455,
    "stddev": 1669.3202227386512,
    "max": 11609.882834317663,
    "percentiles": {
      "p10": 4957.711229104654,
      "p25": 6131.717535294815,
      "p50": 6930.277690200837,
      "p75": 7430.476097714671,
      "p90": 8206.630957813879,
      "p95": 8764.691814654541,
      "p99": 9676.439030117734
    }
  },
  "details": {
    "DNSDialup": {
      "average": 0.0005934306200000001,
      "fastest": 0.000077878,
      "slowest": 0.000812525
    },
    "DNSLookup": {
      "average": 0.0000067618400000000005,
      "fastest": 0.000002896,
      "slowest": 0.000036217
    }
  },
  "statusCodeDistribution": {
    "200": 65133
  },
  "errorDistribution": {}
}