{
  "summary": {
    "successRate": 1,
    "total": 10.000595537,
    "slowest": 0.025425102,
    "fastest": 0.004470136,
    "average": 0.007527642405495856,
    "requestsPerSec": 6633.704938326214,
    "totalData": 862433,
    "sizePerRequest": 13,
    "sizePerSec": 86238.16419824079
  },
  "responseTimeHistogram": {
    "0.004470136": 1,
    "0.006565632600000001": 20035,
    "0.008661129200000001": 39767,
    "0.010756625800000003": 2129,
    "0.012852122400000002": 2970,
    "0.014947619000000002": 431,
    "0.017043115600000002": 202,
    "0.019138612200000002": 699,
    "0.021234108800000002": 87,
    "0.0233296054": 9,
    "0.025425102": 11
  },
  "latencyPercentiles": {
    "p10": 0.006257809,
    "p25": 0.006447471,
    "p50": 0.007409073,
    "p75": 0.00761091,
    "p90": 0.008617685,
    "p95": 0.011469351,
    "p99": 0.018119839
  },
  "rps": {
    "mean": 6728.7629422006485,
    "stddev": 1740.3143076556848,
    "max": 12248.574454379323,
    "percentiles": {
      "p10": 5010.777681715613,
      "p25": 6120.043755302986,
      "p50": 7056.492870623628,
      "p75": 7610.653575531173,
      "p90": 8510.613031330366,
      "p95": 9174.349848608768,
      "p99": 10257.764942999052
    }
  },
  "details": {
    "DNSDialup": {
      "average": 0.0006105438800000002,
      "fastest": 0.000075672,
      "slowest": 0.001038425
    },
    "DNSLookup": {
      "average": 0.000006035060000000001,
      "fastest": 0.000003456,
      "slowest": 0.000025989
    }
  },
  "statusCodeDistribution": {
    "200": 66341
  },
  "errorDistribution": {}
}