{
  "summary": {
    "successRate": 1,
    "total": 10.000692747,
    "slowest": 0.02470545,
    "fastest": 0.002330288,
    "average": 0.007609922178323342,
    "requestsPerSec": 6562.34539549143,
    "totalData": 853164,
    "sizePerRequest": 13,
    "sizePerSec": 85310.4901413886
  },
  "responseTimeHistogram": {
    "0.002330288": 1,
    "0.0045678042": 19,
    "0.0068053204": 22804,
    "0.0090428366": 36713,
    "0.0112803528": 1991,
    "0.013517869000000002": 2801,
    "0.0157553852": 484,
    "0.0179929014": 81,
    "0.0202304176": 695,
    "0.022467933800000003": 27,
    "0.024705450000000004": 12
  },
  "latencyPercentiles": {
    "p10": 0.006288044,
    "p25": 0.006512503,
    "p50": 0.007444191,
    "p75": 0.007755006,
    "p90": 0.008845423,
    "p95": 0.011928033,
    "p99": 0.018327801
  },
  "rps": {
    "mean": 6655.1382632878285,
    "stddev": 1731.5692655102234,
    "max": 11899.187701950228,
    "percentiles": {
      "p10": 4956.475569582548,
      "p25": 6112.627110552654,
      "p50": 6923.173245487235,
      "p75": 7629.13643495876,
      "p90": 8461.749580775859,
      "p95": 8934.877293514948,
      "p99": 9984.682387808334
    }
  },
  "details": {
    "DNSDialup": {
      "average": 0.0007310451999999998,
      "fastest": 0.000090018,
      "slowest": 0.001645461
    },
    "DNSLookup": {
      "average": 0.0000075369199999999995,
      "fastest": 0.000003477,
      "slowest": 0.000043422
    }
  },
  "statusCodeDistribution": {
    "200": 65628
  },
  "errorDistribution": {}
}