{
  "summary": {
    "successRate": 1,
    "total": 10.00065016,
    "slowest": 0.025221605,
    "fastest": 0.004677792,
    "average": 0.00796279352457267,
    "requestsPerSec": 6270.792298167943,
    "totalData": 815256,
    "sizePerRequest": 13,
    "sizePerSec": 81520.29987618326
  },
  "responseTimeHistogram": {
    "0.004677792": 1,
    "0.0067321733": 10880,
    "0.0087865546": 45364,
    "0.010840935900000001": 2193,
    "0.0128953172": 1957,
    "0.0149496985": 1372,
    "0.017004079800000002": 156,
    "0.0190584611": 295,
    "0.0211128424": 424,
    "0.023167223700000003": 59,
    "0.025221605": 11
  },
  "latencyPercentiles": {
    "p10": 0.006557385,
    "p25": 0.006976403,
    "p50": 0.007757327,
    "p75": 0.007993361,
    "p90": 0.008864424,
    "p95": 0.012362635,
    "p99": 0.018734511
  },
  "rps": {
    "mean": 6350.539940266639,
    "stddev": 1564.0098153724553,
    "max": 11528.098917676352,
    "percentiles": {
      "p10": 5100.437107460144,
      "p25": 6046.241656186469,
      "p50": 6606.424086782047,
      "p75": 7028.28956834148,
      "p90": 7780.665878152721,
      "p95": 8245.229392726278,
      "p99": 9137.11954816422
    }
  },
  "details": {
    "DNSDialup": {
      "average": 0.0007145048399999998,
      "fastest": 0.000072839,
      "slowest": 0.00159421
    },
    "DNSLookup": {
      "average": 0.000007777559999999999,
      "fastest": 0.000003447,
      "slowest": 0.000042099
    }
  },
  "statusCodeDistribution": {
    "200": 62712
  },
  "errorDistribution": {}
}