{
  "summary": {
    "successRate": 1,
    "total": 10.000675899,
    "slowest": 0.024140446,
    "fastest": 0.005191013,
    "average": 0.007855901598722558,
    "requestsPerSec": 6356.770346527955,
    "totalData": 826436,
    "sizePerRequest": 13,
    "sizePerSec": 82638.01450486341
  },
  "responseTimeHistogram": {
    "0.005191013": 1,
    "0.0070859563": 19400,
    "0.0089808996": 38065,
    "0.010875842899999998": 2045,
    "0.012770786199999998": 1984,
    "0.014665729499999999": 1117,
    "0.0165606728": 95,
    "0.0184556161": 253,
    "0.0203505594": 594,
    "0.0222455027": 7,
    "0.024140446": 11
  },
  "latencyPercentiles": {
    "p10": 0.006555613,
    "p25": 0.006791209,
    "p50": 0.007721313,
    "p75": 0.007873717,
    "p90": 0.008825521,
    "p95": 0.011783347,
    "p99": 0.018018147
  },
  "rps": {
    "mean": 6422.081920210905,
    "stddev": 1560.949138538446,
    "max": 11580.981877004617,
    "percentiles": {
      "p10": 5062.7728138415305,
      "p25": 6044.458198944691,
      "p50": 6737.782113199792,
      "p75": 7163.3772640057205,
      "p90": 7921.5291318746595,
      "p95": 8423.854671659408,
      "p99": 9106.117226487344
    }
  },
  "details": {
    "DNSDialup": {
      "average": 0.00084220072,
      "fastest": 0.000107861,
      "slowest": 0.001497257
    },
    "DNSLookup": {
      "average": 0.00000918098,
      "fastest": 0.000003677,
      "slowest": 0.000131866
    }
  },
  "statusCodeDistribution": {
    "200": 63572
  },
  "errorDistribution": {}
}