{
  "summary": {
    "successRate": 1,
    "total": 10.001246984,
    "slowest": 0.025370692,
    "fastest": 0.004887134,
    "average": 0.007732035152171885,
    "requestsPerSec": 6458.994573711049,
    "totalData": 839774,
    "sizePerRequest": 13,
    "sizePerSec": 83966.92945824364
  },
  "responseTimeHistogram": {
    "0.004887134": 1,
    "0.0069354898": 21629,
    "0.008983845599999998": 36799,
    "0.011032201399999999": 2161,
    "0.013080557199999999": 2277,
    "0.015128912999999999": 821,
    "0.0171772688": 99,
    "0.019225624599999998": 680,
    "0.021273980399999996": 112,
    "0.023322336199999995": 8,
    "0.025370692": 11
  },
  "latencyPercentiles": {
    "p10": 0.006392957,
    "p25": 0.006664585,
    "p50": 0.00761934,
    "p75": 0.007856272,
    "p90": 0.008828459,
    "p95": 0.011973454,
    "p99": 0.018082664
  },
  "rps": {
    "mean": 6537.046158550161,
    "stddev": 1624.107563906194,
    "max": 11296.307801793835,
    "percentiles": {
      "p10": 5110.200471160599,
      "p25": 6106.828655802912,
      "p50": 6820.323199068672,
      "p75": 7352.710175549387,
      "p90": 8130.708874347306,
      "p95": 8688.486061712829,
      "p99": 9549.479434001016
    }
  },
  "details": {
    "DNSDialup": {
      "average": 0.0006169251599999998,
      "fastest": 0.000078921,
      "slowest": 0.001505864
    },
    "DNSLookup": {
      "average": 0.0000070966200000000005,
      "fastest": 0.000003106,
      "slowest": 0.000031288
    }
  },
  "statusCodeDistribution": {
    "200": 64598
  },
  "errorDistribution": {}
}