{
  "summary": {
    "successRate": 1,
    "total": 10.000622217,
    "slowest": 0.02511099,
    "fastest": 0.004716812,
    "average": 0.007663086996071807,
    "requestsPerSec": 6516.594526410356,
    "totalData": 847210,
    "sizePerRequest": 13,
    "sizePerSec": 84715.72884333463
  },
  "responseTimeHistogram": {
    "0.004716812": 1,
    "0.006756229799999999": 20394,
    "0.0087956476": 38480,
    "0.0108350654": 2221,
    "0.012874483199999998": 2571,
    "0.014913901": 551,
    "0.0169533188": 114,
    "0.018992736599999997": 507,
    "0.0210321544": 268,
    "0.023071572199999998": 52,
    "0.02511099": 11
  },
  "latencyPercentiles": {
    "p10": 0.006392567,
    "p25": 0.006564219,
    "p50": 0.007539639,
    "p75": 0.00773914,
    "p90": 0.008653055,
    "p95": 0.011499231,
    "p99": 0.017932388
  },
  "rps": {
    "mean": 6606.0506162893425,
    "stddev": 1660.7062562563153,
    "max": 11953.845859600942,
    "percentiles": {
      "p10": 4989.57027071491,
      "p25": 6117.601563217452,
      "p50": 6885.587632151675,
      "p75": 7376.981009933279,
      "p90": 8233.176407652356,
      "p95": 8839.147326860768,
      "p99": 10189.864488458288
    }
  },
  "details": {
    "DNSDialup": {
      "average": 0.0007157357400000002,
      "fastest": 0.000090149,
      "slowest": 0.001697089
    },
    "DNSLookup": {
      "average": 0.0000069660999999999976,
      "fastest": 0.000003357,
      "slowest": 0.000037129
    }
  },
  "statusCodeDistribution": {
    "200": 65170
  },
  "errorDistribution": {}
}