{
  "summary": {
    "successRate": 1,
    "total": 10.000594623,
    "slowest": 0.025514867,
    "fastest": 0.005086781,
    "average": 0.007922834736388787,
    "requestsPerSec": 6303.225195732444,
    "totalData": 819468,
    "sizePerRequest": 13,
    "sizePerSec": 81941.92754452178
  },
  "responseTimeHistogram": {
    "0.005086781": 1,
    "0.0071295896": 22359,
    "0.009172398200000001": 34638,
    "0.0112152068": 1820,
    "0.0132580154": 2096,
    "0.015300824": 1137,
    "0.0173436326": 148,
    "0.0193864412": 477,
    "0.0214292498": 331,
    "0.023472058400000002": 18,
    "0.025514866999999997": 11
  },
  "latencyPercentiles": {
    "p10": 0.006537493,
    "p25": 0.006887343,
    "p50": 0.007642945,
    "p75": 0.00805011,
    "p90": 0.009032101,
    "p95": 0.012517903,
    "p99": 0.018171553
  },
  "rps": {
    "mean": 6388.033608387939,
    "stddev": 1667.820471453425,
    "max": 11476.498830747962,
    "percentiles": {
      "p10": 4941.19224918533,
      "p25": 6029.62766084459,
      "p50": 6606.752100646455,
      "p75": 7235.651502081241,
      "p90": 8044.796645641673,
      "p95": 8525.997186420662,
      "p99": 9622.400598688348
    }
  },
  "details": {
    "DNSDialup": {
      "average": 0.0008136242,
      "fastest": 0.000099054,
      "slowest": 0.001418622
    },
    "DNSLookup": {
      "average": 0.000007543500000000001,
      "fastest": 0.000003417,
      "slowest": 0.000039934
    }
  },
  "statusCodeDistribution": {
    "200": 63036
  },
  "errorDistribution": {}
}