{
  "summary": {
    "successRate": 1,
    "total": 10.00098498,
    "slowest": 0.025751251,
    "fastest": 0.005405572,
    "average": 0.007961889162710643,
    "requestsPerSec": 6272.482173050918,
    "totalData": 815503,
    "sizePerRequest": 13,
    "sizePerSec": 81542.26824966194
  },
  "responseTimeHistogram": {
    "0.005405572": 1,
    "0.0074401399": 22058,
    "0.0094747078": 35052,
    "0.0115092757": 1750,
    "0.013543843600000001": 2359,
    "0.0155784115": 633,
    "0.0176129794": 68,
    "0.019647547300000002": 493,
    "0.0216821152": 281,
    "0.0237166831": 25,
    "0.025751251": 11
  },
  "latencyPercentiles": {
    "p10": 0.006622646,
    "p25": 0.006919942,
    "p50": 0.007736439,
    "p75": 0.007959336,
    "p90": 0.008969876,
    "p95": 0.012309696,
    "p99": 0.018670232
  },
  "rps": {
    "mean": 6368.269986755793,
    "stddev": 1594.9223367129312,
    "max": 10993.466363066207,
    "percentiles": {
      "p10": 5068.528019380425,
      "p25": 6011.703584538287,
      "p50": 6632.1002980818575,
      "p75": 7129.090968606254,
      "p90": 7944.094490881108,
      "p95": 8450.547796701154,
      "p99": 8970.601345922392
    }
  },
  "details": {
    "DNSDialup": {
      "average": 0.0007320415599999998,
      "fastest": 0.000068719,
      "slowest": 0.001399223
    },
    "DNSLookup": {
      "average": 0.0000066729399999999995,
      "fastest": 0.000003306,
      "slowest": 0.000026791
    }
  },
  "statusCodeDistribution": {
    "200": 62731
  },
  "errorDistribution": {}
}