{
  "summary": {
    "successRate": 1,
    "total": 10.000595513,
    "slowest": 0.024543966,
    "fastest": 0.005024641,
    "average": 0.007788242416345716,
    "requestsPerSec": 6412.3181381188615,
    "totalData": 833651,
    "sizePerRequest": 13,
    "sizePerSec": 83360.1357955452
  },
  "responseTimeHistogram": {
    "0.005024641": 1,
    "0.0069765734999999995": 19110,
    "0.008928506": 38865,
    "0.0108804385": 1836,
    "0.012832371": 2362,
    "0.0147843035": 988,
    "0.016736236": 175,
    "0.0186881685": 147,
    "0.020640101": 574,
    "0.0225920335": 58,
    "0.024543966": 11
  },
  "latencyPercentiles": {
    "p10": 0.006424921,
    "p25": 0.006740896,
    "p50": 0.007603956,
    "p75": 0.00782997,
    "p90": 0.008808973,
    "p95": 0.011909427,
    "p99": 0.01869344
  },
  "rps": {
    "mean": 6503.254304651899,
    "stddev": 1648.4818077463437,
    "max": 11592.102399989672,
    "percentiles": {
      "p10": 5105.4991331162855,
      "p25": 6039.765210167019,
      "p50": 6776.524720709473,
      "p75": 7241.562417890863,
      "p90": 8094.131075062226,
      "p95": 8713.786953718642,
      "p99": 9823.440714914568
    }
  },
  "details": {
    "DNSDialup": {
      "average": 0.00073475936,
      "fastest": 0.000070011,
      "slowest": 0.001576738
    },
    "DNSLookup": {
      "average": 0.0000065351599999999994,
      "fastest": 0.000003206,
      "slowest": 0.000038452
    }
  },
  "statusCodeDistribution": {
    "200": 64127
  },
  "errorDistribution": {}
}