{
  "summary": {
    "successRate": 1,
    "total": 10.00063658,
    "slowest": 0.025758312,
    "fastest": 0.005012271,
    "average": 0.007826192752923311,
    "requestsPerSec": 6379.393900543079,
    "totalData": 829374,
    "sizePerRequest": 13,
    "sizePerSec": 82932.12070706004
  },
  "responseTimeHistogram": {
    "0.005012271": 1,
    "0.007086875099999999": 19207,
    "0.0091614792": 34941,
    "0.011236083299999998": 7949,
    "0.0133106874": 855,
    "0.015385291499999999": 701,
    "0.017459895599999997": 105,
    "0.0195344997": 11,
    "0.021609103799999998": 10,
    "0.023683707899999996": 6,
    "0.025758312": 12
  },
  "latencyPercentiles": {
    "p10": 0.006481348,
    "p25": 0.00686265,
    "p50": 0.007649357,
    "p75": 0.008222718,
    "p90": 0.009525627,
    "p95": 0.010046267,
    "p99": 0.013856388
  },
  "rps": {
    "mean": 6407.1871309567305,
    "stddev": 1286.7635597571464,
    "max": 10779.594488239325,
    "percentiles": {
      "p10": 5149.820912453608,
      "p25": 5543.108198146161,
      "p50": 6462.8650742590025,
      "p75": 7152.238519700358,
      "p90": 7850.204412277794,
      "p95": 8238.984351814723,
      "p99": 9247.354779088222
    }
  },
  "details": {
    "DNSDialup": {
      "average": 0.00082223534,
      "fastest": 0.000076566,
      "slowest": 0.001765166
    },
    "DNSLookup": {
      "average": 0.0000062947800000000006,
      "fastest": 0.000002545,
      "slowest": 0.000033422
    }
  },
  "statusCodeDistribution": {
    "200": 63798
  },
  "errorDistribution": {}
}