{
  "summary": {
    "successRate": 1,
    "total": 10.000534876,
    "slowest": 0.01103989,
    "fastest": 0.00031447,
    "average": 0.0014684757456724057,
    "requestsPerSec": 34006.68106424591,
    "totalData": 4421105,
    "sizePerRequest": 13,
    "sizePerSec": 442086.8538351968
  },
  "responseTimeHistogram": {
    "0.00031447": 1,
    "0.001387012": 124126,
    "0.0024595539999999996": 214840,
    "0.0035320959999999993": 740,
    "0.0046046379999999994": 204,
    "0.0056771799999999996": 67,
    "0.006749721999999999": 8,
    "0.007822263999999999": 12,
    "0.008894806": 61,
    "0.009967348": 9,
    "0.01103989": 17
  },
  "latencyPercentiles": {
    "p10": 0.001281378,
    "p25": 0.00133268,
    "p50": 0.001480335,
    "p75": 0.001550709,
    "p90": 0.001621281,
    "p95": 0.001686355,
    "p99": 0.002040094
  },
  "rps": {
    "mean": 34001.03545827543,
    "stddev": 2650.029147437935,
    "max": 36669.65841972628,
    "percentiles": {
      "p10": 32428.978250321354,
      "p25": 33935.03037437715,
      "p50": 34578.98113082711,
      "p75": 35200.93634490683,
      "p90": 35507.77786777704,
      "p95": 35708.70349655543,
      "p99": 36118.01561602587
    }
  },
  "details": {
    "DNSDialup": {
      "average": 0.0007345651000000001,
      "fastest": 0.000072997,
      "slowest": 0.001729849
    },
    "DNSLookup": {
      "average": 0.000007791760000000003,
      "fastest": 0.000003957,
      "slowest": 0.00004292
    }
  },
  "statusCodeDistribution": {
    "200": 340085
  },
  "errorDistribution": {}
}