{
  "summary": {
    "successRate": 1,
    "total": 10.00073221,
    "slowest": 0.010715193,
    "fastest": 0.000455654,
    "average": 0.001457574692216543,
    "requestsPerSec": 34258.591551667996,
    "totalData": 4453943,
    "sizePerRequest": 13,
    "sizePerSec": 445361.6901716839
  },
  "responseTimeHistogram": {
    "0.000455654": 1,
    "0.0014816079": 176940,
    "0.0025075617999999996": 164587,
    "0.0035335157": 771,
    "0.004559469599999999": 202,
    "0.005585423499999999": 10,
    "0.006611377399999999": 0,
    "0.0076373312999999995": 68,
    "0.008663285199999999": 3,
    "0.009689239099999998": 11,
    "0.010715192999999998": 18
  },
  "latencyPercentiles": {
    "p10": 0.001277165,
    "p25": 0.001324131,
    "p50": 0.001476027,
    "p75": 0.001540085,
    "p90": 0.001602351,
    "p95": 0.00165631,
    "p99": 0.001980119
  },
  "rps": {
    "mean": 34255.16925649299,
    "stddev": 2356.042499213762,
    "max": 36333.03035789718,
    "percentiles": {
      "p10": 33329.65339262063,
      "p25": 34323.80252332239,
      "p50": 34664.58827362642,
      "p75": 35186.62397221158,
      "p90": 35457.3220185051,
      "p95": 35600.59058438381,
      "p99": 35944.376927754565
    }
  },
  "details": {
    "DNSDialup": {
      "average": 0.00068392916,
      "fastest": 0.000074108,
      "slowest": 0.001266385
    },
    "DNSLookup": {
      "average": 0.0000070323799999999975,
      "fastest": 0.000003567,
      "slowest": 0.000028763
    }
  },
  "statusCodeDistribution": {
    "200": 342611
  },
  "errorDistribution": {}
}