{
  "summary": {
    "successRate": 1,
    "total": 10.000695127,
    "slowest": 0.011322608,
    "fastest": 0.00052175,
    "average": 0.00144902009322697,
    "requestsPerSec": 34465.104237548665,
    "totalData": 4480775,
    "sizePerRequest": 13,
    "sizePerSec": 448046.35508813267
  },
  "responseTimeHistogram": {
    "0.00052175": 1,
    "0.0016018358": 313363,
    "0.0026819216": 30602,
    "0.0037620074": 465,
    "0.0048420932": 99,
    "0.005922179": 39,
    "0.0070022648": 11,
    "0.0080823506": 20,
    "0.0091624364": 48,
    "0.0102425222": 11,
    "0.011322608": 16
  },
  "latencyPercentiles": {
    "p10": 0.001268694,
    "p25": 0.001315986,
    "p50": 0.001468887,
    "p75": 0.001534208,
    "p90": 0.00159479,
    "p95": 0.001648405,
    "p99": 0.001981665
  },
  "rps": {
    "mean": 34461.80985622012,
    "stddev": 2455.4715507858937,
    "max": 42994.56542637201,
    "percentiles": {
      "p10": 33621.68935180069,
      "p25": 34424.18633236718,
      "p50": 34875.50197422401,
      "p75": 35397.893562376266,
      "p90": 35657.31769152129,
      "p95": 35811.53502583678,
      "p99": 36354.63808857285
    }
  },
  "details": {
    "DNSDialup": {
      "average": 0.0007716853400000001,
      "fastest": 0.000095019,
      "slowest": 0.001072858
    },
    "DNSLookup": {
      "average": 0.000007726619999999996,
      "fastest": 0.000004208,
      "slowest": 0.000030577
    }
  },
  "statusCodeDistribution": {
    "200": 344675
  },
  "errorDistribution": {}
}