{
  "summary": {
    "successRate": 1,
    "total": 10.000622156,
    "slowest": 0.00991726,
    "fastest": 0.000294407,
    "average": 0.0014228910419988212,
    "requestsPerSec": 35096.41645539238,
    "totalData": 4562818,
    "sizePerRequest": 13,
    "sizePerSec": 456253.4139201009
  },
  "responseTimeHistogram": {
    "0.000294407": 1,
    "0.0012566923000000001": 47539,
    "0.0022189776000000002": 301642,
    "0.0031812629000000005": 1359,
    "0.0041435482000000004": 260,
    "0.0051058335": 68,
    "0.006068118800000001": 17,
    "0.007030404100000001": 11,
    "0.007992689400000001": 11,
    "0.008954974700000002": 57,
    "0.00991726": 21
  },
  "latencyPercentiles": {
    "p10": 0.001244938,
    "p25": 0.001289419,
    "p50": 0.001442501,
    "p75": 0.001501501,
    "p90": 0.001554757,
    "p95": 0.001630101,
    "p99": 0.002024948
  },
  "rps": {
    "mean": 35090.07330185465,
    "stddev": 2706.6689835200523,
    "max": 39522.005852862174,
    "percentiles": {
      "p10": 34316.547439175,
      "p25": 35333.308710122394,
      "p50": 35675.29843349808,
      "p75": 36062.29761913556,
      "p90": 36471.984756316415,
      "p95": 36660.82259980302,
      "p99": 37204.69529304159
    }
  },
  "details": {
    "DNSDialup": {
      "average": 0.00060813144,
      "fastest": 0.000106281,
      "slowest": 0.000847493
    },
    "DNSLookup": {
      "average": 0.0000073524999999999995,
      "fastest": 0.000004198,
      "slowest": 0.000032962
    }
  },
  "statusCodeDistribution": {
    "200": 350986
  },
  "errorDistribution": {}
}