{
  "summary": {
    "successRate": 1,
    "total": 10.000675773,
    "slowest": 0.009698606,
    "fastest": 0.000217749,
    "average": 0.0014295571883195049,
    "requestsPerSec": 34941.43875191103,
    "totalData": 4542694,
    "sizePerRequest": 13,
    "sizePerSec": 454238.7037748434
  },
  "responseTimeHistogram": {
    "0.000217749": 1,
    "0.0011658347": 4110,
    "0.0021139204": 342551,
    "0.0030620061": 2221,
    "0.0040100918": 379,
    "0.0049581775": 96,
    "0.005906263199999999": 31,
    "0.0068543488999999996": 12,
    "0.0078024346": 10,
    "0.0087505203": 8,
    "0.009698606": 19
  },
  "latencyPercentiles": {
    "p10": 0.001246326,
    "p25": 0.00129813,
    "p50": 0.001441716,
    "p75": 0.001511063,
    "p90": 0.001580216,
    "p95": 0.001652491,
    "p99": 0.002032206
  },
  "rps": {
    "mean": 34939.16964940026,
    "stddev": 2484.2312043073957,
    "max": 37516.88259716846,
    "percentiles": {
      "p10": 33668.724846019344,
      "p25": 34963.27653787888,
      "p50": 35497.10365819943,
      "p75": 35889.65235157443,
      "p90": 36345.33830260881,
      "p95": 36576.326180584314,
      "p99": 36993.63072776088
    }
  },
  "details": {
    "DNSDialup": {
      "average": 0.00072303758,
      "fastest": 0.000073941,
      "slowest": 0.001523779
    },
    "DNSLookup": {
      "average": 0.000007338339999999998,
      "fastest": 0.000003326,
      "slowest": 0.000034806
    }
  },
  "statusCodeDistribution": {
    "200": 349438
  },
  "errorDistribution": {}
}