{
  "summary": {
    "successRate": 1,
    "total": 10.000673346,
    "slowest": 0.010976371,
    "fastest": 0.000774109,
    "average": 0.0014541812815521296,
    "requestsPerSec": 34340.887670065094,
    "totalData": 4464616,
    "sizePerRequest": 13,
    "sizePerSec": 446431.5397108462
  },
  "responseTimeHistogram": {
    "0.000774109": 1,
    "0.0017943352": 334864,
    "0.0028145614000000003": 7978,
    "0.0038347876000000003": 405,
    "0.0048550138": 57,
    "0.00587524": 29,
    "0.0068954662": 5,
    "0.0079156924": 8,
    "0.0089359186": 51,
    "0.0099561448": 18,
    "0.010976371": 16
  },
  "latencyPercentiles": {
    "p10": 0.001272432,
    "p25": 0.001318431,
    "p50": 0.001475222,
    "p75": 0.001535805,
    "p90": 0.001594614,
    "p95": 0.001663512,
    "p99": 0.002047599
  },
  "rps": {
    "mean": 34340.236831008464,
    "stddev": 2501.734810302159,
    "max": 37631.6708141572,
    "percentiles": {
      "p10": 34010.57388742195,
      "p25": 34410.94417374316,
      "p50": 34765.1476642006,
      "p75": 35316.13949610436,
      "p90": 35604.88425767862,
      "p95": 35807.48427429234,
      "p99": 36275.557216307054
    }
  },
  "details": {
    "DNSDialup": {
      "average": 0.00071229094,
      "fastest": 0.000072394,
      "slowest": 0.00164821
    },
    "DNSLookup": {
      "average": 0.000006399460000000001,
      "fastest": 0.000002885,
      "slowest": 0.00002699
    }
  },
  "statusCodeDistribution": {
    "200": 343432
  },
  "errorDistribution": {}
}