{
  "summary": {
    "successRate": 1,
    "total": 10.00073984,
    "slowest": 0.010540712,
    "fastest": 0.00044369,
    "average": 0.0014360651856628536,
    "requestsPerSec": 34772.82736714007,
    "totalData": 4520802,
    "sizePerRequest": 13,
    "sizePerSec": 452046.7557728209
  },
  "responseTimeHistogram": {
    "0.00044369": 1,
    "0.0014533922": 180272,
    "0.0024630944": 166374,
    "0.0034727966": 790,
    "0.0044824988": 156,
    "0.005492201": 30,
    "0.0065019032": 31,
    "0.0075116053999999995": 13,
    "0.0085213076": 46,
    "0.0095310098": 26,
    "0.010540712": 15
  },
  "latencyPercentiles": {
    "p10": 0.001250184,
    "p25": 0.001299813,
    "p50": 0.001447254,
    "p75": 0.001513606,
    "p90": 0.001582826,
    "p95": 0.001675442,
    "p99": 0.002041807
  },
  "rps": {
    "mean": 34767.53433086582,
    "stddev": 2785.5178667488276,
    "max": 37725.43348596352,
    "percentiles": {
      "p10": 33567.85395827139,
      "p25": 34635.91744639278,
      "p50": 35415.69575341628,
      "p75": 35923.766909043174,
      "p90": 36458.61763586822,
      "p95": 36673.72728527178,
      "p99": 37109.507455813175
    }
  },
  "details": {
    "DNSDialup": {
      "average": 0.0008793015599999998,
      "fastest": 0.000085389,
      "slowest": 0.001937917
    },
    "DNSLookup": {
      "average": 0.000006318180000000001,
      "fastest": 0.000002705,
      "slowest": 0.000040656
    }
  },
  "statusCodeDistribution": {
    "200": 347754
  },
  "errorDistribution": {}
}