{
  "summary": {
    "successRate": 1,
    "total": 10.000685235,
    "slowest": 0.010451237,
    "fastest": 0.00078558,
    "average": 0.001422187463790384,
    "requestsPerSec": 35112.59396216763,
    "totalData": 4564950,
    "sizePerRequest": 13,
    "sizePerSec": 456463.7215081792
  },
  "responseTimeHistogram": {
    "0.00078558": 1,
    "0.0017521457000000001": 341813,
    "0.0027187114": 8644,
    "0.0036852771000000003": 499,
    "0.0046518428": 62,
    "0.005618408500000001": 32,
    "0.0065849742000000005": 3,
    "0.007551539900000001": 5,
    "0.0085181056": 60,
    "0.0094846713": 11,
    "0.010451237": 20
  },
  "latencyPercentiles": {
    "p10": 0.001245153,
    "p25": 0.001290018,
    "p50": 0.001441467,
    "p75": 0.001500919,
    "p90": 0.001556224,
    "p95": 0.001620586,
    "p99": 0.002023947
  },
  "rps": {
    "mean": 35110.251913266584,
    "stddev": 2645.8067122902085,
    "max": 38206.06330224634,
    "percentiles": {
      "p10": 34432.73864790637,
      "p25": 35334.47584808239,
      "p50": 35635.61423286513,
      "p75": 36060.50953499787,
      "p90": 36479.09468438522,
      "p95": 36661.767321396466,
      "p99": 37065.701776612616
    }
  },
  "details": {
    "DNSDialup": {
      "average": 0.0007261155200000001,
      "fastest": 0.000066451,
      "slowest": 0.001685747
    },
    "DNSLookup": {
      "average": 0.0000070106,
      "fastest": 0.000003046,
      "slowest": 0.000032071
    }
  },
  "statusCodeDistribution": {
    "200": 351150
  },
  "errorDistribution": {}
}