{
  "summary": {
    "successRate": 1,
    "total": 10.000596515,
    "slowest": 0.011010134,
    "fastest": 0.00044989,
    "average": 0.0014611731610502123,
    "requestsPerSec": 34174.26145404288,
    "totalData": 4442919,
    "sizePerRequest": 13,
    "sizePerSec": 444265.3989025574
  },
  "responseTimeHistogram": {
    "0.00044989": 1,
    "0.0015059143999999998": 207267,
    "0.0025619388": 133462,
    "0.0036179631999999997": 685,
    "0.0046739875999999994": 194,
    "0.005730012": 54,
    "0.006786036399999999": 0,
    "0.0078420608": 61,
    "0.0088980852": 11,
    "0.009954109599999999": 5,
    "0.011010134": 23
  },
  "latencyPercentiles": {
    "p10": 0.001272453,
    "p25": 0.0013242,
    "p50": 0.001473909,
    "p75": 0.001543731,
    "p90": 0.001621815,
    "p95": 0.001687672,
    "p99": 0.002008643
  },
  "rps": {
    "mean": 34165.49468551223,
    "stddev": 2551.193557367833,
    "max": 38308.929811540394,
    "percentiles": {
      "p10": 33088.92327421925,
      "p25": 34234.89905609744,
      "p50": 34646.485952222014,
      "p75": 35201.51014478507,
      "p90": 35553.70604458456,
      "p95": 35803.45920578214,
      "p99": 36469.46265210711
    }
  },
  "details": {
    "DNSDialup": {
      "average": 0.0005646311000000002,
      "fastest": 0.000078056,
      "slowest": 0.000954527
    },
    "DNSLookup": {
      "average": 0.000008361480000000001,
      "fastest": 0.000004027,
      "slowest": 0.000031008
    }
  },
  "statusCodeDistribution": {
    "200": 341763
  },
  "errorDistribution": {}
}