{
  "summary": {
    "successRate": 1,
    "total": 10.000696246,
    "slowest": 0.011294451,
    "fastest": 0.000262709,
    "average": 0.0014830046737112042,
    "requestsPerSec": 33673.95546432038,
    "totalData": 4377919,
    "sizePerRequest": 13,
    "sizePerSec": 437761.4210361649
  },
  "responseTimeHistogram": {
    "0.000262709": 1,
    "0.0013658832": 104767,
    "0.0024690574": 230774,
    "0.0035722315999999997": 751,
    "0.0046754058": 242,
    "0.00577858": 72,
    "0.0068817541999999995": 20,
    "0.0079849284": 48,
    "0.0090881026": 31,
    "0.0101912768": 43,
    "0.011294451": 14
  },
  "latencyPercentiles": {
    "p10": 0.001289569,
    "p25": 0.001341686,
    "p50": 0.001497123,
    "p75": 0.001566921,
    "p90": 0.00164702,
    "p95": 0.001712828,
    "p99": 0.002099446
  },
  "rps": {
    "mean": 33668.671361039815,
    "stddev": 2537.3629778456166,
    "max": 36242.742039523444,
    "percentiles": {
      "p10": 33120.793233992175,
      "p25": 33596.08526197731,
      "p50": 34206.21371420053,
      "p75": 34570.54311945314,
      "p90": 34900.5095474389,
      "p95": 35126.98200950264,
      "p99": 35508.5149418819
    }
  },
  "details": {
    "DNSDialup": {
      "average": 0.0008185044600000002,
      "fastest": 0.000107451,
      "slowest": 0.001337598
    },
    "DNSLookup": {
      "average": 0.0000061368599999999985,
      "fastest": 0.000003477,
      "slowest": 0.000029605
    }
  },
  "statusCodeDistribution": {
    "200": 336763
  },
  "errorDistribution": {}
}