{
  "summary": {
    "successRate": 1,
    "total": 10.000676398,
    "slowest": 0.011277579,
    "fastest": 0.000730299,
    "average": 0.0014133905706247927,
    "requestsPerSec": 35330.11027840679,
    "totalData": 4593225,
    "sizePerRequest": 13,
    "sizePerSec": 459291.4336192883
  },
  "responseTimeHistogram": {
    "0.000730299": 1,
    "0.001785027": 348576,
    "0.0028397550000000002": 4040,
    "0.003894483": 479,
    "0.004949211": 100,
    "0.006003939": 25,
    "0.007058667": 11,
    "0.008113395": 50,
    "0.009168123": 10,
    "0.010222851": 22,
    "0.011277579": 11
  },
  "latencyPercentiles": {
    "p10": 0.001240139,
    "p25": 0.001286983,
    "p50": 0.001433082,
    "p75": 0.001498423,
    "p90": 0.00155224,
    "p95": 0.001594669,
    "p99": 0.001883823
  },
  "rps": {
    "mean": 35325.61274115295,
    "stddev": 2427.944724743578,
    "max": 40144.20862077026,
    "percentiles": {
      "p10": 34720.29748591015,
      "p25": 35354.463651692,
      "p50": 35688.63450823284,
      "p75": 36034.11775785993,
      "p90": 36456.500465194724,
      "p95": 36606.08026993601,
      "p99": 37013.511982483506
    }
  },
  "details": {
    "DNSDialup": {
      "average": 0.0007063737599999999,
      "fastest": 0.000070221,
      "slowest": 0.001625081
    },
    "DNSLookup": {
      "average": 0.000006949979999999999,
      "fastest": 0.000003246,
      "slowest": 0.000035356
    }
  },
  "statusCodeDistribution": {
    "200": 353325
  },
  "errorDistribution": {}
}