{
  "summary": {
    "successRate": 1,
    "total": 10.000425539,
    "slowest": 0.010204076,
    "fastest": 0.000357591,
    "average": 0.0014372258791475842,
    "requestsPerSec": 34744.2214978728,
    "totalData": 4516941,
    "sizePerRequest": 13,
    "sizePerSec": 451674.8794723464
  },
  "responseTimeHistogram": {
    "0.000357591": 1,
    "0.0013422394999999998": 118294,
    "0.0023268879999999996": 228078,
    "0.003311536499999999": 696,
    "0.004296184999999999": 202,
    "0.005280833499999999": 69,
    "0.0062654819999999984": 18,
    "0.0072501304999999985": 6,
    "0.008234778999999998": 60,
    "0.009219427499999999": 11,
    "0.010204076": 22
  },
  "latencyPercentiles": {
    "p10": 0.001262953,
    "p25": 0.001309846,
    "p50": 0.001460499,
    "p75": 0.001525355,
    "p90": 0.001579281,
    "p95": 0.001619708,
    "p99": 0.001858624
  },
  "rps": {
    "mean": 34731.48509520704,
    "stddev": 2314.5060330482406,
    "max": 40494.94493141283,
    "percentiles": {
      "p10": 34225.60417448263,
      "p25": 34579.812183958646,
      "p50": 35195.56299263651,
      "p75": 35475.107898441216,
      "p90": 35722.74751283922,
      "p95": 35913.263249637464,
      "p99": 36300.55484235114
    }
  },
  "details": {
    "DNSDialup": {
      "average": 0.0005437317200000001,
      "fastest": 0.000071333,
      "slowest": 0.001413666
    },
    "DNSLookup": {
      "average": 0.00000786662,
      "fastest": 0.000003477,
      "slowest": 0.000036549
    }
  },
  "statusCodeDistribution": {
    "200": 347457
  },
  "errorDistribution": {}
}