{
  "summary": {
    "successRate": 1,
    "total": 10.000694027,
    "slowest": 0.011297127,
    "fastest": 0.000524569,
    "average": 0.0014655819258439747,
    "requestsPerSec": 34071.73532957444,
    "totalData": 4429633,
    "sizePerRequest": 13,
    "sizePerSec": 442932.5592844678
  },
  "responseTimeHistogram": {
    "0.000524569": 1,
    "0.0016018247999999998": 299759,
    "0.0026790805999999997": 40182,
    "0.0037563363999999996": 550,
    "0.0048335921999999995": 115,
    "0.005910847999999999": 35,
    "0.006988103799999999": 0,
    "0.0080653596": 32,
    "0.0091426154": 40,
    "0.0102198712": 11,
    "0.011297126999999999": 16
  },
  "latencyPercentiles": {
    "p10": 0.001281723,
    "p25": 0.001330393,
    "p50": 0.001483853,
    "p75": 0.001550646,
    "p90": 0.001616379,
    "p95": 0.001673527,
    "p99": 0.002006035
  },
  "rps": {
    "mean": 34067.76747504399,
    "stddev": 2397.845435928617,
    "max": 36324.487651633615,
    "percentiles": {
      "p10": 33290.03275234833,
      "p25": 34132.06707701872,
      "p50": 34503.82992512367,
      "p75": 34922.24197591619,
      "p90": 35352.14857704446,
      "p95": 35528.966077732024,
      "p99": 35841.064179398374
    }
  },
  "details": {
    "DNSDialup": {
      "average": 0.0006773971000000001,
      "fastest": 0.000070191,
      "slowest": 0.001591221
    },
    "DNSLookup": {
      "average": 0.00000788304,
      "fastest": 0.000003336,
      "slowest": 0.000036208
    }
  },
  "statusCodeDistribution": {
    "200": 340741
  },
  "errorDistribution": {}
}