{
  "summary": {
    "successRate": 1,
    "total": 10.000663225,
    "slowest": 0.01183955,
    "fastest": 0.00019653,
    "average": 0.0014239859546155659,
    "requestsPerSec": 35069.174124699115,
    "totalData": 4559295,
    "sizePerRequest": 13,
    "sizePerSec": 455899.26362108847
  },
  "responseTimeHistogram": {
    "0.00019653": 1,
    "0.0013608320000000002": 138666,
    "0.002525134": 211101,
    "0.0036894360000000004": 702,
    "0.004853738000000001": 137,
    "0.0060180400000000005": 8,
    "0.007182342000000001": 6,
    "0.008346644": 61,
    "0.009510946000000001": 8,
    "0.010675248000000002": 16,
    "0.01183955": 9
  },
  "latencyPercentiles": {
    "p10": 0.001245031,
    "p25": 0.001289986,
    "p50": 0.001441735,
    "p75": 0.001501967,
    "p90": 0.001562045,
    "p95": 0.00164474,
    "p99": 0.002005026
  },
  "rps": {
    "mean": 35063.08460329704,
    "stddev": 2678.1625521194765,
    "max": 37664.29791130077,
    "percentiles": {
      "p10": 34230.9790360278,
      "p25": 35317.171208642176,
      "p50": 35658.51140302558,
      "p75": 36106.08748634957,
      "p90": 36488.94133082225,
      "p95": 36708.435598501565,
      "p99": 37117.5624555649
    }
  },
  "details": {
    "DNSDialup": {
      "average": 0.0007581875,
      "fastest": 0.000078687,
      "slowest": 0.001413585
    },
    "DNSLookup": {
      "average": 0.00000652496,
      "fastest": 0.000003136,
      "slowest": 0.000025948
    }
  },
  "statusCodeDistribution": {
    "200": 350715
  },
  "errorDistribution": {}
}