{
  "summary": {
    "successRate": 1,
    "total": 10.00070696,
    "slowest": 0.011359324,
    "fastest": 0.000556336,
    "average": 0.0014365446776832217,
    "requestsPerSec": 34763.342370747756,
    "totalData": 4519554,
    "sizePerRequest": 13,
    "sizePerSec": 451923.4508197208
  },
  "responseTimeHistogram": {
    "0.000556336": 1,
    "0.0016366348000000004": 333673,
    "0.0027169336000000006": 13136,
    "0.0037972324000000008": 611,
    "0.004877531200000001": 113,
    "0.005957830000000002": 18,
    "0.007038128800000001": 6,
    "0.0081184276": 11,
    "0.009198726400000001": 26,
    "0.010279025200000002": 46,
    "0.011359324000000002": 17
  },
  "latencyPercentiles": {
    "p10": 0.00126037,
    "p25": 0.001305765,
    "p50": 0.00145835,
    "p75": 0.001519904,
    "p90": 0.00157399,
    "p95": 0.00161937,
    "p99": 0.001951045
  },
  "rps": {
    "mean": 34750.91150373912,
    "stddev": 2534.5508986644204,
    "max": 36727.00398493457,
    "percentiles": {
      "p10": 34318.92688817884,
      "p25": 34718.02907249737,
      "p50": 35290.3821978472,
      "p75": 35592.72034357338,
      "p90": 35835.2624479928,
      "p95": 36010.900663315406,
      "p99": 36344.471094832006
    }
  },
  "details": {
    "DNSDialup": {
      "average": 0.00049626032,
      "fastest": 0.000064139,
      "slowest": 0.000708985
    },
    "DNSLookup": {
      "average": 0.00000611292,
      "fastest": 0.000003196,
      "slowest": 0.000026399
    }
  },
  "statusCodeDistribution": {
    "200": 347658
  },
  "errorDistribution": {}
}