{
  "summary": {
    "successRate": 1,
    "total": 10.000644459,
    "slowest": 0.010695226,
    "fastest": 0.000827642,
    "average": 0.0014504910568008057,
    "requestsPerSec": 34426.88132864858,
    "totalData": 4475783,
    "sizePerRequest": 13,
    "sizePerSec": 447549.4572724316
  },
  "responseTimeHistogram": {
    "0.000827642": 1,
    "0.0018144004": 337625,
    "0.0028011588": 6025,
    "0.0037879172": 383,
    "0.0047746756": 103,
    "0.005761434": 53,
    "0.0067481924": 8,
    "0.0077349508": 11,
    "0.0087217092": 19,
    "0.0097084676": 53,
    "0.010695226": 10
  },
  "latencyPercentiles": {
    "p10": 0.001269977,
    "p25": 0.001317518,
    "p50": 0.00146866,
    "p75": 0.001534447,
    "p90": 0.001592848,
    "p95": 0.001645033,
    "p99": 0.002019717
  },
  "rps": {
    "mean": 34423.535982389476,
    "stddev": 2491.5160625529807,
    "max": 36915.41639228018,
    "percentiles": {
      "p10": 33906.61518062171,
      "p25": 34432.335406180195,
      "p50": 34831.0972035832,
      "p75": 35321.31813138561,
      "p90": 35669.45503289159,
      "p95": 35869.55622001262,
      "p99": 36253.51381173859
    }
  },
  "details": {
    "DNSDialup": {
      "average": 0.00081385762,
      "fastest": 0.000056645,
      "slowest": 0.001726595
    },
    "DNSLookup": {
      "average": 0.000005843960000000001,
      "fastest": 0.000002795,
      "slowest": 0.000034073
    }
  },
  "statusCodeDistribution": {
    "200": 344291
  },
  "errorDistribution": {}
}