{
  "summary": {
    "successRate": 1,
    "total": 10.000654787,
    "slowest": 0.012940225,
    "fastest": 0.000888821,
    "average": 0.0015264072924440885,
    "requestsPerSec": 32713.857939110163,
    "totalData": 4253080,
    "sizePerRequest": 13,
    "sizePerSec": 425280.1532084321
  },
  "responseTimeHistogram": {
    "0.000888821": 1,
    "0.0020939614000000002": 324211,
    "0.0032991018000000003": 2362,
    "0.0045042422": 417,
    "0.0057093826": 59,
    "0.0069145230000000005": 10,
    "0.008119663400000001": 23,
    "0.0093248038": 37,
    "0.0105299442": 22,
    "0.0117350846": 11,
    "0.012940225000000001": 7
  },
  "latencyPercentiles": {
    "p10": 0.001323724,
    "p25": 0.001380743,
    "p50": 0.001537133,
    "p75": 0.001610422,
    "p90": 0.001708815,
    "p95": 0.001776381,
    "p99": 0.002054089
  },
  "rps": {
    "mean": 32712.31390663021,
    "stddev": 2380.2545288551387,
    "max": 36311.60371401521,
    "percentiles": {
      "p10": 32055.626128022235,
      "p25": 32547.0728314356,
      "p50": 33132.07847838333,
      "p75": 33527.5596540356,
      "p90": 33915.49534188345,
      "p95": 34179.389868478975,
      "p99": 34679.67308093595
    }
  },
  "details": {
    "DNSDialup": {
      "average": 0.0008119970000000001,
      "fastest": 0.000094453,
      "slowest": 0.001528126
    },
    "DNSLookup": {
      "average": 0.000005895579999999999,
      "fastest": 0.000002605,
      "slowest": 0.000030115
    }
  },
  "statusCodeDistribution": {
    "200": 327160
  },
  "errorDistribution": {}
}