{
  "summary": {
    "successRate": 1,
    "total": 10.00064733,
    "slowest": 0.011116129,
    "fastest": 0.000562923,
    "average": 0.0014661724563099054,
    "requestsPerSec": 34058.195310842944,
    "totalData": 4427852,
    "sizePerRequest": 13,
    "sizePerSec": 442756.5390409583
  },
  "responseTimeHistogram": {
    "0.000562923": 1,
    "0.0016182435999999999": 304867,
    "0.0026735642": 34811,
    "0.0037288848": 659,
    "0.0047842054": 108,
    "0.005839525999999999": 46,
    "0.0068948466": 12,
    "0.0079501672": 11,
    "0.0090054878": 27,
    "0.0100608084": 45,
    "0.011116128999999999": 17
  },
  "latencyPercentiles": {
    "p10": 0.001278306,
    "p25": 0.001328478,
    "p50": 0.00148136,
    "p75": 0.001549069,
    "p90": 0.001622962,
    "p95": 0.001690119,
    "p99": 0.002020824
  },
  "rps": {
    "mean": 34050.985669071975,
    "stddev": 2603.5713259776567,
    "max": 42985.095931786826,
    "percentiles": {
      "p10": 33219.58959198266,
      "p25": 34194.63364862064,
      "p50": 34517.714491077815,
      "p75": 34959.206912827416,
      "p90": 35415.20374696909,
      "p95": 35624.72073841988,
      "p99": 36220.487451504596
    }
  },
  "details": {
    "DNSDialup": {
      "average": 0.0005764834999999999,
      "fastest": 0.000068778,
      "slowest": 0.001266004
    },
    "DNSLookup": {
      "average": 0.0000054439000000000005,
      "fastest": 0.000002685,
      "slowest": 0.000027441
    }
  },
  "statusCodeDistribution": {
    "200": 340604
  },
  "errorDistribution": {}
}