{
  "summary": {
    "successRate": 1,
    "total": 10.000668515,
    "slowest": 0.010323491,
    "fastest": 0.000932967,
    "average": 0.001450150642328854,
    "requestsPerSec": 34433.798048949735,
    "totalData": 4476693,
    "sizePerRequest": 13,
    "sizePerSec": 447639.37463634653
  },
  "responseTimeHistogram": {
    "0.000932967": 1,
    "0.0018720194": 338184,
    "0.0028110718000000003": 5456,
    "0.0037501241999999997": 525,
    "0.0046891766": 88,
    "0.005628229": 8,
    "0.0065672814": 5,
    "0.0075063338": 6,
    "0.0084453862": 52,
    "0.0093844386": 18,
    "0.010323491": 18
  },
  "latencyPercentiles": {
    "p10": 0.001265596,
    "p25": 0.001313886,
    "p50": 0.001465405,
    "p75": 0.001532293,
    "p90": 0.00160033,
    "p95": 0.001663357,
    "p99": 0.002041759
  },
  "rps": {
    "mean": 34431.903398123955,
    "stddev": 2529.0284962693927,
    "max": 36726.66273079291,
    "percentiles": {
      "p10": 33433.32938212128,
      "p25": 34418.51235518649,
      "p50": 34920.7918394609,
      "p75": 35430.83186963205,
      "p90": 35748.86154395674,
      "p95": 35988.16110807955,
      "p99": 36479.04645581309
    }
  },
  "details": {
    "DNSDialup": {
      "average": 0.0007398394,
      "fastest": 0.000069898,
      "slowest": 0.001619706
    },
    "DNSLookup": {
      "average": 0.0000074960000000000024,
      "fastest": 0.000003567,
      "slowest": 0.000029164
    }
  },
  "statusCodeDistribution": {
    "200": 344361
  },
  "errorDistribution": {}
}