{
  "summary": {
    "successRate": 1,
    "total": 10.000884592,
    "slowest": 0.010576507,
    "fastest": 0.000715875,
    "average": 0.0014402701382829123,
    "requestsPerSec": 34669.333178522495,
    "totalData": 4507412,
    "sizePerRequest": 13,
    "sizePerSec": 450701.33132079244
  },
  "responseTimeHistogram": {
    "0.000715875": 1,
    "0.0017019382000000001": 331770,
    "0.0026880014000000003": 14287,
    "0.0036740646000000005": 427,
    "0.004660127800000001": 114,
    "0.005646191000000001": 27,
    "0.0066322542000000016": 0,
    "0.007618317400000002": 7,
    "0.008604380600000001": 59,
    "0.0095904438": 11,
    "0.010576507": 21
  },
  "latencyPercentiles": {
    "p10": 0.001257877,
    "p25": 0.001304894,
    "p50": 0.001457187,
    "p75": 0.001519703,
    "p90": 0.001584497,
    "p95": 0.001669674,
    "p99": 0.002027603
  },
  "rps": {
    "mean": 34662.904707092486,
    "stddev": 2653.5649115182537,
    "max": 40759.339449111285,
    "percentiles": {
      "p10": 33236.01224656426,
      "p25": 34625.394264151655,
      "p50": 35371.80439110801,
      "p75": 35709.08659301079,
      "p90": 36081.003964486874,
      "p95": 36309.10158845438,
      "p99": 36802.065645912924
    }
  },
  "details": {
    "DNSDialup": {
      "average": 0.0005993476199999999,
      "fastest": 0.000079508,
      "slowest": 0.001232309
    },
    "DNSLookup": {
      "average": 0.0000075614,
      "fastest": 0.000003617,
      "slowest": 0.000036458
    }
  },
  "statusCodeDistribution": {
    "200": 346724
  },
  "errorDistribution": {}
}