{
  "summary": {
    "successRate": 1,
    "total": 10.000700537,
    "slowest": 0.012319103,
    "fastest": 0.000786966,
    "average": 0.001492618868533725,
    "requestsPerSec": 33454.15641256292,
    "totalData": 4349345,
    "sizePerRequest": 13,
    "sizePerSec": 434904.03336331795
  },
  "responseTimeHistogram": {
    "0.000786966": 1,
    "0.0019401797": 330601,
    "0.0030933934": 3438,
    "0.0042466071": 361,
    "0.0053998208": 58,
    "0.0065530345": 6,
    "0.0077062482": 43,
    "0.0088594619": 22,
    "0.0100126756": 17,
    "0.011165889299999999": 15,
    "0.012319103": 3
  },
  "latencyPercentiles": {
    "p10": 0.00130969,
    "p25": 0.001356447,
    "p50": 0.001518491,
    "p75": 0.001580756,
    "p90": 0.001640286,
    "p95": 0.001689469,
    "p99": 0.001982724
  },
  "rps": {
    "mean": 33451.06072029898,
    "stddev": 2207.208531401768,
    "max": 38436.772460210894,
    "percentiles": {
      "p10": 33088.043976216504,
      "p25": 33373.307138994285,
      "p50": 33732.984528854955,
      "p75": 34201.0504235805,
      "p90": 34492.821497630255,
      "p95": 34695.024611017434,
      "p99": 35210.62120865189
    }
  },
  "details": {
    "DNSDialup": {
      "average": 0.0007933524600000001,
      "fastest": 0.000097732,
      "slowest": 0.001292991
    },
    "DNSLookup": {
      "average": 0.000006275280000000002,
      "fastest": 0.000003266,
      "slowest": 0.000029115
    }
  },
  "statusCodeDistribution": {
    "200": 334565
  },
  "errorDistribution": {}
}