{
  "summary": {
    "successRate": 1,
    "total": 10.000701818,
    "slowest": 0.010483542,
    "fastest": 0.000849115,
    "average": 0.0014559918120759456,
    "requestsPerSec": 34295.49308056372,
    "totalData": 4458727,
    "sizePerRequest": 13,
    "sizePerSec": 445841.41004732833
  },
  "responseTimeHistogram": {
    "0.000849115": 1,
    "0.0018125577": 337260,
    "0.0027760004000000004": 4877,
    "0.0037394431000000007": 515,
    "0.004702885800000001": 167,
    "0.005666328500000001": 36,
    "0.006629771200000001": 24,
    "0.007593213900000001": 11,
    "0.0085566566": 61,
    "0.009520099300000001": 10,
    "0.010483542": 17
  },
  "latencyPercentiles": {
    "p10": 0.001272868,
    "p25": 0.001321971,
    "p50": 0.001473676,
    "p75": 0.001541493,
    "p90": 0.001604152,
    "p95": 0.001658257,
    "p99": 0.001923001
  },
  "rps": {
    "mean": 34289.25428227753,
    "stddev": 2487.945077530106,
    "max": 37569.43672939204,
    "percentiles": {
      "p10": 33429.48192609747,
      "p25": 34282.70015758855,
      "p50": 34672.02818273435,
      "p75": 35246.51129630518,
      "p90": 35601.15380103069,
      "p95": 35706.561851678314,
      "p99": 36096.74168085634
    }
  },
  "details": {
    "DNSDialup": {
      "average": 0.0006967893000000003,
      "fastest": 0.000075412,
      "slowest": 0.00125218
    },
    "DNSLookup": {
      "average": 0.000007315079999999998,
      "fastest": 0.000003336,
      "slowest": 0.00003154
    }
  },
  "statusCodeDistribution": {
    "200": 342979
  },
  "errorDistribution": {}
}