{
  "summary": {
    "successRate": 1,
    "total": 10.000678455,
    "slowest": 0.010587392,
    "fastest": 0.000687877,
    "average": 0.0014609956528500024,
    "requestsPerSec": 34178.58113707347,
    "totalData": 4443517,
    "sizePerRequest": 13,
    "sizePerSec": 444321.5547819551
  },
  "responseTimeHistogram": {
    "0.000687877": 1,
    "0.0016778284999999999": 327247,
    "0.00266778": 13735,
    "0.0036577314999999997": 599,
    "0.004647683": 106,
    "0.0056376345": 16,
    "0.0066275859999999995": 12,
    "0.0076175374999999995": 0,
    "0.008607489": 60,
    "0.009597440499999998": 7,
    "0.010587392": 26
  },
  "latencyPercentiles": {
    "p10": 0.001278575,
    "p25": 0.001327758,
    "p50": 0.001478687,
    "p75": 0.001546495,
    "p90": 0.001607942,
    "p95": 0.00166146,
    "p99": 0.001982052
  },
  "rps": {
    "mean": 34165.867336699965,
    "stddev": 2475.0090262359868,
    "max": 36513.96533089896,
    "percentiles": {
      "p10": 33280.06512033599,
      "p25": 34257.49435277135,
      "p50": 34600.534796413725,
      "p75": 35104.858512417086,
      "p90": 35479.13449670987,
      "p95": 35626.578399114995,
      "p99": 36023.21696333491
    }
  },
  "details": {
    "DNSDialup": {
      "average": 0.0008606899599999999,
      "fastest": 0.000081262,
      "slowest": 0.001856505
    },
    "DNSLookup": {
      "average": 0.000007433960000000001,
      "fastest": 0.000003607,
      "slowest": 0.00003227
    }
  },
  "statusCodeDistribution": {
    "200": 341809
  },
  "errorDistribution": {}
}