{
  "summary": {
    "successRate": 1,
    "total": 10.000808653,
    "slowest": 0.010849922,
    "fastest": 0.000184275,
    "average": 0.001532257006618679,
    "requestsPerSec": 32587.06483722582,
    "totalData": 4236661,
    "sizePerRequest": 13,
    "sizePerSec": 423631.84288393566
  },
  "responseTimeHistogram": {
    "0.000184275": 1,
    "0.0012508397000000001": 3263,
    "0.0023174044": 320520,
    "0.0033839691": 1749,
    "0.004450533800000001": 224,
    "0.0055170985": 40,
    "0.006583663200000001": 0,
    "0.0076502279000000015": 21,
    "0.0087167926": 1,
    "0.0097833573": 20,
    "0.010849922": 58
  },
  "latencyPercentiles": {
    "p10": 0.00133956,
    "p25": 0.001391048,
    "p50": 0.001549184,
    "p75": 0.001615909,
    "p90": 0.001683213,
    "p95": 0.001768918,
    "p99": 0.002175333
  },
  "rps": {
    "mean": 32585.70590243021,
    "stddev": 2479.3357312211156,
    "max": 35925.64313042231,
    "percentiles": {
      "p10": 31958.07101083095,
      "p25": 32470.763534971527,
      "p50": 33189.078178383475,
      "p75": 33508.39608711067,
      "p90": 33928.46486116714,
      "p95": 34183.599410720366,
      "p99": 34566.31689811598
    }
  },
  "details": {
    "DNSDialup": {
      "average": 0.0006253019199999999,
      "fastest": 0.0000794,
      "slowest": 0.000927759
    },
    "DNSLookup": {
      "average": 0.000006655719999999998,
      "fastest": 0.000003055,
      "slowest": 0.000039594
    }
  },
  "statusCodeDistribution": {
    "200": 325897
  },
  "errorDistribution": {}
}