{
  "summary": {
    "successRate": 1,
    "total": 10.000403552,
    "slowest": 0.012169823,
    "fastest": 0.000823912,
    "average": 0.0014367143617498876,
    "requestsPerSec": 34757.697346172055,
    "totalData": 4518683,
    "sizePerRequest": 13,
    "sizePerSec": 451850.06550023676
  },
  "responseTimeHistogram": {
    "0.000823912": 1,
    "0.0019585031": 344600,
    "0.0030930942": 2335,
    "0.0042276853": 448,
    "0.005362276399999999": 102,
    "0.0064968675": 6,
    "0.0076314586": 10,
    "0.008766049699999999": 51,
    "0.009900640799999999": 20,
    "0.0110352319": 12,
    "0.012169823": 6
  },
  "latencyPercentiles": {
    "p10": 0.001257059,
    "p25": 0.001304782,
    "p50": 0.001456018,
    "p75": 0.001518065,
    "p90": 0.00158547,
    "p95": 0.001646803,
    "p99": 0.001888597
  },
  "rps": {
    "mean": 34753.2273250484,
    "stddev": 2430.194245462072,
    "max": 36830.441397580114,
    "percentiles": {
      "p10": 34300.08575021306,
      "p25": 34630.54338775409,
      "p50": 35177.85210449216,
      "p75": 35514.24423872247,
      "p90": 35803.146974563584,
      "p95": 36030.827936238995,
      "p99": 36406.44887654924
    }
  },
  "details": {
    "DNSDialup": {
      "average": 0.0007691564600000002,
      "fastest": 0.000069616,
      "slowest": 0.001753809
    },
    "DNSLookup": {
      "average": 0.000006617500000000001,
      "fastest": 0.000003056,
      "slowest": 0.000034754
    }
  },
  "statusCodeDistribution": {
    "200": 347591
  },
  "errorDistribution": {}
}