{
  "summary": {
    "successRate": 1,
    "total": 10.000604123,
    "slowest": 0.009378467,
    "fastest": 0.000914631,
    "average": 0.0014319138394679471,
    "requestsPerSec": 34873.79319394343,
    "totalData": 4533867,
    "sizePerRequest": 13,
    "sizePerSec": 453359.31152126455
  },
  "responseTimeHistogram": {
    "0.000914631": 1,
    "0.0017610145999999998": 339651,
    "0.0026073981999999996": 8364,
    "0.0034537818": 553,
    "0.0043001654": 84,
    "0.005146548999999999": 7,
    "0.0059929326": 6,
    "0.006839316199999999": 0,
    "0.007685699799999999": 60,
    "0.0085320834": 11,
    "0.009378466999999998": 22
  },
  "latencyPercentiles": {
    "p10": 0.001254508,
    "p25": 0.0012991,
    "p50": 0.001454131,
    "p75": 0.001514783,
    "p90": 0.001572188,
    "p95": 0.00163033,
    "p99": 0.001952683
  },
  "rps": {
    "mean": 34871.80491063199,
    "stddev": 2384.3588455874687,
    "max": 37351.02523557719,
    "percentiles": {
      "p10": 34092.56566587293,
      "p25": 35029.0671198969,
      "p50": 35431.02748273167,
      "p75": 35709.20226142374,
      "p90": 36055.89590441217,
      "p95": 36313.75928338994,
      "p99": 36673.38271140244
    }
  },
  "details": {
    "DNSDialup": {
      "average": 0.0006947724799999999,
      "fastest": 0.000077943,
      "slowest": 0.001610757
    },
    "DNSLookup": {
      "average": 0.0000065773,
      "fastest": 0.000003036,
      "slowest": 0.000027101
    }
  },
  "statusCodeDistribution": {
    "200": 348759
  },
  "errorDistribution": {}
}