{
  "summary": {
    "successRate": 1,
    "total": 10.000706082,
    "slowest": 0.011066142,
    "fastest": 0.000572115,
    "average": 0.0014446873463091617,
    "requestsPerSec": 34564.35947279347,
    "totalData": 4493684,
    "sizePerRequest": 13,
    "sizePerSec": 449336.6731463151
  },
  "responseTimeHistogram": {
    "0.000572115": 1,
    "0.0016215176999999999": 319101,
    "0.0026709203999999995": 25804,
    "0.0037203231": 533,
    "0.004769725799999999": 110,
    "0.0058191284999999995": 19,
    "0.006868531199999999": 2,
    "0.007917933899999998": 11,
    "0.008967336599999999": 61,
    "0.010016739299999999": 6,
    "0.011066142": 20
  },
  "latencyPercentiles": {
    "p10": 0.001260013,
    "p25": 0.001308383,
    "p50": 0.001460829,
    "p75": 0.001523554,
    "p90": 0.001592814,
    "p95": 0.001680583,
    "p99": 0.002045702
  },
  "rps": {
    "mean": 34557.09210576782,
    "stddev": 2641.8873913526504,
    "max": 40362.96877788673,
    "percentiles": {
      "p10": 33171.225254868776,
      "p25": 34526.27103963429,
      "p50": 35255.82760300744,
      "p75": 35610.79905574629,
      "p90": 35965.77781103859,
      "p95": 36261.88028597255,
      "p99": 36691.00638564996
    }
  },
  "details": {
    "DNSDialup": {
      "average": 0.0007143827600000002,
      "fastest": 0.000066893,
      "slowest": 0.001588215
    },
    "DNSLookup": {
      "average": 0.000007207979999999999,
      "fastest": 0.000003407,
      "slowest": 0.000041457
    }
  },
  "statusCodeDistribution": {
    "200": 345668
  },
  "errorDistribution": {}
}