{
  "summary": {
    "successRate": 1,
    "total": 10.000567513,
    "slowest": 0.009784866,
    "fastest": 0.000324749,
    "average": 0.0014216995370871786,
    "requestsPerSec": 35135.506014357525,
    "totalData": 4567875,
    "sizePerRequest": 13,
    "sizePerSec": 456761.57818664785
  },
  "responseTimeHistogram": {
    "0.000324749": 1,
    "0.0012707607000000001": 61531,
    "0.0022167724000000002": 288135,
    "0.0031627841000000005": 1291,
    "0.0041087958": 282,
    "0.0050548075": 51,
    "0.006000819200000001": 6,
    "0.006946830900000001": 34,
    "0.0078928426": 17,
    "0.0088388543": 10,
    "0.009784866": 17
  },
  "latencyPercentiles": {
    "p10": 0.001244686,
    "p25": 0.001293565,
    "p50": 0.001439525,
    "p75": 0.001505289,
    "p90": 0.001560946,
    "p95": 0.00161833,
    "p99": 0.001995526
  },
  "rps": {
    "mean": 35131.68137073466,
    "stddev": 2350.4514949620016,
    "max": 38178.88748355203,
    "percentiles": {
      "p10": 34424.80307061296,
      "p25": 35305.3086747116,
      "p50": 35607.43450862123,
      "p75": 35953.448396383246,
      "p90": 36355.04517390018,
      "p95": 36536.327787334274,
      "p99": 36801.082706202884
    }
  },
  "details": {
    "DNSDialup": {
      "average": 0.0006220939199999998,
      "fastest": 0.000078544,
      "slowest": 0.001073426
    },
    "DNSLookup": {
      "average": 0.000006744639999999999,
      "fastest": 0.000003175,
      "slowest": 0.000029736
    }
  },
  "statusCodeDistribution": {
    "200": 351375
  },
  "errorDistribution": {}
}