{
  "summary": {
    "successRate": 1,
    "total": 10.000656621,
    "slowest": 0.009947927,
    "fastest": 0.000850872,
    "average": 0.0014806124014824617,
    "requestsPerSec": 33724.7855597581,
    "totalData": 4384510,
    "sizePerRequest": 13,
    "sizePerSec": 438422.2122768553
  },
  "responseTimeHistogram": {
    "0.000850872": 1,
    "0.0017605774999999999": 327325,
    "0.002670283": 9198,
    "0.0035799885": 475,
    "0.004489694": 133,
    "0.0053993995": 33,
    "0.006309105": 14,
    "0.0072188105": 10,
    "0.008128516": 0,
    "0.0090382215": 23,
    "0.009947927": 58
  },
  "latencyPercentiles": {
    "p10": 0.001297389,
    "p25": 0.001345905,
    "p50": 0.001499153,
    "p75": 0.001564002,
    "p90": 0.001629573,
    "p95": 0.001694855,
    "p99": 0.002023307
  },
  "rps": {
    "mean": 33725.059799179355,
    "stddev": 2376.1234822968463,
    "max": 36362.58000017863,
    "percentiles": {
      "p10": 33040.37203058426,
      "p25": 33748.611500004845,
      "p50": 34291.804349266175,
      "p75": 34596.44514931445,
      "p90": 34895.70584291356,
      "p95": 35106.86721506646,
      "p99": 35438.7781438333
    }
  },
  "details": {
    "DNSDialup": {
      "average": 0.0006962543800000001,
      "fastest": 0.000074915,
      "slowest": 0.001590079
    },
    "DNSLookup": {
      "average": 0.000007139419999999999,
      "fastest": 0.000003546,
      "slowest": 0.000039644
    }
  },
  "statusCodeDistribution": {
    "200": 337270
  },
  "errorDistribution": {}
}