{
  "summary": {
    "successRate": 1,
    "total": 10.000547912,
    "slowest": 0.009885759,
    "fastest": 0.000645303,
    "average": 0.0014917389860433926,
    "requestsPerSec": 33473.36595411134,
    "totalData": 4351776,
    "sizePerRequest": 13,
    "sizePerSec": 435153.75740344735
  },
  "responseTimeHistogram": {
    "0.000645303": 1,
    "0.0015693486": 243835,
    "0.0024933942": 89910,
    "0.0034174398": 766,
    "0.0043414854": 124,
    "0.0052655309999999995": 16,
    "0.0061895766": 9,
    "0.007113622199999999": 3,
    "0.0080376678": 11,
    "0.0089617134": 10,
    "0.009885759": 67
  },
  "latencyPercentiles": {
    "p10": 0.001306068,
    "p25": 0.001354797,
    "p50": 0.001510855,
    "p75": 0.001574797,
    "p90": 0.00164614,
    "p95": 0.001719386,
    "p99": 0.002063308
  },
  "rps": {
    "mean": 33469.16696093305,
    "stddev": 2362.264531139295,
    "max": 36243.959508813015,
    "percentiles": {
      "p10": 32829.02414024266,
      "p25": 33425.25277847427,
      "p50": 33990.17934481913,
      "p75": 34423.604265444876,
      "p90": 34704.24432908197,
      "p95": 34874.35433449576,
      "p99": 35418.762653051635
    }
  },
  "details": {
    "DNSDialup": {
      "average": 0.0008745755800000001,
      "fastest": 0.000073277,
      "slowest": 0.001865459
    },
    "DNSLookup": {
      "average": 0.000007887220000000003,
      "fastest": 0.000003236,
      "slowest": 0.000044694
    }
  },
  "statusCodeDistribution": {
    "200": 334752
  },
  "errorDistribution": {}
}