{
  "summary": {
    "successRate": 1,
    "total": 10.000596023,
    "slowest": 0.012138625,
    "fastest": 0.00029466,
    "average": 0.0014463807664601288,
    "requestsPerSec": 34525.24221615586,
    "totalData": 4488549,
    "sizePerRequest": 13,
    "sizePerSec": 448828.1488100262
  },
  "responseTimeHistogram": {
    "0.00029466": 1,
    "0.0014790565": 184984,
    "0.002663453": 159488,
    "0.0038478495": 551,
    "0.005032246000000001": 124,
    "0.006216642500000001": 25,
    "0.007401039": 3,
    "0.0085854355": 61,
    "0.009769832": 11,
    "0.010954228500000001": 11,
    "0.012138625000000002": 14
  },
  "latencyPercentiles": {
    "p10": 0.001267092,
    "p25": 0.001312866,
    "p50": 0.001467209,
    "p75": 0.001531244,
    "p90": 0.001587593,
    "p95": 0.001634239,
    "p99": 0.002011914
  },
  "rps": {
    "mean": 34519.570565771915,
    "stddev": 2492.90146588771,
    "max": 37187.38094732813,
    "percentiles": {
      "p10": 34179.847541842464,
      "p25": 34522.20813649427,
      "p50": 35008.50356551613,
      "p75": 35378.057764726254,
      "p90": 35677.45023529342,
      "p95": 35888.61257330599,
      "p99": 36288.328662685766
    }
  },
  "details": {
    "DNSDialup": {
      "average": 0.0007875745600000001,
      "fastest": 0.000109214,
      "slowest": 0.001448053
    },
    "DNSLookup": {
      "average": 0.000006048340000000001,
      "fastest": 0.000002755,
      "slowest": 0.000029655
    }
  },
  "statusCodeDistribution": {
    "200": 345273
  },
  "errorDistribution": {}
}