{
  "summary": {
    "successRate": 1,
    "total": 10.000669455,
    "slowest": 0.010549521,
    "fastest": 0.000581412,
    "average": 0.0014643667834195963,
    "requestsPerSec": 34098.21727779523,
    "totalData": 4433065,
    "sizePerRequest": 13,
    "sizePerSec": 443276.824611338
  },
  "responseTimeHistogram": {
    "0.000581412": 1,
    "0.0015782229": 285469,
    "0.0025750338": 54674,
    "0.0035718447": 535,
    "0.0045686556": 170,
    "0.0055654664999999996": 39,
    "0.0065622774": 17,
    "0.0075590883": 10,
    "0.0085558992": 12,
    "0.0095527101": 49,
    "0.010549521": 29
  },
  "latencyPercentiles": {
    "p10": 0.00127843,
    "p25": 0.001328647,
    "p50": 0.001479378,
    "p75": 0.001548419,
    "p90": 0.001613884,
    "p95": 0.001671859,
    "p99": 0.002058178
  },
  "rps": {
    "mean": 34085.58474738539,
    "stddev": 2568.87837112951,
    "max": 36552.10863530823,
    "percentiles": {
      "p10": 33267.561012957754,
      "p25": 34216.53685226213,
      "p50": 34528.72242916964,
      "p75": 35050.89409909869,
      "p90": 35439.493005833654,
      "p95": 35702.279605808355,
      "p99": 35994.59778557832
    }
  },
  "details": {
    "DNSDialup": {
      "average": 0.0006557815200000001,
      "fastest": 0.000104574,
      "slowest": 0.001039608
    },
    "DNSLookup": {
      "average": 0.00000784626,
      "fastest": 0.000003146,
      "slowest": 0.000038321
    }
  },
  "statusCodeDistribution": {
    "200": 341005
  },
  "errorDistribution": {}
}