{
  "summary": {
    "successRate": 1,
    "total": 10.000675855,
    "slowest": 0.012891415,
    "fastest": 0.000709085,
    "average": 0.0014468887881577048,
    "requestsPerSec": 34512.96742384017,
    "totalData": 4486989,
    "sizePerRequest": 13,
    "sizePerSec": 448668.5765099223
  },
  "responseTimeHistogram": {
    "0.000709085": 1,
    "0.001927318": 340779,
    "0.003145551": 3927,
    "0.004363784": 294,
    "0.005582017": 45,
    "0.00680025": 7,
    "0.008018483": 52,
    "0.009236716": 12,
    "0.010454949": 11,
    "0.011673181999999999": 9,
    "0.012891415": 16
  },
  "latencyPercentiles": {
    "p10": 0.001268717,
    "p25": 0.00131651,
    "p50": 0.001464953,
    "p75": 0.001529158,
    "p90": 0.001589002,
    "p95": 0.001650553,
    "p99": 0.001971628
  },
  "rps": {
    "mean": 34510.10182462029,
    "stddev": 2449.642422438077,
    "max": 40612.67290744836,
    "percentiles": {
      "p10": 33596.85826615552,
      "p25": 34470.72227687118,
      "p50": 35016.349133410986,
      "p75": 35429.66928819402,
      "p90": 35718.71091374269,
      "p95": 35930.45824945786,
      "p99": 36481.76709999391
    }
  },
  "details": {
    "DNSDialup": {
      "average": 0.0008219080800000001,
      "fastest": 0.00009093,
      "slowest": 0.001550978
    },
    "DNSLookup": {
      "average": 0.000006671440000000001,
      "fastest": 0.000003537,
      "slowest": 0.000038461
    }
  },
  "statusCodeDistribution": {
    "200": 345153
  },
  "errorDistribution": {}
}