{
  "summary": {
    "successRate": 1,
    "total": 10.000192171,
    "slowest": 0.011973896,
    "fastest": 0.0005854,
    "average": 0.0014454622907635075,
    "requestsPerSec": 34544.93614650758,
    "totalData": 4490928,
    "sizePerRequest": 13,
    "sizePerSec": 449084.1699045985
  },
  "responseTimeHistogram": {
    "0.0005854": 1,
    "0.0017242496": 339032,
    "0.0028630992": 5713,
    "0.004001948799999999": 475,
    "0.0051407983999999995": 119,
    "0.006279648": 16,
    "0.007418497599999999": 15,
    "0.008557347199999999": 55,
    "0.0096961968": 17,
    "0.0108350464": 11,
    "0.011973896": 2
  },
  "latencyPercentiles": {
    "p10": 0.001267919,
    "p25": 0.001316192,
    "p50": 0.001465105,
    "p75": 0.001532063,
    "p90": 0.00158943,
    "p95": 0.001634504,
    "p99": 0.00190177
  },
  "rps": {
    "mean": 34540.18610469607,
    "stddev": 2339.7955466144826,
    "max": 36652.56347207882,
    "percentiles": {
      "p10": 34166.98779627355,
      "p25": 34469.077648926075,
      "p50": 34832.207841025745,
      "p75": 35333.37237020401,
      "p90": 35616.045271232404,
      "p95": 35786.0834236761,
      "p99": 36152.464456419606
    }
  },
  "details": {
    "DNSDialup": {
      "average": 0.00077497672,
      "fastest": 0.000081249,
      "slowest": 0.001600538
    },
    "DNSLookup": {
      "average": 0.000006366940000000001,
      "fastest": 0.000003266,
      "slowest": 0.000035907
    }
  },
  "statusCodeDistribution": {
    "200": 345456
  },
  "errorDistribution": {}
}