{
  "summary": {
    "successRate": 1,
    "total": 10.000595527,
    "slowest": 0.011985574,
    "fastest": 0.000560336,
    "average": 0.0014409597102206626,
    "requestsPerSec": 34656.0361394766,
    "totalData": 4505553,
    "sizePerRequest": 13,
    "sizePerSec": 450528.46981319576
  },
  "responseTimeHistogram": {
    "0.000560336": 1,
    "0.0017028598000000002": 332253,
    "0.0028453836": 13700,
    "0.003987907400000001": 421,
    "0.0051304312000000005": 91,
    "0.006272955": 15,
    "0.007415478800000001": 0,
    "0.008558002600000001": 59,
    "0.009700526400000001": 13,
    "0.0108430502": 10,
    "0.011985574": 18
  },
  "latencyPercentiles": {
    "p10": 0.001258002,
    "p25": 0.001303192,
    "p50": 0.001460101,
    "p75": 0.001517734,
    "p90": 0.001578277,
    "p95": 0.001674487,
    "p99": 0.002101126
  },
  "rps": {
    "mean": 34650.14642093122,
    "stddev": 2779.8730395834486,
    "max": 45415.26861330552,
    "percentiles": {
      "p10": 34159.77619235871,
      "p25": 34688.289101355316,
      "p50": 35303.09563016788,
      "p75": 35660.58733789019,
      "p90": 35930.183977853,
      "p95": 36200.17738086854,
      "p99": 36525.861823677595
    }
  },
  "details": {
    "DNSDialup": {
      "average": 0.00066999504,
      "fastest": 0.000088382,
      "slowest": 0.001166385
    },
    "DNSLookup": {
      "average": 0.000007892720000000001,
      "fastest": 0.000003286,
      "slowest": 0.000045154
    }
  },
  "statusCodeDistribution": {
    "200": 346581
  },
  "errorDistribution": {}
}