{
  "summary": {
    "successRate": 1,
    "total": 10.000640533,
    "slowest": 0.010786288,
    "fastest": 0.000661634,
    "average": 0.0014523450914537075,
    "requestsPerSec": 34384.59755305755,
    "totalData": 4470284,
    "sizePerRequest": 13,
    "sizePerSec": 446999.7681897482
  },
  "responseTimeHistogram": {
    "0.000661634": 1,
    "0.0016740994000000002": 331923,
    "0.0026865648": 11220,
    "0.0036990302000000004": 507,
    "0.004711495600000001": 117,
    "0.0057239610000000005": 0,
    "0.006736426400000001": 0,
    "0.007748891800000001": 39,
    "0.0087613572": 33,
    "0.0097738226": 11,
    "0.010786288": 17
  },
  "latencyPercentiles": {
    "p10": 0.001274431,
    "p25": 0.001321646,
    "p50": 0.001472503,
    "p75": 0.001537813,
    "p90": 0.001596158,
    "p95": 0.001644813,
    "p99": 0.00197435
  },
  "rps": {
    "mean": 34379.605913348154,
    "stddev": 2334.1014947492454,
    "max": 36626.70669292909,
    "percentiles": {
      "p10": 33870.352108364925,
      "p25": 34351.89196800527,
      "p50": 34721.14865164576,
      "p75": 35233.6269735815,
      "p90": 35529.16233644852,
      "p95": 35722.814101215845,
      "p99": 36206.97728679811
    }
  },
  "details": {
    "DNSDialup": {
      "average": 0.0006510050399999999,
      "fastest": 0.00007961,
      "slowest": 0.001113608
    },
    "DNSLookup": {
      "average": 0.000006328980000000002,
      "fastest": 0.000003176,
      "slowest": 0.000046888
    }
  },
  "statusCodeDistribution": {
    "200": 343868
  },
  "errorDistribution": {}
}