{
  "summary": {
    "successRate": 1,
    "total": 10.000698611,
    "slowest": 0.01083656,
    "fastest": 0.000576112,
    "average": 0.0014205105844374254,
    "requestsPerSec": 35154.94403693914,
    "totalData": 4570462,
    "sizePerRequest": 13,
    "sizePerSec": 457014.2724802088
  },
  "responseTimeHistogram": {
    "0.000576112": 1,
    "0.0016021568000000003": 330174,
    "0.0026282016000000004": 20718,
    "0.0036542464000000005": 470,
    "0.0046802912000000006": 85,
    "0.005706336000000001": 26,
    "0.006732380800000001": 12,
    "0.0077584256": 24,
    "0.008784470400000001": 39,
    "0.009810515200000001": 15,
    "0.010836560000000002": 10
  },
  "latencyPercentiles": {
    "p10": 0.001243474,
    "p25": 0.001288257,
    "p50": 0.001440634,
    "p75": 0.001500171,
    "p90": 0.001557008,
    "p95": 0.001627388,
    "p99": 0.002001492
  },
  "rps": {
    "mean": 35150.60633426164,
    "stddev": 2573.1733381964755,
    "max": 37487.25909299047,
    "percentiles": {
      "p10": 34259.15185158679,
      "p25": 35321.42597699869,
      "p50": 35706.95214358273,
      "p75": 36143.51317551123,
      "p90": 36537.89145884446,
      "p95": 36699.944990524054,
      "p99": 37022.94579840673
    }
  },
  "details": {
    "DNSDialup": {
      "average": 0.0006992023400000002,
      "fastest": 0.000070849,
      "slowest": 0.001507956
    },
    "DNSLookup": {
      "average": 0.00000619332,
      "fastest": 0.000003096,
      "slowest": 0.000034534
    }
  },
  "statusCodeDistribution": {
    "200": 351574
  },
  "errorDistribution": {}
}