{
  "summary": {
    "successRate": 1,
    "total": 10.000593114,
    "slowest": 0.011136929,
    "fastest": 0.0006338,
    "average": 0.0014305605694582685,
    "requestsPerSec": 34909.52946693397,
    "totalData": 4538508,
    "sizePerRequest": 13,
    "sizePerSec": 453823.88307014166
  },
  "responseTimeHistogram": {
    "0.0006338": 1,
    "0.0016841129": 335594,
    "0.0027344258": 12827,
    "0.0037847386999999995": 477,
    "0.0048350516": 112,
    "0.0058853645": 5,
    "0.0069356774": 0,
    "0.007985990299999999": 11,
    "0.0090363032": 52,
    "0.0100866161": 20,
    "0.011136929": 17
  },
  "latencyPercentiles": {
    "p10": 0.001250328,
    "p25": 0.001292406,
    "p50": 0.001455257,
    "p75": 0.001508617,
    "p90": 0.001562073,
    "p95": 0.00165713,
    "p99": 0.00205429
  },
  "rps": {
    "mean": 34896.75231410123,
    "stddev": 2589.661425404107,
    "max": 38378.25996807449,
    "percentiles": {
      "p10": 34233.38439646331,
      "p25": 35012.247284100304,
      "p50": 35472.66220125455,
      "p75": 35811.14658364183,
      "p90": 36210.96468010617,
      "p95": 36405.47029816839,
      "p99": 36772.6485040427
    }
  },
  "details": {
    "DNSDialup": {
      "average": 0.0006755777800000001,
      "fastest": 0.000088914,
      "slowest": 0.000915244
    },
    "DNSLookup": {
      "average": 0.0000058458,
      "fastest": 0.000002604,
      "slowest": 0.000049395
    }
  },
  "statusCodeDistribution": {
    "200": 349116
  },
  "errorDistribution": {}
}