{
  "summary": {
    "successRate": 1,
    "total": 10.000643201,
    "slowest": 0.011179834,
    "fastest": 0.000547676,
    "average": 0.0014421762071282697,
    "requestsPerSec": 34626.07284753184,
    "totalData": 4501679,
    "sizePerRequest": 13,
    "sizePerSec": 450138.94701791386
  },
  "responseTimeHistogram": {
    "0.000547676": 1,
    "0.0016108918": 324337,
    "0.0026741076": 21220,
    "0.0037373234": 486,
    "0.0048005392000000004": 115,
    "0.005863755": 24,
    "0.0069269708": 15,
    "0.007990186600000001": 54,
    "0.0090534024": 6,
    "0.0101166182": 22,
    "0.011179834": 3
  },
  "latencyPercentiles": {
    "p10": 0.001265554,
    "p25": 0.001310315,
    "p50": 0.001465326,
    "p75": 0.001526165,
    "p90": 0.001580885,
    "p95": 0.00162756,
    "p99": 0.001993705
  },
  "rps": {
    "mean": 34622.638456204004,
    "stddev": 2421.1679043249783,
    "max": 36560.23161815728,
    "percentiles": {
      "p10": 34257.61242323446,
      "p25": 34613.99790075097,
      "p50": 35122.40769907848,
      "p75": 35452.51407676464,
      "p90": 35726.36963342591,
      "p95": 35871.07243602602,
      "p99": 36314.5724761602
    }
  },
  "details": {
    "DNSDialup": {
      "average": 0.00067768386,
      "fastest": 0.000072236,
      "slowest": 0.001553482
    },
    "DNSLookup": {
      "average": 0.000006744399999999999,
      "fastest": 0.000003086,
      "slowest": 0.000038993
    }
  },
  "statusCodeDistribution": {
    "200": 346283
  },
  "errorDistribution": {}
}