{
  "summary": {
    "successRate": 1,
    "total": 10.000779561,
    "slowest": 0.010360966,
    "fastest": 0.000272762,
    "average": 0.0014264451876552964,
    "requestsPerSec": 35009.8707670135,
    "totalData": 4551638,
    "sizePerRequest": 13,
    "sizePerSec": 455128.3199711755
  },
  "responseTimeHistogram": {
    "0.000272762": 1,
    "0.0012815824": 71141,
    "0.0022904028000000002": 277397,
    "0.0032992232000000005": 1196,
    "0.0043080436": 247,
    "0.005316864": 44,
    "0.006325684400000001": 0,
    "0.007334504800000001": 11,
    "0.0083433252": 61,
    "0.0093521456": 11,
    "0.010360966": 17
  },
  "latencyPercentiles": {
    "p10": 0.001248967,
    "p25": 0.001294898,
    "p50": 0.001445173,
    "p75": 0.001506275,
    "p90": 0.001560532,
    "p95": 0.001631264,
    "p99": 0.002010359
  },
  "rps": {
    "mean": 35008.7666755099,
    "stddev": 2637.615090285867,
    "max": 38655.01069421365,
    "percentiles": {
      "p10": 34266.861500158884,
      "p25": 35217.52071655554,
      "p50": 35577.5597371971,
      "p75": 35963.61964314935,
      "p90": 36388.51871061669,
      "p95": 36606.7499216449,
      "p99": 37039.183752491765
    }
  },
  "details": {
    "DNSDialup": {
      "average": 0.0006615650599999998,
      "fastest": 0.000074329,
      "slowest": 0.000930096
    },
    "DNSLookup": {
      "average": 0.00000602886,
      "fastest": 0.000003367,
      "slowest": 0.000036157
    }
  },
  "statusCodeDistribution": {
    "200": 350126
  },
  "errorDistribution": {}
}