{
  "summary": {
    "successRate": 1,
    "total": 10.000772184,
    "slowest": 0.010516751,
    "fastest": 0.00025238,
    "average": 0.0011509979945768282,
    "requestsPerSec": 43384.74989902839,
    "totalData": 5640453,
    "sizePerRequest": 13,
    "sizePerSec": 564001.7486873692
  },
  "responseTimeHistogram": {
    "0.00025238": 1,
    "0.0012788170999999998": 400241,
    "0.0023052541999999997": 32725,
    "0.0033316912999999996": 548,
    "0.0043581283999999994": 247,
    "0.005384565499999999": 19,
    "0.006411002599999999": 0,
    "0.0074374396999999995": 11,
    "0.008463876799999999": 11,
    "0.009490313899999998": 27,
    "0.010516750999999998": 51
  },
  "latencyPercentiles": {
    "p10": 0.000995184,
    "p25": 0.001027452,
    "p50": 0.001175328,
    "p75": 0.001214541,
    "p90": 0.001253463,
    "p95": 0.001366143,
    "p99": 0.001721683
  },
  "rps": {
    "mean": 43374.40938000021,
    "stddev": 3658.117392662073,
    "max": 46324.603899290116,
    "percentiles": {
      "p10": 42993.677920294554,
      "p25": 43523.82929653996,
      "p50": 44180.96079732928,
      "p75": 44624.619402525124,
      "p90": 45125.83454027257,
      "p95": 45345.01270715984,
      "p99": 45747.669071167846
    }
  },
  "details": {
    "DNSDialup": {
      "average": 0.00052405626,
      "fastest": 0.000070871,
      "slowest": 0.000956469
    },
    "DNSLookup": {
      "average": 0.000008718179999999996,
      "fastest": 0.000003519,
      "slowest": 0.000142445
    }
  },
  "statusCodeDistribution": {
    "200": 433881
  },
  "errorDistribution": {}
}