{
  "summary": {
    "successRate": 1,
    "total": 10.000600321,
    "slowest": 0.011221074,
    "fastest": 0.00061652,
    "average": 0.0014470568833540743,
    "requestsPerSec": 34506.62849462755,
    "totalData": 4486131,
    "sizePerRequest": 13,
    "sizePerSec": 448586.1704301581
  },
  "responseTimeHistogram": {
    "0.00061652": 1,
    "0.0016769753999999997": 328138,
    "0.0027374307999999993": 16070,
    "0.0037978861999999995": 597,
    "0.004858341599999999": 149,
    "0.005918796999999999": 17,
    "0.006979252399999998": 15,
    "0.008039707799999999": 10,
    "0.009100163199999999": 62,
    "0.010160618599999999": 11,
    "0.011221074": 17
  },
  "latencyPercentiles": {
    "p10": 0.001262374,
    "p25": 0.001308856,
    "p50": 0.001461853,
    "p75": 0.00152393,
    "p90": 0.001586915,
    "p95": 0.001673991,
    "p99": 0.002108908
  },
  "rps": {
    "mean": 34500.82664315583,
    "stddev": 2792.5094180842625,
    "max": 37284.300023442906,
    "percentiles": {
      "p10": 33605.97850357569,
      "p25": 34527.10377646307,
      "p50": 35241.90262221744,
      "p75": 35577.43891886512,
      "p90": 35902.72860737429,
      "p95": 36211.29626094489,
      "p99": 36520.688162758444
    }
  },
  "details": {
    "DNSDialup": {
      "average": 0.0005886863799999999,
      "fastest": 0.000053911,
      "slowest": 0.001068074
    },
    "DNSLookup": {
      "average": 0.000006017300000000001,
      "fastest": 0.000002815,
      "slowest": 0.000034505
    }
  },
  "statusCodeDistribution": {
    "200": 345087
  },
  "errorDistribution": {}
}