{
  "summary": {
    "successRate": 1,
    "total": 10.000663547,
    "slowest": 0.011040697,
    "fastest": 0.000853331,
    "average": 0.0014702587486567608,
    "requestsPerSec": 33963.2463789755,
    "totalData": 4415515,
    "sizePerRequest": 13,
    "sizePerSec": 441522.20292668144
  },
  "responseTimeHistogram": {
    "0.000853331": 1,
    "0.0018720676": 334970,
    "0.0028908042": 4037,
    "0.0039095408": 413,
    "0.004928277399999999": 127,
    "0.005947014": 9,
    "0.006965750599999999": 0,
    "0.0079844872": 61,
    "0.0090032238": 11,
    "0.0100219604": 9,
    "0.011040697": 17
  },
  "latencyPercentiles": {
    "p10": 0.001288261,
    "p25": 0.001337257,
    "p50": 0.001490588,
    "p75": 0.001559094,
    "p90": 0.00162029,
    "p95": 0.00166352,
    "p99": 0.001976262
  },
  "rps": {
    "mean": 33954.31654353256,
    "stddev": 2329.4967423144935,
    "max": 36360.563433621646,
    "percentiles": {
      "p10": 33302.60075146819,
      "p25": 34030.13027734773,
      "p50": 34400.745073733924,
      "p75": 34668.659623200125,
      "p90": 35008.52457573443,
      "p95": 35217.99790196891,
      "p99": 35492.72983861535
    }
  },
  "details": {
    "DNSDialup": {
      "average": 0.0007122517400000002,
      "fastest": 0.000081132,
      "slowest": 0.00144777
    },
    "DNSLookup": {
      "average": 0.000007364499999999999,
      "fastest": 0.000003456,
      "slowest": 0.000030868
    }
  },
  "statusCodeDistribution": {
    "200": 339655
  },
  "errorDistribution": {}
}