{
  "summary": {
    "successRate": 1,
    "total": 10.000227365,
    "slowest": 0.012345214,
    "fastest": 0.000874237,
    "average": 0.0014346695429326881,
    "requestsPerSec": 34807.20860590153,
    "totalData": 4525040,
    "sizePerRequest": 13,
    "sizePerSec": 452493.7118767199
  },
  "responseTimeHistogram": {
    "0.000874237": 1,
    "0.0020213347": 345276,
    "0.0031684324": 2313,
    "0.0043155301": 313,
    "0.0054626278": 71,
    "0.0066097255": 6,
    "0.0077568231999999996": 60,
    "0.008903920899999999": 6,
    "0.0100510186": 18,
    "0.0111981163": 13,
    "0.012345214": 3
  },
  "latencyPercentiles": {
    "p10": 0.001257992,
    "p25": 0.001305978,
    "p50": 0.001452944,
    "p75": 0.001518564,
    "p90": 0.001576906,
    "p95": 0.001624963,
    "p99": 0.001941518
  },
  "rps": {
    "mean": 34805.64557014671,
    "stddev": 2412.003878994456,
    "max": 37023.26541999532,
    "percentiles": {
      "p10": 34255.10275829934,
      "p25": 34666.607716686805,
      "p50": 35302.10781665115,
      "p75": 35591.610935968165,
      "p90": 35852.958030629,
      "p95": 36063.62028969864,
      "p99": 36486.33747927323
    }
  },
  "details": {
    "DNSDialup": {
      "average": 0.0007905628799999998,
      "fastest": 0.000096697,
      "slowest": 0.001635306
    },
    "DNSLookup": {
      "average": 0.00000691836,
      "fastest": 0.000002846,
      "slowest": 0.00003799
    }
  },
  "statusCodeDistribution": {
    "200": 348080
  },
  "errorDistribution": {}
}