{
  "summary": {
    "successRate": 1,
    "total": 10.00044338,
    "slowest": 0.011393509,
    "fastest": 0.000560818,
    "average": 0.0014620915116786877,
    "requestsPerSec": 34154.68564954767,
    "totalData": 4440306,
    "sizePerRequest": 13,
    "sizePerSec": 444010.91344411974
  },
  "responseTimeHistogram": {
    "0.000560818": 1,
    "0.0016440871": 319276,
    "0.0027273562000000003": 21359,
    "0.0038106253000000003": 694,
    "0.0048938944": 90,
    "0.0059771635": 41,
    "0.0070604326": 4,
    "0.0081437017": 31,
    "0.0092269708": 46,
    "0.010310239899999999": 17,
    "0.011393509": 3
  },
  "latencyPercentiles": {
    "p10": 0.001280574,
    "p25": 0.001327783,
    "p50": 0.001483824,
    "p75": 0.001547859,
    "p90": 0.001610017,
    "p95": 0.001663703,
    "p99": 0.001937647
  },
  "rps": {
    "mean": 34152.00893332363,
    "stddev": 2353.266197137975,
    "max": 42613.42749100158,
    "percentiles": {
      "p10": 33551.39366897403,
      "p25": 34226.76223661929,
      "p50": 34481.862489769745,
      "p75": 34770.844330931104,
      "p90": 35205.48149346943,
      "p95": 35401.872095249855,
      "p99": 35740.850648585
    }
  },
  "details": {
    "DNSDialup": {
      "average": 0.0008002204,
      "fastest": 0.000439314,
      "slowest": 0.001033988
    },
    "DNSLookup": {
      "average": 0.000006708139999999997,
      "fastest": 0.000003246,
      "slowest": 0.000031539
    }
  },
  "statusCodeDistribution": {
    "200": 341562
  },
  "errorDistribution": {}
}