{
  "summary": {
    "successRate": 1,
    "total": 10.000694035,
    "slowest": 0.012238316,
    "fastest": 0.000798023,
    "average": 0.001486018432205085,
    "requestsPerSec": 33604.167753143345,
    "totalData": 4368845,
    "sizePerRequest": 13,
    "sizePerSec": 436854.18079086347
  },
  "responseTimeHistogram": {
    "0.000798023": 1,
    "0.0019420523000000002": 331539,
    "0.0030860816000000003": 3950,
    "0.0042301109": 376,
    "0.0053741402": 78,
    "0.0065181695000000005": 13,
    "0.0076621988000000005": 16,
    "0.0088062281": 52,
    "0.0099502574": 3,
    "0.0110942867": 11,
    "0.012238316": 26
  },
  "latencyPercentiles": {
    "p10": 0.001297303,
    "p25": 0.001347973,
    "p50": 0.001501927,
    "p75": 0.001569703,
    "p90": 0.00164348,
    "p95": 0.001704861,
    "p99": 0.002034315
  },
  "rps": {
    "mean": 33597.43553560613,
    "stddev": 2453.9162338682568,
    "max": 36152.49120791376,
    "percentiles": {
      "p10": 32531.2267245342,
      "p25": 33428.969545006345,
      "p50": 34164.10552761276,
      "p75": 34489.429142126944,
      "p90": 34804.24959887598,
      "p95": 35066.1733757781,
      "p99": 35508.66927468143
    }
  },
  "details": {
    "DNSDialup": {
      "average": 0.0007768143200000002,
      "fastest": 0.000087241,
      "slowest": 0.001126213
    },
    "DNSLookup": {
      "average": 0.000006246740000000001,
      "fastest": 0.000002856,
      "slowest": 0.000029005
    }
  },
  "statusCodeDistribution": {
    "200": 336065
  },
  "errorDistribution": {}
}