{
  "summary": {
    "successRate": 1,
    "total": 10.000721932,
    "slowest": 0.01060673,
    "fastest": 0.000527773,
    "average": 0.0014160496792933878,
    "requestsPerSec": 35263.95418230293,
    "totalData": 4584645,
    "sizePerRequest": 13,
    "sizePerSec": 458431.40436993807
  },
  "responseTimeHistogram": {
    "0.000527773": 1,
    "0.0015356687": 307332,
    "0.0025435644": 44512,
    "0.0035514601000000002": 492,
    "0.0045593558": 158,
    "0.0055672515": 58,
    "0.006575147200000001": 5,
    "0.0075830429": 20,
    "0.0085909386": 59,
    "0.009598834300000001": 11,
    "0.01060673": 17
  },
  "latencyPercentiles": {
    "p10": 0.00123833,
    "p25": 0.001284188,
    "p50": 0.001433573,
    "p75": 0.001494369,
    "p90": 0.001553927,
    "p95": 0.001627805,
    "p99": 0.002000029
  },
  "rps": {
    "mean": 35254.93417837295,
    "stddev": 2714.8506268453525,
    "max": 41950.987229873506,
    "percentiles": {
      "p10": 34301.60874544995,
      "p25": 35421.1947347606,
      "p50": 35786.2321621639,
      "p75": 36325.3332874344,
      "p90": 36607.5741070827,
      "p95": 36773.478723342785,
      "p99": 37481.89932402405
    }
  },
  "details": {
    "DNSDialup": {
      "average": 0.0006214449000000003,
      "fastest": 0.000068298,
      "slowest": 0.001179972
    },
    "DNSLookup": {
      "average": 0.0000071175,
      "fastest": 0.000003196,
      "slowest": 0.000029935
    }
  },
  "statusCodeDistribution": {
    "200": 352665
  },
  "errorDistribution": {}
}