{
  "summary": {
    "successRate": 1,
    "total": 10.000650856,
    "slowest": 0.007869672,
    "fastest": 0.00048279,
    "average": 0.0013784920304590188,
    "requestsPerSec": 36210.243234592934,
    "totalData": 4707638,
    "sizePerRequest": 13,
    "sizePerSec": 470733.1620497081
  },
  "responseTimeHistogram": {
    "0.00048279": 1,
    "0.0012214781999999999": 42973,
    "0.0019601664": 317619,
    "0.0026988545999999994": 1051,
    "0.0034375427999999994": 285,
    "0.004176231": 37,
    "0.004914919199999999": 11,
    "0.0056536074": 46,
    "0.006392295599999999": 76,
    "0.007130983799999999": 10,
    "0.007869672": 17
  },
  "latencyPercentiles": {
    "p10": 0.001213353,
    "p25": 0.001269757,
    "p50": 0.001388074,
    "p75": 0.00146072,
    "p90": 0.001519032,
    "p95": 0.001562172,
    "p99": 0.001741169
  },
  "rps": {
    "mean": 36209.30034485055,
    "stddev": 1977.773756136336,
    "max": 38838.403413294865,
    "percentiles": {
      "p10": 35419.63310262914,
      "p25": 36037.309426448235,
      "p50": 36538.98699874505,
      "p75": 36869.09657646788,
      "p90": 37384.10296592236,
      "p95": 37533.805581730376,
      "p99": 37873.37967311722
    }
  },
  "details": {
    "DNSDialup": {
      "average": 0.00068027962,
      "fastest": 0.000075661,
      "slowest": 0.001422822
    },
    "DNSLookup": {
      "average": 0.000007713160000000002,
      "fastest": 0.000003747,
      "slowest": 0.000038341
    }
  },
  "statusCodeDistribution": {
    "200": 362126
  },
  "errorDistribution": {}
}