{
  "summary": {
    "successRate": 1,
    "total": 10.000644758,
    "slowest": 0.0078475,
    "fastest": 0.000401805,
    "average": 0.0011836625290959205,
    "requestsPerSec": 42178.48050872642,
    "totalData": 5483556,
    "sizePerRequest": 13,
    "sizePerSec": 548320.2466134434
  },
  "responseTimeHistogram": {
    "0.000401805": 1,
    "0.0011463745": 172567,
    "0.0018909439999999999": 248161,
    "0.0026355134999999997": 632,
    "0.003380083": 219,
    "0.0041246525": 71,
    "0.0048692219999999994": 53,
    "0.0056137915": 20,
    "0.006358361": 10,
    "0.0071029305": 58,
    "0.0078475": 20
  },
  "latencyPercentiles": {
    "p10": 0.001041245,
    "p25": 0.001088164,
    "p50": 0.001191518,
    "p75": 0.001253246,
    "p90": 0.001305923,
    "p95": 0.001358704,
    "p99": 0.001534503
  },
  "rps": {
    "mean": 42177.24792175571,
    "stddev": 2722.688970372706,
    "max": 48638.5995319165,
    "percentiles": {
      "p10": 40816.20403300137,
      "p25": 42003.717328984305,
      "p50": 42612.54087077979,
      "p75": 43233.58817465281,
      "p90": 43914.72900010543,
      "p95": 44366.40628268938,
      "p99": 45412.20225874513
    }
  },
  "details": {
    "DNSDialup": {
      "average": 0.0007231331600000001,
      "fastest": 0.000069792,
      "slowest": 0.001627881
    },
    "DNSLookup": {
      "average": 0.00000650698,
      "fastest": 0.000003487,
      "slowest": 0.000027642
    }
  },
  "statusCodeDistribution": {
    "200": 421812
  },
  "errorDistribution": {}
}