{
  "summary": {
    "successRate": 0.4667714474227689,
    "total": 10.000631955,
    "slowest": 0.012544768,
    "fastest": 0.000152686,
    "average": 0.0012207223965132656,
    "requestsPerSec": 55922.7659328455,
    "totalData": 3393624,
    "sizePerRequest": 13,
    "sizePerSec": 339340.95517866703
  },
  "responseTimeHistogram": {
    "0.000152686": 1,
    "0.0013918942": 218592,
    "0.0026311024": 42167,
    "0.0038703106": 173,
    "0.0051095188": 15,
    "0.006348726999999999": 0,
    "0.0075879352": 39,
    "0.008827143400000001": 11,
    "0.0100663516": 0,
    "0.0113055598": 11,
    "0.012544768": 39
  },
  "latencyPercentiles": {
    "p10": 0.00091226,
    "p25": 0.001106246,
    "p50": 0.001234163,
    "p75": 0.001345908,
    "p90": 0.001440815,
    "p95": 0.001510324,
    "p99": 0.001824463
  },
  "rps": {
    "mean": 40872.312328907305,
    "stddev": 5230.277383911634,
    "max": 61932.40813981255,
    "percentiles": {
      "p10": 36609.8993167757,
      "p25": 37966.445075525284,
      "p50": 40189.55438403418,
      "p75": 43060.31354733094,
      "p90": 47208.112242003415,
      "p95": 49525.758346915136,
      "p99": 57508.05112715607
    }
  },
  "details": {
    "DNSDialup": {
      "average": 0.00118282702,
      "fastest": 0.000065202,
      "slowest": 0.002129512
    },
    "DNSLookup": {
      "average": 0.000012442060000000001,
      "fastest": 0.000003196,
      "slowest": 0.000326892
    }
  },
  "statusCodeDistribution": {
    "200": 261048
  },
  "errorDistribution": {
    "Connection refused (os error 111)": 298215
  }
}