{
  "summary": {
    "successRate": 1,
    "total": 10.000735634,
    "slowest": 0.008617712,
    "fastest": 0.000527344,
    "average": 0.0011907812873336767,
    "requestsPerSec": 41925.51581650978,
    "totalData": 5450718,
    "sizePerRequest": 13,
    "sizePerSec": 545031.7056146272
  },
  "responseTimeHistogram": {
    "0.000527344": 1,
    "0.0013363808": 387080,
    "0.0021454176": 31527,
    "0.0029544543999999997": 451,
    "0.0037634911999999995": 76,
    "0.004572527999999999": 1,
    "0.0053815647999999995": 41,
    "0.006190601599999999": 70,
    "0.006999638399999999": 14,
    "0.007808675199999999": 12,
    "0.008617712": 13
  },
  "latencyPercentiles": {
    "p10": 0.001047486,
    "p25": 0.001097348,
    "p50": 0.001198025,
    "p75": 0.001263929,
    "p90": 0.001319032,
    "p95": 0.001366239,
    "p99": 0.001520143
  },
  "rps": {
    "mean": 41922.95143105428,
    "stddev": 2484.1746814519274,
    "max": 47182.60258234086,
    "percentiles": {
      "p10": 40648.249815468705,
      "p25": 41713.988590068635,
      "p50": 42241.8489998042,
      "p75": 42943.81987379901,
      "p90": 43508.4487969009,
      "p95": 44108.089423598685,
      "p99": 44925.82336326804
    }
  },
  "details": {
    "DNSDialup": {
      "average": 0.00091582784,
      "fastest": 0.000112079,
      "slowest": 0.001776747
    },
    "DNSLookup": {
      "average": 0.000009266059999999996,
      "fastest": 0.000003386,
      "slowest": 0.000163024
    }
  },
  "statusCodeDistribution": {
    "200": 419286
  },
  "errorDistribution": {}
}