{
  "summary": {
    "successRate": 1,
    "total": 10.000614042,
    "slowest": 0.007446283,
    "fastest": 0.000376164,
    "average": 0.0012273464539666369,
    "requestsPerSec": 40674.50241471882,
    "totalData": 5288010,
    "sizePerRequest": 13,
    "sizePerSec": 528768.5313913447
  },
  "responseTimeHistogram": {
    "0.000376164": 1,
    "0.0010831759": 44735,
    "0.0017901878": 360403,
    "0.0024971997": 1268,
    "0.0032042116": 162,
    "0.0039112235": 51,
    "0.0046182354": 1,
    "0.0053252473": 53,
    "0.0060322592": 75,
    "0.0067392711": 1,
    "0.007446283": 20
  },
  "latencyPercentiles": {
    "p10": 0.001078963,
    "p25": 0.001128682,
    "p50": 0.001236774,
    "p75": 0.001300822,
    "p90": 0.001358602,
    "p95": 0.001408649,
    "p99": 0.001566519
  },
  "rps": {
    "mean": 40674.40718258755,
    "stddev": 2273.751843421455,
    "max": 45646.41784230204,
    "percentiles": {
      "p10": 39182.72947096408,
      "p25": 40421.81112783386,
      "p50": 41060.113620495424,
      "p75": 41550.21957731663,
      "p90": 42032.32104487826,
      "p95": 42504.44171415758,
      "p99": 43733.68074192688
    }
  },
  "details": {
    "DNSDialup": {
      "average": 0.0007399329200000001,
      "fastest": 0.000073147,
      "slowest": 0.001719646
    },
    "DNSLookup": {
      "average": 0.0000066766199999999994,
      "fastest": 0.000003226,
      "slowest": 0.000031359
    }
  },
  "statusCodeDistribution": {
    "200": 406770
  },
  "errorDistribution": {}
}