{
  "summary": {
    "successRate": 1,
    "total": 10.00067871,
    "slowest": 0.008042112,
    "fastest": 0.000145961,
    "average": 0.0011984466036733049,
    "requestsPerSec": 41660.2724756468,
    "totalData": 5416203,
    "sizePerRequest": 13,
    "sizePerSec": 541583.5421834084
  },
  "responseTimeHistogram": {
    "0.000145961": 1,
    "0.0009355761000000001": 3951,
    "0.0017251912000000001": 410274,
    "0.0025148063": 2020,
    "0.0033044214000000002": 199,
    "0.0040940365": 36,
    "0.0048836516": 52,
    "0.0056732667": 9,
    "0.0064628818000000005": 63,
    "0.0072524969000000005": 13,
    "0.008042112": 13
  },
  "latencyPercentiles": {
    "p10": 0.00104629,
    "p25": 0.001095283,
    "p50": 0.001204315,
    "p75": 0.001265449,
    "p90": 0.001339417,
    "p95": 0.001418815,
    "p99": 0.001582701
  },
  "rps": {
    "mean": 41722.35030646244,
    "stddev": 3499.922488863269,
    "max": 109257.20707286656,
    "percentiles": {
      "p10": 38818.29506246394,
      "p25": 41162.07308381629,
      "p50": 42324.66306258491,
      "p75": 43080.06173402949,
      "p90": 43562.64445357546,
      "p95": 44034.66408756807,
      "p99": 45120.52081286537
    }
  },
  "details": {
    "DNSDialup": {
      "average": 0.0007930193599999998,
      "fastest": 0.000087169,
      "slowest": 0.001191101
    },
    "DNSLookup": {
      "average": 0.0000063503399999999986,
      "fastest": 0.000002725,
      "slowest": 0.000038702
    }
  },
  "statusCodeDistribution": {
    "200": 416631
  },
  "errorDistribution": {}
}