{
  "summary": {
    "successRate": 1,
    "total": 10.000670032,
    "slowest": 0.010638993,
    "fastest": 0.000096338,
    "average": 0.0012462640748339296,
    "requestsPerSec": 40013.918939386516,
    "totalData": 5202158,
    "sizePerRequest": 13,
    "sizePerSec": 520180.9462120247
  },
  "responseTimeHistogram": {
    "0.000096338": 1,
    "0.0011506035": 104576,
    "0.002204869": 294364,
    "0.0032591344999999996": 903,
    "0.004313399999999999": 182,
    "0.0053676654999999995": 75,
    "0.006421930999999999": 19,
    "0.007476196499999999": 9,
    "0.008530461999999999": 13,
    "0.0095847275": 17,
    "0.010638993": 7
  },
  "latencyPercentiles": {
    "p10": 0.00093805,
    "p25": 0.001144864,
    "p50": 0.001267201,
    "p75": 0.001369324,
    "p90": 0.001462309,
    "p95": 0.001529163,
    "p99": 0.001797186
  },
  "rps": {
    "mean": 40011.4486994206,
    "stddev": 4150.014929012404,
    "max": 55851.724281857285,
    "percentiles": {
      "p10": 35767.336012337786,
      "p25": 38609.10016490908,
      "p50": 39598.33454417396,
      "p75": 41281.268908931335,
      "p90": 45057.159512557766,
      "p95": 47781.51053956728,
      "p99": 52106.91458756512
    }
  },
  "details": {
    "DNSDialup": {
      "average": 0.00069783662,
      "fastest": 0.000073299,
      "slowest": 0.001176601
    },
    "DNSLookup": {
      "average": 0.0000068454,
      "fastest": 0.000003116,
      "slowest": 0.000026339
    }
  },
  "statusCodeDistribution": {
    "200": 400166
  },
  "errorDistribution": {}
}