{
  "summary": {
    "successRate": 1,
    "total": 10.000625618,
    "slowest": 0.00869536,
    "fastest": 0.000405379,
    "average": 0.0012033592130248757,
    "requestsPerSec": 41488.804385717776,
    "totalData": 5393882,
    "sizePerRequest": 13,
    "sizePerSec": 539354.4570143311
  },
  "responseTimeHistogram": {
    "0.000405379": 1,
    "0.0012343770999999999": 250325,
    "0.0020633751999999997": 163798,
    "0.0028923733": 502,
    "0.0037213713999999995": 113,
    "0.004550369499999999": 23,
    "0.0053793676": 79,
    "0.006208365699999999": 35,
    "0.007037363799999999": 13,
    "0.007866361899999999": 9,
    "0.00869536": 16
  },
  "latencyPercentiles": {
    "p10": 0.001052149,
    "p25": 0.001099397,
    "p50": 0.001209188,
    "p75": 0.001268563,
    "p90": 0.001346986,
    "p95": 0.001425417,
    "p99": 0.001558617
  },
  "rps": {
    "mean": 41485.8860712165,
    "stddev": 2760.5247843851166,
    "max": 46205.35483584702,
    "percentiles": {
      "p10": 38680.78869526868,
      "p25": 41061.10366395292,
      "p50": 42141.244110583815,
      "p75": 42826.12393560071,
      "p90": 43420.153642264675,
      "p95": 43842.61752953128,
      "p99": 45094.55426137551
    }
  },
  "details": {
    "DNSDialup": {
      "average": 0.00092681036,
      "fastest": 0.000101409,
      "slowest": 0.001503654
    },
    "DNSLookup": {
      "average": 0.000008169859999999995,
      "fastest": 0.000002805,
      "slowest": 0.000033172
    }
  },
  "statusCodeDistribution": {
    "200": 414914
  },
  "errorDistribution": {}
}