{
  "summary": {
    "successRate": 1,
    "total": 10.000652041,
    "slowest": 0.008348209,
    "fastest": 0.000248509,
    "average": 0.0011948858481519607,
    "requestsPerSec": 41783.77552652219,
    "totalData": 5432245,
    "sizePerRequest": 13,
    "sizePerSec": 543189.0818447885
  },
  "responseTimeHistogram": {
    "0.000248509": 1,
    "0.0010584790000000002": 58566,
    "0.0018684490000000003": 358016,
    "0.0026784190000000005": 933,
    "0.0034883890000000006": 183,
    "0.004298359000000001": 16,
    "0.005108329000000001": 3,
    "0.005918299000000001": 56,
    "0.006728269000000001": 66,
    "0.007538239000000001": 10,
    "0.008348209": 15
  },
  "latencyPercentiles": {
    "p10": 0.001042806,
    "p25": 0.001093437,
    "p50": 0.001199282,
    "p75": 0.001261876,
    "p90": 0.001335703,
    "p95": 0.001407224,
    "p99": 0.001586574
  },
  "rps": {
    "mean": 41780.69257140541,
    "stddev": 2838.2453649364543,
    "max": 52431.11262223486,
    "percentiles": {
      "p10": 39447.67752062992,
      "p25": 41389.31472555195,
      "p50": 42260.69480988658,
      "p75": 43120.72203990638,
      "p90": 43737.58370567729,
      "p95": 44207.497591590494,
      "p99": 45467.76515718889
    }
  },
  "details": {
    "DNSDialup": {
      "average": 0.0008094069400000002,
      "fastest": 0.000092961,
      "slowest": 0.001395332
    },
    "DNSLookup": {
      "average": 0.000007219659999999996,
      "fastest": 0.000003256,
      "slowest": 0.000033552
    }
  },
  "statusCodeDistribution": {
    "200": 417865
  },
  "errorDistribution": {}
}