{
  "summary": {
    "successRate": 1,
    "total": 10.000642232,
    "slowest": 0.008427095,
    "fastest": 0.00024489,
    "average": 0.0011982871904280754,
    "requestsPerSec": 41662.92427368178,
    "totalData": 5416528,
    "sizePerRequest": 13,
    "sizePerSec": 541618.0155578632
  },
  "responseTimeHistogram": {
    "0.00024489": 1,
    "0.0010631105": 56067,
    "0.0018813310000000002": 359221,
    "0.0026995515000000003": 1015,
    "0.0035177720000000006": 149,
    "0.004335992500000001": 53,
    "0.005154213": 3,
    "0.005972433500000001": 61,
    "0.006790654000000001": 61,
    "0.007608874500000001": 6,
    "0.008427095": 19
  },
  "latencyPercentiles": {
    "p10": 0.001050408,
    "p25": 0.001097261,
    "p50": 0.001204908,
    "p75": 0.001265051,
    "p90": 0.001326483,
    "p95": 0.001399327,
    "p99": 0.001593269
  },
  "rps": {
    "mean": 41657.281498351396,
    "stddev": 2853.4863393195747,
    "max": 47314.932592727295,
    "percentiles": {
      "p10": 39620.82370187914,
      "p25": 41424.82589816273,
      "p50": 42203.46512661072,
      "p75": 42981.85033759879,
      "p90": 43515.557416157615,
      "p95": 43935.2888239853,
      "p99": 45012.38290653165
    }
  },
  "details": {
    "DNSDialup": {
      "average": 0.00081801208,
      "fastest": 0.000114111,
      "slowest": 0.00120857
    },
    "DNSLookup": {
      "average": 0.000006901540000000002,
      "fastest": 0.000003747,
      "slowest": 0.000040707
    }
  },
  "statusCodeDistribution": {
    "200": 416656
  },
  "errorDistribution": {}
}