{
  "summary": {
    "successRate": 1,
    "total": 10.000615151,
    "slowest": 0.007461209,
    "fastest": 0.000412701,
    "average": 0.001237865023998773,
    "requestsPerSec": 40328.71917480709,
    "totalData": 5243056,
    "sizePerRequest": 13,
    "sizePerSec": 524273.34927249217
  },
  "responseTimeHistogram": {
    "0.000412701": 1,
    "0.0011175517999999999": 66840,
    "0.0018224026": 334852,
    "0.0025272534": 1265,
    "0.0032321042": 121,
    "0.003936955": 66,
    "0.004641805799999999": 33,
    "0.005346656599999999": 6,
    "0.0060515073999999995": 72,
    "0.0067563582": 6,
    "0.007461209": 50
  },
  "latencyPercentiles": {
    "p10": 0.001093436,
    "p25": 0.001142388,
    "p50": 0.001247263,
    "p75": 0.001312403,
    "p90": 0.001363651,
    "p95": 0.001405209,
    "p99": 0.001609087
  },
  "rps": {
    "mean": 40327.97108135643,
    "stddev": 2335.867594095587,
    "max": 46134.01460897105,
    "percentiles": {
      "p10": 39575.60920137927,
      "p25": 40025.46632961408,
      "p50": 40714.93398458371,
      "p75": 41181.52294281809,
      "p90": 41772.358078663536,
      "p95": 42220.06250796697,
      "p99": 43232.07905712671
    }
  },
  "details": {
    "DNSDialup": {
      "average": 0.0009059985200000002,
      "fastest": 0.00005899,
      "slowest": 0.001996441
    },
    "DNSLookup": {
      "average": 0.000006054959999999999,
      "fastest": 0.000002465,
      "slowest": 0.000038732
    }
  },
  "statusCodeDistribution": {
    "200": 403312
  },
  "errorDistribution": {}
}