{
  "summary": {
    "successRate": 1,
    "total": 10.00060816,
    "slowest": 0.008372743,
    "fastest": 0.000520461,
    "average": 0.0012484149734720957,
    "requestsPerSec": 39989.36800659531,
    "totalData": 5198934,
    "sizePerRequest": 13,
    "sizePerSec": 519861.784085739
  },
  "responseTimeHistogram": {
    "0.000520461": 1,
    "0.0013056892000000001": 273150,
    "0.0020909174": 125968,
    "0.0028761456000000003": 517,
    "0.0036613738": 91,
    "0.004446602": 36,
    "0.005231830200000001": 25,
    "0.006017058400000001": 87,
    "0.0068022866000000005": 10,
    "0.0075875148": 11,
    "0.008372743": 22
  },
  "latencyPercentiles": {
    "p10": 0.001091384,
    "p25": 0.001144739,
    "p50": 0.00125569,
    "p75": 0.001323373,
    "p90": 0.001391634,
    "p95": 0.001451385,
    "p99": 0.001612385
  },
  "rps": {
    "mean": 39991.56538554249,
    "stddev": 2542.983737075085,
    "max": 48708.58348897789,
    "percentiles": {
      "p10": 38337.682107743305,
      "p25": 39697.32593399212,
      "p50": 40342.64216268165,
      "p75": 41081.53375928374,
      "p90": 41806.16039711479,
      "p95": 42140.71214200126,
      "p99": 43520.304560784454
    }
  },
  "details": {
    "DNSDialup": {
      "average": 0.00086230918,
      "fastest": 0.000100318,
      "slowest": 0.001632199
    },
    "DNSLookup": {
      "average": 0.000007927619999999998,
      "fastest": 0.000003536,
      "slowest": 0.000032029
    }
  },
  "statusCodeDistribution": {
    "200": 399918
  },
  "errorDistribution": {}
}