{
  "summary": {
    "successRate": 1,
    "total": 10.000551414,
    "slowest": 0.008068982,
    "fastest": 0.000240873,
    "average": 0.0011938178772882267,
    "requestsPerSec": 41820.89393735904,
    "totalData": 5437016,
    "sizePerRequest": 13,
    "sizePerSec": 543671.6211856676
  },
  "responseTimeHistogram": {
    "0.000240873": 1,
    "0.0010236839": 26243,
    "0.0018064948": 390628,
    "0.0025893057": 979,
    "0.0033721166": 195,
    "0.0041549275": 36,
    "0.0049377384": 10,
    "0.0057205493": 93,
    "0.0065033602": 11,
    "0.0072861711": 10,
    "0.008068982": 26
  },
  "latencyPercentiles": {
    "p10": 0.001044785,
    "p25": 0.001093465,
    "p50": 0.001201085,
    "p75": 0.001263071,
    "p90": 0.001333531,
    "p95": 0.001401969,
    "p99": 0.001541377
  },
  "rps": {
    "mean": 41819.45930079181,
    "stddev": 2715.597939565281,
    "max": 48151.983984160775,
    "percentiles": {
      "p10": 39186.635692305135,
      "p25": 41648.84159653914,
      "p50": 42350.486185593785,
      "p75": 43071.01778321442,
      "p90": 43633.656296978246,
      "p95": 44083.96249654877,
      "p99": 45000.55514228739
    }
  },
  "details": {
    "DNSDialup": {
      "average": 0.0007291171800000001,
      "fastest": 0.000111981,
      "slowest": 0.001267035
    },
    "DNSLookup": {
      "average": 0.000007227300000000001,
      "fastest": 0.000003557,
      "slowest": 0.000033673
    }
  },
  "statusCodeDistribution": {
    "200": 418232
  },
  "errorDistribution": {}
}