{
  "summary": {
    "successRate": 1,
    "total": 10.000373815,
    "slowest": 0.007997765,
    "fastest": 0.00034333,
    "average": 0.0011735966441403717,
    "requestsPerSec": 42541.30974202988,
    "totalData": 5530577,
    "sizePerRequest": 13,
    "sizePerSec": 553037.0266463885
  },
  "responseTimeHistogram": {
    "0.00034333": 1,
    "0.0011087735000000001": 142828,
    "0.001874217": 281590,
    "0.0026396605": 743,
    "0.003405104": 145,
    "0.0041705475": 23,
    "0.004935991000000001": 35,
    "0.005701434500000001": 23,
    "0.0064668780000000006": 10,
    "0.0072323215000000005": 11,
    "0.007997765": 20
  },
  "latencyPercentiles": {
    "p10": 0.001033722,
    "p25": 0.001081703,
    "p50": 0.001183301,
    "p75": 0.001245922,
    "p90": 0.001297905,
    "p95": 0.001338934,
    "p99": 0.0015037
  },
  "rps": {
    "mean": 42538.84178817582,
    "stddev": 2372.2923451795587,
    "max": 47280.45241783589,
    "percentiles": {
      "p10": 41659.87357029513,
      "p25": 42213.65157175247,
      "p50": 42838.60186413856,
      "p75": 43291.45753318377,
      "p90": 44077.47497777104,
      "p95": 44584.317608141944,
      "p99": 45713.22462302778
    }
  },
  "details": {
    "DNSDialup": {
      "average": 0.0007411365199999999,
      "fastest": 0.000072795,
      "slowest": 0.001704208
    },
    "DNSLookup": {
      "average": 0.000007175300000000001,
      "fastest": 0.000003617,
      "slowest": 0.000037881
    }
  },
  "statusCodeDistribution": {
    "200": 425429
  },
  "errorDistribution": {}
}