{
  "summary": {
    "successRate": 1,
    "total": 10.000600819,
    "slowest": 0.00855988,
    "fastest": 0.000411196,
    "average": 0.0011833029063940995,
    "requestsPerSec": 42192.464996537325,
    "totalData": 5485350,
    "sizePerRequest": 13,
    "sizePerSec": 548502.0449549851
  },
  "responseTimeHistogram": {
    "0.000411196": 1,
    "0.0012260644": 272247,
    "0.0020409328": 148977,
    "0.0028558012": 445,
    "0.0036706696": 72,
    "0.004485538": 11,
    "0.0053004064": 76,
    "0.0061152748": 88,
    "0.0069301432": 10,
    "0.0077450116": 20,
    "0.00855988": 3
  },
  "latencyPercentiles": {
    "p10": 0.001036625,
    "p25": 0.001083096,
    "p50": 0.001190689,
    "p75": 0.001249426,
    "p90": 0.001312948,
    "p95": 0.001389125,
    "p99": 0.001554269
  },
  "rps": {
    "mean": 42182.91919895874,
    "stddev": 2893.780118690193,
    "max": 56041.40395166199,
    "percentiles": {
      "p10": 39906.5945045832,
      "p25": 42037.546853301574,
      "p50": 42913.796785669416,
      "p75": 43374.421288609235,
      "p90": 44076.876096088155,
      "p95": 44411.597806147336,
      "p99": 45293.00041971753
    }
  },
  "details": {
    "DNSDialup": {
      "average": 0.00083709392,
      "fastest": 0.000111944,
      "slowest": 0.001582515
    },
    "DNSLookup": {
      "average": 0.000009728660000000003,
      "fastest": 0.000003517,
      "slowest": 0.000152876
    }
  },
  "statusCodeDistribution": {
    "200": 421950
  },
  "errorDistribution": {}
}