{
  "summary": {
    "successRate": 1,
    "total": 10.000579685,
    "slowest": 0.007886975,
    "fastest": 0.000331311,
    "average": 0.0011737601023212938,
    "requestsPerSec": 42538.03413396831,
    "totalData": 5530265,
    "sizePerRequest": 13,
    "sizePerSec": 552994.4437415879
  },
  "responseTimeHistogram": {
    "0.000331311": 1,
    "0.0010868774": 125023,
    "0.0018424437999999999": 299222,
    "0.0025980101999999996": 836,
    "0.0033535766": 131,
    "0.004109143": 33,
    "0.004864709399999999": 31,
    "0.0056202757999999995": 53,
    "0.0063758422": 47,
    "0.0071314086": 11,
    "0.007886975000000001": 17
  },
  "latencyPercentiles": {
    "p10": 0.001028384,
    "p25": 0.00107356,
    "p50": 0.001181464,
    "p75": 0.00123764,
    "p90": 0.001302337,
    "p95": 0.001387001,
    "p99": 0.001557098
  },
  "rps": {
    "mean": 42531.511883384985,
    "stddev": 2870.395768796052,
    "max": 47072.74756902905,
    "percentiles": {
      "p10": 39639.905492859856,
      "p25": 42281.99358588498,
      "p50": 43283.53104019337,
      "p75": 43835.252309905336,
      "p90": 44427.79847350932,
      "p95": 44842.58700487437,
      "p99": 46114.4384306723
    }
  },
  "details": {
    "DNSDialup": {
      "average": 0.00047141258,
      "fastest": 0.000073177,
      "slowest": 0.000837505
    },
    "DNSLookup": {
      "average": 0.000006669939999999999,
      "fastest": 0.000003247,
      "slowest": 0.000033062
    }
  },
  "statusCodeDistribution": {
    "200": 425405
  },
  "errorDistribution": {}
}