{
  "summary": {
    "successRate": 1,
    "total": 10.000655106,
    "slowest": 0.007965753,
    "fastest": 0.000421517,
    "average": 0.001220809500858224,
    "requestsPerSec": 40896.72083128031,
    "totalData": 5316922,
    "sizePerRequest": 13,
    "sizePerSec": 531657.3708066441
  },
  "responseTimeHistogram": {
    "0.000421517": 1,
    "0.0011759406": 157314,
    "0.0019303642000000002": 250690,
    "0.002684787800000001": 763,
    "0.0034392114000000007": 111,
    "0.004193635": 16,
    "0.004948058600000001": 1,
    "0.005702482200000001": 59,
    "0.006456905800000001": 14,
    "0.007211329400000001": 2,
    "0.007965753": 23
  },
  "latencyPercentiles": {
    "p10": 0.001065337,
    "p25": 0.001115861,
    "p50": 0.00122698,
    "p75": 0.001290662,
    "p90": 0.001370665,
    "p95": 0.001442639,
    "p99": 0.001589437
  },
  "rps": {
    "mean": 40896.72535255887,
    "stddev": 2540.5279735243894,
    "max": 50931.25651212153,
    "percentiles": {
      "p10": 38400.51840699787,
      "p25": 40707.27031847931,
      "p50": 41419.24338047475,
      "p75": 42110.042326144154,
      "p90": 42560.153469666584,
      "p95": 43119.314084327496,
      "p99": 44219.477151735795
    }
  },
  "details": {
    "DNSDialup": {
      "average": 0.0007607041399999997,
      "fastest": 0.000071642,
      "slowest": 0.001356894
    },
    "DNSLookup": {
      "average": 0.000007038019999999999,
      "fastest": 0.000003276,
      "slowest": 0.000029966
    }
  },
  "statusCodeDistribution": {
    "200": 408994
  },
  "errorDistribution": {}
}