{
  "summary": {
    "successRate": 1,
    "total": 10.000649639,
    "slowest": 0.007927335,
    "fastest": 0.000192972,
    "average": 0.0011857279828452788,
    "requestsPerSec": 42102.264872675034,
    "totalData": 5473650,
    "sizePerRequest": 13,
    "sizePerSec": 547329.4433447755
  },
  "responseTimeHistogram": {
    "0.000192972": 1,
    "0.0009664083000000001": 7323,
    "0.0017398446000000001": 411894,
    "0.0025132809": 1442,
    "0.0032867172000000003": 158,
    "0.0040601535": 70,
    "0.0048335897999999995": 12,
    "0.0056070261": 30,
    "0.0063804624": 46,
    "0.0071538987": 60,
    "0.007927335": 14
  },
  "latencyPercentiles": {
    "p10": 0.001045471,
    "p25": 0.00109156,
    "p50": 0.001193993,
    "p75": 0.001256829,
    "p90": 0.001305202,
    "p95": 0.001350175,
    "p99": 0.001540687
  },
  "rps": {
    "mean": 42106.517101632635,
    "stddev": 2596.751771433934,
    "max": 46543.779596276916,
    "percentiles": {
      "p10": 40912.30232930993,
      "p25": 41914.50661073763,
      "p50": 42473.46588200921,
      "p75": 43133.31240010038,
      "p90": 43686.14819433221,
      "p95": 44102.19187893066,
      "p99": 45117.77189034785
    }
  },
  "details": {
    "DNSDialup": {
      "average": 0.00069270088,
      "fastest": 0.000084284,
      "slowest": 0.001249796
    },
    "DNSLookup": {
      "average": 0.000006526099999999999,
      "fastest": 0.000003637,
      "slowest": 0.000033113
    }
  },
  "statusCodeDistribution": {
    "200": 421050
  },
  "errorDistribution": {}
}