{
  "summary": {
    "successRate": 1,
    "total": 10.000627595,
    "slowest": 0.007941637,
    "fastest": 0.000276859,
    "average": 0.0011998897988675524,
    "requestsPerSec": 41607.28874736186,
    "totalData": 5409287,
    "sizePerRequest": 13,
    "sizePerSec": 540894.7537157042
  },
  "responseTimeHistogram": {
    "0.000276859": 1,
    "0.0010433368": 35711,
    "0.0018098145999999999": 379017,
    "0.0025762923999999997": 890,
    "0.0033427701999999998": 254,
    "0.004109248": 62,
    "0.004875725799999999": 11,
    "0.0056422035999999995": 62,
    "0.0064086813999999995": 16,
    "0.0071751592": 57,
    "0.007941637": 18
  },
  "latencyPercentiles": {
    "p10": 0.001050001,
    "p25": 0.00109991,
    "p50": 0.001206185,
    "p75": 0.001269659,
    "p90": 0.001335933,
    "p95": 0.001402336,
    "p99": 0.001568837
  },
  "rps": {
    "mean": 41606.886325725565,
    "stddev": 2741.1107848929105,
    "max": 46941.74051420466,
    "percentiles": {
      "p10": 39528.53169417914,
      "p25": 41126.835260003834,
      "p50": 42083.961530426684,
      "p75": 42918.17322077675,
      "p90": 43438.456065154336,
      "p95": 44076.19010221287,
      "p99": 45345.24080630287
    }
  },
  "details": {
    "DNSDialup": {
      "average": 0.0007996874799999999,
      "fastest": 0.000112996,
      "slowest": 0.001183623
    },
    "DNSLookup": {
      "average": 0.00000628298,
      "fastest": 0.000003206,
      "slowest": 0.000028623
    }
  },
  "statusCodeDistribution": {
    "200": 416099
  },
  "errorDistribution": {}
}