{
  "summary": {
    "successRate": 1,
    "total": 10.000650932,
    "slowest": 0.00865669,
    "fastest": 0.000282869,
    "average": 0.0011925554669410178,
    "requestsPerSec": 41864.87488132638,
    "totalData": 5442788,
    "sizePerRequest": 13,
    "sizePerSec": 544243.373457243
  },
  "responseTimeHistogram": {
    "0.000282869": 1,
    "0.0011202511": 140039,
    "0.0019576332": 277474,
    "0.0027950153": 875,
    "0.0036323974": 116,
    "0.0044697795": 21,
    "0.0053071616000000005": 47,
    "0.0061445437": 16,
    "0.0069819258": 61,
    "0.007819307900000001": 20,
    "0.00865669": 6
  },
  "latencyPercentiles": {
    "p10": 0.001039975,
    "p25": 0.001091087,
    "p50": 0.001197149,
    "p75": 0.001260475,
    "p90": 0.00133729,
    "p95": 0.001418916,
    "p99": 0.001599208
  },
  "rps": {
    "mean": 41862.658501795726,
    "stddev": 3171.8277092045596,
    "max": 54715.62678300581,
    "percentiles": {
      "p10": 38699.06573838016,
      "p25": 41530.02620894821,
      "p50": 42506.6395370957,
      "p75": 43270.61006830699,
      "p90": 43975.26806882747,
      "p95": 44312.9558191779,
      "p99": 45925.661795806554
    }
  },
  "details": {
    "DNSDialup": {
      "average": 0.0009354166999999998,
      "fastest": 0.00010901,
      "slowest": 0.001495024
    },
    "DNSLookup": {
      "average": 0.000007363619999999999,
      "fastest": 0.000003697,
      "slowest": 0.000032201
    }
  },
  "statusCodeDistribution": {
    "200": 418676
  },
  "errorDistribution": {}
}