{
  "summary": {
    "successRate": 1,
    "total": 10.00058524,
    "slowest": 0.008624969,
    "fastest": 0.000279142,
    "average": 0.0012066221146949923,
    "requestsPerSec": 41374.27861171853,
    "totalData": 5378971,
    "sizePerRequest": 13,
    "sizePerSec": 537865.6219523409
  },
  "responseTimeHistogram": {
    "0.000279142": 1,
    "0.0011137247": 110372,
    "0.0019483074": 302394,
    "0.0027828900999999997": 649,
    "0.0036174728": 100,
    "0.0044520555": 37,
    "0.005286638199999999": 64,
    "0.0061212209": 77,
    "0.006955803599999999": 45,
    "0.0077903863": 11,
    "0.008624969": 17
  },
  "latencyPercentiles": {
    "p10": 0.001060944,
    "p25": 0.001108754,
    "p50": 0.001214594,
    "p75": 0.001276415,
    "p90": 0.001331561,
    "p95": 0.001388146,
    "p99": 0.001562325
  },
  "rps": {
    "mean": 41371.66960424752,
    "stddev": 2682.8566027968063,
    "max": 49154.399173566315,
    "percentiles": {
      "p10": 39994.72392833947,
      "p25": 41083.152300254784,
      "p50": 41912.70325906359,
      "p75": 42348.716269248216,
      "p90": 43006.16501896553,
      "p95": 43517.889963911744,
      "p99": 44191.20651233748
    }
  },
  "details": {
    "DNSDialup": {
      "average": 0.0005231828999999998,
      "fastest": 0.000068037,
      "slowest": 0.000948531
    },
    "DNSLookup": {
      "average": 0.000007191199999999999,
      "fastest": 0.000003687,
      "slowest": 0.000045625
    }
  },
  "statusCodeDistribution": {
    "200": 413767
  },
  "errorDistribution": {}
}