{
  "summary": {
    "successRate": 1,
    "total": 10.000641996,
    "slowest": 0.011453646,
    "fastest": 0.000497039,
    "average": 0.0011851829534770056,
    "requestsPerSec": 42122.69573978258,
    "totalData": 5476302,
    "sizePerRequest": 13,
    "sizePerSec": 547595.0446171736
  },
  "responseTimeHistogram": {
    "0.000497039": 1,
    "0.0015926997000000002": 417999,
    "0.0026883604": 2868,
    "0.0037840211000000003": 161,
    "0.004879681800000001": 56,
    "0.0059753425": 58,
    "0.007071003200000001": 77,
    "0.008166663900000001": 8,
    "0.0092623246": 0,
    "0.0103579853": 0,
    "0.011453646": 26
  },
  "latencyPercentiles": {
    "p10": 0.001043211,
    "p25": 0.001088698,
    "p50": 0.0011934,
    "p75": 0.001253621,
    "p90": 0.001304451,
    "p95": 0.001357227,
    "p99": 0.001539418
  },
  "rps": {
    "mean": 42110.5340499753,
    "stddev": 2896.150210523304,
    "max": 47230.09501654806,
    "percentiles": {
      "p10": 40800.814733124316,
      "p25": 42002.15637865196,
      "p50": 42592.942058866756,
      "p75": 43188.14700804181,
      "p90": 43720.15936548261,
      "p95": 44184.01590625213,
      "p99": 45212.47054171807
    }
  },
  "details": {
    "DNSDialup": {
      "average": 0.0007390808200000001,
      "fastest": 0.000076804,
      "slowest": 0.001466655
    },
    "DNSLookup": {
      "average": 0.000006718979999999998,
      "fastest": 0.000003076,
      "slowest": 0.00003765
    }
  },
  "statusCodeDistribution": {
    "200": 421254
  },
  "errorDistribution": {}
}