{
  "summary": {
    "successRate": 1,
    "total": 10.000701867,
    "slowest": 0.00784144,
    "fastest": 0.000274516,
    "average": 0.0012235649150015467,
    "requestsPerSec": 40804.93603619591,
    "totalData": 5305014,
    "sizePerRequest": 13,
    "sizePerSec": 530464.1684705468
  },
  "responseTimeHistogram": {
    "0.000274516": 1,
    "0.0010312084": 15424,
    "0.0017879008": 390716,
    "0.0025445932": 1514,
    "0.0033012856": 204,
    "0.004057978": 57,
    "0.0048146704": 19,
    "0.0055713628": 0,
    "0.0063280552": 110,
    "0.0070847476": 11,
    "0.00784144": 22
  },
  "latencyPercentiles": {
    "p10": 0.001071173,
    "p25": 0.001120174,
    "p50": 0.001230337,
    "p75": 0.001291415,
    "p90": 0.001360765,
    "p95": 0.00143375,
    "p99": 0.001613972
  },
  "rps": {
    "mean": 40802.7669256983,
    "stddev": 2768.5832267890246,
    "max": 51294.17096848111,
    "percentiles": {
      "p10": 38331.094334636146,
      "p25": 40612.882406298326,
      "p50": 41355.4576687337,
      "p75": 42091.84379897762,
      "p90": 42730.67654507928,
      "p95": 43094.095807517246,
      "p99": 43902.556371681894
    }
  },
  "details": {
    "DNSDialup": {
      "average": 0.0006933147199999999,
      "fastest": 0.000067326,
      "slowest": 0.001574929
    },
    "DNSLookup": {
      "average": 0.000006755239999999998,
      "fastest": 0.000003466,
      "slowest": 0.000036157
    }
  },
  "statusCodeDistribution": {
    "200": 408078
  },
  "errorDistribution": {}
}