{
  "summary": {
    "successRate": 1,
    "total": 10.000412086,
    "slowest": 0.007841184,
    "fastest": 0.000460367,
    "average": 0.001197031128369529,
    "requestsPerSec": 41702.881482638135,
    "totalData": 5421598,
    "sizePerRequest": 13,
    "sizePerSec": 542137.4592742957
  },
  "responseTimeHistogram": {
    "0.000460367": 1,
    "0.0011984487": 198898,
    "0.0019365303999999998": 217145,
    "0.0026746121": 781,
    "0.0034126938": 149,
    "0.0041507754999999995": 23,
    "0.004888857199999999": 0,
    "0.0056269389": 11,
    "0.006365020599999999": 14,
    "0.007103102299999999": 6,
    "0.007841184": 18
  },
  "latencyPercentiles": {
    "p10": 0.001054583,
    "p25": 0.001102472,
    "p50": 0.001207066,
    "p75": 0.001269815,
    "p90": 0.00132262,
    "p95": 0.001363619,
    "p99": 0.001551959
  },
  "rps": {
    "mean": 41702.183801255014,
    "stddev": 2276.6782976860604,
    "max": 45777.05181234829,
    "percentiles": {
      "p10": 40884.314667383354,
      "p25": 41380.418705715114,
      "p50": 41974.16761108436,
      "p75": 42438.557839016394,
      "p90": 43052.99824083067,
      "p95": 43448.91913805792,
      "p99": 44380.151501733206
    }
  },
  "details": {
    "DNSDialup": {
      "average": 0.0006874778799999999,
      "fastest": 0.000075309,
      "slowest": 0.00177349
    },
    "DNSLookup": {
      "average": 0.000007704299999999998,
      "fastest": 0.000002845,
      "slowest": 0.000030387
    }
  },
  "statusCodeDistribution": {
    "200": 417046
  },
  "errorDistribution": {}
}