{
  "summary": {
    "successRate": 1,
    "total": 10.000564452,
    "slowest": 0.008222608,
    "fastest": 0.000169518,
    "average": 0.0012120295212527474,
    "requestsPerSec": 41189.975023621795,
    "totalData": 5354999,
    "sizePerRequest": 13,
    "sizePerSec": 535469.6753070833
  },
  "responseTimeHistogram": {
    "0.000169518": 1,
    "0.0009748269999999999": 7386,
    "0.0017801359999999999": 402318,
    "0.002585445": 1835,
    "0.0033907539999999997": 170,
    "0.004196063": 63,
    "0.0050013720000000005": 1,
    "0.005806680999999999": 0,
    "0.00661199": 101,
    "0.007417298999999999": 21,
    "0.008222608": 27
  },
  "latencyPercentiles": {
    "p10": 0.001060568,
    "p25": 0.001109593,
    "p50": 0.001219349,
    "p75": 0.001280842,
    "p90": 0.001346762,
    "p95": 0.001422768,
    "p99": 0.001600948
  },
  "rps": {
    "mean": 41189.20496294419,
    "stddev": 2889.434752586094,
    "max": 46011.85265324435,
    "percentiles": {
      "p10": 38889.67570320525,
      "p25": 40920.582399423685,
      "p50": 41840.389551249085,
      "p75": 42343.21519375179,
      "p90": 43186.83399534486,
      "p95": 43773.369331046844,
      "p99": 44841.294347965544
    }
  },
  "details": {
    "DNSDialup": {
      "average": 0.0007407635,
      "fastest": 0.000122189,
      "slowest": 0.001280671
    },
    "DNSLookup": {
      "average": 0.000007445579999999997,
      "fastest": 0.000003607,
      "slowest": 0.00004301
    }
  },
  "statusCodeDistribution": {
    "200": 411923
  },
  "errorDistribution": {}
}