{
  "summary": {
    "successRate": 1,
    "total": 10.000705685,
    "slowest": 0.009317322,
    "fastest": 0.000306852,
    "average": 0.0012116126254716792,
    "requestsPerSec": 41205.992154942614,
    "totalData": 5357157,
    "sizePerRequest": 13,
    "sizePerSec": 535677.8980142539
  },
  "responseTimeHistogram": {
    "0.000306852": 1,
    "0.001207899": 194840,
    "0.002108946": 216417,
    "0.003009993": 536,
    "0.00391104": 114,
    "0.004812087": 25,
    "0.005713134": 8,
    "0.006614180999999999": 18,
    "0.007515228": 104,
    "0.008416274999999999": 18,
    "0.009317322": 8
  },
  "latencyPercentiles": {
    "p10": 0.001058546,
    "p25": 0.001107228,
    "p50": 0.001217623,
    "p75": 0.00127809,
    "p90": 0.001350102,
    "p95": 0.001434405,
    "p99": 0.001620383
  },
  "rps": {
    "mean": 41196.49204452754,
    "stddev": 3033.7691794166826,
    "max": 49845.82395798714,
    "percentiles": {
      "p10": 38213.08798263169,
      "p25": 40955.01871050645,
      "p50": 41957.20865400138,
      "p75": 42499.73600932247,
      "p90": 43165.758442182,
      "p95": 43674.84602847378,
      "p99": 44481.801571204334
    }
  },
  "details": {
    "DNSDialup": {
      "average": 0.0007185025199999999,
      "fastest": 0.000091463,
      "slowest": 0.00145379
    },
    "DNSLookup": {
      "average": 0.0000069462799999999985,
      "fastest": 0.000003497,
      "slowest": 0.000030266
    }
  },
  "statusCodeDistribution": {
    "200": 412089
  },
  "errorDistribution": {}
}