{
  "summary": {
    "successRate": 1,
    "total": 10.000711782,
    "slowest": 0.008379307,
    "fastest": 0.000194732,
    "average": 0.001236843528133538,
    "requestsPerSec": 40365.326868691074,
    "totalData": 5247866,
    "sizePerRequest": 13,
    "sizePerSec": 524749.249292984
  },
  "responseTimeHistogram": {
    "0.000194732": 1,
    "0.0010131895000000002": 9916,
    "0.0018316470000000003": 392377,
    "0.0026501045000000005": 1035,
    "0.0034685620000000006": 183,
    "0.004287019500000001": 22,
    "0.0051054770000000015": 0,
    "0.005923934500000001": 105,
    "0.0067423920000000016": 20,
    "0.007560849500000002": 11,
    "0.008379307": 12
  },
  "latencyPercentiles": {
    "p10": 0.001080188,
    "p25": 0.001131926,
    "p50": 0.001243377,
    "p75": 0.001308248,
    "p90": 0.001385567,
    "p95": 0.001451789,
    "p99": 0.001596893
  },
  "rps": {
    "mean": 40364.800888819445,
    "stddev": 2581.774855088302,
    "max": 49205.185320916535,
    "percentiles": {
      "p10": 38000.214164795354,
      "p25": 39968.909033488,
      "p50": 40935.172566394416,
      "p75": 41450.75645127441,
      "p90": 42053.7320534466,
      "p95": 42579.679972382975,
      "p99": 43877.01743915881
    }
  },
  "details": {
    "DNSDialup": {
      "average": 0.0007028448000000002,
      "fastest": 0.000075461,
      "slowest": 0.001364226
    },
    "DNSLookup": {
      "average": 0.000006609559999999999,
      "fastest": 0.000003176,
      "slowest": 0.00003187
    }
  },
  "statusCodeDistribution": {
    "200": 403682
  },
  "errorDistribution": {}
}