{
  "summary": {
    "successRate": 1,
    "total": 10.000494194,
    "slowest": 0.008573904,
    "fastest": 0.00021876,
    "average": 0.001179415291512917,
    "requestsPerSec": 42330.50805169039,
    "totalData": 5503238,
    "sizePerRequest": 13,
    "sizePerSec": 550296.6046719751
  },
  "responseTimeHistogram": {
    "0.00021876": 1,
    "0.0010542744": 61559,
    "0.0018897888": 360717,
    "0.0027253032": 826,
    "0.0035608176": 109,
    "0.004396332": 17,
    "0.0052318464": 0,
    "0.0060673608": 35,
    "0.0069028752": 41,
    "0.0077383896": 17,
    "0.008573904": 4
  },
  "latencyPercentiles": {
    "p10": 0.001036538,
    "p25": 0.001086734,
    "p50": 0.001188009,
    "p75": 0.001252873,
    "p90": 0.00130758,
    "p95": 0.001352296,
    "p99": 0.001511957
  },
  "rps": {
    "mean": 42328.289503408,
    "stddev": 2480.9231380596884,
    "max": 49818.078980863516,
    "percentiles": {
      "p10": 41033.78655769103,
      "p25": 41943.55838538203,
      "p50": 42532.179847268926,
      "p75": 43289.021117171265,
      "p90": 44058.5436994047,
      "p95": 44539.31039535275,
      "p99": 45813.209020812355
    }
  },
  "details": {
    "DNSDialup": {
      "average": 0.0007055618000000001,
      "fastest": 0.000084768,
      "slowest": 0.00172457
    },
    "DNSLookup": {
      "average": 0.00003676738,
      "fastest": 0.000002915,
      "slowest": 0.001544027
    }
  },
  "statusCodeDistribution": {
    "200": 423326
  },
  "errorDistribution": {}
}