{
  "summary": {
    "successRate": 1,
    "total": 10.000601813,
    "slowest": 0.008412561,
    "fastest": 0.000410416,
    "average": 0.0012095805501471377,
    "requestsPerSec": 41275.016015878646,
    "totalData": 5366075,
    "sizePerRequest": 13,
    "sizePerSec": 536575.2082064224
  },
  "responseTimeHistogram": {
    "0.000410416": 1,
    "0.0012106305": 198566,
    "0.002010845": 213297,
    "0.0028110594999999996": 577,
    "0.003611274": 139,
    "0.0044114885000000005": 29,
    "0.005211703": 19,
    "0.0060119175": 31,
    "0.006812132": 97,
    "0.0076123465000000005": 9,
    "0.008412561": 10
  },
  "latencyPercentiles": {
    "p10": 0.001060722,
    "p25": 0.001109355,
    "p50": 0.001217436,
    "p75": 0.001277602,
    "p90": 0.001334778,
    "p95": 0.001408191,
    "p99": 0.001602647
  },
  "rps": {
    "mean": 41272.35226112265,
    "stddev": 2760.1117358923248,
    "max": 46687.65784361193,
    "percentiles": {
      "p10": 39007.79375719267,
      "p25": 41113.2302374905,
      "p50": 41926.17870598556,
      "p75": 42386.24844080942,
      "p90": 43010.24816913249,
      "p95": 43404.42671022218,
      "p99": 44231.22314209816
    }
  },
  "details": {
    "DNSDialup": {
      "average": 0.00086171514,
      "fastest": 0.000063258,
      "slowest": 0.001663227
    },
    "DNSLookup": {
      "average": 0.000019114000000000007,
      "fastest": 0.000002715,
      "slowest": 0.000668387
    }
  },
  "statusCodeDistribution": {
    "200": 412775
  },
  "errorDistribution": {}
}