{
  "summary": {
    "successRate": 1,
    "total": 10.000586092,
    "slowest": 0.008054116,
    "fastest": 0.000171701,
    "average": 0.0012135209274306649,
    "requestsPerSec": 41141.68871853755,
    "totalData": 5348733,
    "sizePerRequest": 13,
    "sizePerSec": 534841.9533409883
  },
  "responseTimeHistogram": {
    "0.000171701": 1,
    "0.0009599425": 4899,
    "0.001748184": 404898,
    "0.0025364255": 1161,
    "0.003324667": 262,
    "0.0041129085": 54,
    "0.00490115": 31,
    "0.0056893915": 49,
    "0.006477633": 63,
    "0.0072658745": 11,
    "0.008054116": 12
  },
  "latencyPercentiles": {
    "p10": 0.001068457,
    "p25": 0.001116608,
    "p50": 0.001223766,
    "p75": 0.001285235,
    "p90": 0.001339575,
    "p95": 0.00139248,
    "p99": 0.001549014
  },
  "rps": {
    "mean": 41119.061009104276,
    "stddev": 2618.8957426535226,
    "max": 47366.68281606724,
    "percentiles": {
      "p10": 39076.14651951318,
      "p25": 40919.825655528606,
      "p50": 41613.34226031281,
      "p75": 42160.57409388591,
      "p90": 42762.22759359369,
      "p95": 43146.27006001239,
      "p99": 44317.08877014904
    }
  },
  "details": {
    "DNSDialup": {
      "average": 0.0007244297200000002,
      "fastest": 0.000072546,
      "slowest": 0.001586417
    },
    "DNSLookup": {
      "average": 0.000006461499999999999,
      "fastest": 0.000003146,
      "slowest": 0.00003756
    }
  },
  "statusCodeDistribution": {
    "200": 411441
  },
  "errorDistribution": {}
}