{
  "summary": {
    "successRate": 1,
    "total": 10.000650145,
    "slowest": 0.011339301,
    "fastest": 0.000182341,
    "average": 0.001201639554318823,
    "requestsPerSec": 41547.39881663964,
    "totalData": 5401513,
    "sizePerRequest": 13,
    "sizePerSec": 540116.1846163153
  },
  "responseTimeHistogram": {
    "0.000182341": 1,
    "0.0012980369999999997": 350572,
    "0.0024137329999999995": 64305,
    "0.0035294289999999993": 329,
    "0.004645124999999999": 128,
    "0.0057608209999999984": 16,
    "0.006876516999999999": 100,
    "0.007992213": 2,
    "0.009107908999999999": 11,
    "0.010223604999999998": 11,
    "0.011339300999999998": 26
  },
  "latencyPercentiles": {
    "p10": 0.001052453,
    "p25": 0.001100983,
    "p50": 0.001208224,
    "p75": 0.00126997,
    "p90": 0.001329644,
    "p95": 0.001398703,
    "p99": 0.001589702
  },
  "rps": {
    "mean": 41545.74949006601,
    "stddev": 2931.5559614702106,
    "max": 49540.05313295984,
    "percentiles": {
      "p10": 39732.350079433716,
      "p25": 41199.56949992511,
      "p50": 42089.511764667746,
      "p75": 42807.83811516007,
      "p90": 43450.487258223024,
      "p95": 44041.81464315058,
      "p99": 45207.5496607926
    }
  },
  "details": {
    "DNSDialup": {
      "average": 0.0007094979999999999,
      "fastest": 0.000074459,
      "slowest": 0.001617264
    },
    "DNSLookup": {
      "average": 0.00000644368,
      "fastest": 0.000003427,
      "slowest": 0.000030927
    }
  },
  "statusCodeDistribution": {
    "200": 415501
  },
  "errorDistribution": {}
}