{
  "summary": {
    "successRate": 1,
    "total": 10.000723549,
    "slowest": 0.008675678,
    "fastest": 0.000393533,
    "average": 0.0012522153658484146,
    "requestsPerSec": 39865.815512905145,
    "totalData": 5182931,
    "sizePerRequest": 13,
    "sizePerSec": 518255.60166776687
  },
  "responseTimeHistogram": {
    "0.000393533": 1,
    "0.0012217475": 169361,
    "0.002049962": 228389,
    "0.0028781765": 659,
    "0.003706391": 115,
    "0.0045346054999999994": 12,
    "0.005362819999999999": 4,
    "0.0061910344999999995": 107,
    "0.007019248999999999": 9,
    "0.007847463499999999": 2,
    "0.008675678": 28
  },
  "latencyPercentiles": {
    "p10": 0.00110061,
    "p25": 0.001152785,
    "p50": 0.001259706,
    "p75": 0.001330698,
    "p90": 0.001387674,
    "p95": 0.001437527,
    "p99": 0.001615409
  },
  "rps": {
    "mean": 39829.40534360589,
    "stddev": 2669.816935386397,
    "max": 48088.1352113911,
    "percentiles": {
      "p10": 38677.16481151549,
      "p25": 39629.678666353306,
      "p50": 40118.85744744152,
      "p75": 40843.65369707472,
      "p90": 41507.38831512031,
      "p95": 41961.62779795019,
      "p99": 42867.655400269025
    }
  },
  "details": {
    "DNSDialup": {
      "average": 0.0005971824200000001,
      "fastest": 0.000127367,
      "slowest": 0.000845632
    },
    "DNSLookup": {
      "average": 0.000007724200000000001,
      "fastest": 0.000003427,
      "slowest": 0.000033863
    }
  },
  "statusCodeDistribution": {
    "200": 398687
  },
  "errorDistribution": {}
}