{
  "summary": {
    "successRate": 1,
    "total": 10.000595249,
    "slowest": 0.007711805,
    "fastest": 0.000346666,
    "average": 0.0011869748083232607,
    "requestsPerSec": 42057.89650791616,
    "totalData": 5467852,
    "sizePerRequest": 13,
    "sizePerSec": 546752.65460291
  },
  "responseTimeHistogram": {
    "0.000346666": 1,
    "0.0010831799": 93750,
    "0.0018196938": 325673,
    "0.0025562077": 810,
    "0.0032927216": 166,
    "0.0040292355000000005": 56,
    "0.0047657494": 20,
    "0.0055022633": 41,
    "0.0062387772": 60,
    "0.0069752911": 11,
    "0.007711805": 16
  },
  "latencyPercentiles": {
    "p10": 0.001044032,
    "p25": 0.001090795,
    "p50": 0.001195277,
    "p75": 0.001256711,
    "p90": 0.001310193,
    "p95": 0.001368139,
    "p99": 0.001538866
  },
  "rps": {
    "mean": 42053.52418299515,
    "stddev": 2612.022497746915,
    "max": 48424.318692847875,
    "percentiles": {
      "p10": 40526.93034584293,
      "p25": 41950.72681887198,
      "p50": 42460.08526666089,
      "p75": 43112.79587781551,
      "p90": 43730.709114608995,
      "p95": 44205.07174835527,
      "p99": 45112.52162702358
    }
  },
  "details": {
    "DNSDialup": {
      "average": 0.0007151206599999998,
      "fastest": 0.00011266,
      "slowest": 0.001597616
    },
    "DNSLookup": {
      "average": 0.000006389019999999998,
      "fastest": 0.000003406,
      "slowest": 0.000027441
    }
  },
  "statusCodeDistribution": {
    "200": 420604
  },
  "errorDistribution": {}
}