{
  "summary": {
    "successRate": 1,
    "total": 10.000756651,
    "slowest": 0.007256197,
    "fastest": 0.000097004,
    "average": 0.0008378732022225015,
    "requestsPerSec": 59577.39207067124,
    "totalData": 7745647,
    "sizePerRequest": 13,
    "sizePerSec": 774506.0969187261
  },
  "responseTimeHistogram": {
    "0.000097004": 1,
    "0.0008129233": 247931,
    "0.0015288425999999999": 346325,
    "0.0022447619": 1178,
    "0.0029606812": 174,
    "0.0036766004999999997": 60,
    "0.0043925198": 0,
    "0.0051084391": 62,
    "0.0058243584": 9,
    "0.0065402777": 27,
    "0.007256197": 52
  },
  "latencyPercentiles": {
    "p10": 0.000731532,
    "p25": 0.000762043,
    "p50": 0.000848635,
    "p75": 0.000884337,
    "p90": 0.00091463,
    "p95": 0.000976512,
    "p99": 0.001179304
  },
  "rps": {
    "mean": 59526.272543461935,
    "stddev": 4603.053781695668,
    "max": 74143.14389543323,
    "percentiles": {
      "p10": 58308.2972707006,
      "p25": 59633.7706042921,
      "p50": 60532.42116477554,
      "p75": 61095.91735873704,
      "p90": 61673.827683327305,
      "p95": 61847.0490244687,
      "p99": 62406.71496252984
    }
  },
  "details": {
    "DNSDialup": {
      "average": 0.0005152067600000001,
      "fastest": 0.000075929,
      "slowest": 0.000828683
    },
    "DNSLookup": {
      "average": 0.000007961019999999999,
      "fastest": 0.000003237,
      "slowest": 0.000126994
    }
  },
  "statusCodeDistribution": {
    "200": 595819
  },
  "errorDistribution": {}
}