{
  "summary": {
    "successRate": 1,
    "total": 10.000582929,
    "slowest": 0.01003463,
    "fastest": 0.000134233,
    "average": 0.0012296659181255903,
    "requestsPerSec": 40603.73309064732,
    "totalData": 5278793,
    "sizePerRequest": 13,
    "sizePerSec": 527848.5301784151
  },
  "responseTimeHistogram": {
    "0.000134233": 1,
    "0.0011242727000000002": 113624,
    "0.0021143124000000003": 290585,
    "0.0031043521000000004": 921,
    "0.0040943918000000004": 295,
    "0.005084431500000001": 175,
    "0.006074471200000001": 130,
    "0.0070645109": 99,
    "0.0080545506": 88,
    "0.0090445903": 87,
    "0.010034630000000001": 56
  },
  "latencyPercentiles": {
    "p10": 0.001063484,
    "p25": 0.001114631,
    "p50": 0.001227092,
    "p75": 0.001289746,
    "p90": 0.001376207,
    "p95": 0.001458341,
    "p99": 0.001753353
  },
  "rps": {
    "mean": 40605.10615553977,
    "stddev": 3708.043730162201,
    "max": 48914.22546952334,
    "percentiles": {
      "p10": 37304.73023979437,
      "p25": 40628.44803931542,
      "p50": 41505.50383227427,
      "p75": 42183.66039125435,
      "p90": 42883.88649143511,
      "p95": 43283.694317666486,
      "p99": 43909.84019519167
    }
  },
  "details": {
    "DNSDialup": {
      "average": 0.0007809633,
      "fastest": 0.000111247,
      "slowest": 0.001221682
    },
    "DNSLookup": {
      "average": 0.0000071355,
      "fastest": 0.000003326,
      "slowest": 0.000034575
    }
  },
  "statusCodeDistribution": {
    "200": 406061
  },
  "errorDistribution": {}
}