{
  "summary": {
    "successRate": 1,
    "total": 10.000431809,
    "slowest": 0.009402865,
    "fastest": 0.00032617,
    "average": 0.0011877208476683938,
    "requestsPerSec": 42034.7849001567,
    "totalData": 5464758,
    "sizePerRequest": 13,
    "sizePerSec": 546452.2037020371
  },
  "responseTimeHistogram": {
    "0.00032617": 1,
    "0.0012338394999999998": 271093,
    "0.0021415089999999998": 148559,
    "0.0030491784999999993": 553,
    "0.003956848": 50,
    "0.004864517499999999": 10,
    "0.005772186999999999": 3,
    "0.006679856499999999": 24,
    "0.007587525999999999": 54,
    "0.0084951955": 14,
    "0.009402865": 5
  },
  "latencyPercentiles": {
    "p10": 0.00104143,
    "p25": 0.001091055,
    "p50": 0.001196107,
    "p75": 0.001258642,
    "p90": 0.00132027,
    "p95": 0.001371453,
    "p99": 0.001516181
  },
  "rps": {
    "mean": 42025.83566903088,
    "stddev": 2510.486005016167,
    "max": 46801.86739450659,
    "percentiles": {
      "p10": 40934.60611601336,
      "p25": 41880.47752561313,
      "p50": 42253.807985118925,
      "p75": 42975.03871509991,
      "p90": 43576.20170392074,
      "p95": 44136.72074717162,
      "p99": 45102.345321955465
    }
  },
  "details": {
    "DNSDialup": {
      "average": 0.0008956436,
      "fastest": 0.000081903,
      "slowest": 0.001923694
    },
    "DNSLookup": {
      "average": 0.000043908719999999997,
      "fastest": 0.000003727,
      "slowest": 0.001840222
    }
  },
  "statusCodeDistribution": {
    "200": 420366
  },
  "errorDistribution": {}
}