{
  "summary": {
    "successRate": 0.9801219000476505,
    "total": 10.000730499,
    "slowest": 0.013601252,
    "fastest": 0.000163514,
    "average": 0.0011950150139828626,
    "requestsPerSec": 42179.0188268926,
    "totalData": 5374668,
    "sizePerRequest": 13,
    "sizePerSec": 537427.5409718748
  },
  "responseTimeHistogram": {
    "0.000163514": 1,
    "0.0015072878": 405409,
    "0.0028510616": 7660,
    "0.0041948354": 267,
    "0.0055386092": 0,
    "0.006882383": 49,
    "0.0082261568": 0,
    "0.0095699306": 0,
    "0.0109137044": 0,
    "0.0122574782": 11,
    "0.013601252": 39
  },
  "latencyPercentiles": {
    "p10": 0.000992246,
    "p25": 0.001107099,
    "p50": 0.001209332,
    "p75": 0.001298018,
    "p90": 0.001358269,
    "p95": 0.001413563,
    "p99": 0.001616672
  },
  "rps": {
    "mean": 41794.18152474604,
    "stddev": 3676.195085993857,
    "max": 56628.564210869205,
    "percentiles": {
      "p10": 39005.19549203937,
      "p25": 40542.97961268669,
      "p50": 41401.188214101654,
      "p75": 43001.831878037716,
      "p90": 45569.989732697,
      "p95": 48206.396988879824,
      "p99": 51802.662092446255
    }
  },
  "details": {
    "DNSDialup": {
      "average": 0.0012917094399999998,
      "fastest": 0.000117722,
      "slowest": 0.002415545
    },
    "DNSLookup": {
      "average": 0.000007832919999999999,
      "fastest": 0.000004138,
      "slowest": 0.000017433
    }
  },
  "statusCodeDistribution": {
    "200": 413436
  },
  "errorDistribution": {
    "Connection refused (os error 111)": 8385
  }
}