{
  "summary": {
    "successRate": 1,
    "total": 10.000625054,
    "slowest": 0.008307143,
    "fastest": 0.000376789,
    "average": 0.0011915478992661442,
    "requestsPerSec": 41900.8809686747,
    "totalData": 5447455,
    "sizePerRequest": 13,
    "sizePerSec": 544711.452592771
  },
  "responseTimeHistogram": {
    "0.000376789": 1,
    "0.0011698244": 183196,
    "0.0019628598": 234808,
    "0.0027558951999999996": 734,
    "0.0035489306": 129,
    "0.004341965999999999": 17,
    "0.005135001399999999": 3,
    "0.005928036799999999": 63,
    "0.006721072199999999": 11,
    "0.007514107599999999": 57,
    "0.008307143": 16
  },
  "latencyPercentiles": {
    "p10": 0.001039584,
    "p25": 0.001091392,
    "p50": 0.00119691,
    "p75": 0.001261535,
    "p90": 0.001336908,
    "p95": 0.001420273,
    "p99": 0.001566957
  },
  "rps": {
    "mean": 41897.80584886144,
    "stddev": 3099.735486776908,
    "max": 55643.20695019983,
    "percentiles": {
      "p10": 38645.55461690885,
      "p25": 41290.48280748648,
      "p50": 42484.940140822546,
      "p75": 43274.65558405996,
      "p90": 44202.64632564509,
      "p95": 44616.672598847195,
      "p99": 46298.750605166555
    }
  },
  "details": {
    "DNSDialup": {
      "average": 0.0007805885600000001,
      "fastest": 0.000123412,
      "slowest": 0.001202415
    },
    "DNSLookup": {
      "average": 0.000006916139999999998,
      "fastest": 0.000003266,
      "slowest": 0.000033793
    }
  },
  "statusCodeDistribution": {
    "200": 419035
  },
  "errorDistribution": {}
}