{
  "summary": {
    "successRate": 1,
    "total": 10.000772112,
    "slowest": 0.011414492,
    "fastest": 0.000189618,
    "average": 0.0011792879273555747,
    "requestsPerSec": 42335.83119967008,
    "totalData": 5504083,
    "sizePerRequest": 13,
    "sizePerSec": 550365.805595711
  },
  "responseTimeHistogram": {
    "0.000189618": 1,
    "0.0013121053999999997": 370130,
    "0.0024345927999999996": 52794,
    "0.0035570801999999994": 296,
    "0.004679567599999999": 22,
    "0.0058020549999999995": 48,
    "0.006924542399999999": 21,
    "0.0080470298": 32,
    "0.0091695172": 11,
    "0.0102920046": 13,
    "0.011414492": 23
  },
  "latencyPercentiles": {
    "p10": 0.001019194,
    "p25": 0.001079805,
    "p50": 0.00118779,
    "p75": 0.001257461,
    "p90": 0.001334853,
    "p95": 0.001411336,
    "p99": 0.001628785
  },
  "rps": {
    "mean": 42334.89414428062,
    "stddev": 3632.3259814778585,
    "max": 62204.73378024141,
    "percentiles": {
      "p10": 39611.06943870392,
      "p25": 41840.50998176505,
      "p50": 42616.98286767077,
      "p75": 43331.385609434816,
      "p90": 44459.36214033007,
      "p95": 45749.44142134401,
      "p99": 52354.956998361704
    }
  },
  "details": {
    "DNSDialup": {
      "average": 0.0007714166999999998,
      "fastest": 0.000098765,
      "slowest": 0.001140997
    },
    "DNSLookup": {
      "average": 0.000006310039999999999,
      "fastest": 0.000003386,
      "slowest": 0.000034335
    }
  },
  "statusCodeDistribution": {
    "200": 423391
  },
  "errorDistribution": {}
}