{
  "summary": {
    "successRate": 1,
    "total": 10.000244106,
    "slowest": 0.008240511,
    "fastest": 0.000382466,
    "average": 0.001188237628287106,
    "requestsPerSec": 42016.074362415166,
    "totalData": 5462223,
    "sizePerRequest": 13,
    "sizePerSec": 546208.9667113972
  },
  "responseTimeHistogram": {
    "0.000382466": 1,
    "0.0011682705": 179784,
    "0.0019540750000000004": 239658,
    "0.002739879500000001": 576,
    "0.0035256840000000007": 94,
    "0.0043114885": 6,
    "0.005097293000000001": 9,
    "0.005883097500000001": 0,
    "0.006668902000000001": 20,
    "0.007454706500000001": 8,
    "0.008240511": 15
  },
  "latencyPercentiles": {
    "p10": 0.001047602,
    "p25": 0.001094462,
    "p50": 0.001198935,
    "p75": 0.001259891,
    "p90": 0.001314251,
    "p95": 0.00135625,
    "p99": 0.001501864
  },
  "rps": {
    "mean": 42010.399011609385,
    "stddev": 2161.755007594175,
    "max": 45613.036205747536,
    "percentiles": {
      "p10": 40957.37718970609,
      "p25": 41887.05196713099,
      "p50": 42235.690714705976,
      "p75": 42860.7633310313,
      "p90": 43327.11332804019,
      "p95": 43812.39452641262,
      "p99": 44819.81484014118
    }
  },
  "details": {
    "DNSDialup": {
      "average": 0.0007035998400000001,
      "fastest": 0.000065352,
      "slowest": 0.001665097
    },
    "DNSLookup": {
      "average": 0.000006423759999999998,
      "fastest": 0.000003226,
      "slowest": 0.000029545
    }
  },
  "statusCodeDistribution": {
    "200": 420171
  },
  "errorDistribution": {}
}