{
  "summary": {
    "successRate": 1,
    "total": 10.000651767,
    "slowest": 0.008798474,
    "fastest": 0.000388374,
    "average": 0.0011951451195338248,
    "requestsPerSec": 41774.57727090958,
    "totalData": 5431049,
    "sizePerRequest": 13,
    "sizePerSec": 543069.5045218245
  },
  "responseTimeHistogram": {
    "0.000388374": 1,
    "0.001229384": 246203,
    "0.002070394": 170911,
    "0.002911404": 315,
    "0.003752414": 115,
    "0.0045934240000000005": 12,
    "0.005434434": 64,
    "0.006275444000000001": 113,
    "0.007116454": 11,
    "0.007957464": 11,
    "0.008798474": 17
  },
  "latencyPercentiles": {
    "p10": 0.001051845,
    "p25": 0.001097868,
    "p50": 0.001204968,
    "p75": 0.001264338,
    "p90": 0.001317231,
    "p95": 0.001372212,
    "p99": 0.0015341
  },
  "rps": {
    "mean": 41771.97515297992,
    "stddev": 2679.424481843313,
    "max": 46432.64679396101,
    "percentiles": {
      "p10": 40251.47761472372,
      "p25": 41520.40312609622,
      "p50": 42214.230417072744,
      "p75": 42838.78910895654,
      "p90": 43345.22640923634,
      "p95": 43855.75821098806,
      "p99": 44714.76034238804
    }
  },
  "details": {
    "DNSDialup": {
      "average": 0.0004948197600000001,
      "fastest": 0.000099436,
      "slowest": 0.000841077
    },
    "DNSLookup": {
      "average": 0.00000704778,
      "fastest": 0.000003306,
      "slowest": 0.00003281
    }
  },
  "statusCodeDistribution": {
    "200": 417773
  },
  "errorDistribution": {}
}