{
  "summary": {
    "successRate": 1,
    "total": 10.000670297,
    "slowest": 0.008047839,
    "fastest": 0.000154858,
    "average": 0.0012294588698225767,
    "requestsPerSec": 40611.07785163493,
    "totalData": 5279794,
    "sizePerRequest": 13,
    "sizePerSec": 527944.0120712541
  },
  "responseTimeHistogram": {
    "0.000154858": 1,
    "0.0009441560999999998": 3870,
    "0.0017334541999999996": 399540,
    "0.0025227522999999993": 2229,
    "0.0033120503999999992": 222,
    "0.004101348499999999": 126,
    "0.004890646599999999": 0,
    "0.005679944699999999": 62,
    "0.006469242799999999": 60,
    "0.007258540899999998": 11,
    "0.008047839": 17
  },
  "latencyPercentiles": {
    "p10": 0.001078225,
    "p25": 0.001128847,
    "p50": 0.001237801,
    "p75": 0.001301878,
    "p90": 0.001359611,
    "p95": 0.00142664,
    "p99": 0.001615986
  },
  "rps": {
    "mean": 40605.31316255086,
    "stddev": 2664.3306144027933,
    "max": 45428.051821998015,
    "percentiles": {
      "p10": 38707.767814521416,
      "p25": 40214.04274372806,
      "p50": 41037.21254433517,
      "p75": 41832.9350697792,
      "p90": 42455.78478857834,
      "p95": 43011.05023059216,
      "p99": 43758.84251553424
    }
  },
  "details": {
    "DNSDialup": {
      "average": 0.0006752961800000001,
      "fastest": 0.000129872,
      "slowest": 0.000888192
    },
    "DNSLookup": {
      "average": 0.000006161640000000001,
      "fastest": 0.000003216,
      "slowest": 0.00003239
    }
  },
  "statusCodeDistribution": {
    "200": 406138
  },
  "errorDistribution": {}
}