{
  "summary": {
    "successRate": 1,
    "total": 10.000708166,
    "slowest": 0.007031001,
    "fastest": 0.000263745,
    "average": 0.0012075184075744183,
    "requestsPerSec": 41349.2717851597,
    "totalData": 5375786,
    "sizePerRequest": 13,
    "sizePerSec": 537540.533207076
  },
  "responseTimeHistogram": {
    "0.000263745": 1,
    "0.0009404706": 5515,
    "0.0016171962": 404616,
    "0.0022939218000000003": 2762,
    "0.0029706474": 275,
    "0.0036473729999999998": 139,
    "0.0043240986": 114,
    "0.0050008242": 73,
    "0.0056775498": 8,
    "0.0063542754": 14,
    "0.007031000999999999": 5
  },
  "latencyPercentiles": {
    "p10": 0.001067635,
    "p25": 0.001113799,
    "p50": 0.001222054,
    "p75": 0.001283826,
    "p90": 0.001327438,
    "p95": 0.00136468,
    "p99": 0.001571194
  },
  "rps": {
    "mean": 41348.37439637088,
    "stddev": 2375.5164345177577,
    "max": 49060.36878378863,
    "percentiles": {
      "p10": 40710.6539781462,
      "p25": 41109.385272653795,
      "p50": 41620.42730571964,
      "p75": 42130.738939897536,
      "p90": 42648.45699405193,
      "p95": 43253.19710712198,
      "p99": 44770.35909185662
    }
  },
  "details": {
    "DNSDialup": {
      "average": 0.0007068998600000001,
      "fastest": 0.000071851,
      "slowest": 0.001540649
    },
    "DNSLookup": {
      "average": 0.000005896940000000001,
      "fastest": 0.000003306,
      "slowest": 0.000024796
    }
  },
  "statusCodeDistribution": {
    "200": 413522
  },
  "errorDistribution": {}
}