{
  "summary": {
    "successRate": 1,
    "total": 10.000631714,
    "slowest": 0.007844263,
    "fastest": 0.000360353,
    "average": 0.0012276801004145665,
    "requestsPerSec": 40665.83108251835,
    "totalData": 5286892,
    "sizePerRequest": 13,
    "sizePerSec": 528655.8040727385
  },
  "responseTimeHistogram": {
    "0.000360353": 1,
    "0.001108744": 79018,
    "0.0018571350000000002": 326440,
    "0.002605526": 832,
    "0.003353917": 202,
    "0.004102308000000001": 43,
    "0.004850699": 0,
    "0.00559909": 103,
    "0.006347481": 16,
    "0.0070958720000000005": 11,
    "0.007844263": 18
  },
  "latencyPercentiles": {
    "p10": 0.001075675,
    "p25": 0.001126067,
    "p50": 0.001235543,
    "p75": 0.00130069,
    "p90": 0.001363547,
    "p95": 0.001421569,
    "p99": 0.001579305
  },
  "rps": {
    "mean": 40663.204791125936,
    "stddev": 2510.4932040712606,
    "max": 47585.92957503742,
    "percentiles": {
      "p10": 38805.45216602976,
      "p25": 40395.01095488403,
      "p50": 41101.286470266605,
      "p75": 41768.29533971026,
      "p90": 42302.16436002354,
      "p95": 42763.628905335114,
      "p99": 43415.6380896756
    }
  },
  "details": {
    "DNSDialup": {
      "average": 0.0007607516399999999,
      "fastest": 0.00009114,
      "slowest": 0.001729925
    },
    "DNSLookup": {
      "average": 0.000007089760000000002,
      "fastest": 0.000002965,
      "slowest": 0.000035306
    }
  },
  "statusCodeDistribution": {
    "200": 406684
  },
  "errorDistribution": {}
}