{
  "summary": {
    "successRate": 1,
    "total": 10.000668206,
    "slowest": 0.00862603,
    "fastest": 0.000472601,
    "average": 0.0012328953685293315,
    "requestsPerSec": 40493.39420710305,
    "totalData": 5264493,
    "sizePerRequest": 13,
    "sizePerSec": 526414.1246923396
  },
  "responseTimeHistogram": {
    "0.000472601": 1,
    "0.0012879439": 273038,
    "0.0021032868": 131200,
    "0.0029186297": 461,
    "0.0037339726": 97,
    "0.0045493155": 14,
    "0.0053646584": 50,
    "0.0061800013": 72,
    "0.0069953442": 0,
    "0.0078106871": 11,
    "0.00862603": 17
  },
  "latencyPercentiles": {
    "p10": 0.001082234,
    "p25": 0.00113229,
    "p50": 0.001241733,
    "p75": 0.001306013,
    "p90": 0.001365161,
    "p95": 0.001421659,
    "p99": 0.001588369
  },
  "rps": {
    "mean": 40493.17338704607,
    "stddev": 2457.7351810463542,
    "max": 44742.045517842394,
    "percentiles": {
      "p10": 39175.82210717016,
      "p25": 40180.63852345385,
      "p50": 40920.05578398943,
      "p75": 41463.73488250706,
      "p90": 42109.86634168388,
      "p95": 42541.68783693949,
      "p99": 43287.18220119843
    }
  },
  "details": {
    "DNSDialup": {
      "average": 0.0007596644600000001,
      "fastest": 0.000079167,
      "slowest": 0.001237748
    },
    "DNSLookup": {
      "average": 0.0000082253,
      "fastest": 0.000003446,
      "slowest": 0.00005895
    }
  },
  "statusCodeDistribution": {
    "200": 404961
  },
  "errorDistribution": {}
}