{
  "summary": {
    "successRate": 1,
    "total": 10.000627972,
    "slowest": 0.008483629,
    "fastest": 0.000392479,
    "average": 0.0011872339494355605,
    "requestsPerSec": 42052.559217028334,
    "totalData": 5467176,
    "sizePerRequest": 13,
    "sizePerSec": 546683.2698213684
  },
  "responseTimeHistogram": {
    "0.000392479": 1,
    "0.001201594": 218288,
    "0.002010709": 201350,
    "0.002819824": 645,
    "0.003628939": 73,
    "0.004438054": 30,
    "0.005247169": 55,
    "0.006056284": 62,
    "0.006865399": 20,
    "0.007674514": 11,
    "0.008483629": 17
  },
  "latencyPercentiles": {
    "p10": 0.001043541,
    "p25": 0.001089519,
    "p50": 0.001195708,
    "p75": 0.001254961,
    "p90": 0.001310328,
    "p95": 0.00137089,
    "p99": 0.001548891
  },
  "rps": {
    "mean": 42050.269936697085,
    "stddev": 2738.8196824554693,
    "max": 46161.30297971881,
    "percentiles": {
      "p10": 40275.234137368316,
      "p25": 41944.77604843149,
      "p50": 42610.72511951293,
      "p75": 43189.38042278546,
      "p90": 43756.20922637196,
      "p95": 44106.646871686025,
      "p99": 44930.7710090201
    }
  },
  "details": {
    "DNSDialup": {
      "average": 0.0005993088199999999,
      "fastest": 0.000071623,
      "slowest": 0.00127783
    },
    "DNSLookup": {
      "average": 0.000005291079999999998,
      "fastest": 0.000002755,
      "slowest": 0.000025929
    }
  },
  "statusCodeDistribution": {
    "200": 420552
  },
  "errorDistribution": {}
}