{
  "summary": {
    "successRate": 1,
    "total": 10.000675053,
    "slowest": 0.008622572,
    "fastest": 0.000120545,
    "average": 0.0011817692069896934,
    "requestsPerSec": 42245.14822859528,
    "totalData": 5492240,
    "sizePerRequest": 13,
    "sizePerSec": 549186.9269717387
  },
  "responseTimeHistogram": {
    "0.000120545": 1,
    "0.0009707477": 31097,
    "0.0018209504000000001": 389290,
    "0.0026711531": 1745,
    "0.0035213558": 131,
    "0.0043715585": 51,
    "0.005221761199999999": 61,
    "0.0060719638999999995": 52,
    "0.0069221666": 26,
    "0.0077723693": 10,
    "0.008622572": 16
  },
  "latencyPercentiles": {
    "p10": 0.001012442,
    "p25": 0.001085013,
    "p50": 0.001195464,
    "p75": 0.001266336,
    "p90": 0.001345313,
    "p95": 0.001428359,
    "p99": 0.001658126
  },
  "rps": {
    "mean": 42232.42352386162,
    "stddev": 4040.988406163716,
    "max": 64038.04500253992,
    "percentiles": {
      "p10": 38955.10589279589,
      "p25": 41310.3895629752,
      "p50": 42281.79836711901,
      "p75": 43202.63104023025,
      "p90": 44658.923770343434,
      "p95": 47435.87056405471,
      "p99": 58685.3812508332
    }
  },
  "details": {
    "DNSDialup": {
      "average": 0.0007046071999999997,
      "fastest": 0.000089049,
      "slowest": 0.00137653
    },
    "DNSLookup": {
      "average": 0.000006860839999999999,
      "fastest": 0.000003376,
      "slowest": 0.000039835
    }
  },
  "statusCodeDistribution": {
    "200": 422480
  },
  "errorDistribution": {}
}