{
  "summary": {
    "successRate": 1,
    "total": 10.000656635,
    "slowest": 0.011920827,
    "fastest": 0.000241782,
    "average": 0.0012172280156119845,
    "requestsPerSec": 41010.70709343477,
    "totalData": 5331742,
    "sizePerRequest": 13,
    "sizePerSec": 533139.192214652
  },
  "responseTimeHistogram": {
    "0.000241782": 1,
    "0.0014096865000000002": 398212,
    "0.002577591": 11481,
    "0.0037454955000000003": 261,
    "0.004913400000000001": 75,
    "0.0060813045000000015": 4,
    "0.007249209000000001": 0,
    "0.0084171135": 51,
    "0.009585018": 15,
    "0.010752922500000001": 17,
    "0.011920827000000002": 17
  },
  "latencyPercentiles": {
    "p10": 0.001077342,
    "p25": 0.001122963,
    "p50": 0.001227891,
    "p75": 0.001287458,
    "p90": 0.001333195,
    "p95": 0.001371744,
    "p99": 0.001589399
  },
  "rps": {
    "mean": 41006.89162560958,
    "stddev": 2595.3847705468934,
    "max": 45100.23831329953,
    "percentiles": {
      "p10": 40263.63264503221,
      "p25": 40912.94485575232,
      "p50": 41287.877117657226,
      "p75": 41885.836645037845,
      "p90": 42314.41228882382,
      "p95": 42812.876147965384,
      "p99": 43717.325175964994
    }
  },
  "details": {
    "DNSDialup": {
      "average": 0.0007362946399999999,
      "fastest": 0.000101701,
      "slowest": 0.001228497
    },
    "DNSLookup": {
      "average": 0.00002007592,
      "fastest": 0.000003036,
      "slowest": 0.000688377
    }
  },
  "statusCodeDistribution": {
    "200": 410134
  },
  "errorDistribution": {}
}