{
  "summary": {
    "successRate": 1,
    "total": 10.000894874,
    "slowest": 0.008205957,
    "fastest": 0.000262707,
    "average": 0.0012801843043561852,
    "requestsPerSec": 38989.310947935475,
    "totalData": 5069064,
    "sizePerRequest": 13,
    "sizePerSec": 506861.0423231612
  },
  "responseTimeHistogram": {
    "0.000262707": 1,
    "0.001057032": 64894,
    "0.001851357": 316791,
    "0.002645682": 7193,
    "0.003440007": 349,
    "0.004234332": 0,
    "0.005028657": 1,
    "0.005822982": 121,
    "0.006617307": 307,
    "0.0074116320000000005": 221,
    "0.008205957": 50
  },
  "latencyPercentiles": {
    "p10": 0.000962435,
    "p25": 0.001162657,
    "p50": 0.001309038,
    "p75": 0.001377287,
    "p90": 0.00143639,
    "p95": 0.001497711,
    "p99": 0.002255909
  },
  "rps": {
    "mean": 38990.593762367644,
    "stddev": 3516.991588871843,
    "max": 46695.96176827342,
    "percentiles": {
      "p10": 35677.25054389977,
      "p25": 38413.77006279594,
      "p50": 39738.44296973049,
      "p75": 40695.9773930839,
      "p90": 41609.928324453074,
      "p95": 42189.58425995426,
      "p99": 43876.76703706676
    }
  },
  "details": {
    "DNSDialup": {
      "average": 0.0008298916,
      "fastest": 0.000097675,
      "slowest": 0.001597736
    },
    "DNSLookup": {
      "average": 0.000009189039999999999,
      "fastest": 0.000003156,
      "slowest": 0.000141919
    }
  },
  "statusCodeDistribution": {
    "200": 389928
  },
  "errorDistribution": {}
}