{
  "summary": {
    "successRate": 1,
    "total": 10.000706571,
    "slowest": 0.007608687,
    "fastest": 0.000169887,
    "average": 0.0011616043198258306,
    "requestsPerSec": 42978.16328761877,
    "totalData": 5587556,
    "sizePerRequest": 13,
    "sizePerSec": 558716.122739044
  },
  "responseTimeHistogram": {
    "0.000169887": 1,
    "0.000913767": 60064,
    "0.0016576470000000002": 361944,
    "0.002401527": 4221,
    "0.0031454070000000002": 2530,
    "0.0038892870000000004": 202,
    "0.004633167": 0,
    "0.005377047": 105,
    "0.006120927": 58,
    "0.006864807": 413,
    "0.007608687": 274
  },
  "latencyPercentiles": {
    "p10": 0.000863207,
    "p25": 0.001048001,
    "p50": 0.00117759,
    "p75": 0.001244558,
    "p90": 0.001312785,
    "p95": 0.001398514,
    "p99": 0.002280526
  },
  "rps": {
    "mean": 42985.55497054196,
    "stddev": 4602.309968120679,
    "max": 49673.705208788095,
    "percentiles": {
      "p10": 37718.50949394092,
      "p25": 42509.233005410955,
      "p50": 44244.118626217336,
      "p75": 45363.96513936633,
      "p90": 46282.806131644335,
      "p95": 46828.42304610632,
      "p99": 48094.39486880747
    }
  },
  "details": {
    "DNSDialup": {
      "average": 0.0008054994600000001,
      "fastest": 0.000133659,
      "slowest": 0.001187024
    },
    "DNSLookup": {
      "average": 0.00000639094,
      "fastest": 0.000003406,
      "slowest": 0.000028834
    }
  },
  "statusCodeDistribution": {
    "200": 429812
  },
  "errorDistribution": {}
}