{
  "summary": {
    "successRate": 1,
    "total": 10.000671456,
    "slowest": 0.007070629,
    "fastest": 0.000203973,
    "average": 0.0013020085835684881,
    "requestsPerSec": 38340.82558226179,
    "totalData": 4984642,
    "sizePerRequest": 13,
    "sizePerSec": 498430.73256940325
  },
  "responseTimeHistogram": {
    "0.000203973": 1,
    "0.0008906386": 22141,
    "0.0015773042000000001": 346534,
    "0.0022639698": 10253,
    "0.0029506354": 1199,
    "0.0036373010000000003": 2322,
    "0.0043239666": 334,
    "0.0050106322": 0,
    "0.0056972978": 137,
    "0.0063839634": 375,
    "0.007070629": 138
  },
  "latencyPercentiles": {
    "p10": 0.000964201,
    "p25": 0.0011859,
    "p50": 0.001330869,
    "p75": 0.001396534,
    "p90": 0.001455952,
    "p95": 0.001520393,
    "p99": 0.002722618
  },
  "rps": {
    "mean": 38368.074706517786,
    "stddev": 3750.168292285308,
    "max": 61376.99283326632,
    "percentiles": {
      "p10": 33062.72628943294,
      "p25": 38073.687794945436,
      "p50": 39213.58235630663,
      "p75": 40219.031645774994,
      "p90": 41086.21291162425,
      "p95": 41741.89438049754,
      "p99": 43464.227088367814
    }
  },
  "details": {
    "DNSDialup": {
      "average": 0.0008025050400000002,
      "fastest": 0.000126839,
      "slowest": 0.001210976
    },
    "DNSLookup": {
      "average": 0.00000658736,
      "fastest": 0.000003426,
      "slowest": 0.000028694
    }
  },
  "statusCodeDistribution": {
    "200": 383434
  },
  "errorDistribution": {}
}