{
  "summary": {
    "successRate": 1,
    "total": 10.00070066,
    "slowest": 0.007778587,
    "fastest": 0.000199793,
    "average": 0.0013106017414529555,
    "requestsPerSec": 38089.43122591173,
    "totalData": 4951973,
    "sizePerRequest": 13,
    "sizePerSec": 495162.60593685246
  },
  "responseTimeHistogram": {
    "0.000199793": 1,
    "0.0009576723999999999": 34113,
    "0.0017155518": 337839,
    "0.0024734312": 5238,
    "0.0032313106": 2572,
    "0.00398919": 368,
    "0.0047470694": 40,
    "0.0055049488": 13,
    "0.0062628282": 141,
    "0.0070207075999999995": 128,
    "0.007778587": 468
  },
  "latencyPercentiles": {
    "p10": 0.000973791,
    "p25": 0.001197463,
    "p50": 0.001341809,
    "p75": 0.001406628,
    "p90": 0.001463341,
    "p95": 0.001521778,
    "p99": 0.002445178
  },
  "rps": {
    "mean": 38088.52467069905,
    "stddev": 3804.2629930360486,
    "max": 44616.04253274691,
    "percentiles": {
      "p10": 34325.61377299743,
      "p25": 37858.56953683089,
      "p50": 38905.89424297564,
      "p75": 39899.84028952584,
      "p90": 40723.46486045264,
      "p95": 41260.55398903401,
      "p99": 42534.04537878854
    }
  },
  "details": {
    "DNSDialup": {
      "average": 0.0005660968,
      "fastest": 0.000080129,
      "slowest": 0.000952917
    },
    "DNSLookup": {
      "average": 0.000006632759999999997,
      "fastest": 0.000003226,
      "slowest": 0.000041758
    }
  },
  "statusCodeDistribution": {
    "200": 380921
  },
  "errorDistribution": {}
}