{
  "summary": {
    "successRate": 1,
    "total": 10.000660341,
    "slowest": 0.009467064,
    "fastest": 0.000250316,
    "average": 0.0013030900705531497,
    "requestsPerSec": 38306.17048650748,
    "totalData": 4980131,
    "sizePerRequest": 13,
    "sizePerSec": 497980.2163245972
  },
  "responseTimeHistogram": {
    "0.000250316": 1,
    "0.0011719908": 93401,
    "0.0020936656": 282422,
    "0.0030153403999999997": 6283,
    "0.0039370151999999995": 330,
    "0.004858690000000001": 0,
    "0.0057803648": 0,
    "0.006702039599999999": 169,
    "0.0076237144": 381,
    "0.0085453892": 9,
    "0.009467064": 91
  },
  "latencyPercentiles": {
    "p10": 0.000971714,
    "p25": 0.001179733,
    "p50": 0.001328367,
    "p75": 0.001397953,
    "p90": 0.001459138,
    "p95": 0.001527229,
    "p99": 0.002507138
  },
  "rps": {
    "mean": 38319.281860966614,
    "stddev": 3741.8899123352867,
    "max": 47668.82588792813,
    "percentiles": {
      "p10": 34559.73367846041,
      "p25": 37707.49247875333,
      "p50": 39043.51008764301,
      "p75": 40278.17443121137,
      "p90": 41124.172819171064,
      "p95": 41775.24138726296,
      "p99": 43132.85259120175
    }
  },
  "details": {
    "DNSDialup": {
      "average": 0.0008221101399999999,
      "fastest": 0.000089792,
      "slowest": 0.001587114
    },
    "DNSLookup": {
      "average": 0.00000629348,
      "fastest": 0.000003486,
      "slowest": 0.000035185
    }
  },
  "statusCodeDistribution": {
    "200": 383087
  },
  "errorDistribution": {}
}