{
  "summary": {
    "successRate": 1,
    "total": 10.000602646,
    "slowest": 0.006584216,
    "fastest": 0.000215515,
    "average": 0.0011591174331079992,
    "requestsPerSec": 43069.80441546482,
    "totalData": 5599412,
    "sizePerRequest": 13,
    "sizePerSec": 559907.4574010427
  },
  "responseTimeHistogram": {
    "0.000215515": 1,
    "0.0008523851": 40750,
    "0.0014892552000000002": 376852,
    "0.0021261253": 8211,
    "0.0027629954": 1456,
    "0.0033998655": 2066,
    "0.004036735600000001": 517,
    "0.004673605700000001": 121,
    "0.0053104758000000005": 244,
    "0.0059473459000000005": 373,
    "0.006584216": 133
  },
  "latencyPercentiles": {
    "p10": 0.00085962,
    "p25": 0.001050052,
    "p50": 0.001174074,
    "p75": 0.001239537,
    "p90": 0.001312985,
    "p95": 0.001407001,
    "p99": 0.00236668
  },
  "rps": {
    "mean": 43075.346202901965,
    "stddev": 4297.495015943639,
    "max": 49966.40567651893,
    "percentiles": {
      "p10": 37312.43996748127,
      "p25": 42413.59779945414,
      "p50": 44331.745080029585,
      "p75": 45476.58552094216,
      "p90": 46399.55520703339,
      "p95": 47063.32101499627,
      "p99": 48546.1768537229
    }
  },
  "details": {
    "DNSDialup": {
      "average": 0.0009128116800000001,
      "fastest": 0.000125656,
      "slowest": 0.001526798
    },
    "DNSLookup": {
      "average": 0.00000703328,
      "fastest": 0.000002555,
      "slowest": 0.000045425
    }
  },
  "statusCodeDistribution": {
    "200": 430724
  },
  "errorDistribution": {}
}