{
  "summary": {
    "successRate": 1,
    "total": 10.000612281,
    "slowest": 0.010048389,
    "fastest": 0.000402888,
    "average": 0.0011622893527450516,
    "requestsPerSec": 42954.16999778396,
    "totalData": 5584384,
    "sizePerRequest": 13,
    "sizePerSec": 558404.2099711915
  },
  "responseTimeHistogram": {
    "0.000402888": 1,
    "0.0013674381": 403881,
    "0.0023319881999999998": 20800,
    "0.0032965383": 2273,
    "0.0042610884": 1861,
    "0.005225638499999999": 189,
    "0.0061901885999999995": 313,
    "0.007154738699999999": 150,
    "0.008119288799999999": 0,
    "0.0090838389": 50,
    "0.010048389": 50
  },
  "latencyPercentiles": {
    "p10": 0.000862647,
    "p25": 0.001032307,
    "p50": 0.001178634,
    "p75": 0.001246695,
    "p90": 0.001312745,
    "p95": 0.00139625,
    "p99": 0.002575854
  },
  "rps": {
    "mean": 42961.14930473487,
    "stddev": 4610.983408408957,
    "max": 50944.26969271019,
    "percentiles": {
      "p10": 36499.048685053225,
      "p25": 42361.28866461231,
      "p50": 44154.42916482988,
      "p75": 45538.72613270507,
      "p90": 46506.00392510469,
      "p95": 47198.999902295975,
      "p99": 48927.928061337334
    }
  },
  "details": {
    "DNSDialup": {
      "average": 0.0008732080399999998,
      "fastest": 0.000113486,
      "slowest": 0.001257779
    },
    "DNSLookup": {
      "average": 0.0000070337999999999995,
      "fastest": 0.000003396,
      "slowest": 0.00003171
    }
  },
  "statusCodeDistribution": {
    "200": 429568
  },
  "errorDistribution": {}
}