{
  "summary": {
    "successRate": 1,
    "total": 10.000744044,
    "slowest": 0.008272006,
    "fastest": 0.000184882,
    "average": 0.0013227206304189522,
    "requestsPerSec": 37737.492164537995,
    "totalData": 4906239,
    "sizePerRequest": 13,
    "sizePerSec": 490587.39813899394
  },
  "responseTimeHistogram": {
    "0.000184882": 1,
    "0.0009935944": 43099,
    "0.0018023067999999999": 317565,
    "0.0026110192": 12229,
    "0.0034197316": 3062,
    "0.004228444": 752,
    "0.0050371564": 53,
    "0.0058458688": 224,
    "0.0066545812": 126,
    "0.0074632935999999995": 192,
    "0.008272006": 100
  },
  "latencyPercentiles": {
    "p10": 0.000971416,
    "p25": 0.00119466,
    "p50": 0.001331181,
    "p75": 0.001398038,
    "p90": 0.001475181,
    "p95": 0.001744078,
    "p99": 0.002845287
  },
  "rps": {
    "mean": 37724.21764922092,
    "stddev": 4731.346092615745,
    "max": 45116.754381589184,
    "percentiles": {
      "p10": 30842.531851422784,
      "p25": 37833.85238635788,
      "p50": 39290.512833580084,
      "p75": 40181.2483386623,
      "p90": 41023.9373669026,
      "p95": 41648.59558132503,
      "p99": 42953.13732618504
    }
  },
  "details": {
    "DNSDialup": {
      "average": 0.0005096533399999999,
      "fastest": 0.000074718,
      "slowest": 0.000876201
    },
    "DNSLookup": {
      "average": 0.000006577899999999999,
      "fastest": 0.000003427,
      "slowest": 0.000030246
    }
  },
  "statusCodeDistribution": {
    "200": 377403
  },
  "errorDistribution": {}
}