{
  "summary": {
    "successRate": 1,
    "total": 10.000614132,
    "slowest": 0.007350918,
    "fastest": 0.00014453,
    "average": 0.001313942411295614,
    "requestsPerSec": 37992.9667303356,
    "totalData": 4939389,
    "sizePerRequest": 13,
    "sizePerSec": 493908.5674943627
  },
  "responseTimeHistogram": {
    "0.00014453": 1,
    "0.0008651688": 14764,
    "0.0015858075999999998": 347707,
    "0.0023064464": 11490,
    "0.0030270851999999997": 5160,
    "0.0037477239999999996": 174,
    "0.0044683628": 7,
    "0.0051890016": 13,
    "0.0059096404": 128,
    "0.0066302792": 125,
    "0.007350918": 384
  },
  "latencyPercentiles": {
    "p10": 0.000973641,
    "p25": 0.001203519,
    "p50": 0.001341447,
    "p75": 0.001404464,
    "p90": 0.001467437,
    "p95": 0.001561173,
    "p99": 0.002469643
  },
  "rps": {
    "mean": 38000.12731647419,
    "stddev": 3446.396362587481,
    "max": 47055.95423518094,
    "percentiles": {
      "p10": 34562.662870194705,
      "p25": 37431.534411922796,
      "p50": 38823.810643065925,
      "p75": 39764.21751291452,
      "p90": 40603.89391342658,
      "p95": 41130.613515638266,
      "p99": 42274.39468710902
    }
  },
  "details": {
    "DNSDialup": {
      "average": 0.0007547525000000002,
      "fastest": 0.000086672,
      "slowest": 0.001196015
    },
    "DNSLookup": {
      "average": 0.000006315099999999998,
      "fastest": 0.000003386,
      "slowest": 0.000025668
    }
  },
  "statusCodeDistribution": {
    "200": 379953
  },
  "errorDistribution": {}
}