{
  "summary": {
    "successRate": 1,
    "total": 10.00078275,
    "slowest": 0.008269466,
    "fastest": 0.000253693,
    "average": 0.0011874450129760975,
    "requestsPerSec": 42043.1090756371,
    "totalData": 5466032,
    "sizePerRequest": 13,
    "sizePerSec": 546560.4179832824
  },
  "responseTimeHistogram": {
    "0.000253693": 1,
    "0.0010552703": 99654,
    "0.0018568476": 315177,
    "0.0026584249000000003": 1770,
    "0.0034600022000000003": 2018,
    "0.0042615795": 1006,
    "0.0050631568": 158,
    "0.0058647341": 337,
    "0.0066663114": 94,
    "0.0074678887000000005": 184,
    "0.008269466": 65
  },
  "latencyPercentiles": {
    "p10": 0.000877508,
    "p25": 0.001072622,
    "p50": 0.00120221,
    "p75": 0.001268906,
    "p90": 0.001337407,
    "p95": 0.001432399,
    "p99": 0.002572112
  },
  "rps": {
    "mean": 42046.26872100064,
    "stddev": 4470.330982830127,
    "max": 48620.95305908032,
    "percentiles": {
      "p10": 35522.720362217115,
      "p25": 41809.264933107974,
      "p50": 43337.15294121989,
      "p75": 44319.69123881795,
      "p90": 45436.63527118777,
      "p95": 46130.24518689808,
      "p99": 47179.986932147876
    }
  },
  "details": {
    "DNSDialup": {
      "average": 0.00070707374,
      "fastest": 0.000073193,
      "slowest": 0.00140342
    },
    "DNSLookup": {
      "average": 0.00000712508,
      "fastest": 0.000003716,
      "slowest": 0.00002731
    }
  },
  "statusCodeDistribution": {
    "200": 420464
  },
  "errorDistribution": {}
}