{
  "summary": {
    "successRate": 1,
    "total": 10.000595763,
    "slowest": 0.007399469,
    "fastest": 0.000231447,
    "average": 0.0013010340792366094,
    "requestsPerSec": 38367.61419950617,
    "totalData": 4988087,
    "sizePerRequest": 13,
    "sizePerSec": 498778.9845935802
  },
  "responseTimeHistogram": {
    "0.000231447": 1,
    "0.0009482491999999999": 34751,
    "0.0016650514": 337246,
    "0.0023818536": 7326,
    "0.0030986558": 1378,
    "0.003815458": 2268,
    "0.0045322602": 79,
    "0.0052490624": 0,
    "0.0059658646": 213,
    "0.0066826668": 345,
    "0.007399469": 92
  },
  "latencyPercentiles": {
    "p10": 0.000962618,
    "p25": 0.001181016,
    "p50": 0.001328199,
    "p75": 0.001395218,
    "p90": 0.001456674,
    "p95": 0.001525927,
    "p99": 0.002757375
  },
  "rps": {
    "mean": 38373.06481550927,
    "stddev": 3706.1501744003426,
    "max": 45541.2130261642,
    "percentiles": {
      "p10": 33085.00740559711,
      "p25": 38203.48797845343,
      "p50": 39231.24618850839,
      "p75": 40217.95731794313,
      "p90": 41129.86224300633,
      "p95": 41704.976756593824,
      "p99": 43147.27939493191
    }
  },
  "details": {
    "DNSDialup": {
      "average": 0.0008293899999999999,
      "fastest": 0.000101757,
      "slowest": 0.001799315
    },
    "DNSLookup": {
      "average": 0.000010233380000000001,
      "fastest": 0.000003798,
      "slowest": 0.000036018
    }
  },
  "statusCodeDistribution": {
    "200": 383699
  },
  "errorDistribution": {}
}