{
  "summary": {
    "successRate": 1,
    "total": 10.000630456,
    "slowest": 0.007643092,
    "fastest": 0.000183768,
    "average": 0.0013070452456414164,
    "requestsPerSec": 38192.2921440264,
    "totalData": 4965311,
    "sizePerRequest": 13,
    "sizePerSec": 496499.7978723433
  },
  "responseTimeHistogram": {
    "0.000183768": 1,
    "0.0009297004": 27616,
    "0.0016756327999999999": 340667,
    "0.0024215651999999997": 9213,
    "0.0031674976": 3707,
    "0.00391343": 93,
    "0.0046593623999999995": 0,
    "0.0054052948": 11,
    "0.0061512272": 323,
    "0.006897159599999999": 177,
    "0.007643092": 139
  },
  "latencyPercentiles": {
    "p10": 0.000973594,
    "p25": 0.001187624,
    "p50": 0.001334315,
    "p75": 0.001402172,
    "p90": 0.001464716,
    "p95": 0.001538508,
    "p99": 0.002450616
  },
  "rps": {
    "mean": 38191.365230405056,
    "stddev": 3471.2697887120958,
    "max": 48361.754272187085,
    "percentiles": {
      "p10": 34558.3690853842,
      "p25": 37574.13675952741,
      "p50": 38934.69080950876,
      "p75": 40015.889642844966,
      "p90": 40826.427197101424,
      "p95": 41486.01270610818,
      "p99": 42809.17436954272
    }
  },
  "details": {
    "DNSDialup": {
      "average": 0.0006480012199999998,
      "fastest": 0.000081792,
      "slowest": 0.001152381
    },
    "DNSLookup": {
      "average": 0.000005971140000000001,
      "fastest": 0.000003125,
      "slowest": 0.000028694
    }
  },
  "statusCodeDistribution": {
    "200": 381947
  },
  "errorDistribution": {}
}