{
  "summary": {
    "successRate": 1,
    "total": 10.000852908,
    "slowest": 0.008108636,
    "fastest": 0.000163473,
    "average": 0.0011682911224537133,
    "requestsPerSec": 42730.05551938071,
    "totalData": 5555381,
    "sizePerRequest": 13,
    "sizePerSec": 555490.7217519492
  },
  "responseTimeHistogram": {
    "0.000163473": 1,
    "0.0009579893": 73701,
    "0.0017525056": 347667,
    "0.0025470219": 2014,
    "0.0033415382": 2074,
    "0.0041360545": 1006,
    "0.0049305708": 184,
    "0.0057250871": 327,
    "0.0065196034": 164,
    "0.0073141197": 108,
    "0.008108636": 91
  },
  "latencyPercentiles": {
    "p10": 0.000868726,
    "p25": 0.001056775,
    "p50": 0.00118242,
    "p75": 0.001247422,
    "p90": 0.001317832,
    "p95": 0.001410946,
    "p99": 0.002452596
  },
  "rps": {
    "mean": 42727.76873563204,
    "stddev": 4437.599276837535,
    "max": 53778.40096269415,
    "percentiles": {
      "p10": 36602.2290757507,
      "p25": 42375.135826505335,
      "p50": 43928.794833578504,
      "p75": 45071.00034684538,
      "p90": 46178.68812856757,
      "p95": 46725.66173342342,
      "p99": 47933.81202966551
    }
  },
  "details": {
    "DNSDialup": {
      "average": 0.0007219811999999999,
      "fastest": 0.000126426,
      "slowest": 0.001340671
    },
    "DNSLookup": {
      "average": 0.000006458780000000001,
      "fastest": 0.000003296,
      "slowest": 0.000030598
    }
  },
  "statusCodeDistribution": {
    "200": 427337
  },
  "errorDistribution": {}
}