{
  "summary": {
    "successRate": 1,
    "total": 10.000598674,
    "slowest": 0.00624481,
    "fastest": 0.00044194,
    "average": 0.0012526098232339747,
    "requestsPerSec": 39854.813995908575,
    "totalData": 5181436,
    "sizePerRequest": 13,
    "sizePerSec": 518112.5819468115
  },
  "responseTimeHistogram": {
    "0.00044194": 1,
    "0.001022227": 65891,
    "0.001602514": 314754,
    "0.002182801": 16074,
    "0.002763088": 1103,
    "0.003343375": 99,
    "0.003923662": 0,
    "0.004503949": 14,
    "0.005084236": 136,
    "0.005664522999999999": 204,
    "0.00624481": 296
  },
  "latencyPercentiles": {
    "p10": 0.000931029,
    "p25": 0.001139433,
    "p50": 0.001276182,
    "p75": 0.001342957,
    "p90": 0.001414404,
    "p95": 0.001556972,
    "p99": 0.002066711
  },
  "rps": {
    "mean": 39863.09039807992,
    "stddev": 3265.8723220110796,
    "max": 45402.851299060545,
    "percentiles": {
      "p10": 36916.37704289526,
      "p25": 38663.19499221442,
      "p50": 40555.628248549125,
      "p75": 41513.20119798089,
      "p90": 42727.4553357357,
      "p95": 43511.60679825957,
      "p99": 44755.82672479329
    }
  },
  "details": {
    "DNSDialup": {
      "average": 0.0007222968400000002,
      "fastest": 0.0000726,
      "slowest": 0.001249309
    },
    "DNSLookup": {
      "average": 0.000006730539999999999,
      "fastest": 0.000003196,
      "slowest": 0.000031469
    }
  },
  "statusCodeDistribution": {
    "200": 398572
  },
  "errorDistribution": {}
}