{
  "summary": {
    "successRate": 1,
    "total": 10.000424057,
    "slowest": 0.007258167,
    "fastest": 0.000427346,
    "average": 0.001246082219213344,
    "requestsPerSec": 40065.20100710565,
    "totalData": 5208697,
    "sizePerRequest": 13,
    "sizePerSec": 520847.6130923735
  },
  "responseTimeHistogram": {
    "0.000427346": 1,
    "0.0011104281000000001": 93505,
    "0.0017935102": 293313,
    "0.0024765923": 12183,
    "0.0031596744": 317,
    "0.0038427565000000003": 0,
    "0.0045258386": 0,
    "0.0052089207": 87,
    "0.005892002800000001": 981,
    "0.006575084900000001": 232,
    "0.007258167000000001": 50
  },
  "latencyPercentiles": {
    "p10": 0.000917226,
    "p25": 0.001133778,
    "p50": 0.001264995,
    "p75": 0.001330589,
    "p90": 0.001394012,
    "p95": 0.001502273,
    "p99": 0.002083201
  },
  "rps": {
    "mean": 40070.393658674926,
    "stddev": 3770.2083766017968,
    "max": 45836.030392440225,
    "percentiles": {
      "p10": 37425.052330029175,
      "p25": 39215.552888274455,
      "p50": 40880.354424661986,
      "p75": 41959.876744116074,
      "p90": 42975.22190584837,
      "p95": 43511.07883034587,
      "p99": 44520.56987549124
    }
  },
  "details": {
    "DNSDialup": {
      "average": 0.0007505288000000001,
      "fastest": 0.000087964,
      "slowest": 0.00174685
    },
    "DNSLookup": {
      "average": 0.0000071529,
      "fastest": 0.000003226,
      "slowest": 0.000034043
    }
  },
  "statusCodeDistribution": {
    "200": 400669
  },
  "errorDistribution": {}
}