{
  "summary": {
    "successRate": 1,
    "total": 10.000913374,
    "slowest": 0.010033501,
    "fastest": 0.00012859,
    "average": 0.0012430683052365192,
    "requestsPerSec": 40158.6320149642,
    "totalData": 5221099,
    "sizePerRequest": 13,
    "sizePerSec": 522062.21619453456
  },
  "responseTimeHistogram": {
    "0.00012859": 1,
    "0.0011190811": 106950,
    "0.0021095722": 289026,
    "0.0031000633000000002": 4011,
    "0.0040905544": 415,
    "0.0050810455": 362,
    "0.0060715366": 690,
    "0.0070620277": 118,
    "0.0080525188": 0,
    "0.009043009900000001": 0,
    "0.010033501": 50
  },
  "latencyPercentiles": {
    "p10": 0.000911534,
    "p25": 0.001100894,
    "p50": 0.001246778,
    "p75": 0.001327464,
    "p90": 0.001431473,
    "p95": 0.001637872,
    "p99": 0.002175693
  },
  "rps": {
    "mean": 40164.26043046835,
    "stddev": 4089.149350037338,
    "max": 48847.162216437864,
    "percentiles": {
      "p10": 36846.00274904106,
      "p25": 38830.994900128666,
      "p50": 40838.3292222747,
      "p75": 42608.14667764612,
      "p90": 43708.74422064995,
      "p95": 44307.16130032232,
      "p99": 45350.30586205852
    }
  },
  "details": {
    "DNSDialup": {
      "average": 0.0009693507000000004,
      "fastest": 0.000084476,
      "slowest": 0.00163703
    },
    "DNSLookup": {
      "average": 0.000005843740000000002,
      "fastest": 0.000003386,
      "slowest": 0.000032071
    }
  },
  "statusCodeDistribution": {
    "200": 401623
  },
  "errorDistribution": {}
}