{
  "summary": {
    "successRate": 1,
    "total": 10.000767681,
    "slowest": 0.008018807,
    "fastest": 0.000168165,
    "average": 0.001165056480714897,
    "requestsPerSec": 42851.0104093478,
    "totalData": 5571059,
    "sizePerRequest": 13,
    "sizePerSec": 557063.1353215213
  },
  "responseTimeHistogram": {
    "0.000168165": 1,
    "0.0009532292": 73999,
    "0.0017382934": 348114,
    "0.0025233576": 2159,
    "0.0033084218": 1781,
    "0.0040934859999999995": 1634,
    "0.0048785502": 166,
    "0.005663614399999999": 363,
    "0.0064486785999999996": 77,
    "0.0072337428": 170,
    "0.008018807": 79
  },
  "latencyPercentiles": {
    "p10": 0.000865528,
    "p25": 0.001044655,
    "p50": 0.001177351,
    "p75": 0.001246044,
    "p90": 0.001320852,
    "p95": 0.001404157,
    "p99": 0.002518415
  },
  "rps": {
    "mean": 42853.27140055128,
    "stddev": 4464.97792615836,
    "max": 50388.77350441632,
    "percentiles": {
      "p10": 36920.7973214936,
      "p25": 42430.23578602142,
      "p50": 43997.21766086889,
      "p75": 45218.68436037838,
      "p90": 46264.22095544068,
      "p95": 47050.19755979808,
      "p99": 48562.05745321816
    }
  },
  "details": {
    "DNSDialup": {
      "average": 0.00074037508,
      "fastest": 0.000071815,
      "slowest": 0.001521818
    },
    "DNSLookup": {
      "average": 0.000006734819999999998,
      "fastest": 0.000003716,
      "slowest": 0.000027622
    }
  },
  "statusCodeDistribution": {
    "200": 428543
  },
  "errorDistribution": {}
}