{
  "summary": {
    "successRate": 1,
    "total": 10.000634631,
    "slowest": 0.006443926,
    "fastest": 0.00031287,
    "average": 0.001249998124153701,
    "requestsPerSec": 39937.465444636735,
    "totalData": 5192200,
    "sizePerRequest": 13,
    "sizePerSec": 519187.0507802776
  },
  "responseTimeHistogram": {
    "0.00031287": 1,
    "0.0009259756000000001": 40301,
    "0.0015390812000000002": 337829,
    "0.0021521868": 18714,
    "0.0027652924": 1751,
    "0.0033783980000000003": 154,
    "0.003991503600000001": 0,
    "0.0046046092": 5,
    "0.0052177148": 119,
    "0.005830820400000001": 263,
    "0.006443926000000001": 263
  },
  "latencyPercentiles": {
    "p10": 0.000924619,
    "p25": 0.00112496,
    "p50": 0.00127215,
    "p75": 0.001344679,
    "p90": 0.001419306,
    "p95": 0.00155973,
    "p99": 0.002100475
  },
  "rps": {
    "mean": 39938.67906376574,
    "stddev": 3340.9028046089234,
    "max": 45934.26641689113,
    "percentiles": {
      "p10": 37036.95918156682,
      "p25": 38475.84358287247,
      "p50": 40520.35035580822,
      "p75": 41849.20384170235,
      "p90": 43025.595927018636,
      "p95": 43636.084839966,
      "p99": 44592.395036210095
    }
  },
  "details": {
    "DNSDialup": {
      "average": 0.0007787123400000001,
      "fastest": 0.000108291,
      "slowest": 0.001251181
    },
    "DNSLookup": {
      "average": 0.000007006340000000001,
      "fastest": 0.000003427,
      "slowest": 0.0000318
    }
  },
  "statusCodeDistribution": {
    "200": 399400
  },
  "errorDistribution": {}
}