{
  "summary": {
    "successRate": 1,
    "total": 10.0006582,
    "slowest": 0.007449121,
    "fastest": 0.000148588,
    "average": 0.0013295749189503449,
    "requestsPerSec": 37543.62887834723,
    "totalData": 4880993,
    "sizePerRequest": 13,
    "sizePerSec": 488067.17541851394
  },
  "responseTimeHistogram": {
    "0.000148588": 1,
    "0.0008786413": 15259,
    "0.0016086946000000001": 344893,
    "0.0023387479": 10829,
    "0.0030688012": 1382,
    "0.0037988545": 2210,
    "0.0045289078": 237,
    "0.0052589611": 4,
    "0.0059890144": 235,
    "0.0067190677": 265,
    "0.007449121": 146
  },
  "latencyPercentiles": {
    "p10": 0.000984124,
    "p25": 0.001219118,
    "p50": 0.001354661,
    "p75": 0.001421193,
    "p90": 0.00148287,
    "p95": 0.001553392,
    "p99": 0.002845977
  },
  "rps": {
    "mean": 37535.01472807758,
    "stddev": 3721.608395782266,
    "max": 45441.633624727976,
    "percentiles": {
      "p10": 32447.3331909197,
      "p25": 37369.51477138155,
      "p50": 38467.148253993524,
      "p75": 39473.80812643515,
      "p90": 40307.21086748183,
      "p95": 40682.34746275563,
      "p99": 41673.0779094214
    }
  },
  "details": {
    "DNSDialup": {
      "average": 0.0005229454400000001,
      "fastest": 0.000072806,
      "slowest": 0.000756935
    },
    "DNSLookup": {
      "average": 0.000007009699999999998,
      "fastest": 0.000003477,
      "slowest": 0.000028694
    }
  },
  "statusCodeDistribution": {
    "200": 375461
  },
  "errorDistribution": {}
}