{
  "summary": {
    "successRate": 1,
    "total": 10.000278626,
    "slowest": 0.006812744,
    "fastest": 0.000468461,
    "average": 0.0012285318708966455,
    "requestsPerSec": 40639.1676871264,
    "totalData": 5283239,
    "sizePerRequest": 13,
    "sizePerSec": 528309.1799326432
  },
  "responseTimeHistogram": {
    "0.000468461": 1,
    "0.0011028893": 94586,
    "0.0017373176000000001": 297022,
    "0.0023717459": 13009,
    "0.0030061742": 381,
    "0.0036406025": 4,
    "0.0042750308": 0,
    "0.0049094591": 23,
    "0.0055438874": 993,
    "0.0061783157": 283,
    "0.006812744": 101
  },
  "latencyPercentiles": {
    "p10": 0.000900122,
    "p25": 0.001130689,
    "p50": 0.001247639,
    "p75": 0.001307407,
    "p90": 0.001368772,
    "p95": 0.00149425,
    "p99": 0.002039272
  },
  "rps": {
    "mean": 40640.278443632764,
    "stddev": 3818.0592624140945,
    "max": 45806.38999140459,
    "percentiles": {
      "p10": 38134.57280370487,
      "p25": 39912.34888074182,
      "p50": 41525.8166001818,
      "p75": 42653.70100957092,
      "p90": 43501.85899299393,
      "p95": 44003.49184632405,
      "p99": 44706.665763861965
    }
  },
  "details": {
    "DNSDialup": {
      "average": 0.0007307285999999998,
      "fastest": 0.000088985,
      "slowest": 0.001723354
    },
    "DNSLookup": {
      "average": 0.000007080699999999998,
      "fastest": 0.000002995,
      "slowest": 0.000047298
    }
  },
  "statusCodeDistribution": {
    "200": 406403
  },
  "errorDistribution": {}
}