{
  "summary": {
    "successRate": 1,
    "total": 10.000540655,
    "slowest": 0.007505755,
    "fastest": 0.000164507,
    "average": 0.001318453258979511,
    "requestsPerSec": 37859.25312055041,
    "totalData": 4921969,
    "sizePerRequest": 13,
    "sizePerSec": 492170.29056715535
  },
  "responseTimeHistogram": {
    "0.000164507": 1,
    "0.0008986318": 20034,
    "0.0016327566": 344139,
    "0.0023668814": 8510,
    "0.0031010062": 5155,
    "0.003835131": 112,
    "0.004569255800000001": 12,
    "0.0053033806": 21,
    "0.0060375054000000004": 186,
    "0.006771630200000001": 95,
    "0.007505755": 348
  },
  "latencyPercentiles": {
    "p10": 0.000981554,
    "p25": 0.001194741,
    "p50": 0.001344148,
    "p75": 0.001414785,
    "p90": 0.001480287,
    "p95": 0.001559864,
    "p99": 0.002531508
  },
  "rps": {
    "mean": 37858.995548832456,
    "stddev": 3532.2604307668284,
    "max": 46076.62211663389,
    "percentiles": {
      "p10": 34256.79777070376,
      "p25": 37050.554198289676,
      "p50": 38637.215365840486,
      "p75": 39648.378458361025,
      "p90": 40703.894947401655,
      "p95": 41321.038682991435,
      "p99": 42501.12627984614
    }
  },
  "details": {
    "DNSDialup": {
      "average": 0.00072899144,
      "fastest": 0.000105565,
      "slowest": 0.001240967
    },
    "DNSLookup": {
      "average": 0.00000954732,
      "fastest": 0.000003616,
      "slowest": 0.00004326
    }
  },
  "statusCodeDistribution": {
    "200": 378613
  },
  "errorDistribution": {}
}