{
  "summary": {
    "successRate": 1,
    "total": 10.000713809,
    "slowest": 0.00892626,
    "fastest": 0.00020432,
    "average": 0.00134658658006496,
    "requestsPerSec": 37069.753927601865,
    "totalData": 4819412,
    "sizePerRequest": 13,
    "sizePerSec": 481906.8010588243
  },
  "responseTimeHistogram": {
    "0.00020432": 1,
    "0.001076514": 55836,
    "0.0019487080000000002": 309204,
    "0.002820902": 1904,
    "0.0036930960000000003": 1850,
    "0.0045652900000000005": 1329,
    "0.005437484": 7,
    "0.006309678000000001": 167,
    "0.007181872000000001": 288,
    "0.008054066": 38,
    "0.00892626": 100
  },
  "latencyPercentiles": {
    "p10": 0.001002059,
    "p25": 0.001214016,
    "p50": 0.001371595,
    "p75": 0.001444128,
    "p90": 0.001511664,
    "p95": 0.001582906,
    "p99": 0.002857342
  },
  "rps": {
    "mean": 37076.920410045124,
    "stddev": 3910.6857634677917,
    "max": 48863.324578822074,
    "percentiles": {
      "p10": 32327.226829308882,
      "p25": 36710.54326802915,
      "p50": 37967.436394497985,
      "p75": 39006.95103867594,
      "p90": 39940.86744539425,
      "p95": 40605.15109928904,
      "p99": 42692.8601808848
    }
  },
  "details": {
    "DNSDialup": {
      "average": 0.0009535332200000004,
      "fastest": 0.000149385,
      "slowest": 0.001503291
    },
    "DNSLookup": {
      "average": 0.000006017739999999999,
      "fastest": 0.000002655,
      "slowest": 0.000029796
    }
  },
  "statusCodeDistribution": {
    "200": 370724
  },
  "errorDistribution": {}
}