{
  "summary": {
    "successRate": 1,
    "total": 10.000599826,
    "slowest": 0.00939965,
    "fastest": 0.000426186,
    "average": 0.001178873802454339,
    "requestsPerSec": 42347.15990724615,
    "totalData": 5505461,
    "sizePerRequest": 13,
    "sizePerSec": 550513.0787941999
  },
  "responseTimeHistogram": {
    "0.000426186": 1,
    "0.0013235324": 377642,
    "0.0022208788": 41050,
    "0.0031182252": 1923,
    "0.0040155716": 2055,
    "0.0049129180000000005": 84,
    "0.005810264400000001": 97,
    "0.0067076108": 189,
    "0.007604957200000001": 406,
    "0.0085023036": 0,
    "0.00939965": 50
  },
  "latencyPercentiles": {
    "p10": 0.000875201,
    "p25": 0.001052345,
    "p50": 0.001197238,
    "p75": 0.001265423,
    "p90": 0.001329312,
    "p95": 0.001400936,
    "p99": 0.002432863
  },
  "rps": {
    "mean": 42353.056614049085,
    "stddev": 4592.799334660363,
    "max": 49222.163985503634,
    "percentiles": {
      "p10": 36866.38172781304,
      "p25": 42131.23544822712,
      "p50": 43559.750910324,
      "p75": 44601.55213401687,
      "p90": 45708.77151325343,
      "p95": 46373.50490233183,
      "p99": 47681.4544237803
    }
  },
  "details": {
    "DNSDialup": {
      "average": 0.0006966692199999999,
      "fastest": 0.000073415,
      "slowest": 0.001499372
    },
    "DNSLookup": {
      "average": 0.00000779266,
      "fastest": 0.000003386,
      "slowest": 0.000034434
    }
  },
  "statusCodeDistribution": {
    "200": 423497
  },
  "errorDistribution": {}
}