{
  "summary": {
    "successRate": 1,
    "total": 10.000799423,
    "slowest": 0.008863004,
    "fastest": 0.000216162,
    "average": 0.001314451107536878,
    "requestsPerSec": 37978.36392223782,
    "totalData": 4937582,
    "sizePerRequest": 13,
    "sizePerSec": 493718.7309890916
  },
  "responseTimeHistogram": {
    "0.000216162": 1,
    "0.0010808462": 65113,
    "0.0019455304": 309193,
    "0.0028102145999999995": 1843,
    "0.0036748987999999996": 2678,
    "0.004539583": 337,
    "0.005404267199999999": 5,
    "0.006268951399999999": 138,
    "0.0071336355999999995": 73,
    "0.0079983198": 181,
    "0.008863004": 252
  },
  "latencyPercentiles": {
    "p10": 0.00097281,
    "p25": 0.001189623,
    "p50": 0.001338639,
    "p75": 0.001408703,
    "p90": 0.001471929,
    "p95": 0.001543857,
    "p99": 0.00277044
  },
  "rps": {
    "mean": 37961.281875561006,
    "stddev": 4156.059304215728,
    "max": 45864.20707116169,
    "percentiles": {
      "p10": 32596.08150559067,
      "p25": 37744.31856933293,
      "p50": 39005.18460207305,
      "p75": 40011.95957471755,
      "p90": 40867.25524194925,
      "p95": 41355.780676979855,
      "p99": 42698.5830592453
    }
  },
  "details": {
    "DNSDialup": {
      "average": 0.0008118094399999999,
      "fastest": 0.00010189,
      "slowest": 0.001820522
    },
    "DNSLookup": {
      "average": 0.000007535779999999998,
      "fastest": 0.000003316,
      "slowest": 0.000038051
    }
  },
  "statusCodeDistribution": {
    "200": 379814
  },
  "errorDistribution": {}
}