{
  "summary": {
    "successRate": 1,
    "total": 10.001312068,
    "slowest": 0.007083052,
    "fastest": 0.000460951,
    "average": 0.0013311608863107991,
    "requestsPerSec": 37486.78147935979,
    "totalData": 4873921,
    "sizePerRequest": 13,
    "sizePerSec": 487328.1592316773
  },
  "responseTimeHistogram": {
    "0.000460951": 1,
    "0.0011231611000000002": 68560,
    "0.0017853712": 295729,
    "0.0024475813000000004": 5849,
    "0.0031097914": 3711,
    "0.0037720015000000003": 409,
    "0.004434211600000001": 321,
    "0.0050964217": 191,
    "0.0057586318000000004": 138,
    "0.006420841900000001": 6,
    "0.007083052": 2
  },
  "latencyPercentiles": {
    "p10": 0.001002711,
    "p25": 0.001215676,
    "p50": 0.001359907,
    "p75": 0.001429377,
    "p90": 0.00148958,
    "p95": 0.001546099,
    "p99": 0.002511563
  },
  "rps": {
    "mean": 37493.06182035799,
    "stddev": 3097.2531333345714,
    "max": 43245.6760830796,
    "percentiles": {
      "p10": 34103.15454179333,
      "p25": 36974.94081003165,
      "p50": 38167.15572610047,
      "p75": 39208.021961292725,
      "p90": 40012.612627106,
      "p95": 40508.575665470016,
      "p99": 41579.974438405465
    }
  },
  "details": {
    "DNSDialup": {
      "average": 0.0008126843799999997,
      "fastest": 0.000200278,
      "slowest": 0.001291021
    },
    "DNSLookup": {
      "average": 0.0000073053599999999984,
      "fastest": 0.000003196,
      "slowest": 0.000025388
    }
  },
  "statusCodeDistribution": {
    "200": 374917
  },
  "errorDistribution": {}
}