{
  "summary": {
    "successRate": 1,
    "total": 10.000772313,
    "slowest": 0.00685193,
    "fastest": 0.000194801,
    "average": 0.0012717755387447387,
    "requestsPerSec": 39250.06866617182,
    "totalData": 5102903,
    "sizePerRequest": 13,
    "sizePerSec": 510250.89266023366
  },
  "responseTimeHistogram": {
    "0.000194801": 1,
    "0.0008605139": 19426,
    "0.0015262268000000002": 357454,
    "0.0021919397": 10949,
    "0.0028576526000000002": 1530,
    "0.0035233655000000003": 1819,
    "0.0041890784": 583,
    "0.0048547912999999995": 167,
    "0.0055205042": 306,
    "0.0061862171": 151,
    "0.00685193": 145
  },
  "latencyPercentiles": {
    "p10": 0.000944935,
    "p25": 0.001173164,
    "p50": 0.001297267,
    "p75": 0.001357558,
    "p90": 0.001414527,
    "p95": 0.001478798,
    "p99": 0.00256508
  },
  "rps": {
    "mean": 39249.60473646216,
    "stddev": 3681.165557701088,
    "max": 44508.09259756211,
    "percentiles": {
      "p10": 33684.50553166951,
      "p25": 39133.639276322,
      "p50": 40257.74571044165,
      "p75": 41104.502904872425,
      "p90": 41871.88984767821,
      "p95": 42390.57105121113,
      "p99": 43428.67116014004
    }
  },
  "details": {
    "DNSDialup": {
      "average": 0.0005086297000000002,
      "fastest": 0.00006927,
      "slowest": 0.001127256
    },
    "DNSLookup": {
      "average": 0.000006075360000000001,
      "fastest": 0.000003086,
      "slowest": 0.0000322
    }
  },
  "statusCodeDistribution": {
    "200": 392531
  },
  "errorDistribution": {}
}