{
  "summary": {
    "successRate": 1,
    "total": 10.000629509,
    "slowest": 0.009821783,
    "fastest": 0.000152157,
    "average": 0.0013053024180439694,
    "requestsPerSec": 38243.092562904385,
    "totalData": 4971915,
    "sizePerRequest": 13,
    "sizePerSec": 497160.203317757
  },
  "responseTimeHistogram": {
    "0.000152157": 1,
    "0.0011191196": 77636,
    "0.0020860822": 297281,
    "0.0030530448": 6724,
    "0.0040200074": 163,
    "0.00498697": 0,
    "0.0059539326": 38,
    "0.0069208952": 193,
    "0.0078878578": 369,
    "0.0088548204": 0,
    "0.009821783": 50
  },
  "latencyPercentiles": {
    "p10": 0.000976036,
    "p25": 0.0011787,
    "p50": 0.001330494,
    "p75": 0.001400308,
    "p90": 0.001461992,
    "p95": 0.001530632,
    "p99": 0.002510822
  },
  "rps": {
    "mean": 38247.371607276764,
    "stddev": 3767.0764090998964,
    "max": 44642.94459501373,
    "percentiles": {
      "p10": 34428.15534544175,
      "p25": 37603.30156987794,
      "p50": 39000.99452536038,
      "p75": 40170.71026392251,
      "p90": 41141.59703451162,
      "p95": 41829.58322468672,
      "p99": 43191.68898406969
    }
  },
  "details": {
    "DNSDialup": {
      "average": 0.0008139811800000002,
      "fastest": 0.000091128,
      "slowest": 0.001420162
    },
    "DNSLookup": {
      "average": 0.000007025979999999998,
      "fastest": 0.000003136,
      "slowest": 0.000044844
    }
  },
  "statusCodeDistribution": {
    "200": 382455
  },
  "errorDistribution": {}
}