{
  "summary": {
    "successRate": 1,
    "total": 10.000643939,
    "slowest": 0.00821048,
    "fastest": 0.000135283,
    "average": 0.0010086671465789258,
    "requestsPerSec": 49497.11268787529,
    "totalData": 6435039,
    "sizePerRequest": 13,
    "sizePerSec": 643462.4649423788
  },
  "responseTimeHistogram": {
    "0.000135283": 1,
    "0.0009428027": 117375,
    "0.0017503223999999998": 371746,
    "0.0025578421": 1468,
    "0.0033653617999999997": 3087,
    "0.0041728814999999995": 576,
    "0.0049804012": 4,
    "0.005787920899999999": 46,
    "0.0065954405999999995": 107,
    "0.0074029603": 102,
    "0.00821048": 491
  },
  "latencyPercentiles": {
    "p10": 0.000669953,
    "p25": 0.000969409,
    "p50": 0.001038433,
    "p75": 0.001073097,
    "p90": 0.001112108,
    "p95": 0.001159085,
    "p99": 0.002388928
  },
  "rps": {
    "mean": 49507.28912449258,
    "stddev": 5695.051666530238,
    "max": 58545.2306243767,
    "percentiles": {
      "p10": 41506.620305939075,
      "p25": 50194.34559680723,
      "p50": 51398.21389686102,
      "p75": 52075.9622872001,
      "p90": 52562.222082426866,
      "p95": 52923.92191423435,
      "p99": 53823.21655631341
    }
  },
  "details": {
    "DNSDialup": {
      "average": 0.00043816779999999994,
      "fastest": 0.000072207,
      "slowest": 0.000939025
    },
    "DNSLookup": {
      "average": 0.00000554708,
      "fastest": 0.000003151,
      "slowest": 0.000038372
    }
  },
  "statusCodeDistribution": {
    "200": 495003
  },
  "errorDistribution": {}
}