{
  "summary": {
    "successRate": 1,
    "total": 10.000729942,
    "slowest": 0.008250869,
    "fastest": 0.000227917,
    "average": 0.0012945425429791639,
    "requestsPerSec": 38558.88542500551,
    "totalData": 5013021,
    "sizePerRequest": 13,
    "sizePerSec": 501265.51052507164
  },
  "responseTimeHistogram": {
    "0.000227917": 1,
    "0.0010302122": 55425,
    "0.0018325074": 324031,
    "0.0026348026000000005": 2272,
    "0.0034370978000000003": 2730,
    "0.004239393": 467,
    "0.005041688200000001": 60,
    "0.005843983400000001": 298,
    "0.0066462786000000005": 162,
    "0.0074485738": 90,
    "0.008250869": 81
  },
  "latencyPercentiles": {
    "p10": 0.00096689,
    "p25": 0.001177794,
    "p50": 0.001323284,
    "p75": 0.001389298,
    "p90": 0.001446622,
    "p95": 0.001510083,
    "p99": 0.002646346
  },
  "rps": {
    "mean": 38562.79175593913,
    "stddev": 3679.0155121233597,
    "max": 44474.74855438976,
    "percentiles": {
      "p10": 34137.48248291622,
      "p25": 38236.90626192365,
      "p50": 39436.585320203165,
      "p75": 40415.33492524743,
      "p90": 41339.08196809613,
      "p95": 41834.85680268959,
      "p99": 43230.41558400481
    }
  },
  "details": {
    "DNSDialup": {
      "average": 0.00081574548,
      "fastest": 0.000088354,
      "slowest": 0.001799061
    },
    "DNSLookup": {
      "average": 0.00004103802,
      "fastest": 0.000003536,
      "slowest": 0.001702361
    }
  },
  "statusCodeDistribution": {
    "200": 385617
  },
  "errorDistribution": {}
}