{
  "summary": {
    "successRate": 1,
    "total": 10.000586188,
    "slowest": 0.006421999,
    "fastest": 0.000437375,
    "average": 0.0012368375587654677,
    "requestsPerSec": 40362.33400841523,
    "totalData": 5247411,
    "sizePerRequest": 13,
    "sizePerSec": 524710.342109398
  },
  "responseTimeHistogram": {
    "0.000437375": 1,
    "0.0010358374": 73342,
    "0.0016342998000000001": 314140,
    "0.0022327622": 14946,
    "0.0028312246": 477,
    "0.0034296870000000003": 91,
    "0.0040281494": 0,
    "0.0046266118": 20,
    "0.005225074200000001": 196,
    "0.005823536600000001": 319,
    "0.006421999000000001": 115
  },
  "latencyPercentiles": {
    "p10": 0.000921082,
    "p25": 0.001133427,
    "p50": 0.001262437,
    "p75": 0.001326805,
    "p90": 0.001396813,
    "p95": 0.00152389,
    "p99": 0.001966775
  },
  "rps": {
    "mean": 40366.695998812334,
    "stddev": 3076.253408199494,
    "max": 47151.39420056737,
    "percentiles": {
      "p10": 37917.48754525548,
      "p25": 39310.73834993345,
      "p50": 40838.01202159096,
      "p75": 41973.45774840581,
      "p90": 43063.260968030045,
      "p95": 43759.37271690307,
      "p99": 45248.10737735042
    }
  },
  "details": {
    "DNSDialup": {
      "average": 0.0006482607199999999,
      "fastest": 0.000069558,
      "slowest": 0.001039352
    },
    "DNSLookup": {
      "average": 0.000006039639999999999,
      "fastest": 0.000003145,
      "slowest": 0.000029184
    }
  },
  "statusCodeDistribution": {
    "200": 403647
  },
  "errorDistribution": {}
}