{
  "summary": {
    "successRate": 1,
    "total": 10.001017541,
    "slowest": 0.010654632,
    "fastest": 0.000242622,
    "average": 0.0011902938646326897,
    "requestsPerSec": 41936.43279602363,
    "totalData": 5452291,
    "sizePerRequest": 13,
    "sizePerSec": 545173.6263483072
  },
  "responseTimeHistogram": {
    "0.000242622": 1,
    "0.0012838230000000001": 330287,
    "0.002325024": 84321,
    "0.003366225": 1848,
    "0.004407426": 2060,
    "0.005448627": 392,
    "0.006489828": 303,
    "0.007531029": 116,
    "0.00857223": 29,
    "0.009613431": 4,
    "0.010654632": 46
  },
  "latencyPercentiles": {
    "p10": 0.000878412,
    "p25": 0.001071285,
    "p50": 0.001207389,
    "p75": 0.001272364,
    "p90": 0.00133615,
    "p95": 0.001419068,
    "p99": 0.002654814
  },
  "rps": {
    "mean": 41939.253641093856,
    "stddev": 4513.374226857034,
    "max": 51361.3954608058,
    "percentiles": {
      "p10": 35631.0061015095,
      "p25": 41856.86254777034,
      "p50": 43262.98658216312,
      "p75": 44138.31577659469,
      "p90": 45132.209742580926,
      "p95": 45762.720193418085,
      "p99": 46914.38811707034
    }
  },
  "details": {
    "DNSDialup": {
      "average": 0.00070571982,
      "fastest": 0.000071043,
      "slowest": 0.001113508
    },
    "DNSLookup": {
      "average": 0.000005872580000000001,
      "fastest": 0.000002645,
      "slowest": 0.000031969
    }
  },
  "statusCodeDistribution": {
    "200": 419407
  },
  "errorDistribution": {}
}