{
  "summary": {
    "successRate": 1,
    "total": 10.00060122,
    "slowest": 0.011081683,
    "fastest": 0.000372949,
    "average": 0.0013419963780261068,
    "requestsPerSec": 37198.36355998604,
    "totalData": 4836078,
    "sizePerRequest": 13,
    "sizePerSec": 483578.7262798186
  },
  "responseTimeHistogram": {
    "0.000372949": 1,
    "0.0014438224000000001": 291206,
    "0.0025146958000000002": 75952,
    "0.0035855692000000003": 3191,
    "0.0046564426": 1007,
    "0.0057273160000000005": 79,
    "0.006798189400000001": 289,
    "0.0078690628": 88,
    "0.008939936200000002": 127,
    "0.0100108096": 16,
    "0.011081683000000002": 50
  },
  "latencyPercentiles": {
    "p10": 0.000989561,
    "p25": 0.001207321,
    "p50": 0.001359142,
    "p75": 0.001432733,
    "p90": 0.001505994,
    "p95": 0.001636897,
    "p99": 0.002887505
  },
  "rps": {
    "mean": 37201.15713020602,
    "stddev": 4297.253462250242,
    "max": 43939.44883716447,
    "percentiles": {
      "p10": 31301.596381415453,
      "p25": 36896.147671215855,
      "p50": 38340.67263981155,
      "p75": 39411.92580745006,
      "p90": 40452.93498716757,
      "p95": 41070.31928313213,
      "p99": 42296.9752793954
    }
  },
  "details": {
    "DNSDialup": {
      "average": 0.00085787204,
      "fastest": 0.000099939,
      "slowest": 0.001221272
    },
    "DNSLookup": {
      "average": 0.000007828199999999999,
      "fastest": 0.000003376,
      "slowest": 0.000042329
    }
  },
  "statusCodeDistribution": {
    "200": 372006
  },
  "errorDistribution": {}
}