{
  "summary": {
    "successRate": 1,
    "total": 10.000966354,
    "slowest": 0.009692729,
    "fastest": 0.000199431,
    "average": 0.0012031062740114526,
    "requestsPerSec": 41493.89022132091,
    "totalData": 5394727,
    "sizePerRequest": 13,
    "sizePerSec": 539420.5728771718
  },
  "responseTimeHistogram": {
    "0.000199431": 1,
    "0.0011487608": 129988,
    "0.0020980906": 279743,
    "0.0030474204000000005": 1778,
    "0.0039967502": 2438,
    "0.00494608": 336,
    "0.005895409800000001": 375,
    "0.006844739600000001": 263,
    "0.007794069400000001": 7,
    "0.008743399200000002": 0,
    "0.009692729": 50
  },
  "latencyPercentiles": {
    "p10": 0.000885946,
    "p25": 0.001086428,
    "p50": 0.001222071,
    "p75": 0.001286626,
    "p90": 0.001349787,
    "p95": 0.001418657,
    "p99": 0.002698528
  },
  "rps": {
    "mean": 41495.24273931125,
    "stddev": 4352.845796700915,
    "max": 47349.342197963095,
    "percentiles": {
      "p10": 35534.0586113394,
      "p25": 41313.10864937382,
      "p50": 42747.864784198195,
      "p75": 43710.24069085161,
      "p90": 44574.664489725896,
      "p95": 45236.88500454713,
      "p99": 46266.79748771149
    }
  },
  "details": {
    "DNSDialup": {
      "average": 0.0007190319599999999,
      "fastest": 0.000105096,
      "slowest": 0.001540082
    },
    "DNSLookup": {
      "average": 0.000007386339999999999,
      "fastest": 0.000003387,
      "slowest": 0.000028704
    }
  },
  "statusCodeDistribution": {
    "200": 414979
  },
  "errorDistribution": {}
}