{
  "summary": {
    "successRate": 1,
    "total": 10.000836681,
    "slowest": 0.008015374,
    "fastest": 0.000131876,
    "average": 0.0012821817191772753,
    "requestsPerSec": 38933.04254630294,
    "totalData": 5061719,
    "sizePerRequest": 13,
    "sizePerSec": 506129.55310193816
  },
  "responseTimeHistogram": {
    "0.000131876": 1,
    "0.0009202258": 30524,
    "0.0017085756000000001": 350123,
    "0.0024969254000000002": 4737,
    "0.0032852752000000003": 2577,
    "0.004073625000000001": 751,
    "0.004861974800000001": 0,
    "0.005650324600000001": 55,
    "0.006438674400000001": 52,
    "0.007227024200000001": 163,
    "0.008015374": 380
  },
  "latencyPercentiles": {
    "p10": 0.000954494,
    "p25": 0.001164378,
    "p50": 0.001307844,
    "p75": 0.001375713,
    "p90": 0.001437165,
    "p95": 0.001501216,
    "p99": 0.002555557
  },
  "rps": {
    "mean": 38935.61307243544,
    "stddev": 4012.1583545163535,
    "max": 45029.88182958384,
    "percentiles": {
      "p10": 34310.40634624493,
      "p25": 38700.38700386851,
      "p50": 39921.1102831172,
      "p75": 40831.41569122918,
      "p90": 41736.76173973951,
      "p95": 42416.644492805244,
      "p99": 43507.67518596486
    }
  },
  "details": {
    "DNSDialup": {
      "average": 0.0008731508399999998,
      "fastest": 0.000109132,
      "slowest": 0.00138013
    },
    "DNSLookup": {
      "average": 0.000006871220000000002,
      "fastest": 0.000003056,
      "slowest": 0.000039594
    }
  },
  "statusCodeDistribution": {
    "200": 389363
  },
  "errorDistribution": {}
}