{
  "summary": {
    "successRate": 1,
    "total": 10.000613937,
    "slowest": 0.0070629,
    "fastest": 0.000436287,
    "average": 0.0012308048345597577,
    "requestsPerSec": 40563.20967447421,
    "totalData": 5273541,
    "sizePerRequest": 13,
    "sizePerSec": 527321.7257681646
  },
  "responseTimeHistogram": {
    "0.000436287": 1,
    "0.0010989483": 93851,
    "0.0017616096000000001": 297099,
    "0.0024242709000000004": 12971,
    "0.0030869322": 335,
    "0.0037495935": 0,
    "0.0044122548": 0,
    "0.0050749161": 61,
    "0.0057375774": 1095,
    "0.0064002387": 200,
    "0.0070628999999999996": 44
  },
  "latencyPercentiles": {
    "p10": 0.000900905,
    "p25": 0.001128572,
    "p50": 0.001248799,
    "p75": 0.001310623,
    "p90": 0.001373769,
    "p95": 0.001503236,
    "p99": 0.002037261
  },
  "rps": {
    "mean": 40572.87030381565,
    "stddev": 3801.477601949598,
    "max": 47146.817351931,
    "percentiles": {
      "p10": 38132.11868356685,
      "p25": 39728.46596755118,
      "p50": 41380.51902529881,
      "p75": 42585.669259403345,
      "p90": 43446.139719551684,
      "p95": 43936.002737050476,
      "p99": 44923.80294290413
    }
  },
  "details": {
    "DNSDialup": {
      "average": 0.0008585225399999999,
      "fastest": 0.000081313,
      "slowest": 0.001312637
    },
    "DNSLookup": {
      "average": 0.0000066355,
      "fastest": 0.000003136,
      "slowest": 0.000033493
    }
  },
  "statusCodeDistribution": {
    "200": 405657
  },
  "errorDistribution": {}
}