{
  "summary": {
    "successRate": 1,
    "total": 10.000672747,
    "slowest": 0.008234019,
    "fastest": 0.000217465,
    "average": 0.0011920177905786645,
    "requestsPerSec": 41883.0823282013,
    "totalData": 5445167,
    "sizePerRequest": 13,
    "sizePerSec": 544480.0702666169
  },
  "responseTimeHistogram": {
    "0.000217465": 1,
    "0.0010191204": 86156,
    "0.0018207758": 326172,
    "0.0026224312": 2495,
    "0.0034240866": 2564,
    "0.004225742": 677,
    "0.0050273973999999996": 85,
    "0.0058290528": 310,
    "0.0066307082": 182,
    "0.0074323636": 125,
    "0.008234019": 92
  },
  "latencyPercentiles": {
    "p10": 0.000880534,
    "p25": 0.001081045,
    "p50": 0.001208361,
    "p75": 0.001272354,
    "p90": 0.001335109,
    "p95": 0.001411749,
    "p99": 0.002548712
  },
  "rps": {
    "mean": 41887.89758625626,
    "stddev": 4475.634812043191,
    "max": 50114.75332949783,
    "percentiles": {
      "p10": 35808.8913477216,
      "p25": 41807.9560540353,
      "p50": 43200.9806622606,
      "p75": 44020.07231449774,
      "p90": 45066.69260121103,
      "p95": 45658.43430323329,
      "p99": 46713.09835277585
    }
  },
  "details": {
    "DNSDialup": {
      "average": 0.0005192808399999999,
      "fastest": 0.000072876,
      "slowest": 0.00091714
    },
    "DNSLookup": {
      "average": 0.00000699464,
      "fastest": 0.000003456,
      "slowest": 0.000030837
    }
  },
  "statusCodeDistribution": {
    "200": 418859
  },
  "errorDistribution": {}
}