{
  "summary": {
    "successRate": 1,
    "total": 10.000831463,
    "slowest": 0.007683634,
    "fastest": 0.000132848,
    "average": 0.0011866092406613352,
    "requestsPerSec": 42068.90212644312,
    "totalData": 5469412,
    "sizePerRequest": 13,
    "sizePerSec": 546895.7276437606
  },
  "responseTimeHistogram": {
    "0.000132848": 1,
    "0.0008879266": 44060,
    "0.0016430052000000002": 368775,
    "0.0023980838000000003": 3454,
    "0.0031531624000000003": 1622,
    "0.003908241": 1914,
    "0.0046633196": 150,
    "0.0054183982": 263,
    "0.0061734768": 281,
    "0.0069285554000000004": 154,
    "0.007683634": 50
  },
  "latencyPercentiles": {
    "p10": 0.000882017,
    "p25": 0.00106968,
    "p50": 0.001203972,
    "p75": 0.001270861,
    "p90": 0.001338575,
    "p95": 0.001422925,
    "p99": 0.002497456
  },
  "rps": {
    "mean": 42056.89463105753,
    "stddev": 4298.180881350655,
    "max": 50407.429505211374,
    "percentiles": {
      "p10": 36213.9301710973,
      "p25": 41740.42978028541,
      "p50": 43164.00399765093,
      "p75": 44335.27661135433,
      "p90": 45406.72473593422,
      "p95": 46115.273378542064,
      "p99": 47122.015405597376
    }
  },
  "details": {
    "DNSDialup": {
      "average": 0.0008076616799999999,
      "fastest": 0.000091764,
      "slowest": 0.001705226
    },
    "DNSLookup": {
      "average": 0.0000058138399999999995,
      "fastest": 0.000002655,
      "slowest": 0.000027371
    }
  },
  "statusCodeDistribution": {
    "200": 420724
  },
  "errorDistribution": {}
}