{
  "summary": {
    "successRate": 1,
    "total": 10.000944154,
    "slowest": 0.007492988,
    "fastest": 0.000221996,
    "average": 0.0012952709526374354,
    "requestsPerSec": 38537.36147960096,
    "totalData": 5010330,
    "sizePerRequest": 13,
    "sizePerSec": 500985.6992348124
  },
  "responseTimeHistogram": {
    "0.000221996": 1,
    "0.0009490952": 33929,
    "0.0016761944": 338591,
    "0.0024032935999999997": 7486,
    "0.0031303928": 4580,
    "0.003857492": 123,
    "0.0045845912": 0,
    "0.0053116904": 4,
    "0.0060387896": 136,
    "0.0067658888000000006": 228,
    "0.007492988000000001": 332
  },
  "latencyPercentiles": {
    "p10": 0.000967887,
    "p25": 0.00117231,
    "p50": 0.001318748,
    "p75": 0.001387403,
    "p90": 0.001450192,
    "p95": 0.001519737,
    "p99": 0.002483985
  },
  "rps": {
    "mean": 38541.267094906776,
    "stddev": 3677.605897940791,
    "max": 45090.76587125914,
    "percentiles": {
      "p10": 34757.983267688054,
      "p25": 38020.15448389214,
      "p50": 39432.4474315521,
      "p75": 40376.88110429647,
      "p90": 41260.84728729018,
      "p95": 41921.732225986576,
      "p99": 43253.1430359777
    }
  },
  "details": {
    "DNSDialup": {
      "average": 0.0007414633400000001,
      "fastest": 0.000082701,
      "slowest": 0.001247369
    },
    "DNSLookup": {
      "average": 0.00000748754,
      "fastest": 0.000003236,
      "slowest": 0.000031379
    }
  },
  "statusCodeDistribution": {
    "200": 385410
  },
  "errorDistribution": {}
}