{
  "summary": {
    "successRate": 1,
    "total": 10.000599165,
    "slowest": 0.007483287,
    "fastest": 0.000460659,
    "average": 0.0012345374796645199,
    "requestsPerSec": 40441.67687626744,
    "totalData": 5257733,
    "sizePerRequest": 13,
    "sizePerSec": 525741.7993914768
  },
  "responseTimeHistogram": {
    "0.000460659": 1,
    "0.0011629218": 112649,
    "0.0018651846": 277845,
    "0.0025674474": 12246,
    "0.0032697102": 300,
    "0.003971973": 0,
    "0.004674235800000001": 0,
    "0.0053764986": 110,
    "0.0060787614": 1104,
    "0.006781024199999999": 86,
    "0.007483287": 100
  },
  "latencyPercentiles": {
    "p10": 0.000902887,
    "p25": 0.001132643,
    "p50": 0.001247527,
    "p75": 0.001308483,
    "p90": 0.00137248,
    "p95": 0.001509035,
    "p99": 0.002120204
  },
  "rps": {
    "mean": 40447.56438186647,
    "stddev": 3972.9132544628023,
    "max": 50019.703009045974,
    "percentiles": {
      "p10": 37616.84482311145,
      "p25": 39351.57811343241,
      "p50": 41403.493773419315,
      "p75": 42518.50830666496,
      "p90": 43418.08299097049,
      "p95": 43861.359117314045,
      "p99": 45041.02368753901
    }
  },
  "details": {
    "DNSDialup": {
      "average": 0.0006197802999999998,
      "fastest": 0.000077092,
      "slowest": 0.001086947
    },
    "DNSLookup": {
      "average": 0.0000067135400000000004,
      "fastest": 0.000003206,
      "slowest": 0.000036598
    }
  },
  "statusCodeDistribution": {
    "200": 404441
  },
  "errorDistribution": {}
}