{
  "summary": {
    "successRate": 1,
    "total": 10.000731379,
    "slowest": 0.006431929,
    "fastest": 0.000432449,
    "average": 0.0012146565231569712,
    "requestsPerSec": 41096.894259457345,
    "totalData": 5342987,
    "sizePerRequest": 13,
    "sizePerSec": 534259.6253729454
  },
  "responseTimeHistogram": {
    "0.000432449": 1,
    "0.001032397": 84697,
    "0.0016323450000000003": 309940,
    "0.002232293": 14898,
    "0.0028322410000000005": 641,
    "0.003432189000000001": 122,
    "0.004032137000000001": 0,
    "0.004632085": 39,
    "0.0052320330000000005": 191,
    "0.005831981000000001": 326,
    "0.006431929000000001": 144
  },
  "latencyPercentiles": {
    "p10": 0.000906357,
    "p25": 0.00108519,
    "p50": 0.001236472,
    "p75": 0.001311333,
    "p90": 0.001383189,
    "p95": 0.001515389,
    "p99": 0.002019467
  },
  "rps": {
    "mean": 41103.35280314923,
    "stddev": 3354.3252180005534,
    "max": 50103.97601744357,
    "percentiles": {
      "p10": 38057.623898568374,
      "p25": 39997.70922211234,
      "p50": 41540.016781762606,
      "p75": 43001.01912415446,
      "p90": 44086.14675752513,
      "p95": 44714.85427459085,
      "p99": 45931.29347693532
    }
  },
  "details": {
    "DNSDialup": {
      "average": 0.00064441954,
      "fastest": 0.000072847,
      "slowest": 0.001386545
    },
    "DNSLookup": {
      "average": 0.000007579399999999997,
      "fastest": 0.000003687,
      "slowest": 0.000031489
    }
  },
  "statusCodeDistribution": {
    "200": 410999
  },
  "errorDistribution": {}
}