{
  "summary": {
    "successRate": 1,
    "total": 10.000594241,
    "slowest": 0.007092076,
    "fastest": 0.000278913,
    "average": 0.0012189799918260217,
    "requestsPerSec": 40956.96616914667,
    "totalData": 5324722,
    "sizePerRequest": 13,
    "sizePerSec": 532440.5601989067
  },
  "responseTimeHistogram": {
    "0.000278913": 1,
    "0.0009602293": 57783,
    "0.0016415456": 335725,
    "0.0023228619": 15071,
    "0.0030041782": 283,
    "0.0036854945000000003": 81,
    "0.004366810800000001": 2,
    "0.005048127100000001": 153,
    "0.005729443400000001": 325,
    "0.006410759700000001": 169,
    "0.007092076000000001": 1
  },
  "latencyPercentiles": {
    "p10": 0.000902028,
    "p25": 0.00112556,
    "p50": 0.001245481,
    "p75": 0.001307788,
    "p90": 0.001368512,
    "p95": 0.001456767,
    "p99": 0.001969687
  },
  "rps": {
    "mean": 40962.39317082308,
    "stddev": 3074.8055614639625,
    "max": 46313.07881345411,
    "percentiles": {
      "p10": 38537.848020541445,
      "p25": 40042.16840755455,
      "p50": 41422.26032269693,
      "p75": 42713.95892177537,
      "p90": 43522.702813473756,
      "p95": 43945.64578126541,
      "p99": 44908.16430426892
    }
  },
  "details": {
    "DNSDialup": {
      "average": 0.0010404321799999997,
      "fastest": 0.000065492,
      "slowest": 0.00208357
    },
    "DNSLookup": {
      "average": 0.000045315259999999993,
      "fastest": 0.000002525,
      "slowest": 0.002001006
    }
  },
  "statusCodeDistribution": {
    "200": 409594
  },
  "errorDistribution": {}
}