{
  "summary": {
    "successRate": 1,
    "total": 10.000619901,
    "slowest": 0.00782427,
    "fastest": 0.000296174,
    "average": 0.0011693443955829808,
    "requestsPerSec": 42691.553546326504,
    "totalData": 5550246,
    "sizePerRequest": 13,
    "sizePerSec": 554990.1961022445
  },
  "responseTimeHistogram": {
    "0.000296174": 1,
    "0.0010489836": 104730,
    "0.0018017932": 316147,
    "0.0025546028000000003": 1757,
    "0.0033074124": 2081,
    "0.004060222": 1438,
    "0.0048130316": 96,
    "0.005565841199999999": 319,
    "0.0063186508": 183,
    "0.0070714604": 90,
    "0.00782427": 100
  },
  "latencyPercentiles": {
    "p10": 0.000865772,
    "p25": 0.001055442,
    "p50": 0.001185886,
    "p75": 0.001249851,
    "p90": 0.001315364,
    "p95": 0.001395574,
    "p99": 0.002563752
  },
  "rps": {
    "mean": 42685.01487198981,
    "stddev": 4411.511187439749,
    "max": 49836.16236280538,
    "percentiles": {
      "p10": 36231.93240291519,
      "p25": 42518.33390557984,
      "p50": 43930.87787246281,
      "p75": 44963.20293770127,
      "p90": 45907.51540106925,
      "p95": 46541.905780809815,
      "p99": 47791.43332482361
    }
  },
  "details": {
    "DNSDialup": {
      "average": 0.00066307796,
      "fastest": 0.000078637,
      "slowest": 0.000949501
    },
    "DNSLookup": {
      "average": 0.0000063679,
      "fastest": 0.000003306,
      "slowest": 0.000027692
    }
  },
  "statusCodeDistribution": {
    "200": 426942
  },
  "errorDistribution": {}
}