{
  "summary": {
    "successRate": 1,
    "total": 10.000868985,
    "slowest": 0.007257306,
    "fastest": 0.000130745,
    "average": 0.0010170185792710586,
    "requestsPerSec": 49085.534540676716,
    "totalData": 6381674,
    "sizePerRequest": 13,
    "sizePerSec": 638111.9490287973
  },
  "responseTimeHistogram": {
    "0.000130745": 1,
    "0.0008434011000000001": 88283,
    "0.0015560572": 391168,
    "0.0022687133": 7295,
    "0.0029813694": 3310,
    "0.0036940255": 41,
    "0.0044066816": 0,
    "0.0051193377": 0,
    "0.0058319938": 136,
    "0.0065446499": 432,
    "0.007257306": 232
  },
  "latencyPercentiles": {
    "p10": 0.000680008,
    "p25": 0.000969154,
    "p50": 0.001046623,
    "p75": 0.001082305,
    "p90": 0.001119693,
    "p95": 0.001166932,
    "p99": 0.002244255
  },
  "rps": {
    "mean": 49089.04197719895,
    "stddev": 4884.660131235958,
    "max": 54742.42249625578,
    "percentiles": {
      "p10": 44102.019872509794,
      "p25": 48304.15415725905,
      "p50": 50806.752217369896,
      "p75": 51693.87997065734,
      "p90": 52380.89893105431,
      "p95": 52838.52897133362,
      "p99": 53541.8268751548
    }
  },
  "details": {
    "DNSDialup": {
      "average": 0.0005556652200000001,
      "fastest": 0.000066637,
      "slowest": 0.001125916
    },
    "DNSLookup": {
      "average": 0.00000881162,
      "fastest": 0.000003198,
      "slowest": 0.000157054
    }
  },
  "statusCodeDistribution": {
    "200": 490898
  },
  "errorDistribution": {}
}