{
  "summary": {
    "successRate": 1,
    "total": 10.000696914,
    "slowest": 0.006767798,
    "fastest": 0.000129083,
    "average": 0.0010082295686848403,
    "requestsPerSec": 49512.549401114666,
    "totalData": 6437080,
    "sizePerRequest": 13,
    "sizePerSec": 643663.1422144907
  },
  "responseTimeHistogram": {
    "0.000129083": 1,
    "0.0007929545": 83031,
    "0.001456826": 399406,
    "0.0021206974999999997": 3811,
    "0.0027845689999999998": 6716,
    "0.0034484405": 926,
    "0.004112312": 517,
    "0.0047761835": 359,
    "0.005440055": 231,
    "0.0061039265": 90,
    "0.006767798": 72
  },
  "latencyPercentiles": {
    "p10": 0.000700919,
    "p25": 0.0009073,
    "p50": 0.001027323,
    "p75": 0.001076576,
    "p90": 0.001128658,
    "p95": 0.001196361,
    "p99": 0.002479549
  },
  "rps": {
    "mean": 49494.8631141811,
    "stddev": 5216.160858991173,
    "max": 56677.95720908636,
    "percentiles": {
      "p10": 43272.53404270337,
      "p25": 49212.524587508946,
      "p50": 51302.30756569738,
      "p75": 52307.94800407001,
      "p90": 53223.73066008358,
      "p95": 53834.69490248811,
      "p99": 54825.853566216545
    }
  },
  "details": {
    "DNSDialup": {
      "average": 0.00045306624,
      "fastest": 0.00007256,
      "slowest": 0.00090636
    },
    "DNSLookup": {
      "average": 0.00000548868,
      "fastest": 0.000002986,
      "slowest": 0.000035859
    }
  },
  "statusCodeDistribution": {
    "200": 495160
  },
  "errorDistribution": {}
}