{
  "summary": {
    "successRate": 1,
    "total": 10.000707979,
    "slowest": 0.008884302,
    "fastest": 0.000272768,
    "average": 0.001163117754706379,
    "requestsPerSec": 42923.0611374099,
    "totalData": 5580393,
    "sizePerRequest": 13,
    "sizePerSec": 557999.7947863287
  },
  "responseTimeHistogram": {
    "0.000272768": 1,
    "0.0011339214000000001": 158202,
    "0.0019950748": 265926,
    "0.0028562282000000002": 1832,
    "0.0037173816000000003": 2354,
    "0.004578535": 216,
    "0.0054396884": 91,
    "0.0063008418": 387,
    "0.0071619952": 152,
    "0.0080231486": 50,
    "0.008884302": 50
  },
  "latencyPercentiles": {
    "p10": 0.000863176,
    "p25": 0.001046574,
    "p50": 0.001179053,
    "p75": 0.001245341,
    "p90": 0.001316374,
    "p95": 0.001410102,
    "p99": 0.002443193
  },
  "rps": {
    "mean": 42922.25135505172,
    "stddev": 4495.071897925982,
    "max": 49337.017564279355,
    "percentiles": {
      "p10": 37212.228431682575,
      "p25": 42662.40656832795,
      "p50": 44127.88882573784,
      "p75": 45403.723105295154,
      "p90": 46301.43071420917,
      "p95": 46796.53780494587,
      "p99": 47954.76034351226
    }
  },
  "details": {
    "DNSDialup": {
      "average": 0.0008341457600000001,
      "fastest": 0.000103322,
      "slowest": 0.001136458
    },
    "DNSLookup": {
      "average": 0.000006955500000000001,
      "fastest": 0.000003196,
      "slowest": 0.000027461
    }
  },
  "statusCodeDistribution": {
    "200": 429261
  },
  "errorDistribution": {}
}