{
  "summary": {
    "successRate": 1,
    "total": 10.000656076,
    "slowest": 0.007812468,
    "fastest": 0.000230232,
    "average": 0.0012849086627365856,
    "requestsPerSec": 38851.65103641946,
    "totalData": 5051046,
    "sizePerRequest": 13,
    "sizePerSec": 505071.463473453
  },
  "responseTimeHistogram": {
    "0.000230232": 1,
    "0.0009884556": 46903,
    "0.0017466792": 333581,
    "0.0025049028": 4251,
    "0.0032631264": 2468,
    "0.00402135": 660,
    "0.004779573600000001": 28,
    "0.005537797200000001": 11,
    "0.0062960208000000005": 83,
    "0.0070542444000000004": 183,
    "0.007812468": 373
  },
  "latencyPercentiles": {
    "p10": 0.000958052,
    "p25": 0.001169305,
    "p50": 0.001313499,
    "p75": 0.001376392,
    "p90": 0.00143283,
    "p95": 0.001493916,
    "p99": 0.002474201
  },
  "rps": {
    "mean": 38854.22056819413,
    "stddev": 3888.155122012499,
    "max": 45119.85724917226,
    "percentiles": {
      "p10": 33874.898186271574,
      "p25": 38760.94919704163,
      "p50": 39799.738411849605,
      "p75": 40656.242965804464,
      "p90": 41539.99677540532,
      "p95": 42157.88564289028,
      "p99": 43408.147709325414
    }
  },
  "details": {
    "DNSDialup": {
      "average": 0.00064014284,
      "fastest": 0.000069139,
      "slowest": 0.001386648
    },
    "DNSLookup": {
      "average": 0.0000072282600000000005,
      "fastest": 0.000003416,
      "slowest": 0.000050113
    }
  },
  "statusCodeDistribution": {
    "200": 388542
  },
  "errorDistribution": {}
}