{
  "summary": {
    "successRate": 1,
    "total": 10.000419854,
    "slowest": 0.006882027,
    "fastest": 0.000476512,
    "average": 0.0012527487478106974,
    "requestsPerSec": 39850.526859689584,
    "totalData": 5180786,
    "sizePerRequest": 13,
    "sizePerSec": 518056.8491759646
  },
  "responseTimeHistogram": {
    "0.000476512": 1,
    "0.0011170635": 89904,
    "0.0017576150000000001": 293699,
    "0.0023981665": 13646,
    "0.003038718": 556,
    "0.0036792695000000004": 66,
    "0.004319821": 0,
    "0.0049603725": 14,
    "0.005600924": 99,
    "0.0062414755": 382,
    "0.006882027000000001": 155
  },
  "latencyPercentiles": {
    "p10": 0.000920271,
    "p25": 0.001162392,
    "p50": 0.001272319,
    "p75": 0.001333042,
    "p90": 0.001397583,
    "p95": 0.001522326,
    "p99": 0.002153817
  },
  "rps": {
    "mean": 39858.44739719286,
    "stddev": 3271.6560100244396,
    "max": 46513.758769844324,
    "percentiles": {
      "p10": 37042.39131261761,
      "p25": 38602.69474884208,
      "p50": 40636.82102352703,
      "p75": 41615.82233565358,
      "p90": 42500.50519468524,
      "p95": 42921.765566579066,
      "p99": 44335.37895818356
    }
  },
  "details": {
    "DNSDialup": {
      "average": 0.0009858323400000002,
      "fastest": 0.000589721,
      "slowest": 0.00146109
    },
    "DNSLookup": {
      "average": 0.00000657068,
      "fastest": 0.000002976,
      "slowest": 0.000033032
    }
  },
  "statusCodeDistribution": {
    "200": 398522
  },
  "errorDistribution": {}
}