{
  "summary": {
    "successRate": 1,
    "total": 10.000936699,
    "slowest": 0.00795083,
    "fastest": 0.000149351,
    "average": 0.0012990278695500508,
    "requestsPerSec": 38428.00045304036,
    "totalData": 4996108,
    "sizePerRequest": 13,
    "sizePerSec": 499564.0058895247
  },
  "responseTimeHistogram": {
    "0.000149351": 1,
    "0.0009294989": 29418,
    "0.0017096468000000003": 343561,
    "0.0024897947000000003": 7031,
    "0.0032699426000000003": 3523,
    "0.004050090500000001": 132,
    "0.004830238400000001": 0,
    "0.005610386300000001": 32,
    "0.006390534200000001": 181,
    "0.007170682100000001": 376,
    "0.00795083": 61
  },
  "latencyPercentiles": {
    "p10": 0.000965121,
    "p25": 0.001186546,
    "p50": 0.00132351,
    "p75": 0.001389012,
    "p90": 0.001449143,
    "p95": 0.001519815,
    "p99": 0.002508522
  },
  "rps": {
    "mean": 38432.71337217922,
    "stddev": 3499.0530561721826,
    "max": 44245.75077892501,
    "percentiles": {
      "p10": 34825.13678373251,
      "p25": 37716.88084203836,
      "p50": 39343.63602671705,
      "p75": 40326.360713534734,
      "p90": 41048.5030334135,
      "p95": 41603.21659966161,
      "p99": 42537.43719847883
    }
  },
  "details": {
    "DNSDialup": {
      "average": 0.0006796862599999999,
      "fastest": 0.000111958,
      "slowest": 0.001363929
    },
    "DNSLookup": {
      "average": 0.000006558199999999999,
      "fastest": 0.000002976,
      "slowest": 0.000038011
    }
  },
  "statusCodeDistribution": {
    "200": 384316
  },
  "errorDistribution": {}
}