{
  "summary": {
    "successRate": 1,
    "total": 10.000653086,
    "slowest": 0.008212635,
    "fastest": 0.000125313,
    "average": 0.0012973616065457853,
    "requestsPerSec": 38477.18710877799,
    "totalData": 5002361,
    "sizePerRequest": 13,
    "sizePerSec": 500203.43241411383
  },
  "responseTimeHistogram": {
    "0.000125313": 1,
    "0.0009340452": 31218,
    "0.0017427773999999997": 345790,
    "0.0025515095999999998": 4172,
    "0.0033602417999999998": 2551,
    "0.004168974": 465,
    "0.004977706199999999": 8,
    "0.0057864384": 45,
    "0.006595170599999999": 141,
    "0.007403902799999999": 236,
    "0.008212635": 170
  },
  "latencyPercentiles": {
    "p10": 0.000964829,
    "p25": 0.001181943,
    "p50": 0.001325703,
    "p75": 0.001392275,
    "p90": 0.001452301,
    "p95": 0.001518962,
    "p99": 0.002468857
  },
  "rps": {
    "mean": 38479.201860833884,
    "stddev": 3767.178491080524,
    "max": 44715.19399076315,
    "percentiles": {
      "p10": 33917.08403522884,
      "p25": 38117.42728775649,
      "p50": 39342.98848520914,
      "p75": 40406.400862437054,
      "p90": 41264.53432972964,
      "p95": 41869.51955863963,
      "p99": 43038.86069339864
    }
  },
  "details": {
    "DNSDialup": {
      "average": 0.0006865876799999999,
      "fastest": 0.000086842,
      "slowest": 0.001649279
    },
    "DNSLookup": {
      "average": 0.0000069989999999999985,
      "fastest": 0.000003046,
      "slowest": 0.000037389
    }
  },
  "statusCodeDistribution": {
    "200": 384797
  },
  "errorDistribution": {}
}