{
  "summary": {
    "successRate": 1,
    "total": 10.000692075,
    "slowest": 0.006353382,
    "fastest": 0.000419084,
    "average": 0.0012359001999024753,
    "requestsPerSec": 40395.40433505448,
    "totalData": 5251766,
    "sizePerRequest": 13,
    "sizePerSec": 525140.2563557082
  },
  "responseTimeHistogram": {
    "0.000419084": 1,
    "0.0010125137999999999": 68227,
    "0.0016059436": 319097,
    "0.0021993734": 15327,
    "0.0027928032": 600,
    "0.0033862329999999998": 80,
    "0.0039796627999999995": 0,
    "0.0045730926": 5,
    "0.0051665224": 78,
    "0.0057599522": 293,
    "0.006353381999999999": 274
  },
  "latencyPercentiles": {
    "p10": 0.000912276,
    "p25": 0.001141967,
    "p50": 0.001263633,
    "p75": 0.001325879,
    "p90": 0.001388946,
    "p95": 0.001512299,
    "p99": 0.001976953
  },
  "rps": {
    "mean": 40403.090387570584,
    "stddev": 3101.0027035291264,
    "max": 45326.479729455794,
    "percentiles": {
      "p10": 37924.43850817651,
      "p25": 39524.648875048544,
      "p50": 41015.775228741055,
      "p75": 42024.614739343306,
      "p90": 42913.7195161286,
      "p95": 43445.54430922836,
      "p99": 44218.45239026398
    }
  },
  "details": {
    "DNSDialup": {
      "average": 0.0008373643199999999,
      "fastest": 0.000093056,
      "slowest": 0.001267551
    },
    "DNSLookup": {
      "average": 0.00000665644,
      "fastest": 0.000003456,
      "slowest": 0.000030848
    }
  },
  "statusCodeDistribution": {
    "200": 403982
  },
  "errorDistribution": {}
}