{
  "summary": {
    "successRate": 1,
    "total": 10.000669519,
    "slowest": 0.008081922,
    "fastest": 0.000160389,
    "average": 0.001299164836876729,
    "requestsPerSec": 38425.42734463096,
    "totalData": 4995640,
    "sizePerRequest": 13,
    "sizePerSec": 499530.55548020254
  },
  "responseTimeHistogram": {
    "0.000160389": 1,
    "0.0009525423": 34325,
    "0.0017446955999999999": 341828,
    "0.0025368489": 4120,
    "0.0033290022": 1796,
    "0.0041211555": 1560,
    "0.0049133088": 0,
    "0.0057054621": 192,
    "0.0064976154": 228,
    "0.0072897687": 144,
    "0.008081922": 86
  },
  "latencyPercentiles": {
    "p10": 0.000969111,
    "p25": 0.001179319,
    "p50": 0.00132732,
    "p75": 0.001394813,
    "p90": 0.001455274,
    "p95": 0.001518522,
    "p99": 0.002598673
  },
  "rps": {
    "mean": 38390.62707327702,
    "stddev": 3782.819677421795,
    "max": 46427.745942963986,
    "percentiles": {
      "p10": 33434.022461256456,
      "p25": 38215.836642705704,
      "p50": 39263.04467082819,
      "p75": 40222.311316086976,
      "p90": 41099.19941411073,
      "p95": 41710.3363527522,
      "p99": 42801.51945394179
    }
  },
  "details": {
    "DNSDialup": {
      "average": 0.0007939536799999999,
      "fastest": 0.000103793,
      "slowest": 0.001681622
    },
    "DNSLookup": {
      "average": 0.000007355020000000002,
      "fastest": 0.000003096,
      "slowest": 0.000047268
    }
  },
  "statusCodeDistribution": {
    "200": 384280
  },
  "errorDistribution": {}
}