{
  "summary": {
    "successRate": 1,
    "total": 10.000892895,
    "slowest": 0.008712375,
    "fastest": 0.00013479,
    "average": 0.001303995367610227,
    "requestsPerSec": 38280.881919193875,
    "totalData": 4976959,
    "sizePerRequest": 13,
    "sizePerSec": 497651.4649495204
  },
  "responseTimeHistogram": {
    "0.00013479": 1,
    "0.0009925485000000002": 44518,
    "0.0018503070000000003": 332106,
    "0.0027080655000000006": 2375,
    "0.0035658240000000004": 2565,
    "0.0044235825": 678,
    "0.005281341000000001": 2,
    "0.006139099500000001": 72,
    "0.006996858000000001": 77,
    "0.0078546165": 211,
    "0.008712375": 238
  },
  "latencyPercentiles": {
    "p10": 0.000967965,
    "p25": 0.001182519,
    "p50": 0.001326865,
    "p75": 0.001396134,
    "p90": 0.001461835,
    "p95": 0.001538743,
    "p99": 0.002712955
  },
  "rps": {
    "mean": 38283.271829625606,
    "stddev": 4060.267440116603,
    "max": 45662.608891785436,
    "percentiles": {
      "p10": 33139.031707425536,
      "p25": 37945.08255258087,
      "p50": 39330.30006316928,
      "p75": 40270.348271395684,
      "p90": 41129.288630299634,
      "p95": 41714.309722933875,
      "p99": 42911.56724821231
    }
  },
  "details": {
    "DNSDialup": {
      "average": 0.00071615342,
      "fastest": 0.000088035,
      "slowest": 0.001472737
    },
    "DNSLookup": {
      "average": 0.000006822100000000001,
      "fastest": 0.000003466,
      "slowest": 0.000037941
    }
  },
  "statusCodeDistribution": {
    "200": 382843
  },
  "errorDistribution": {}
}