{
  "summary": {
    "successRate": 1,
    "total": 10.000828461,
    "slowest": 0.009148866,
    "fastest": 0.000320339,
    "average": 0.0011735232002839343,
    "requestsPerSec": 42540.57567921322,
    "totalData": 5530733,
    "sizePerRequest": 13,
    "sizePerSec": 553027.483829772
  },
  "responseTimeHistogram": {
    "0.000320339": 1,
    "0.0012031917": 230931,
    "0.0020860444": 189620,
    "0.0029688971000000003": 1691,
    "0.0038517498": 2254,
    "0.004734602500000001": 203,
    "0.0056174552": 58,
    "0.006500307900000001": 192,
    "0.007383160600000001": 410,
    "0.0082660133": 31,
    "0.009148866": 50
  },
  "latencyPercentiles": {
    "p10": 0.000870892,
    "p25": 0.001062693,
    "p50": 0.001192385,
    "p75": 0.001253745,
    "p90": 0.001315745,
    "p95": 0.001388416,
    "p99": 0.002377549
  },
  "rps": {
    "mean": 42534.52612952718,
    "stddev": 4571.62387391304,
    "max": 49711.86121927296,
    "percentiles": {
      "p10": 36743.12540628932,
      "p25": 42323.33708807096,
      "p50": 43635.680112424205,
      "p75": 44725.67253603554,
      "p90": 45913.79759851796,
      "p95": 46543.99804134789,
      "p99": 48048.63482817811
    }
  },
  "details": {
    "DNSDialup": {
      "average": 0.0007156545999999998,
      "fastest": 0.000088084,
      "slowest": 0.001640225
    },
    "DNSLookup": {
      "average": 0.000007407440000000001,
      "fastest": 0.000003165,
      "slowest": 0.000030377
    }
  },
  "statusCodeDistribution": {
    "200": 425441
  },
  "errorDistribution": {}
}