{
  "summary": {
    "successRate": 1,
    "total": 10.000682683,
    "slowest": 0.008517754,
    "fastest": 0.000192842,
    "average": 0.0013091169813976558,
    "requestsPerSec": 38132.296772924215,
    "totalData": 4957537,
    "sizePerRequest": 13,
    "sizePerSec": 495719.85804801475
  },
  "responseTimeHistogram": {
    "0.000192842": 1,
    "0.0010253332": 50772,
    "0.0018578244": 324362,
    "0.0026903156": 2274,
    "0.0035228068": 1922,
    "0.0043552980000000005": 1276,
    "0.005187789200000001": 45,
    "0.0060202804": 301,
    "0.006852771600000001": 215,
    "0.007685262800000001": 91,
    "0.008517754": 90
  },
  "latencyPercentiles": {
    "p10": 0.000978119,
    "p25": 0.001181003,
    "p50": 0.00133176,
    "p75": 0.001404218,
    "p90": 0.001471123,
    "p95": 0.001549846,
    "p99": 0.00274083
  },
  "rps": {
    "mean": 38134.18392400831,
    "stddev": 3918.9782516830396,
    "max": 44584.416133507504,
    "percentiles": {
      "p10": 33147.82450827738,
      "p25": 37807.13798765247,
      "p50": 39117.713289073,
      "p75": 40109.73864454263,
      "p90": 41064.397268709676,
      "p95": 41579.46949452768,
      "p99": 43110.106071295704
    }
  },
  "details": {
    "DNSDialup": {
      "average": 0.00080151004,
      "fastest": 0.000081184,
      "slowest": 0.001420989
    },
    "DNSLookup": {
      "average": 0.000006717319999999999,
      "fastest": 0.000003026,
      "slowest": 0.000030577
    }
  },
  "statusCodeDistribution": {
    "200": 381349
  },
  "errorDistribution": {}
}