{
  "summary": {
    "successRate": 1,
    "total": 10.000660688,
    "slowest": 0.007895474,
    "fastest": 0.000156104,
    "average": 0.001285808115243115,
    "requestsPerSec": 38821.43511436772,
    "totalData": 5047120,
    "sizePerRequest": 13,
    "sizePerSec": 504678.6564867803
  },
  "responseTimeHistogram": {
    "0.000156104": 1,
    "0.0009300409999999999": 30756,
    "0.0017039779999999999": 348449,
    "0.002477915": 4984,
    "0.0032518519999999995": 2554,
    "0.004025788999999999": 846,
    "0.004799726": 8,
    "0.0055736629999999995": 166,
    "0.006347599999999999": 250,
    "0.007121536999999999": 138,
    "0.007895474": 88
  },
  "latencyPercentiles": {
    "p10": 0.000962428,
    "p25": 0.00116801,
    "p50": 0.001313822,
    "p75": 0.001379851,
    "p90": 0.001439408,
    "p95": 0.001500052,
    "p99": 0.00256582
  },
  "rps": {
    "mean": 38823.53383791667,
    "stddev": 3669.3977191087833,
    "max": 47490.56327142534,
    "percentiles": {
      "p10": 33935.13319489298,
      "p25": 38513.82261093534,
      "p50": 39714.78366775894,
      "p75": 40630.39920320288,
      "p90": 41554.73519270783,
      "p95": 42096.2687021021,
      "p99": 43340.60581358687
    }
  },
  "details": {
    "DNSDialup": {
      "average": 0.0007083040000000001,
      "fastest": 0.000084739,
      "slowest": 0.001178498
    },
    "DNSLookup": {
      "average": 0.000006520380000000001,
      "fastest": 0.000003326,
      "slowest": 0.000033182
    }
  },
  "statusCodeDistribution": {
    "200": 388240
  },
  "errorDistribution": {}
}