{
  "summary": {
    "successRate": 1,
    "total": 10.00061103,
    "slowest": 0.006813795,
    "fastest": 0.000443405,
    "average": 0.0012871976215620372,
    "requestsPerSec": 38781.53033215211,
    "totalData": 5041907,
    "sizePerRequest": 13,
    "sizePerSec": 504159.8943179775
  },
  "responseTimeHistogram": {
    "0.000443405": 1,
    "0.001080444": 74178,
    "0.0017174830000000001": 297227,
    "0.0023545220000000004": 14580,
    "0.0029915610000000002": 1098,
    "0.0036286": 57,
    "0.004265639": 48,
    "0.004902678000000001": 1,
    "0.005539717": 203,
    "0.006176756": 250,
    "0.006813795": 196
  },
  "latencyPercentiles": {
    "p10": 0.000948558,
    "p25": 0.001165135,
    "p50": 0.001305025,
    "p75": 0.001377553,
    "p90": 0.001456409,
    "p95": 0.001620483,
    "p99": 0.002222346
  },
  "rps": {
    "mean": 38782.46849415858,
    "stddev": 3443.979887163132,
    "max": 45477.523758589035,
    "percentiles": {
      "p10": 35646.768560352655,
      "p25": 37409.31117755079,
      "p50": 39536.50801149942,
      "p75": 40772.29415976606,
      "p90": 41700.76312396253,
      "p95": 42496.0410527787,
      "p99": 43623.29633821086
    }
  },
  "details": {
    "DNSDialup": {
      "average": 0.0008113554400000001,
      "fastest": 0.000075515,
      "slowest": 0.001831007
    },
    "DNSLookup": {
      "average": 0.00000779872,
      "fastest": 0.000003186,
      "slowest": 0.00003223
    }
  },
  "statusCodeDistribution": {
    "200": 387839
  },
  "errorDistribution": {}
}