{
  "summary": {
    "successRate": 1,
    "total": 10.000727034,
    "slowest": 0.003283034,
    "fastest": 0.000043572,
    "average": 0.0007528601239250164,
    "requestsPerSec": 66251.38329917945,
    "totalData": 8613306,
    "sizePerRequest": 13,
    "sizePerSec": 861267.9828893328
  },
  "responseTimeHistogram": {
    "0.000043572": 1,
    "0.00036751820000000007": 27806,
    "0.0006914644000000001": 273850,
    "0.0010154106000000002": 274792,
    "0.0013393568000000002": 53909,
    "0.001663303": 21934,
    "0.0019872492000000005": 8568,
    "0.0023111954000000004": 1314,
    "0.0026351416000000003": 315,
    "0.0029590878000000003": 56,
    "0.003283034": 17
  },
  "latencyPercentiles": {
    "p10": 0.000414084,
    "p25": 0.000502195,
    "p50": 0.000737483,
    "p75": 0.000920529,
    "p90": 0.00107803,
    "p95": 0.001331664,
    "p99": 0.001765165
  },
  "rps": {
    "mean": 66245.51610682672,
    "stddev": 10171.620537009841,
    "max": 96734.14715394608,
    "percentiles": {
      "p10": 53942.00232110844,
      "p25": 58243.75853577827,
      "p50": 64990.362600156375,
      "p75": 73336.15472427911,
      "p90": 81060.35401523669,
      "p95": 84848.88433733823,
      "p99": 91044.99826423453
    }
  },
  "details": {
    "DNSDialup": {
      "average": 0.0005163042199999999,
      "fastest": 0.000078557,
      "slowest": 0.000897962
    },
    "DNSLookup": {
      "average": 0.00000683256,
      "fastest": 0.000003216,
      "slowest": 0.000030857
    }
  },
  "statusCodeDistribution": {
    "200": 662562
  },
  "errorDistribution": {}
}