{
  "summary": {
    "successRate": 1,
    "total": 10.001324587,
    "slowest": 0.003997614,
    "fastest": 0.000048834,
    "average": 0.0006901533068637195,
    "requestsPerSec": 72270.72711343851,
    "totalData": 9396439,
    "sizePerRequest": 13,
    "sizePerSec": 939519.4524747005
  },
  "responseTimeHistogram": {
    "0.000048834": 1,
    "0.00044371199999999997": 150347,
    "0.00083859": 376749,
    "0.001233468": 161350,
    "0.001628346": 27198,
    "0.002023224": 6455,
    "0.002418102": 574,
    "0.00281298": 93,
    "0.003207858": 33,
    "0.003602736": 1,
    "0.003997614": 2
  },
  "latencyPercentiles": {
    "p10": 0.000375023,
    "p25": 0.000469851,
    "p50": 0.000654817,
    "p75": 0.000854497,
    "p90": 0.00101358,
    "p95": 0.001219383,
    "p99": 0.001626499
  },
  "rps": {
    "mean": 72265.95457821348,
    "stddev": 10603.517456294006,
    "max": 103668.05268745725,
    "percentiles": {
      "p10": 58589.078835464585,
      "p25": 63792.09074364383,
      "p50": 71717.48326800537,
      "p75": 79551.37427750736,
      "p90": 86729.86109117354,
      "p95": 91216.89336865,
      "p99": 98370.0099360736
    }
  },
  "details": {
    "DNSDialup": {
      "average": 0.0007191427999999999,
      "fastest": 0.000067202,
      "slowest": 0.001683577
    },
    "DNSLookup": {
      "average": 0.000005957179999999999,
      "fastest": 0.000002806,
      "slowest": 0.00003153
    }
  },
  "statusCodeDistribution": {
    "200": 722803
  },
  "errorDistribution": {}
}