{
  "summary": {
    "successRate": 1,
    "total": 10.00061277,
    "slowest": 0.002984238,
    "fastest": 0.000043208,
    "average": 0.0006430284461163518,
    "requestsPerSec": 77565.1470404848,
    "totalData": 10084087,
    "sizePerRequest": 13,
    "sizePerSec": 1008346.9115263023
  },
  "responseTimeHistogram": {
    "0.000043208": 1,
    "0.000337311": 46205,
    "0.0006314140000000001": 389111,
    "0.0009255170000000002": 236608,
    "0.0012196200000000003": 76246,
    "0.0015137230000000002": 18806,
    "0.0018078260000000004": 6556,
    "0.002101929": 1798,
    "0.002396032": 268,
    "0.002690135": 77,
    "0.002984238": 23
  },
  "latencyPercentiles": {
    "p10": 0.00036766,
    "p25": 0.00044322,
    "p50": 0.000582837,
    "p75": 0.000794242,
    "p90": 0.000976031,
    "p95": 0.00113079,
    "p99": 0.001544582
  },
  "rps": {
    "mean": 77564.7087857526,
    "stddev": 11156.728985365973,
    "max": 99357.69701465381,
    "percentiles": {
      "p10": 59305.6518286141,
      "p25": 70590.65958410801,
      "p50": 79739.59355675531,
      "p75": 86097.99673988883,
      "p90": 90102.42375520141,
      "p95": 92283.8663753688,
      "p99": 96240.21878742738
    }
  },
  "details": {
    "DNSDialup": {
      "average": 0.0005600251200000001,
      "fastest": 0.000096911,
      "slowest": 0.000905249
    },
    "DNSLookup": {
      "average": 0.000006802499999999998,
      "fastest": 0.000003246,
      "slowest": 0.000029965
    }
  },
  "statusCodeDistribution": {
    "200": 775699
  },
  "errorDistribution": {}
}