{
  "summary": {
    "successRate": 1,
    "total": 10.000699045,
    "slowest": 0.002981397,
    "fastest": 0.000035978,
    "average": 0.0007305257235052591,
    "requestsPerSec": 68278.62701671771,
    "totalData": 8876842,
    "sizePerRequest": 13,
    "sizePerSec": 887622.1512173302
  },
  "responseTimeHistogram": {
    "0.000035978": 1,
    "0.0003305199": 25992,
    "0.0006250618": 250379,
    "0.0009196037000000001": 262555,
    "0.0012141456000000002": 98778,
    "0.0015086875000000003": 31055,
    "0.0018032294000000003": 10709,
    "0.0020977713": 2735,
    "0.0023923132": 491,
    "0.0026868551": 97,
    "0.002981397": 42
  },
  "latencyPercentiles": {
    "p10": 0.000398059,
    "p25": 0.000507072,
    "p50": 0.000700583,
    "p75": 0.000889207,
    "p90": 0.001079671,
    "p95": 0.001291796,
    "p99": 0.001675034
  },
  "rps": {
    "mean": 68267.64890766512,
    "stddev": 9887.473857027755,
    "max": 98867.56529194835,
    "percentiles": {
      "p10": 56522.66558890015,
      "p25": 60044.536063466236,
      "p50": 66968.50615518777,
      "p75": 74476.16677576296,
      "p90": 82378.58092834658,
      "p95": 86686.7145143984,
      "p99": 94022.39061692686
    }
  },
  "details": {
    "DNSDialup": {
      "average": 0.0007699353000000001,
      "fastest": 0.000071212,
      "slowest": 0.001131393
    },
    "DNSLookup": {
      "average": 0.00000746022,
      "fastest": 0.000003717,
      "slowest": 0.000029956
    }
  },
  "statusCodeDistribution": {
    "200": 682834
  },
  "errorDistribution": {}
}