{
  "summary": {
    "successRate": 1,
    "total": 10.001337475,
    "slowest": 0.003111595,
    "fastest": 0.000043881,
    "average": 0.0006802688467396244,
    "requestsPerSec": 73327.49263117931,
    "totalData": 9533849,
    "sizePerRequest": 13,
    "sizePerSec": 953257.4042053311
  },
  "responseTimeHistogram": {
    "0.000043881": 1,
    "0.0003506524": 57831,
    "0.0006574237999999999": 319244,
    "0.0009641951999999999": 266307,
    "0.0012709665999999999": 61327,
    "0.001577738": 20321,
    "0.0018845093999999998": 6983,
    "0.0021912807999999997": 1140,
    "0.0024980522": 151,
    "0.0028048236": 62,
    "0.003111595": 6
  },
  "latencyPercentiles": {
    "p10": 0.000367396,
    "p25": 0.00046159,
    "p50": 0.000646516,
    "p75": 0.000844443,
    "p90": 0.001004921,
    "p95": 0.001201917,
    "p99": 0.001609248
  },
  "rps": {
    "mean": 73333.3752253158,
    "stddev": 10907.357204048465,
    "max": 102758.10971105113,
    "percentiles": {
      "p10": 58979.350306346896,
      "p25": 64333.91684095778,
      "p50": 72911.85546769881,
      "p75": 81012.37869146107,
      "p90": 88420.94216469245,
      "p95": 92404.46313556933,
      "p99": 98433.06366607806
    }
  },
  "details": {
    "DNSDialup": {
      "average": 0.0006238323799999999,
      "fastest": 0.000051316,
      "slowest": 0.001419962
    },
    "DNSLookup": {
      "average": 0.000005268539999999999,
      "fastest": 0.000002435,
      "slowest": 0.00002691
    }
  },
  "statusCodeDistribution": {
    "200": 733373
  },
  "errorDistribution": {}
}