{
  "summary": {
    "successRate": 1,
    "total": 10.000617547,
    "slowest": 0.003767285,
    "fastest": 0.000052949,
    "average": 0.0006188695657517136,
    "requestsPerSec": 80602.82239688374,
    "totalData": 10479014,
    "sizePerRequest": 13,
    "sizePerSec": 1047836.6911594885
  },
  "responseTimeHistogram": {
    "0.000052949": 1,
    "0.0004243826": 187557,
    "0.0007958162": 445108,
    "0.0011672498": 145556,
    "0.0015386834": 21811,
    "0.001910117": 5555,
    "0.0022815506": 441,
    "0.0026529842": 18,
    "0.0030244178": 5,
    "0.0033958514": 4,
    "0.003767285": 22
  },
  "latencyPercentiles": {
    "p10": 0.000347129,
    "p25": 0.000433331,
    "p50": 0.000570126,
    "p75": 0.000758359,
    "p90": 0.000940701,
    "p95": 0.001079779,
    "p99": 0.001474364
  },
  "rps": {
    "mean": 80611.07709521257,
    "stddev": 12155.438437734792,
    "max": 104866.5957885355,
    "percentiles": {
      "p10": 61049.52773470933,
      "p25": 72506.06150674273,
      "p50": 83122.16868239269,
      "p75": 89806.59108212718,
      "p90": 94532.31688394383,
      "p95": 96602.26049289586,
      "p99": 100723.12602973758
    }
  },
  "details": {
    "DNSDialup": {
      "average": 0.00071321132,
      "fastest": 0.00009078,
      "slowest": 0.001049219
    },
    "DNSLookup": {
      "average": 0.00000635454,
      "fastest": 0.000003426,
      "slowest": 0.000032019
    }
  },
  "statusCodeDistribution": {
    "200": 806078
  },
  "errorDistribution": {}
}