{
  "summary": {
    "successRate": 1,
    "total": 10.002719907,
    "slowest": 0.004478219,
    "fastest": 0.000043381,
    "average": 0.0007091889743244651,
    "requestsPerSec": 70335.86929767462,
    "totalData": 9146150,
    "sizePerRequest": 13,
    "sizePerSec": 914366.3008697701
  },
  "responseTimeHistogram": {
    "0.000043381": 1,
    "0.0004868648": 126082,
    "0.0009303486": 457420,
    "0.0013738323999999999": 100510,
    "0.0018173161999999999": 16283,
    "0.0022608": 2659,
    "0.0027042838": 394,
    "0.0031477676": 133,
    "0.0035912514": 21,
    "0.0040347352": 32,
    "0.004478219": 15
  },
  "latencyPercentiles": {
    "p10": 0.000422611,
    "p25": 0.000543381,
    "p50": 0.000634114,
    "p75": 0.000843828,
    "p90": 0.001052835,
    "p95": 0.001232816,
    "p99": 0.001653519
  },
  "rps": {
    "mean": 70327.13879092078,
    "stddev": 10032.100257945875,
    "max": 100772.90919980704,
    "percentiles": {
      "p10": 56844.209407604816,
      "p25": 62533.60304290107,
      "p50": 72170.03380080023,
      "p75": 76314.69613463581,
      "p90": 83499.19568121602,
      "p95": 86858.75995110653,
      "p99": 93290.96519133297
    }
  },
  "details": {
    "DNSDialup": {
      "average": 0.0008361531199999999,
      "fastest": 0.000056245,
      "slowest": 0.001846387
    },
    "DNSLookup": {
      "average": 0.0000054753799999999996,
      "fastest": 0.000002695,
      "slowest": 0.000026649
    }
  },
  "statusCodeDistribution": {
    "200": 703550
  },
  "errorDistribution": {}
}