{
  "summary": {
    "successRate": 1,
    "total": 10.000730802,
    "slowest": 0.003675294,
    "fastest": 0.000057737,
    "average": 0.0007312107255289169,
    "requestsPerSec": 68220.41443846875,
    "totalData": 8869302,
    "sizePerRequest": 13,
    "sizePerSec": 886865.3877000938
  },
  "responseTimeHistogram": {
    "0.000057737": 1,
    "0.00041949269999999996": 52181,
    "0.0007812483999999999": 397555,
    "0.0011430041": 178382,
    "0.0015047597999999999": 41800,
    "0.0018665154999999998": 9565,
    "0.0022282712": 2464,
    "0.0025900269": 233,
    "0.0029517826": 48,
    "0.0033135382999999997": 24,
    "0.0036752939999999995": 1
  },
  "latencyPercentiles": {
    "p10": 0.000438906,
    "p25": 0.000560941,
    "p50": 0.000655389,
    "p75": 0.000881185,
    "p90": 0.001076485,
    "p95": 0.001257799,
    "p99": 0.001682099
  },
  "rps": {
    "mean": 68214.63015237168,
    "stddev": 8972.6532348422,
    "max": 96967.56700068596,
    "percentiles": {
      "p10": 55391.651025790336,
      "p25": 61743.38707810174,
      "p50": 69555.70716586814,
      "p75": 73752.69019451545,
      "p90": 78031.70972283871,
      "p95": 83116.91429206076,
      "p99": 90677.7198737053
    }
  },
  "details": {
    "DNSDialup": {
      "average": 0.0006189864199999997,
      "fastest": 0.000080737,
      "slowest": 0.000882905
    },
    "DNSLookup": {
      "average": 0.0000072642799999999995,
      "fastest": 0.000003476,
      "slowest": 0.000030888
    }
  },
  "statusCodeDistribution": {
    "200": 682254
  },
  "errorDistribution": {}
}