{
  "summary": {
    "successRate": 1,
    "total": 10.000710174,
    "slowest": 0.003447154,
    "fastest": 0.000044488,
    "average": 0.0007363032143269297,
    "requestsPerSec": 67745.88886311225,
    "totalData": 8807591,
    "sizePerRequest": 13,
    "sizePerSec": 880696.5552204592
  },
  "responseTimeHistogram": {
    "0.000044488": 1,
    "0.00038475459999999994": 53709,
    "0.0007250211999999999": 296096,
    "0.0010652878": 257621,
    "0.0014055544": 45524,
    "0.0017458209999999998": 17767,
    "0.0020860876": 5774,
    "0.0024263542": 877,
    "0.0027666208": 92,
    "0.0031068873999999997": 28,
    "0.0034471539999999996": 18
  },
  "latencyPercentiles": {
    "p10": 0.000399458,
    "p25": 0.000489019,
    "p50": 0.000709892,
    "p75": 0.000908608,
    "p90": 0.001074659,
    "p95": 0.001314901,
    "p99": 0.001746359
  },
  "rps": {
    "mean": 67743.09781364501,
    "stddev": 10561.821277018069,
    "max": 98729.01645793725,
    "percentiles": {
      "p10": 54787.69967800351,
      "p25": 59423.31176520554,
      "p50": 66322.59610849418,
      "p75": 75267.28175477906,
      "p90": 82731.65313047788,
      "p95": 86565.1403181881,
      "p99": 91891.20844170073
    }
  },
  "details": {
    "DNSDialup": {
      "average": 0.0007411823,
      "fastest": 0.000069731,
      "slowest": 0.00192147
    },
    "DNSLookup": {
      "average": 0.0000063169599999999996,
      "fastest": 0.000003316,
      "slowest": 0.000026921
    }
  },
  "statusCodeDistribution": {
    "200": 677507
  },
  "errorDistribution": {}
}