{
  "summary": {
    "successRate": 1,
    "total": 10.000580591,
    "slowest": 0.00322576,
    "fastest": 0.000040335,
    "average": 0.0006582986192743346,
    "requestsPerSec": 75777.2004439417,
    "totalData": 9851608,
    "sizePerRequest": 13,
    "sizePerSec": 985103.6057712422
  },
  "responseTimeHistogram": {
    "0.000040335": 1,
    "0.0003588775": 64300,
    "0.00067742": 384225,
    "0.0009959625000000001": 241107,
    "0.001314505": 47525,
    "0.0016330475": 14538,
    "0.0019515900000000002": 5370,
    "0.0022701325": 590,
    "0.002588675": 108,
    "0.0029072175": 45,
    "0.00322576": 7
  },
  "latencyPercentiles": {
    "p10": 0.000370387,
    "p25": 0.000455295,
    "p50": 0.000605276,
    "p75": 0.000820834,
    "p90": 0.000976657,
    "p95": 0.001149857,
    "p99": 0.001580909
  },
  "rps": {
    "mean": 75774.9143523222,
    "stddev": 12251.129732601143,
    "max": 101084.93822386688,
    "percentiles": {
      "p10": 57289.394370975795,
      "p25": 66660.97479364286,
      "p50": 77732.48725127116,
      "p75": 85610.79552132064,
      "p90": 90744.54698889978,
      "p95": 93305.79496789975,
      "p99": 96600.59986469807
    }
  },
  "details": {
    "DNSDialup": {
      "average": 0.00069190442,
      "fastest": 0.000087757,
      "slowest": 0.001240037
    },
    "DNSLookup": {
      "average": 0.000005843520000000001,
      "fastest": 0.000002625,
      "slowest": 0.000031258
    }
  },
  "statusCodeDistribution": {
    "200": 757816
  },
  "errorDistribution": {}
}