{
  "summary": {
    "successRate": 1,
    "total": 10.000607644,
    "slowest": 0.00306831,
    "fastest": 0.000062988,
    "average": 0.0007720531033707267,
    "requestsPerSec": 64599.474651682474,
    "totalData": 8398442,
    "sizePerRequest": 13,
    "sizePerSec": 839793.1704718721
  },
  "responseTimeHistogram": {
    "0.000062988": 1,
    "0.0003635202": 13243,
    "0.0006640524000000001": 252443,
    "0.0009645846000000001": 233354,
    "0.0012651168": 111468,
    "0.0015656490000000001": 21407,
    "0.0018661812": 10051,
    "0.0021667134": 3658,
    "0.0024672456": 343,
    "0.0027677778": 48,
    "0.0030683100000000003": 18
  },
  "latencyPercentiles": {
    "p10": 0.000437571,
    "p25": 0.000514354,
    "p50": 0.000765385,
    "p75": 0.000951649,
    "p90": 0.001077835,
    "p95": 0.001292865,
    "p99": 0.001780712
  },
  "rps": {
    "mean": 64599.88188141874,
    "stddev": 9822.366515151038,
    "max": 96860.56575985589,
    "percentiles": {
      "p10": 52525.00952266574,
      "p25": 56652.042752340734,
      "p50": 63736.80133800722,
      "p75": 71005.96808747904,
      "p90": 78197.19128905293,
      "p95": 83013.34854644655,
      "p99": 88230.29828443199
    }
  },
  "details": {
    "DNSDialup": {
      "average": 0.0008021653599999999,
      "fastest": 0.000090177,
      "slowest": 0.001331827
    },
    "DNSLookup": {
      "average": 0.0000071506,
      "fastest": 0.000003997,
      "slowest": 0.000029315
    }
  },
  "statusCodeDistribution": {
    "200": 646034
  },
  "errorDistribution": {}
}