{
  "summary": {
    "successRate": 1,
    "total": 10.00063275,
    "slowest": 0.003551528,
    "fastest": 0.000055844,
    "average": 0.00076484139119189,
    "requestsPerSec": 65212.97364909236,
    "totalData": 8478223,
    "sizePerRequest": 13,
    "sizePerSec": 847768.6574382007
  },
  "responseTimeHistogram": {
    "0.000055844": 1,
    "0.0004054124": 42997,
    "0.0007549808": 280486,
    "0.0011045492": 269781,
    "0.0014541176": 38900,
    "0.0018036859999999999": 14493,
    "0.0021532544000000004": 5016,
    "0.0025028228000000003": 424,
    "0.0028523912": 36,
    "0.0032019596": 19,
    "0.003551528": 18
  },
  "latencyPercentiles": {
    "p10": 0.000426372,
    "p25": 0.000503157,
    "p50": 0.000759181,
    "p75": 0.000945865,
    "p90": 0.001076643,
    "p95": 0.001300452,
    "p99": 0.00176866
  },
  "rps": {
    "mean": 65207.075325043545,
    "stddev": 10118.762041548533,
    "max": 98627.63402118497,
    "percentiles": {
      "p10": 53165.52651142547,
      "p25": 56822.89394397038,
      "p50": 64229.949642715124,
      "p75": 72005.97649604637,
      "p90": 79155.97910842582,
      "p95": 82751.33065039579,
      "p99": 90689.87728372963
    }
  },
  "details": {
    "DNSDialup": {
      "average": 0.0005346806999999999,
      "fastest": 0.00007003,
      "slowest": 0.000822858
    },
    "DNSLookup": {
      "average": 0.0000070021,
      "fastest": 0.000003276,
      "slowest": 0.000033973
    }
  },
  "statusCodeDistribution": {
    "200": 652171
  },
  "errorDistribution": {}
}