{
  "summary": {
    "successRate": 1,
    "total": 10.002731556,
    "slowest": 0.003884694,
    "fastest": 0.00005531,
    "average": 0.0007184502220163031,
    "requestsPerSec": 69429.53493372745,
    "totalData": 9028305,
    "sizePerRequest": 13,
    "sizePerSec": 902583.9541384568
  },
  "responseTimeHistogram": {
    "0.00005531": 1,
    "0.0004382484": 73533,
    "0.0008211868000000001": 412336,
    "0.0012041252000000002": 171939,
    "0.0015870636": 28353,
    "0.0019700019999999998": 7277,
    "0.0023529404": 933,
    "0.0027358788": 95,
    "0.0031188172": 17,
    "0.0035017556": 0,
    "0.0038846939999999997": 1
  },
  "latencyPercentiles": {
    "p10": 0.000434018,
    "p25": 0.000549694,
    "p50": 0.000642613,
    "p75": 0.00087558,
    "p90": 0.001035566,
    "p95": 0.001215186,
    "p99": 0.001633014
  },
  "rps": {
    "mean": 69431.6499368164,
    "stddev": 9417.145402183287,
    "max": 100377.15713019687,
    "percentiles": {
      "p10": 56020.677231966736,
      "p25": 62018.4815074884,
      "p50": 71302.58115343752,
      "p75": 75250.67380373651,
      "p90": 79728.40929070926,
      "p95": 84210.27365338491,
      "p99": 92904.50586853398
    }
  },
  "details": {
    "DNSDialup": {
      "average": 0.0005993160600000001,
      "fastest": 0.000081859,
      "slowest": 0.000875942
    },
    "DNSLookup": {
      "average": 0.0000064786,
      "fastest": 0.000003336,
      "slowest": 0.000047218
    }
  },
  "statusCodeDistribution": {
    "200": 694485
  },
  "errorDistribution": {}
}