{
  "summary": {
    "successRate": 1,
    "total": 10.000633109,
    "slowest": 0.003371244,
    "fastest": 0.000039664,
    "average": 0.0007322351624313912,
    "requestsPerSec": 68125.98688245707,
    "totalData": 8856939,
    "sizePerRequest": 13,
    "sizePerSec": 885637.829471942
  },
  "responseTimeHistogram": {
    "0.000039664": 1,
    "0.000372822": 39547,
    "0.0007059799999999999": 298206,
    "0.0010391379999999998": 269418,
    "0.0013722959999999998": 50429,
    "0.001705454": 16647,
    "0.0020386119999999995": 6317,
    "0.0023717699999999996": 600,
    "0.0027049279999999997": 97,
    "0.0030380859999999997": 22,
    "0.003371244": 19
  },
  "latencyPercentiles": {
    "p10": 0.000401205,
    "p25": 0.000479775,
    "p50": 0.000710568,
    "p75": 0.000920737,
    "p90": 0.001053916,
    "p95": 0.001262389,
    "p99": 0.001712967
  },
  "rps": {
    "mean": 68120.11344134288,
    "stddev": 10933.503698285987,
    "max": 98264.02884119295,
    "percentiles": {
      "p10": 53838.871665342194,
      "p25": 58789.18907874892,
      "p50": 67958.35584016105,
      "p75": 75970.66810590004,
      "p90": 82928.37809099029,
      "p95": 87221.1947503252,
      "p99": 93156.62423232176
    }
  },
  "details": {
    "DNSDialup": {
      "average": 0.0004680441600000001,
      "fastest": 0.000077084,
      "slowest": 0.000851729
    },
    "DNSLookup": {
      "average": 0.0000064512,
      "fastest": 0.000003076,
      "slowest": 0.000029405
    }
  },
  "statusCodeDistribution": {
    "200": 681303
  },
  "errorDistribution": {}
}