{
  "summary": {
    "successRate": 1,
    "total": 10.000657428,
    "slowest": 0.00339396,
    "fastest": 0.000051997,
    "average": 0.0006906191724927862,
    "requestsPerSec": 72230.15138760336,
    "totalData": 9390537,
    "sizePerRequest": 13,
    "sizePerSec": 938991.9680388436
  },
  "responseTimeHistogram": {
    "0.000051997": 1,
    "0.00038619330000000006": 79211,
    "0.0007203896000000001": 340185,
    "0.0010545859000000001": 245048,
    "0.0013887822000000001": 40472,
    "0.0017229785000000002": 13365,
    "0.0020571748": 3747,
    "0.0023913711000000002": 277,
    "0.0027255674": 33,
    "0.0030597637": 7,
    "0.00339396": 3
  },
  "latencyPercentiles": {
    "p10": 0.000380097,
    "p25": 0.000468173,
    "p50": 0.000651956,
    "p75": 0.00086327,
    "p90": 0.001005916,
    "p95": 0.001192803,
    "p99": 0.001602819
  },
  "rps": {
    "mean": 72223.97721568898,
    "stddev": 11252.24595759015,
    "max": 101882.58602422557,
    "percentiles": {
      "p10": 57526.32980115316,
      "p25": 62637.143826288506,
      "p50": 72661.4941852742,
      "p75": 79667.91689915587,
      "p90": 88428.63713844451,
      "p95": 91475.97079374349,
      "p99": 97459.46001655691
    }
  },
  "details": {
    "DNSDialup": {
      "average": 0.00070805018,
      "fastest": 0.000084156,
      "slowest": 0.001399971
    },
    "DNSLookup": {
      "average": 0.000007342399999999999,
      "fastest": 0.000003356,
      "slowest": 0.000036809
    }
  },
  "statusCodeDistribution": {
    "200": 722349
  },
  "errorDistribution": {}
}