{
  "summary": {
    "successRate": 1,
    "total": 10.002045573,
    "slowest": 0.00386675,
    "fastest": 0.000046557,
    "average": 0.0006776233321068094,
    "requestsPerSec": 73607.04314199388,
    "totalData": 9570873,
    "sizePerRequest": 13,
    "sizePerSec": 956891.5608459206
  },
  "responseTimeHistogram": {
    "0.000046557": 1,
    "0.0004285763": 121533,
    "0.0008105956": 418321,
    "0.0011926149": 158893,
    "0.0015746342": 29524,
    "0.0019566534999999998": 7161,
    "0.0023386728": 621,
    "0.0027206921": 114,
    "0.0031027114": 34,
    "0.0034847307": 13,
    "0.00386675": 6
  },
  "latencyPercentiles": {
    "p10": 0.000385093,
    "p25": 0.000479015,
    "p50": 0.000622502,
    "p75": 0.000827706,
    "p90": 0.001012112,
    "p95": 0.001196983,
    "p99": 0.001591734
  },
  "rps": {
    "mean": 73600.95652797783,
    "stddev": 11550.359144414311,
    "max": 100322.63278595565,
    "percentiles": {
      "p10": 58234.72943345962,
      "p25": 62967.10404277838,
      "p50": 74426.39159846463,
      "p75": 82601.59421076988,
      "p90": 88732.73350538933,
      "p95": 91501.70193165647,
      "p99": 96635.64889087496
    }
  },
  "details": {
    "DNSDialup": {
      "average": 0.0007128747399999999,
      "fastest": 0.000078752,
      "slowest": 0.001154486
    },
    "DNSLookup": {
      "average": 0.000006570480000000001,
      "fastest": 0.000003306,
      "slowest": 0.000036198
    }
  },
  "statusCodeDistribution": {
    "200": 736221
  },
  "errorDistribution": {}
}