{
  "summary": {
    "successRate": 1,
    "total": 10.000688275,
    "slowest": 0.003811031,
    "fastest": 0.000036698,
    "average": 0.0007134535391146045,
    "requestsPerSec": 69915.38789863941,
    "totalData": 9089626,
    "sizePerRequest": 13,
    "sizePerSec": 908900.0426823123
  },
  "responseTimeHistogram": {
    "0.000036698": 1,
    "0.0004141313": 92473,
    "0.0007915646": 355583,
    "0.0011689978999999998": 206527,
    "0.0015464311999999999": 33697,
    "0.0019238645": 9434,
    "0.0023012977999999997": 1323,
    "0.0026787310999999998": 111,
    "0.0030561644": 28,
    "0.0034335977": 17,
    "0.003811031": 8
  },
  "latencyPercentiles": {
    "p10": 0.000393035,
    "p25": 0.000487139,
    "p50": 0.000667736,
    "p75": 0.000893016,
    "p90": 0.001040968,
    "p95": 0.001236747,
    "p99": 0.001656964
  },
  "rps": {
    "mean": 69912.76998221794,
    "stddev": 10711.206247670169,
    "max": 99274.3008335519,
    "percentiles": {
      "p10": 56021.26006819599,
      "p25": 61519.613909423024,
      "p50": 69787.92580772472,
      "p75": 76810.97628850727,
      "p90": 84612.02336851778,
      "p95": 88262.48984280709,
      "p99": 95330.42947308865
    }
  },
  "details": {
    "DNSDialup": {
      "average": 0.000595876,
      "fastest": 0.000102598,
      "slowest": 0.000899458
    },
    "DNSLookup": {
      "average": 0.00000754786,
      "fastest": 0.000003346,
      "slowest": 0.000037099
    }
  },
  "statusCodeDistribution": {
    "200": 699202
  },
  "errorDistribution": {}
}