{
  "summary": {
    "successRate": 1,
    "total": 10.000493195,
    "slowest": 0.006208575,
    "fastest": 0.000041368,
    "average": 0.0006150614276651525,
    "requestsPerSec": 81127.69882245793,
    "totalData": 10547121,
    "sizePerRequest": 13,
    "sizePerSec": 1054660.084691953
  },
  "responseTimeHistogram": {
    "0.000041368": 1,
    "0.0006580886999999999": 587655,
    "0.0012748094": 208426,
    "0.0018915300999999998": 14563,
    "0.0025082508": 532,
    "0.0031249715": 76,
    "0.0037416921999999997": 29,
    "0.0043584129": 29,
    "0.0049751336": 3,
    "0.0055918543": 2,
    "0.006208575": 1
  },
  "latencyPercentiles": {
    "p10": 0.000368036,
    "p25": 0.000483519,
    "p50": 0.000568881,
    "p75": 0.000683166,
    "p90": 0.00092765,
    "p95": 0.001089882,
    "p99": 0.001443086
  },
  "rps": {
    "mean": 81128.95110196645,
    "stddev": 12619.986393847832,
    "max": 105045.12738672948,
    "percentiles": {
      "p10": 61555.87177851756,
      "p25": 75508.07936449145,
      "p50": 80729.32604501469,
      "p75": 91900.44112211504,
      "p90": 97805.79287728804,
      "p95": 100605.57549091868,
      "p99": 103541.1162275142
    }
  },
  "details": {
    "DNSDialup": {
      "average": 0.00069131046,
      "fastest": 0.000070268,
      "slowest": 0.001584414
    },
    "DNSLookup": {
      "average": 0.000006997419999999998,
      "fastest": 0.000003056,
      "slowest": 0.000031478
    }
  },
  "statusCodeDistribution": {
    "200": 811317
  },
  "errorDistribution": {}
}