{
  "summary": {
    "successRate": 1,
    "total": 10.000402765,
    "slowest": 0.002982698,
    "fastest": 0.00004911,
    "average": 0.0006008470483356325,
    "requestsPerSec": 83045.1552318053,
    "totalData": 10796305,
    "sizePerRequest": 13,
    "sizePerSec": 1079587.018013469
  },
  "responseTimeHistogram": {
    "0.00004911": 1,
    "0.0003424688": 108267,
    "0.0006358276": 395004,
    "0.0009291864000000001": 259139,
    "0.0012225452": 44724,
    "0.001515904": 16691,
    "0.0018092628000000001": 5765,
    "0.0021026216000000005": 776,
    "0.0023959804000000004": 95,
    "0.0026893392000000003": 17,
    "0.002982698": 6
  },
  "latencyPercentiles": {
    "p10": 0.000324301,
    "p25": 0.000406114,
    "p50": 0.0005692,
    "p75": 0.000742027,
    "p90": 0.000893865,
    "p95": 0.001045866,
    "p99": 0.001471979
  },
  "rps": {
    "mean": 83026.17769913647,
    "stddev": 16005.840323566143,
    "max": 105738.13974700918,
    "percentiles": {
      "p10": 59650.965785167784,
      "p25": 65667.32871212786,
      "p50": 88636.95508658826,
      "p75": 97205.26852555608,
      "p90": 100956.51545735064,
      "p95": 102446.85594409161,
      "p99": 104411.45393649854
    }
  },
  "details": {
    "DNSDialup": {
      "average": 0.0008352561599999999,
      "fastest": 0.000087184,
      "slowest": 0.001379893
    },
    "DNSLookup": {
      "average": 0.000009113780000000001,
      "fastest": 0.000003086,
      "slowest": 0.000081994
    }
  },
  "statusCodeDistribution": {
    "200": 830485
  },
  "errorDistribution": {}
}