{
  "summary": {
    "successRate": 1,
    "total": 10.000665791,
    "slowest": 0.003063712,
    "fastest": 0.000038543,
    "average": 0.0005263036733523394,
    "requestsPerSec": 94743.49206356755,
    "totalData": 12317474,
    "sizePerRequest": 13,
    "sizePerSec": 1231665.3968263783
  },
  "responseTimeHistogram": {
    "0.000038543": 1,
    "0.00034105990000000004": 132034,
    "0.0006435768000000001": 647959,
    "0.0009460937000000002": 135423,
    "0.0012486106000000002": 29254,
    "0.0015511275000000002": 2129,
    "0.0018536444000000003": 488,
    "0.0021561613000000003": 158,
    "0.0024586782000000002": 40,
    "0.0027611951": 11,
    "0.003063712": 1
  },
  "latencyPercentiles": {
    "p10": 0.000315587,
    "p25": 0.000404236,
    "p50": 0.000519822,
    "p75": 0.000602933,
    "p90": 0.000730556,
    "p95": 0.000881156,
    "p99": 0.001115156
  },
  "rps": {
    "mean": 94742.0878989675,
    "stddev": 8895.088971596735,
    "max": 130809.20896831076,
    "percentiles": {
      "p10": 85204.48175573461,
      "p25": 88133.76404500662,
      "p50": 93308.34176576648,
      "p75": 99997.0374992958,
      "p90": 106306.05944538687,
      "p95": 111904.20278924162,
      "p99": 119215.79250601494
    }
  },
  "details": {
    "DNSDialup": {
      "average": 0.0005883262600000003,
      "fastest": 0.000077318,
      "slowest": 0.001215713
    },
    "DNSLookup": {
      "average": 0.000005674460000000001,
      "fastest": 0.000002544,
      "slowest": 0.000030651
    }
  },
  "statusCodeDistribution": {
    "200": 947498
  },
  "errorDistribution": {}
}