{
  "summary": {
    "successRate": 1,
    "total": 10.000598069,
    "slowest": 0.003533975,
    "fastest": 0.000031647,
    "average": 0.0007382834493917901,
    "requestsPerSec": 67556.1596755139,
    "totalData": 8782826,
    "sizePerRequest": 13,
    "sizePerSec": 878230.0757816806
  },
  "responseTimeHistogram": {
    "0.000031647": 1,
    "0.00038187979999999996": 40780,
    "0.0007321125999999999": 303353,
    "0.0010823453999999999": 271516,
    "0.0014325782": 40646,
    "0.001782811": 14592,
    "0.0021330437999999997": 4291,
    "0.0024832765999999997": 339,
    "0.0028335094": 44,
    "0.0031837422": 24,
    "0.003533975": 16
  },
  "latencyPercentiles": {
    "p10": 0.000409343,
    "p25": 0.000489964,
    "p50": 0.000722497,
    "p75": 0.00091625,
    "p90": 0.00105223,
    "p95": 0.00126611,
    "p99": 0.001706854
  },
  "rps": {
    "mean": 67538.40563957223,
    "stddev": 10773.861259208941,
    "max": 101030.14703541365,
    "percentiles": {
      "p10": 54640.40111258286,
      "p25": 58615.73832574238,
      "p50": 66208.18417294112,
      "p75": 75202.67421109452,
      "p90": 83135.54044353952,
      "p95": 87043.48692606801,
      "p99": 93603.43524607709
    }
  },
  "details": {
    "DNSDialup": {
      "average": 0.0005103086199999999,
      "fastest": 0.000072506,
      "slowest": 0.000870726
    },
    "DNSLookup": {
      "average": 0.000006425799999999998,
      "fastest": 0.000003437,
      "slowest": 0.000040726
    }
  },
  "statusCodeDistribution": {
    "200": 675602
  },
  "errorDistribution": {}
}