{
  "summary": {
    "successRate": 1,
    "total": 10.000632484,
    "slowest": 0.003456249,
    "fastest": 0.000041561,
    "average": 0.0007190857151148573,
    "requestsPerSec": 69361.11302057923,
    "totalData": 9017515,
    "sizePerRequest": 13,
    "sizePerSec": 901694.4692675299
  },
  "responseTimeHistogram": {
    "0.000041561": 1,
    "0.00038302980000000006": 66392,
    "0.0007244986000000001": 305693,
    "0.0010659674000000003": 255723,
    "0.0014074362000000003": 43202,
    "0.0017489050000000003": 16571,
    "0.0020903738000000002": 5137,
    "0.0024318426000000002": 821,
    "0.0027733114000000002": 74,
    "0.0031147802000000002": 34,
    "0.003456249": 7
  },
  "latencyPercentiles": {
    "p10": 0.00038574,
    "p25": 0.000471559,
    "p50": 0.000691778,
    "p75": 0.000896206,
    "p90": 0.001052445,
    "p95": 0.001289957,
    "p99": 0.001719433
  },
  "rps": {
    "mean": 69354.79606696282,
    "stddev": 11199.916793289041,
    "max": 99271.63441139535,
    "percentiles": {
      "p10": 55432.738575404735,
      "p25": 60109.87605264238,
      "p50": 68600.23866873945,
      "p75": 77170.27897306505,
      "p90": 85338.23086635128,
      "p95": 89548.06772998834,
      "p99": 94619.1444266644
    }
  },
  "details": {
    "DNSDialup": {
      "average": 0.0007344972799999999,
      "fastest": 0.000175724,
      "slowest": 0.00148389
    },
    "DNSLookup": {
      "average": 0.000007879159999999998,
      "fastest": 0.000003547,
      "slowest": 0.000035666
    }
  },
  "statusCodeDistribution": {
    "200": 693655
  },
  "errorDistribution": {}
}