{
  "summary": {
    "successRate": 1,
    "total": 10.000664891,
    "slowest": 0.004076738,
    "fastest": 0.000040453,
    "average": 0.0007265041034039045,
    "requestsPerSec": 68661.1347829433,
    "totalData": 8926541,
    "sizePerRequest": 13,
    "sizePerSec": 892594.752178263
  },
  "responseTimeHistogram": {
    "0.000040453": 1,
    "0.0004440815": 128124,
    "0.0008477099999999999": 326443,
    "0.0012513384999999998": 197485,
    "0.0016549669999999998": 26644,
    "0.0020585955": 7348,
    "0.002462224": 511,
    "0.0028658525": 74,
    "0.003269481": 15,
    "0.0036731094999999997": 7,
    "0.004076738": 5
  },
  "latencyPercentiles": {
    "p10": 0.000401382,
    "p25": 0.000475736,
    "p50": 0.000706105,
    "p75": 0.000910615,
    "p90": 0.001045348,
    "p95": 0.001253548,
    "p99": 0.001689295
  },
  "rps": {
    "mean": 68659.70100953095,
    "stddev": 11135.510540060644,
    "max": 98835.40284129714,
    "percentiles": {
      "p10": 54915.98805838209,
      "p25": 59400.68310785549,
      "p50": 67944.82319986373,
      "p75": 76502.60108843684,
      "p90": 84482.21809465608,
      "p95": 88811.88521300584,
      "p99": 94768.2141605594
    }
  },
  "details": {
    "DNSDialup": {
      "average": 0.0007111206999999999,
      "fastest": 0.000075782,
      "slowest": 0.001168831
    },
    "DNSLookup": {
      "average": 0.0000052676599999999985,
      "fastest": 0.000002594,
      "slowest": 0.000031028
    }
  },
  "statusCodeDistribution": {
    "200": 686657
  },
  "errorDistribution": {}
}