{
  "summary": {
    "successRate": 1,
    "total": 10.001264259,
    "slowest": 0.00436302,
    "fastest": 0.000041696,
    "average": 0.000733074119360979,
    "requestsPerSec": 68039.5980325831,
    "totalData": 8846266,
    "sizePerRequest": 13,
    "sizePerSec": 884514.7744235803
  },
  "responseTimeHistogram": {
    "0.000041696": 1,
    "0.00047382839999999995": 129219,
    "0.0009059608": 378384,
    "0.0013380932": 147581,
    "0.0017702255999999998": 20228,
    "0.0022023579999999997": 4652,
    "0.0026344904": 367,
    "0.0030666227999999996": 35,
    "0.0034987551999999997": 13,
    "0.0039308876": 1,
    "0.00436302": 1
  },
  "latencyPercentiles": {
    "p10": 0.000410487,
    "p25": 0.000521481,
    "p50": 0.000673276,
    "p75": 0.000909815,
    "p90": 0.001068281,
    "p95": 0.001262133,
    "p99": 0.001702175
  },
  "rps": {
    "mean": 68037.37385767513,
    "stddev": 10515.79232751795,
    "max": 99808.38192192756,
    "percentiles": {
      "p10": 53958.53961963288,
      "p25": 59522.25060772316,
      "p50": 68531.31881269721,
      "p75": 74586.20673774718,
      "p90": 82396.4120417302,
      "p95": 87097.29278762206,
      "p99": 93913.47658388913
    }
  },
  "details": {
    "DNSDialup": {
      "average": 0.00071908682,
      "fastest": 0.000078485,
      "slowest": 0.001385082
    },
    "DNSLookup": {
      "average": 0.000006520460000000001,
      "fastest": 0.000003135,
      "slowest": 0.00003232
    }
  },
  "statusCodeDistribution": {
    "200": 680482
  },
  "errorDistribution": {}
}