{
  "summary": {
    "successRate": 1,
    "total": 10.002171849,
    "slowest": 0.003423286,
    "fastest": 0.000042642,
    "average": 0.0006959615490377226,
    "requestsPerSec": 71678.23257022706,
    "totalData": 9320194,
    "sizePerRequest": 13,
    "sizePerSec": 931817.0234129517
  },
  "responseTimeHistogram": {
    "0.000042642": 1,
    "0.00038070640000000005": 64187,
    "0.0007187708": 368354,
    "0.0010568352000000002": 221134,
    "0.0013948996000000002": 44765,
    "0.0017329640000000002": 13614,
    "0.0020710284": 4206,
    "0.0024090928": 565,
    "0.0027471572": 64,
    "0.0030852216": 40,
    "0.003423286": 8
  },
  "latencyPercentiles": {
    "p10": 0.000388233,
    "p25": 0.000487707,
    "p50": 0.000639521,
    "p75": 0.000855958,
    "p90": 0.001023351,
    "p95": 0.001226935,
    "p99": 0.001648607
  },
  "rps": {
    "mean": 71673.68110550505,
    "stddev": 10791.778931336841,
    "max": 103525.3393344574,
    "percentiles": {
      "p10": 57119.27204238991,
      "p25": 63347.40286156179,
      "p50": 71960.06076315446,
      "p75": 78223.42791666275,
      "p90": 86740.60327639607,
      "p95": 90638.3218824928,
      "p99": 95899.00613393265
    }
  },
  "details": {
    "DNSDialup": {
      "average": 0.0005414945599999999,
      "fastest": 0.000103815,
      "slowest": 0.000844283
    },
    "DNSLookup": {
      "average": 0.0000070617000000000005,
      "fastest": 0.000003326,
      "slowest": 0.000033512
    }
  },
  "statusCodeDistribution": {
    "200": 716938
  },
  "errorDistribution": {}
}