{
  "summary": {
    "successRate": 1,
    "total": 10.000658819,
    "slowest": 0.003658314,
    "fastest": 0.000041048,
    "average": 0.0006359226723940332,
    "requestsPerSec": 78437.23240609835,
    "totalData": 10197512,
    "sizePerRequest": 13,
    "sizePerSec": 1019684.0212792784
  },
  "responseTimeHistogram": {
    "0.000041048": 1,
    "0.00040277460000000005": 138012,
    "0.0007645012000000001": 429813,
    "0.0011262278": 180157,
    "0.0014879544": 28159,
    "0.001849681": 7222,
    "0.0022114076000000005": 947,
    "0.0025731342000000004": 38,
    "0.0029348608000000003": 34,
    "0.0032965874000000003": 23,
    "0.003658314": 18
  },
  "latencyPercentiles": {
    "p10": 0.00035999,
    "p25": 0.000438168,
    "p50": 0.000584739,
    "p75": 0.000788546,
    "p90": 0.000957451,
    "p95": 0.001106202,
    "p99": 0.001500133
  },
  "rps": {
    "mean": 78443.63422061744,
    "stddev": 12081.506267361496,
    "max": 101648.40497045014,
    "percentiles": {
      "p10": 59331.576264888296,
      "p25": 69132.46527177824,
      "p50": 80888.14174817428,
      "p75": 87902.13602189657,
      "p90": 92709.31910066587,
      "p95": 95125.5982985015,
      "p99": 98421.10035795128
    }
  },
  "details": {
    "DNSDialup": {
      "average": 0.0008042801400000002,
      "fastest": 0.000105659,
      "slowest": 0.001217859
    },
    "DNSLookup": {
      "average": 0.000006708099999999999,
      "fastest": 0.000003476,
      "slowest": 0.000029675
    }
  },
  "statusCodeDistribution": {
    "200": 784424
  },
  "errorDistribution": {}
}