{
  "summary": {
    "successRate": 1,
    "total": 10.000660981,
    "slowest": 0.004697191,
    "fastest": 0.00003641,
    "average": 0.0006073217284922361,
    "requestsPerSec": 82134.77104768982,
    "totalData": 10678226,
    "sizePerRequest": 13,
    "sizePerSec": 1067752.0236199677
  },
  "responseTimeHistogram": {
    "0.00003641": 1,
    "0.0005024881": 319434,
    "0.0009685662": 441063,
    "0.0014346443": 52918,
    "0.0019007224": 7717,
    "0.0023668005000000002": 235,
    "0.0028328786000000002": 18,
    "0.0032989567000000003": 14,
    "0.0037650348000000003": 1,
    "0.004231112899999999": 0,
    "0.004697191": 1
  },
  "latencyPercentiles": {
    "p10": 0.000346003,
    "p25": 0.000434708,
    "p50": 0.00056241,
    "p75": 0.000737434,
    "p90": 0.000911959,
    "p95": 0.00105033,
    "p99": 0.001428493
  },
  "rps": {
    "mean": 82147.57577407866,
    "stddev": 12096.494075137889,
    "max": 104152.50009063502,
    "percentiles": {
      "p10": 63340.34954652756,
      "p25": 73370.13029630414,
      "p50": 84687.26175451286,
      "p75": 91579.35366040906,
      "p90": 96106.59291227502,
      "p95": 98489.75686468655,
      "p99": 101251.75989966035
    }
  },
  "details": {
    "DNSDialup": {
      "average": 0.0007701089000000001,
      "fastest": 0.000074228,
      "slowest": 0.001691602
    },
    "DNSLookup": {
      "average": 0.00003659218,
      "fastest": 0.000003296,
      "slowest": 0.001493423
    }
  },
  "statusCodeDistribution": {
    "200": 821402
  },
  "errorDistribution": {}
}