{
  "summary": {
    "successRate": 1,
    "total": 10.000667106,
    "slowest": 0.003205494,
    "fastest": 0.000042831,
    "average": 0.0006178940572057497,
    "requestsPerSec": 80762.71227100678,
    "totalData": 10499853,
    "sizePerRequest": 13,
    "sizePerSec": 1049915.259523088
  },
  "responseTimeHistogram": {
    "0.000042831": 1,
    "0.0003590973": 108990,
    "0.0006753636": 424331,
    "0.0009916298999999998": 217858,
    "0.0013078961999999999": 38735,
    "0.0016241625": 13481,
    "0.0019404287999999997": 3854,
    "0.0022566951": 378,
    "0.0025729614": 24,
    "0.0028892277": 24,
    "0.003205494": 5
  },
  "latencyPercentiles": {
    "p10": 0.000334416,
    "p25": 0.000436006,
    "p50": 0.000586518,
    "p75": 0.000742546,
    "p90": 0.000922901,
    "p95": 0.001078587,
    "p99": 0.001497645
  },
  "rps": {
    "mean": 80754.70677624365,
    "stddev": 13559.288824269572,
    "max": 104715.62357103894,
    "percentiles": {
      "p10": 62642.79424949039,
      "p25": 68806.82643959759,
      "p50": 80230.15738432125,
      "p75": 93225.13349598549,
      "p90": 98642.68268879797,
      "p95": 101159.03517609723,
      "p99": 103233.44402419562
    }
  },
  "details": {
    "DNSDialup": {
      "average": 0.0009444108600000002,
      "fastest": 0.000149369,
      "slowest": 0.001493896
    },
    "DNSLookup": {
      "average": 0.000018985199999999996,
      "fastest": 0.000003366,
      "slowest": 0.000642695
    }
  },
  "statusCodeDistribution": {
    "200": 807681
  },
  "errorDistribution": {}
}