{
  "summary": {
    "successRate": 1,
    "total": 10.000604946,
    "slowest": 0.003046554,
    "fastest": 0.000034872,
    "average": 0.0006001677239750611,
    "requestsPerSec": 83102.67273705384,
    "totalData": 10804001,
    "sizePerRequest": 13,
    "sizePerSec": 1080334.7455817
  },
  "responseTimeHistogram": {
    "0.000034872": 1,
    "0.0003360402": 70593,
    "0.0006372084": 466487,
    "0.0009383766000000001": 224397,
    "0.0012395448": 51979,
    "0.001540713": 13173,
    "0.0018418812000000001": 3963,
    "0.0021430494": 392,
    "0.0024442176": 36,
    "0.0027453858": 39,
    "0.003046554": 17
  },
  "latencyPercentiles": {
    "p10": 0.000348092,
    "p25": 0.000433272,
    "p50": 0.00055142,
    "p75": 0.000723101,
    "p90": 0.000906839,
    "p95": 0.001041787,
    "p99": 0.001415239
  },
  "rps": {
    "mean": 83100.11177441172,
    "stddev": 11334.391235111842,
    "max": 105131.78133749697,
    "percentiles": {
      "p10": 65601.10209851534,
      "p25": 75829.69490851974,
      "p50": 85223.9394045786,
      "p75": 91428.09585386005,
      "p90": 96429.05407399184,
      "p95": 98626.36282678579,
      "p99": 102282.53297503603
    }
  },
  "details": {
    "DNSDialup": {
      "average": 0.0005535349399999999,
      "fastest": 0.000076112,
      "slowest": 0.000976393
    },
    "DNSLookup": {
      "average": 0.000005831919999999999,
      "fastest": 0.000003046,
      "slowest": 0.000029425
    }
  },
  "statusCodeDistribution": {
    "200": 831077
  },
  "errorDistribution": {}
}