{
  "summary": {
    "successRate": 1,
    "total": 10.000665938,
    "slowest": 0.003419113,
    "fastest": 0.000046921,
    "average": 0.0006886357831682541,
    "requestsPerSec": 72435.67623306408,
    "totalData": 9417265,
    "sizePerRequest": 13,
    "sizePerSec": 941663.791029833
  },
  "responseTimeHistogram": {
    "0.000046921": 1,
    "0.0003841402": 88765,
    "0.0007213594": 338212,
    "0.0010585786": 235102,
    "0.0013957978": 41980,
    "0.0017330169999999999": 15587,
    "0.0020702362": 4121,
    "0.0024074554000000003": 483,
    "0.0027446746": 120,
    "0.0030818938": 23,
    "0.003419113": 11
  },
  "latencyPercentiles": {
    "p10": 0.000367848,
    "p25": 0.000464288,
    "p50": 0.00065012,
    "p75": 0.000856713,
    "p90": 0.001023784,
    "p95": 0.001226346,
    "p99": 0.001649585
  },
  "rps": {
    "mean": 72429.51683532899,
    "stddev": 11356.964465996683,
    "max": 102846.87760681183,
    "percentiles": {
      "p10": 58101.52078727149,
      "p25": 63022.17750426409,
      "p50": 71721.45188625838,
      "p75": 80435.48813736442,
      "p90": 88619.44310582236,
      "p95": 92949.22067887613,
      "p99": 98013.76080631993
    }
  },
  "details": {
    "DNSDialup": {
      "average": 0.0006170524600000001,
      "fastest": 0.000074569,
      "slowest": 0.001090207
    },
    "DNSLookup": {
      "average": 0.00000610704,
      "fastest": 0.000003266,
      "slowest": 0.000026098
    }
  },
  "statusCodeDistribution": {
    "200": 724405
  },
  "errorDistribution": {}
}