{
  "summary": {
    "successRate": 1,
    "total": 10.00059845,
    "slowest": 0.004116367,
    "fastest": 0.000049244,
    "average": 0.0007915542861526614,
    "requestsPerSec": 62988.1304753317,
    "totalData": 8188947,
    "sizePerRequest": 13,
    "sizePerSec": 818845.6961793122
  },
  "responseTimeHistogram": {
    "0.000049244": 1,
    "0.0004559563": 31093,
    "0.0008626686": 422836,
    "0.0012693809": 145049,
    "0.0016760931999999999": 25233,
    "0.0020828055": 5120,
    "0.0024895178": 504,
    "0.0028962300999999997": 63,
    "0.0033029424": 17,
    "0.0037096547": 2,
    "0.004116367": 1
  },
  "latencyPercentiles": {
    "p10": 0.00053149,
    "p25": 0.000644719,
    "p50": 0.000779492,
    "p75": 0.000874515,
    "p90": 0.001070629,
    "p95": 0.00126425,
    "p99": 0.001660637
  },
  "rps": {
    "mean": 62983.11094154911,
    "stddev": 5344.752269413031,
    "max": 81640.68971976022,
    "percentiles": {
      "p10": 57124.195329411305,
      "p25": 59225.24772310104,
      "p50": 62557.80205568622,
      "p75": 66242.94565242031,
      "p90": 70003.53626111074,
      "p95": 72422.67553971094,
      "p99": 75261.03202978344
    }
  },
  "details": {
    "DNSDialup": {
      "average": 0.0006790439799999999,
      "fastest": 0.00009923,
      "slowest": 0.001411521
    },
    "DNSLookup": {
      "average": 0.00000613028,
      "fastest": 0.000002644,
      "slowest": 0.000038959
    }
  },
  "statusCodeDistribution": {
    "200": 629919
  },
  "errorDistribution": {}
}