{
  "summary": {
    "successRate": 1,
    "total": 10.000706659,
    "slowest": 0.003220079,
    "fastest": 0.000043421,
    "average": 0.0006955030239904806,
    "requestsPerSec": 71723.33160622105,
    "totalData": 9324692,
    "sizePerRequest": 13,
    "sizePerSec": 932403.3108808736
  },
  "responseTimeHistogram": {
    "0.000043421": 1,
    "0.0003610868": 55765,
    "0.0006787525999999999": 311745,
    "0.0009964184": 271000,
    "0.0013140842": 52370,
    "0.00163175": 18359,
    "0.0019494157999999998": 6962,
    "0.0022670816": 895,
    "0.0025847474": 96,
    "0.0029024131999999996": 63,
    "0.003220079": 28
  },
  "latencyPercentiles": {
    "p10": 0.000376809,
    "p25": 0.000461808,
    "p50": 0.000668011,
    "p75": 0.000865761,
    "p90": 0.001015241,
    "p95": 0.001227441,
    "p99": 0.001659395
  },
  "rps": {
    "mean": 71714.4343706387,
    "stddev": 11386.967391315555,
    "max": 101123.67305186208,
    "percentiles": {
      "p10": 57774.106846852446,
      "p25": 62653.21137241818,
      "p50": 70633.38133601942,
      "p75": 79308.63105513692,
      "p90": 88105.9915077911,
      "p95": 92702.44547248936,
      "p99": 98111.94022312613
    }
  },
  "details": {
    "DNSDialup": {
      "average": 0.0005397275399999997,
      "fastest": 0.00012121,
      "slowest": 0.000856131
    },
    "DNSLookup": {
      "average": 0.00000623642,
      "fastest": 0.000003406,
      "slowest": 0.00002663
    }
  },
  "statusCodeDistribution": {
    "200": 717284
  },
  "errorDistribution": {}
}