{
  "summary": {
    "successRate": 1,
    "total": 10.000557117,
    "slowest": 0.00328628,
    "fastest": 0.000048768,
    "average": 0.0007584900042199972,
    "requestsPerSec": 65754.136725261,
    "totalData": 8548514,
    "sizePerRequest": 13,
    "sizePerSec": 854803.777428393
  },
  "responseTimeHistogram": {
    "0.000048768": 1,
    "0.0003725192": 25237,
    "0.0006962704000000001": 280299,
    "0.0010200216": 256240,
    "0.0013437728": 68909,
    "0.001667524": 17605,
    "0.0019912752": 7850,
    "0.0023150264": 1257,
    "0.0026387776": 157,
    "0.0029625287999999997": 11,
    "0.00328628": 12
  },
  "latencyPercentiles": {
    "p10": 0.000423603,
    "p25": 0.000503139,
    "p50": 0.000736251,
    "p75": 0.000951474,
    "p90": 0.001074214,
    "p95": 0.00128588,
    "p99": 0.001757388
  },
  "rps": {
    "mean": 65765.84490849404,
    "stddev": 10423.70723331102,
    "max": 94036.39298925023,
    "percentiles": {
      "p10": 52855.69404481426,
      "p25": 57366.18336574905,
      "p50": 64350.58680819108,
      "p75": 73207.61359181436,
      "p90": 80759.37054182442,
      "p95": 85148.43242835859,
      "p99": 89629.73018149518
    }
  },
  "details": {
    "DNSDialup": {
      "average": 0.00078200556,
      "fastest": 0.000082814,
      "slowest": 0.001241004
    },
    "DNSLookup": {
      "average": 0.0000066981599999999986,
      "fastest": 0.000003627,
      "slowest": 0.00002663
    }
  },
  "statusCodeDistribution": {
    "200": 657578
  },
  "errorDistribution": {}
}