{
  "summary": {
    "successRate": 1,
    "total": 10.000750465,
    "slowest": 0.003886402,
    "fastest": 0.000052338,
    "average": 0.0006907854472961676,
    "requestsPerSec": 72208.48100623017,
    "totalData": 9387807,
    "sizePerRequest": 13,
    "sizePerSec": 938710.2530809923
  },
  "responseTimeHistogram": {
    "0.000052338": 1,
    "0.0004357444": 91867,
    "0.0008191508": 451038,
    "0.0012025572000000002": 145237,
    "0.0015859636000000001": 27749,
    "0.00196937": 5657,
    "0.0023527764": 478,
    "0.0027361828": 71,
    "0.0031195892": 28,
    "0.0035029956": 9,
    "0.0038864019999999997": 4
  },
  "latencyPercentiles": {
    "p10": 0.000411115,
    "p25": 0.000538938,
    "p50": 0.000631161,
    "p75": 0.000816881,
    "p90": 0.001007998,
    "p95": 0.001191359,
    "p99": 0.001556358
  },
  "rps": {
    "mean": 72203.88065305156,
    "stddev": 9608.10426112439,
    "max": 102473.29915088804,
    "percentiles": {
      "p10": 58192.78257253386,
      "p25": 66201.6219397379,
      "p50": 73319.36392446801,
      "p75": 76631.74529651241,
      "p90": 84815.39399400855,
      "p95": 89355.13211651606,
      "p99": 96118.01606796253
    }
  },
  "details": {
    "DNSDialup": {
      "average": 0.0005115705600000004,
      "fastest": 0.000071805,
      "slowest": 0.000770174
    },
    "DNSLookup": {
      "average": 0.000005958900000000002,
      "fastest": 0.000003066,
      "slowest": 0.000029304
    }
  },
  "statusCodeDistribution": {
    "200": 722139
  },
  "errorDistribution": {}
}