{
  "summary": {
    "successRate": 1,
    "total": 10.000639627,
    "slowest": 0.002981476,
    "fastest": 0.000041658,
    "average": 0.0006362590368132939,
    "requestsPerSec": 78398.68540840482,
    "totalData": 10192481,
    "sizePerRequest": 13,
    "sizePerSec": 1019182.9103092628
  },
  "responseTimeHistogram": {
    "0.000041658": 1,
    "0.00033563979999999994": 47423,
    "0.0006296215999999999": 396411,
    "0.0009236033999999999": 244356,
    "0.0012175851999999998": 68717,
    "0.0015115669999999997": 18826,
    "0.0018055487999999998": 6428,
    "0.0020995306": 1513,
    "0.0023935123999999997": 242,
    "0.0026874941999999995": 85,
    "0.0029814759999999994": 35
  },
  "latencyPercentiles": {
    "p10": 0.000364651,
    "p25": 0.000439463,
    "p50": 0.000577885,
    "p75": 0.000785511,
    "p90": 0.000958714,
    "p95": 0.001121348,
    "p99": 0.001524811
  },
  "rps": {
    "mean": 78369.76851848108,
    "stddev": 11369.389340582813,
    "max": 100208.66804979362,
    "percentiles": {
      "p10": 60449.19960355974,
      "p25": 71011.12034144625,
      "p50": 80422.79181920334,
      "p75": 87005.69017213467,
      "p90": 91538.3454128892,
      "p95": 93999.22195100812,
      "p99": 97177.44070249678
    }
  },
  "details": {
    "DNSDialup": {
      "average": 0.0005168052199999998,
      "fastest": 0.000073728,
      "slowest": 0.000920746
    },
    "DNSLookup": {
      "average": 0.000007172859999999997,
      "fastest": 0.000003186,
      "slowest": 0.000029635
    }
  },
  "statusCodeDistribution": {
    "200": 784037
  },
  "errorDistribution": {}
}