{
  "summary": {
    "successRate": 1,
    "total": 10.000581075,
    "slowest": 0.003206389,
    "fastest": 0.000046313,
    "average": 0.0006754307889707926,
    "requestsPerSec": 73841.40926031141,
    "totalData": 9599941,
    "sizePerRequest": 13,
    "sizePerSec": 959938.3203840484
  },
  "responseTimeHistogram": {
    "0.000046313": 1,
    "0.00036232059999999995": 63943,
    "0.0006783281999999999": 353895,
    "0.0009943358": 241436,
    "0.0013103434": 54424,
    "0.0016263509999999998": 17129,
    "0.0019423586": 6441,
    "0.0022583662": 952,
    "0.0025743738": 199,
    "0.0028903813999999997": 32,
    "0.0032063889999999996": 5
  },
  "latencyPercentiles": {
    "p10": 0.000372369,
    "p25": 0.000461541,
    "p50": 0.000626168,
    "p75": 0.000841243,
    "p90": 0.001007724,
    "p95": 0.001192686,
    "p99": 0.001633824
  },
  "rps": {
    "mean": 73822.54090664446,
    "stddev": 12163.12406975325,
    "max": 98557.77786801178,
    "percentiles": {
      "p10": 56148.95065517812,
      "p25": 63210.54984076825,
      "p50": 74807.47854173524,
      "p75": 83758.48706693854,
      "p90": 89046.0890136364,
      "p95": 91874.30510643056,
      "p99": 96218.49307422496
    }
  },
  "details": {
    "DNSDialup": {
      "average": 0.00063138068,
      "fastest": 0.000109222,
      "slowest": 0.000970935
    },
    "DNSLookup": {
      "average": 0.000007074459999999997,
      "fastest": 0.000003637,
      "slowest": 0.000031789
    }
  },
  "statusCodeDistribution": {
    "200": 738457
  },
  "errorDistribution": {}
}