{
  "summary": {
    "successRate": 1,
    "total": 10.00071344,
    "slowest": 0.00426722,
    "fastest": 0.000040595,
    "average": 0.0006943458456649212,
    "requestsPerSec": 71910.46961945547,
    "totalData": 9349028,
    "sizePerRequest": 13,
    "sizePerSec": 934836.1050529211
  },
  "responseTimeHistogram": {
    "0.000040595": 1,
    "0.0004632575": 117676,
    "0.0008859200000000001": 449363,
    "0.0013085825000000001": 127394,
    "0.0017312450000000002": 20393,
    "0.0021539075": 3977,
    "0.0025765700000000002": 317,
    "0.0029992325000000003": 32,
    "0.0034218950000000003": 1,
    "0.0038445575000000004": 0,
    "0.00426722": 2
  },
  "latencyPercentiles": {
    "p10": 0.000421322,
    "p25": 0.00051082,
    "p50": 0.000632145,
    "p75": 0.000839417,
    "p90": 0.001022819,
    "p95": 0.001208784,
    "p99": 0.001614846
  },
  "rps": {
    "mean": 71905.31805283311,
    "stddev": 8464.833500498105,
    "max": 94482.3134749884,
    "percentiles": {
      "p10": 60951.47961969246,
      "p25": 66123.43261165741,
      "p50": 72173.76373660883,
      "p75": 77861.48721645417,
      "p90": 82820.37674046919,
      "p95": 85353.69718576877,
      "p99": 89336.4403340101
    }
  },
  "details": {
    "DNSDialup": {
      "average": 0.0006843044200000001,
      "fastest": 0.00007968,
      "slowest": 0.001312491
    },
    "DNSLookup": {
      "average": 0.0000067657400000000005,
      "fastest": 0.000003045,
      "slowest": 0.000032942
    }
  },
  "statusCodeDistribution": {
    "200": 719156
  },
  "errorDistribution": {}
}