{
  "summary": {
    "successRate": 1,
    "total": 10.000889362,
    "slowest": 0.003821604,
    "fastest": 0.000041474,
    "average": 0.000611937059444161,
    "requestsPerSec": 81512.95054792748,
    "totalData": 10597626,
    "sizePerRequest": 13,
    "sizePerSec": 1059668.3571230571
  },
  "responseTimeHistogram": {
    "0.000041474": 1,
    "0.000419487": 171307,
    "0.0007975": 481684,
    "0.001175513": 135385,
    "0.001553526": 21174,
    "0.001931539": 5046,
    "0.0023095520000000003": 503,
    "0.0026875650000000003": 86,
    "0.0030655780000000002": 15,
    "0.003443591": 0,
    "0.003821604": 1
  },
  "latencyPercentiles": {
    "p10": 0.000350081,
    "p25": 0.000439169,
    "p50": 0.000560003,
    "p75": 0.00073902,
    "p90": 0.000926207,
    "p95": 0.001070531,
    "p99": 0.001470675
  },
  "rps": {
    "mean": 81497.75088604301,
    "stddev": 12293.642418742254,
    "max": 104432.80394092186,
    "percentiles": {
      "p10": 62309.57698198171,
      "p25": 73343.76845492737,
      "p50": 83776.80657625651,
      "p75": 91224.53027618917,
      "p90": 96195.00893959594,
      "p95": 98028.00660148944,
      "p99": 101096.82495492722
    }
  },
  "details": {
    "DNSDialup": {
      "average": 0.0005667244999999997,
      "fastest": 0.000076343,
      "slowest": 0.000994068
    },
    "DNSLookup": {
      "average": 0.000006371040000000001,
      "fastest": 0.000003136,
      "slowest": 0.000045004
    }
  },
  "statusCodeDistribution": {
    "200": 815202
  },
  "errorDistribution": {}
}