{
  "summary": {
    "successRate": 1,
    "total": 10.000881623,
    "slowest": 0.005046833,
    "fastest": 0.000038853,
    "average": 0.0006429535783767754,
    "requestsPerSec": 77569.06133314403,
    "totalData": 10084867,
    "sizePerRequest": 13,
    "sizePerSec": 1008397.7973308724
  },
  "responseTimeHistogram": {
    "0.000038853": 1,
    "0.000539651": 293785,
    "0.001040449": 423545,
    "0.001541247": 53048,
    "0.002042045": 5065,
    "0.0025428430000000004": 207,
    "0.003043641": 71,
    "0.003544439": 27,
    "0.004045237": 6,
    "0.004546035": 3,
    "0.005046833000000001": 1
  },
  "latencyPercentiles": {
    "p10": 0.000368226,
    "p25": 0.000471669,
    "p50": 0.000584712,
    "p75": 0.000776271,
    "p90": 0.000980708,
    "p95": 0.001124116,
    "p99": 0.001475579
  },
  "rps": {
    "mean": 77549.8696067723,
    "stddev": 12819.982152948663,
    "max": 104926.53229491781,
    "percentiles": {
      "p10": 60034.61595956434,
      "p25": 65029.881230427105,
      "p50": 79007.26025652386,
      "p75": 88052.82448217188,
      "p90": 94026.03249395842,
      "p95": 97006.42182512405,
      "p99": 101315.96511123094
    }
  },
  "details": {
    "DNSDialup": {
      "average": 0.0005713720399999998,
      "fastest": 0.00008605,
      "slowest": 0.000960315
    },
    "DNSLookup": {
      "average": 0.0000068254999999999984,
      "fastest": 0.000003116,
      "slowest": 0.000036298
    }
  },
  "statusCodeDistribution": {
    "200": 775759
  },
  "errorDistribution": {}
}