{
  "summary": {
    "successRate": 1,
    "total": 10.001402226,
    "slowest": 0.007017222,
    "fastest": 0.000037242,
    "average": 0.0005736728585771307,
    "requestsPerSec": 86949.70768591904,
    "totalData": 11305047,
    "sizePerRequest": 13,
    "sizePerSec": 1130346.1999169476
  },
  "responseTimeHistogram": {
    "0.000037242": 1,
    "0.0007352400000000001": 718332,
    "0.001433238": 145005,
    "0.002131236": 4627,
    "0.002829234": 970,
    "0.003527232": 337,
    "0.00422523": 126,
    "0.004923228": 62,
    "0.005621226": 97,
    "0.006319224": 38,
    "0.007017222": 24
  },
  "latencyPercentiles": {
    "p10": 0.000342395,
    "p25": 0.000428586,
    "p50": 0.000531826,
    "p75": 0.000667237,
    "p90": 0.000840148,
    "p95": 0.000988525,
    "p99": 0.001344473
  },
  "rps": {
    "mean": 86915.90828854805,
    "stddev": 11927.449233925587,
    "max": 118613.35586386906,
    "percentiles": {
      "p10": 73210.51302967116,
      "p25": 80579.88689987829,
      "p50": 87210.53053608017,
      "p75": 94992.07581909325,
      "p90": 101533.02869423394,
      "p95": 104112.86238604286,
      "p99": 109213.25848958144
    }
  },
  "details": {
    "DNSDialup": {
      "average": 0.0005421854200000001,
      "fastest": 0.000082978,
      "slowest": 0.000845629
    },
    "DNSLookup": {
      "average": 0.000005594019999999999,
      "fastest": 0.000002973,
      "slowest": 0.000026344
    }
  },
  "statusCodeDistribution": {
    "200": 869619
  },
  "errorDistribution": {}
}