{
  "summary": {
    "successRate": 1,
    "total": 10.000716939,
    "slowest": 0.003746518,
    "fastest": 0.000048097,
    "average": 0.0007212141816377189,
    "requestsPerSec": 69161.84151785041,
    "totalData": 8991684,
    "sizePerRequest": 13,
    "sizePerSec": 899103.9397320552
  },
  "responseTimeHistogram": {
    "0.000048097": 1,
    "0.00041793909999999996": 88725,
    "0.0007877811999999999": 323787,
    "0.0011576232999999999": 235242,
    "0.0015274654": 31766,
    "0.0018973075": 10547,
    "0.0022671495999999998": 1420,
    "0.0026369917": 122,
    "0.0030068338": 39,
    "0.0033766759": 9,
    "0.003746518": 10
  },
  "latencyPercentiles": {
    "p10": 0.000402051,
    "p25": 0.000480998,
    "p50": 0.000700406,
    "p75": 0.000899549,
    "p90": 0.001028619,
    "p95": 0.001223906,
    "p99": 0.001670764
  },
  "rps": {
    "mean": 69160.28372905996,
    "stddev": 10538.664214419327,
    "max": 99870.27882540239,
    "percentiles": {
      "p10": 55847.213234068295,
      "p25": 61104.76411808275,
      "p50": 68220.2655060607,
      "p75": 76329.91296881523,
      "p90": 83910.40489020456,
      "p95": 87282.91881295273,
      "p99": 94601.22035572794
    }
  },
  "details": {
    "DNSDialup": {
      "average": 0.00056480462,
      "fastest": 0.000077869,
      "slowest": 0.000938235
    },
    "DNSLookup": {
      "average": 0.000006591819999999999,
      "fastest": 0.000003467,
      "slowest": 0.000031379
    }
  },
  "statusCodeDistribution": {
    "200": 691668
  },
  "errorDistribution": {}
}