{
  "summary": {
    "successRate": 1,
    "total": 10.000644278,
    "slowest": 0.002515966,
    "fastest": 0.00003136,
    "average": 0.000527304120337325,
    "requestsPerSec": 94585.50606393242,
    "totalData": 12296908,
    "sizePerRequest": 13,
    "sizePerSec": 1229611.5788311216
  },
  "responseTimeHistogram": {
    "0.00003136": 1,
    "0.00027982060000000006": 59002,
    "0.0005282812000000001": 447717,
    "0.0007767418000000001": 360078,
    "0.0010252024000000002": 60618,
    "0.0012736630000000002": 15270,
    "0.0015221236000000002": 2043,
    "0.0017705842000000002": 959,
    "0.0020190448": 170,
    "0.0022675054": 47,
    "0.002515966": 11
  },
  "latencyPercentiles": {
    "p10": 0.000315214,
    "p25": 0.000405603,
    "p50": 0.000513883,
    "p75": 0.0006099,
    "p90": 0.000738363,
    "p95": 0.000888003,
    "p99": 0.001121808
  },
  "rps": {
    "mean": 94576.82375854827,
    "stddev": 8850.730660799214,
    "max": 128289.61029279458,
    "percentiles": {
      "p10": 84526.08756481945,
      "p25": 88125.26441431075,
      "p50": 93607.90714336808,
      "p75": 100121.56183610765,
      "p90": 106035.82950679053,
      "p95": 110686.4682690116,
      "p99": 120681.80714245643
    }
  },
  "details": {
    "DNSDialup": {
      "average": 0.0006050407199999998,
      "fastest": 0.000079688,
      "slowest": 0.000971157
    },
    "DNSLookup": {
      "average": 0.000009535759999999998,
      "fastest": 0.000003916,
      "slowest": 0.000160657
    }
  },
  "statusCodeDistribution": {
    "200": 945916
  },
  "errorDistribution": {}
}