{
  "summary": {
    "successRate": 1,
    "total": 10.000275555,
    "slowest": 0.00370152,
    "fastest": 0.000045735,
    "average": 0.0006263765976950319,
    "requestsPerSec": 79660.50491495682,
    "totalData": 10356151,
    "sizePerRequest": 13,
    "sizePerSec": 1035586.5638944386
  },
  "responseTimeHistogram": {
    "0.000045735": 1,
    "0.00041131349999999996": 165593,
    "0.000776892": 428379,
    "0.0011424705": 172111,
    "0.001508049": 22344,
    "0.0018736275": 7859,
    "0.0022392059999999997": 320,
    "0.0026047845": 18,
    "0.0029703629999999997": 0,
    "0.0033359414999999996": 1,
    "0.00370152": 1
  },
  "latencyPercentiles": {
    "p10": 0.000331526,
    "p25": 0.000440722,
    "p50": 0.000589085,
    "p75": 0.000781413,
    "p90": 0.000926846,
    "p95": 0.001067425,
    "p99": 0.001514088
  },
  "rps": {
    "mean": 79644.35068514675,
    "stddev": 16577.421885379263,
    "max": 105276.90947252714,
    "percentiles": {
      "p10": 58738.79697540249,
      "p25": 62523.20236039565,
      "p50": 79718.5004378472,
      "p75": 96338.58360273576,
      "p90": 100696.880468699,
      "p95": 102900.45276199526,
      "p99": 104245.71297037406
    }
  },
  "details": {
    "DNSDialup": {
      "average": 0.00072510474,
      "fastest": 0.000070925,
      "slowest": 0.001144282
    },
    "DNSLookup": {
      "average": 0.0000066098,
      "fastest": 0.000003186,
      "slowest": 0.000028593
    }
  },
  "statusCodeDistribution": {
    "200": 796627
  },
  "errorDistribution": {}
}