{
  "summary": {
    "successRate": 1,
    "total": 10.000639421,
    "slowest": 0.00328463,
    "fastest": 0.000038204,
    "average": 0.000724395269311561,
    "requestsPerSec": 68862.29680013178,
    "totalData": 8952671,
    "sizePerRequest": 13,
    "sizePerSec": 895209.8584017131
  },
  "responseTimeHistogram": {
    "0.000038204": 1,
    "0.00036284660000000004": 25780,
    "0.0006874892000000001": 323370,
    "0.0010121318000000002": 263729,
    "0.0013367744000000001": 52870,
    "0.001661417": 15877,
    "0.0019860596000000003": 6164,
    "0.0023107022": 730,
    "0.0026353448000000002": 103,
    "0.0029599874000000004": 26,
    "0.00328463": 17
  },
  "latencyPercentiles": {
    "p10": 0.000412087,
    "p25": 0.000498081,
    "p50": 0.000680979,
    "p75": 0.000898973,
    "p90": 0.001028975,
    "p95": 0.001230344,
    "p99": 0.001666885
  },
  "rps": {
    "mean": 68857.703485244,
    "stddev": 10276.582125089464,
    "max": 96972.73237304162,
    "percentiles": {
      "p10": 55433.33728710893,
      "p25": 60352.59550246646,
      "p50": 68538.40206667918,
      "p75": 75804.24031851912,
      "p90": 83358.43103401428,
      "p95": 86309.79616186417,
      "p99": 92839.88401417615
    }
  },
  "details": {
    "DNSDialup": {
      "average": 0.0006054304200000001,
      "fastest": 0.000072217,
      "slowest": 0.000834205
    },
    "DNSLookup": {
      "average": 0.000006278719999999999,
      "fastest": 0.000003296,
      "slowest": 0.000031889
    }
  },
  "statusCodeDistribution": {
    "200": 688667
  },
  "errorDistribution": {}
}