{
  "summary": {
    "successRate": 1,
    "total": 10.000641271,
    "slowest": 0.005961351,
    "fastest": 0.00003187,
    "average": 0.0007259705380565301,
    "requestsPerSec": 68711.79371193347,
    "totalData": 8933106,
    "sizePerRequest": 13,
    "sizePerSec": 893253.318255135
  },
  "responseTimeHistogram": {
    "0.00003187": 1,
    "0.0006248181000000001": 294329,
    "0.0012177662000000002": 353627,
    "0.0018107143000000003": 35930,
    "0.0024036624": 2977,
    "0.0029966105": 177,
    "0.0035895586000000003": 66,
    "0.004182506700000001": 33,
    "0.0047754548": 12,
    "0.0053684029": 7,
    "0.005961351": 3
  },
  "latencyPercentiles": {
    "p10": 0.000431946,
    "p25": 0.000562409,
    "p50": 0.000650259,
    "p75": 0.000877472,
    "p90": 0.001052925,
    "p95": 0.001244645,
    "p99": 0.001656541
  },
  "rps": {
    "mean": 68710.95855180248,
    "stddev": 9425.941110928465,
    "max": 98381.7854414855,
    "percentiles": {
      "p10": 55603.38624622226,
      "p25": 61824.402091505144,
      "p50": 70131.72842550171,
      "p75": 74234.8681175535,
      "p90": 79023.8224273609,
      "p95": 85108.10634162748,
      "p99": 92563.61897532182
    }
  },
  "details": {
    "DNSDialup": {
      "average": 0.0006429472399999998,
      "fastest": 0.000098614,
      "slowest": 0.001065441
    },
    "DNSLookup": {
      "average": 0.00000633422,
      "fastest": 0.000003437,
      "slowest": 0.000028473
    }
  },
  "statusCodeDistribution": {
    "200": 687162
  },
  "errorDistribution": {}
}