{
  "summary": {
    "successRate": 1,
    "total": 10.000584245,
    "slowest": 0.004103279,
    "fastest": 0.00005295,
    "average": 0.0007605928537610902,
    "requestsPerSec": 65575.16880355023,
    "totalData": 8525270,
    "sizePerRequest": 13,
    "sizePerSec": 852477.194446153
  },
  "responseTimeHistogram": {
    "0.00005295": 1,
    "0.00045798289999999993": 116558,
    "0.0008630157999999998": 293874,
    "0.0012680486999999997": 209668,
    "0.0016730815999999996": 26335,
    "0.0020781144999999996": 8662,
    "0.0024831473999999995": 638,
    "0.0028881802999999994": 37,
    "0.0032932131999999993": 15,
    "0.0036982460999999993": 1,
    "0.004103279": 1
  },
  "latencyPercentiles": {
    "p10": 0.000418137,
    "p25": 0.000497772,
    "p50": 0.000751295,
    "p75": 0.000948889,
    "p90": 0.001076113,
    "p95": 0.001293889,
    "p99": 0.001762075
  },
  "rps": {
    "mean": 65575.89711905018,
    "stddev": 10761.137037213792,
    "max": 97203.71955544112,
    "percentiles": {
      "p10": 52602.80899,
      "p25": 56636.9952853216,
      "p50": 63927.23346528329,
      "p75": 73339.08239701377,
      "p90": 81173.14231255114,
      "p95": 84658.37194745822,
      "p99": 92275.74916248723
    }
  },
  "details": {
    "DNSDialup": {
      "average": 0.00062640756,
      "fastest": 0.000082411,
      "slowest": 0.000984725
    },
    "DNSLookup": {
      "average": 0.00001477078,
      "fastest": 0.000003737,
      "slowest": 0.000418516
    }
  },
  "statusCodeDistribution": {
    "200": 655790
  },
  "errorDistribution": {}
}