{
  "summary": {
    "successRate": 1,
    "total": 10.00066573,
    "slowest": 0.013078885,
    "fastest": 0.00060928,
    "average": 0.0015672739662606608,
    "requestsPerSec": 31862.778799227,
    "totalData": 4142437,
    "sizePerRequest": 13,
    "sizePerSec": 414216.124389951
  },
  "responseTimeHistogram": {
    "0.00060928": 1,
    "0.0018562405": 309489,
    "0.003103201": 8075,
    "0.0043501615000000006": 600,
    "0.005597122": 261,
    "0.0068440825": 123,
    "0.008091043000000001": 0,
    "0.0093380035": 61,
    "0.010584964": 10,
    "0.0118319245": 20,
    "0.013078885": 9
  },
  "latencyPercentiles": {
    "p10": 0.001463607,
    "p25": 0.001494691,
    "p50": 0.001533228,
    "p75": 0.001578157,
    "p90": 0.001652173,
    "p95": 0.001749465,
    "p99": 0.002349325
  },
  "rps": {
    "mean": 31833.453716927743,
    "stddev": 2925.973907862919,
    "max": 37011.39226967597,
    "percentiles": {
      "p10": 31134.51260722619,
      "p25": 31970.25041332897,
      "p50": 32414.398637947994,
      "p75": 32921.46479504528,
      "p90": 33257.64607435498,
      "p95": 33408.11402869914,
      "p99": 33829.54334019835
    }
  },
  "details": {
    "DNSDialup": {
      "average": 0.0006025982,
      "fastest": 0.000084968,
      "slowest": 0.001013313
    },
    "DNSLookup": {
      "average": 0.000006868100000000001,
      "fastest": 0.000003136,
      "slowest": 0.000030047
    }
  },
  "statusCodeDistribution": {
    "200": 318649
  },
  "errorDistribution": {}
}