{
  "summary": {
    "successRate": 1,
    "total": 10.000657583,
    "slowest": 0.01047387,
    "fastest": 0.000295343,
    "average": 0.0016156197014637662,
    "requestsPerSec": 30910.46738021287,
    "totalData": 4018625,
    "sizePerRequest": 13,
    "sizePerSec": 401836.0759427673
  },
  "responseTimeHistogram": {
    "0.000295343": 1,
    "0.0013131956999999999": 391,
    "0.0023310483999999998": 305269,
    "0.0033489010999999996": 2413,
    "0.0043667537999999995": 609,
    "0.0053846065": 221,
    "0.006402459199999999": 118,
    "0.007420311899999999": 61,
    "0.008438164599999999": 15,
    "0.0094560173": 10,
    "0.01047387": 17
  },
  "latencyPercentiles": {
    "p10": 0.001505249,
    "p25": 0.001537652,
    "p50": 0.001579351,
    "p75": 0.001627169,
    "p90": 0.001712122,
    "p95": 0.001841332,
    "p99": 0.002406828
  },
  "rps": {
    "mean": 30900.24387533046,
    "stddev": 2684.533995574157,
    "max": 33309.2237999168,
    "percentiles": {
      "p10": 30111.678192079482,
      "p25": 30919.92212699435,
      "p50": 31418.96562278699,
      "p75": 32020.256013956005,
      "p90": 32308.726031594597,
      "p95": 32546.316663243353,
      "p99": 32808.727121414406
    }
  },
  "details": {
    "DNSDialup": {
      "average": 0.0007608814000000001,
      "fastest": 0.000112068,
      "slowest": 0.001118485
    },
    "DNSLookup": {
      "average": 0.00000676506,
      "fastest": 0.000003196,
      "slowest": 0.000041187
    }
  },
  "statusCodeDistribution": {
    "200": 309125
  },
  "errorDistribution": {}
}