{
  "summary": {
    "successRate": 1,
    "total": 10.00041613,
    "slowest": 0.01158813,
    "fastest": 0.000311548,
    "average": 0.0016069223026082722,
    "requestsPerSec": 31076.50681332198,
    "totalData": 4040114,
    "sizePerRequest": 13,
    "sizePerSec": 403994.5885731857
  },
  "responseTimeHistogram": {
    "0.000311548": 1,
    "0.0014392062": 2601,
    "0.0025668644": 305461,
    "0.0036945225999999998": 1798,
    "0.0048221808": 430,
    "0.005949839": 162,
    "0.0070774971999999995": 160,
    "0.0082051554": 72,
    "0.0093328136": 63,
    "0.0104604718": 20,
    "0.01158813": 10
  },
  "latencyPercentiles": {
    "p10": 0.001493817,
    "p25": 0.00152557,
    "p50": 0.00156543,
    "p75": 0.0016118,
    "p90": 0.001697219,
    "p95": 0.001826215,
    "p99": 0.002506301
  },
  "rps": {
    "mean": 31053.83127528206,
    "stddev": 3085.3608711917436,
    "max": 37204.52984705859,
    "percentiles": {
      "p10": 30288.03619541488,
      "p25": 31174.51493460166,
      "p50": 31697.600798368567,
      "p75": 32236.64016521197,
      "p90": 32523.021905870497,
      "p95": 32708.32494330791,
      "p99": 33067.73316530348
    }
  },
  "details": {
    "DNSDialup": {
      "average": 0.0008432481200000002,
      "fastest": 0.000109271,
      "slowest": 0.001265727
    },
    "DNSLookup": {
      "average": 0.000006119439999999999,
      "fastest": 0.000002745,
      "slowest": 0.000029856
    }
  },
  "statusCodeDistribution": {
    "200": 310778
  },
  "errorDistribution": {}
}