{
  "summary": {
    "successRate": 1,
    "total": 10.000650684,
    "slowest": 0.012562571,
    "fastest": 0.000946564,
    "average": 0.001602365110927507,
    "requestsPerSec": 31165.17213211364,
    "totalData": 4051736,
    "sizePerRequest": 13,
    "sizePerSec": 405147.2377174773
  },
  "responseTimeHistogram": {
    "0.000946564": 1,
    "0.0021081647": 301448,
    "0.0032697653999999997": 8889,
    "0.0044313660999999996": 434,
    "0.0055929668": 330,
    "0.006754567499999999": 315,
    "0.007916168199999999": 194,
    "0.0090777689": 22,
    "0.0102393696": 10,
    "0.011400970299999999": 20,
    "0.012562570999999998": 9
  },
  "latencyPercentiles": {
    "p10": 0.001476057,
    "p25": 0.001507449,
    "p50": 0.001546004,
    "p75": 0.001589226,
    "p90": 0.001651343,
    "p95": 0.001967955,
    "p99": 0.002720101
  },
  "rps": {
    "mean": 31158.39578383243,
    "stddev": 3508.775117641275,
    "max": 35468.04544518648,
    "percentiles": {
      "p10": 28478.425296190766,
      "p25": 31399.886980665175,
      "p50": 32215.98557204081,
      "p75": 32690.8892534805,
      "p90": 33184.97932848193,
      "p95": 33359.71388785855,
      "p99": 33819.17208865811
    }
  },
  "details": {
    "DNSDialup": {
      "average": 0.0004996513199999999,
      "fastest": 0.000078095,
      "slowest": 0.000689364
    },
    "DNSLookup": {
      "average": 0.000006347420000000001,
      "fastest": 0.000003496,
      "slowest": 0.00003243
    }
  },
  "statusCodeDistribution": {
    "200": 311672
  },
  "errorDistribution": {}
}