{
  "summary": {
    "successRate": 1,
    "total": 10.000600925,
    "slowest": 0.013374029,
    "fastest": 0.000632133,
    "average": 0.001610241516997772,
    "requestsPerSec": 31011.036469290968,
    "totalData": 4031677,
    "sizePerRequest": 13,
    "sizePerSec": 403143.4741007826
  },
  "responseTimeHistogram": {
    "0.000632133": 1,
    "0.0019063226": 290969,
    "0.0031805122": 17690,
    "0.0044547018": 694,
    "0.0057288914": 241,
    "0.0070030809999999995": 338,
    "0.0082772706": 148,
    "0.0095514602": 12,
    "0.0108256498": 9,
    "0.0120998394": 15,
    "0.013374028999999999": 12
  },
  "latencyPercentiles": {
    "p10": 0.001477846,
    "p25": 0.001510854,
    "p50": 0.001550984,
    "p75": 0.001596617,
    "p90": 0.00167118,
    "p95": 0.002000221,
    "p99": 0.0027811
  },
  "rps": {
    "mean": 31002.17673140894,
    "stddev": 3514.2804887829316,
    "max": 34267.54430436729,
    "percentiles": {
      "p10": 28121.295584244515,
      "p25": 31233.344315380284,
      "p50": 32153.606492745734,
      "p75": 32625.65681652292,
      "p90": 33093.671637573265,
      "p95": 33261.91764429774,
      "p99": 33516.86789861233
    }
  },
  "details": {
    "DNSDialup": {
      "average": 0.0007881693799999999,
      "fastest": 0.000132988,
      "slowest": 0.001063974
    },
    "DNSLookup": {
      "average": 0.00000678722,
      "fastest": 0.000003326,
      "slowest": 0.000033251
    }
  },
  "statusCodeDistribution": {
    "200": 310129
  },
  "errorDistribution": {}
}