{
  "summary": {
    "successRate": 1,
    "total": 10.000658134,
    "slowest": 0.011912752,
    "fastest": 0.000742586,
    "average": 0.0016522995683086713,
    "requestsPerSec": 30223.310901150337,
    "totalData": 3929289,
    "sizePerRequest": 13,
    "sizePerSec": 392903.0417149544
  },
  "responseTimeHistogram": {
    "0.000742586": 1,
    "0.0018596026": 280025,
    "0.0029766192": 18629,
    "0.0040936358": 2772,
    "0.0052106524": 187,
    "0.006327668999999999": 125,
    "0.0074446856": 176,
    "0.0085617022": 224,
    "0.0096787188": 38,
    "0.0107957354": 58,
    "0.011912751999999999": 18
  },
  "latencyPercentiles": {
    "p10": 0.001503167,
    "p25": 0.001537765,
    "p50": 0.001581933,
    "p75": 0.001641699,
    "p90": 0.001759046,
    "p95": 0.002036328,
    "p99": 0.003042801
  },
  "rps": {
    "mean": 30211.048609645204,
    "stddev": 3606.5155073967026,
    "max": 33625.35265738639,
    "percentiles": {
      "p10": 26354.317992821972,
      "p25": 30067.48345987752,
      "p50": 31379.72924152548,
      "p75": 32090.502482773863,
      "p90": 32452.175634420968,
      "p95": 32690.214654163043,
      "p99": 33220.31950996549
    }
  },
  "details": {
    "DNSDialup": {
      "average": 0.0008394652400000001,
      "fastest": 0.000087045,
      "slowest": 0.001757646
    },
    "DNSLookup": {
      "average": 0.000007815079999999996,
      "fastest": 0.00000535,
      "slowest": 0.000033903
    }
  },
  "statusCodeDistribution": {
    "200": 302253
  },
  "errorDistribution": {}
}