{
  "summary": {
    "successRate": 1,
    "total": 10.000663703,
    "slowest": 0.012347283,
    "fastest": 0.000911447,
    "average": 0.001597700728859219,
    "requestsPerSec": 31255.12558793819,
    "totalData": 4063436,
    "sizePerRequest": 13,
    "sizePerSec": 406316.63264319644
  },
  "responseTimeHistogram": {
    "0.000911447": 1,
    "0.0020550306": 301554,
    "0.0031986142000000003": 9656,
    "0.0043421978": 509,
    "0.0054857814000000005": 235,
    "0.006629365000000001": 207,
    "0.0077729486": 216,
    "0.0089165322": 108,
    "0.0100601158": 60,
    "0.0112036994": 18,
    "0.012347283": 8
  },
  "latencyPercentiles": {
    "p10": 0.001470458,
    "p25": 0.001501684,
    "p50": 0.001539351,
    "p75": 0.00158295,
    "p90": 0.001652919,
    "p95": 0.001937084,
    "p99": 0.002746473
  },
  "rps": {
    "mean": 31250.581728270496,
    "stddev": 3591.065843959929,
    "max": 38016.06812482781,
    "percentiles": {
      "p10": 28206.63137903534,
      "p25": 31514.216062867283,
      "p50": 32359.06263076397,
      "p75": 32904.50462668273,
      "p90": 33231.70139161111,
      "p95": 33362.10857450019,
      "p99": 33797.97501846524
    }
  },
  "details": {
    "DNSDialup": {
      "average": 0.00084562216,
      "fastest": 0.000113494,
      "slowest": 0.001247486
    },
    "DNSLookup": {
      "average": 0.0000061137799999999976,
      "fastest": 0.000003477,
      "slowest": 0.000027471
    }
  },
  "statusCodeDistribution": {
    "200": 312572
  },
  "errorDistribution": {}
}