{
  "summary": {
    "successRate": 1,
    "total": 10.000623439,
    "slowest": 0.011039758,
    "fastest": 0.000700452,
    "average": 0.0016341109634412968,
    "requestsPerSec": 30559.894776976013,
    "totalData": 3973034,
    "sizePerRequest": 13,
    "sizePerSec": 397278.6321006882
  },
  "responseTimeHistogram": {
    "0.000700452": 1,
    "0.0017343825999999998": 276940,
    "0.0027683131999999997": 26807,
    "0.0038022437999999997": 1248,
    "0.0048361744": 351,
    "0.005870105": 72,
    "0.0069040355999999995": 106,
    "0.0079379662": 50,
    "0.0089718968": 19,
    "0.0100058274": 10,
    "0.011039758": 14
  },
  "latencyPercentiles": {
    "p10": 0.001525423,
    "p25": 0.001556836,
    "p50": 0.001597181,
    "p75": 0.00164326,
    "p90": 0.001721837,
    "p95": 0.001859114,
    "p99": 0.002445051
  },
  "rps": {
    "mean": 30549.72340109879,
    "stddev": 2628.662899062086,
    "max": 32704.774897132804,
    "percentiles": {
      "p10": 30056.602594005242,
      "p25": 30472.252880696033,
      "p50": 31147.495851857202,
      "p75": 31499.50657547052,
      "p90": 31881.99197478953,
      "p95": 32123.37308709854,
      "p99": 32353.242406566005
    }
  },
  "details": {
    "DNSDialup": {
      "average": 0.0007652993399999999,
      "fastest": 0.000167653,
      "slowest": 0.001296661
    },
    "DNSLookup": {
      "average": 0.000006775720000000001,
      "fastest": 0.000003477,
      "slowest": 0.00003167
    }
  },
  "statusCodeDistribution": {
    "200": 305618
  },
  "errorDistribution": {}
}