{
  "summary": {
    "successRate": 1,
    "total": 10.000666979,
    "slowest": 0.011480847,
    "fastest": 0.000425455,
    "average": 0.0015697083319859554,
    "requestsPerSec": 31812.77815450393,
    "totalData": 4135937,
    "sizePerRequest": 13,
    "sizePerSec": 413566.1160085511
  },
  "responseTimeHistogram": {
    "0.000425455": 1,
    "0.0015309942": 148056,
    "0.0026365334": 168363,
    "0.0037420726": 1051,
    "0.0048476118": 421,
    "0.005953151": 57,
    "0.0070586902": 100,
    "0.0081642294": 59,
    "0.0092697686": 2,
    "0.0103753078": 17,
    "0.011480847": 22
  },
  "latencyPercentiles": {
    "p10": 0.001469233,
    "p25": 0.001498681,
    "p50": 0.001536111,
    "p75": 0.001579842,
    "p90": 0.001647907,
    "p95": 0.001749192,
    "p99": 0.002374698
  },
  "rps": {
    "mean": 31798.330803146757,
    "stddev": 2759.4626981139454,
    "max": 35854.1709739342,
    "percentiles": {
      "p10": 31214.820393949303,
      "p25": 31926.006925241232,
      "p50": 32337.983670126483,
      "p75": 32757.492000689876,
      "p90": 33147.92260462428,
      "p95": 33315.89565178077,
      "p99": 33601.36913285917
    }
  },
  "details": {
    "DNSDialup": {
      "average": 0.00070086578,
      "fastest": 0.000126079,
      "slowest": 0.001003782
    },
    "DNSLookup": {
      "average": 0.00000737146,
      "fastest": 0.000003337,
      "slowest": 0.000031939
    }
  },
  "statusCodeDistribution": {
    "200": 318149
  },
  "errorDistribution": {}
}