{
  "summary": {
    "successRate": 1,
    "total": 10.000622383,
    "slowest": 0.012915591,
    "fastest": 0.000494851,
    "average": 0.0016252766985899176,
    "requestsPerSec": 30726.987604527374,
    "totalData": 3994757,
    "sizePerRequest": 13,
    "sizePerSec": 399450.8388588559
  },
  "responseTimeHistogram": {
    "0.000494851": 1,
    "0.0017369250000000003": 280969,
    "0.0029789990000000004": 24304,
    "0.0042210730000000005": 1188,
    "0.005463147000000001": 242,
    "0.006705221000000001": 226,
    "0.007947295": 209,
    "0.009189369000000001": 61,
    "0.010431443": 25,
    "0.011673517": 55,
    "0.012915591": 9
  },
  "latencyPercentiles": {
    "p10": 0.001491744,
    "p25": 0.001524447,
    "p50": 0.001564232,
    "p75": 0.00161046,
    "p90": 0.001689746,
    "p95": 0.001975703,
    "p99": 0.002815722
  },
  "rps": {
    "mean": 30720.835578005146,
    "stddev": 3581.9138938417677,
    "max": 39496.93170146329,
    "percentiles": {
      "p10": 27813.753901303957,
      "p25": 31110.117371447668,
      "p50": 31901.881849875947,
      "p75": 32344.574057508773,
      "p90": 32648.724735788466,
      "p95": 32908.05359397307,
      "p99": 33267.990550679504
    }
  },
  "details": {
    "DNSDialup": {
      "average": 0.0008515478399999998,
      "fastest": 0.000093053,
      "slowest": 0.001865284
    },
    "DNSLookup": {
      "average": 0.000007183839999999999,
      "fastest": 0.000003327,
      "slowest": 0.000036017
    }
  },
  "statusCodeDistribution": {
    "200": 307289
  },
  "errorDistribution": {}
}