{
  "summary": {
    "successRate": 1,
    "total": 10.000833631,
    "slowest": 0.011627884,
    "fastest": 0.000971257,
    "average": 0.0016195512399801491,
    "requestsPerSec": 30833.729604715587,
    "totalData": 4008719,
    "sizePerRequest": 13,
    "sizePerSec": 400838.48486130266
  },
  "responseTimeHistogram": {
    "0.000971257": 1,
    "0.0020369197": 301225,
    "0.0031025824": 5943,
    "0.0041682451": 820,
    "0.0052339078": 153,
    "0.0062995705": 24,
    "0.0073652332": 100,
    "0.0084308959": 59,
    "0.0094965586": 8,
    "0.0105622213": 20,
    "0.011627884": 10
  },
  "latencyPercentiles": {
    "p10": 0.001501059,
    "p25": 0.001535222,
    "p50": 0.001579463,
    "p75": 0.001632434,
    "p90": 0.001744129,
    "p95": 0.00187733,
    "p99": 0.002367021
  },
  "rps": {
    "mean": 30826.23198475651,
    "stddev": 2699.6511173946164,
    "max": 34360.49876398772,
    "percentiles": {
      "p10": 29907.27344890257,
      "p25": 30809.754368233465,
      "p50": 31401.186964868535,
      "p75": 32000.822421136738,
      "p90": 32337.611127695527,
      "p95": 32490.868796691702,
      "p99": 32944.62349252078
    }
  },
  "details": {
    "DNSDialup": {
      "average": 0.0007284030600000001,
      "fastest": 0.000088887,
      "slowest": 0.001232978
    },
    "DNSLookup": {
      "average": 0.000008039160000000003,
      "fastest": 0.000003757,
      "slowest": 0.000029394
    }
  },
  "statusCodeDistribution": {
    "200": 308363
  },
  "errorDistribution": {}
}