{
  "summary": {
    "successRate": 1,
    "total": 10.000706755,
    "slowest": 0.023439136,
    "fastest": 0.000853903,
    "average": 0.0015639949343135592,
    "requestsPerSec": 31929.74334942391,
    "totalData": 4151160,
    "sizePerRequest": 13,
    "sizePerSec": 415086.6635425108
  },
  "responseTimeHistogram": {
    "0.000853903": 1,
    "0.0031124263": 318235,
    "0.005370949599999999": 881,
    "0.0076294729": 96,
    "0.009887996199999999": 29,
    "0.012146519499999998": 28,
    "0.014405042799999998": 0,
    "0.0166635661": 0,
    "0.018922089399999998": 0,
    "0.021180612699999997": 10,
    "0.023439135999999996": 40
  },
  "latencyPercentiles": {
    "p10": 0.001451265,
    "p25": 0.001480966,
    "p50": 0.001517974,
    "p75": 0.001560492,
    "p90": 0.001661703,
    "p95": 0.001840398,
    "p99": 0.0024576
  },
  "rps": {
    "mean": 31942.086964123224,
    "stddev": 3301.689636252703,
    "max": 34642.690790787776,
    "percentiles": {
      "p10": 30041.24663162867,
      "p25": 32235.6192644931,
      "p50": 32856.48687223016,
      "p75": 33274.19601223848,
      "p90": 33520.46896964687,
      "p95": 33735.203950391784,
      "p99": 34187.62389862046
    }
  },
  "details": {
    "DNSDialup": {
      "average": 0.0007598060000000001,
      "fastest": 0.000073133,
      "slowest": 0.001297516
    },
    "DNSLookup": {
      "average": 0.000006913800000000001,
      "fastest": 0.000003086,
      "slowest": 0.000030176
    }
  },
  "statusCodeDistribution": {
    "200": 319320
  },
  "errorDistribution": {}
}