{
  "summary": {
    "successRate": 1,
    "total": 10.000662614,
    "slowest": 0.012033409,
    "fastest": 0.000336849,
    "average": 0.0016111684658758599,
    "requestsPerSec": 30996.546125458564,
    "totalData": 4029818,
    "sizePerRequest": 13,
    "sizePerSec": 402955.0996309613
  },
  "responseTimeHistogram": {
    "0.000336849": 1,
    "0.001506505": 66982,
    "0.0026761610000000003": 238273,
    "0.0038458170000000005": 3753,
    "0.005015473": 366,
    "0.006185129": 99,
    "0.007354785000000001": 122,
    "0.008524441": 251,
    "0.009694097": 67,
    "0.010863753": 63,
    "0.012033409": 9
  },
  "latencyPercentiles": {
    "p10": 0.001481983,
    "p25": 0.001512384,
    "p50": 0.001550577,
    "p75": 0.001595214,
    "p90": 0.001669097,
    "p95": 0.001952212,
    "p99": 0.002872177
  },
  "rps": {
    "mean": 30991.78559756354,
    "stddev": 3549.3879462705227,
    "max": 38542.0223669865,
    "percentiles": {
      "p10": 27700.011080003478,
      "p25": 31285.991505550726,
      "p50": 32175.454658719802,
      "p75": 32540.10720744979,
      "p90": 33031.8968842086,
      "p95": 33183.97163429979,
      "p99": 33525.10024255073
    }
  },
  "details": {
    "DNSDialup": {
      "average": 0.0006649891999999998,
      "fastest": 0.000082784,
      "slowest": 0.001381614
    },
    "DNSLookup": {
      "average": 0.0000103191,
      "fastest": 0.000003516,
      "slowest": 0.000201906
    }
  },
  "statusCodeDistribution": {
    "200": 309986
  },
  "errorDistribution": {}
}