{
  "summary": {
    "successRate": 1,
    "total": 10.000685432,
    "slowest": 0.012704444,
    "fastest": 0.000396721,
    "average": 0.001806291603228772,
    "requestsPerSec": 27643.505225692617,
    "totalData": 3593902,
    "sizePerRequest": 13,
    "sizePerSec": 359365.567934004
  },
  "responseTimeHistogram": {
    "0.000396721": 1,
    "0.0016274933000000001": 3020,
    "0.0028582656000000002": 271592,
    "0.0040890379": 1349,
    "0.0053198102": 216,
    "0.006550582500000001": 79,
    "0.0077813548": 110,
    "0.0090121271": 33,
    "0.0102428994": 37,
    "0.0114736717": 10,
    "0.012704444": 7
  },
  "latencyPercentiles": {
    "p10": 0.001681287,
    "p25": 0.001718776,
    "p50": 0.001765528,
    "p75": 0.00182075,
    "p90": 0.001927357,
    "p95": 0.002048453,
    "p99": 0.0026461
  },
  "rps": {
    "mean": 27637.016767386394,
    "stddev": 2388.4861175832357,
    "max": 29935.60540907423,
    "percentiles": {
      "p10": 27023.92698495261,
      "p25": 27481.60132237358,
      "p50": 28154.282653512786,
      "p75": 28583.78668410115,
      "p90": 29031.894801272883,
      "p95": 29242.44067730581,
      "p99": 29555.768616170048
    }
  },
  "details": {
    "DNSDialup": {
      "average": 0.00073004882,
      "fastest": 0.000069726,
      "slowest": 0.001647406
    },
    "DNSLookup": {
      "average": 0.000006531639999999998,
      "fastest": 0.000003136,
      "slowest": 0.000045415
    }
  },
  "statusCodeDistribution": {
    "200": 276454
  },
  "errorDistribution": {}
}