{
  "summary": {
    "successRate": 0.6738079964665797,
    "total": 10.000641903,
    "slowest": 0.014831849,
    "fastest": 0.000564285,
    "average": 0.0016590216612770228,
    "requestsPerSec": 38034.35856311353,
    "totalData": 3331835,
    "sizePerRequest": 13,
    "sizePerSec": 333162.1142239393
  },
  "responseTimeHistogram": {
    "0.000564285": 1,
    "0.0019910414": 224976,
    "0.0034177978": 30009,
    "0.004844554200000001": 624,
    "0.006271310600000001": 206,
    "0.007698067": 377,
    "0.0091248234": 51,
    "0.0105515798": 1,
    "0.0119783362": 11,
    "0.0134050926": 10,
    "0.014831849": 29
  },
  "latencyPercentiles": {
    "p10": 0.001335757,
    "p25": 0.001525319,
    "p50": 0.001591031,
    "p75": 0.001676832,
    "p90": 0.002038273,
    "p95": 0.002142587,
    "p99": 0.002912224
  },
  "rps": {
    "mean": 30099.382723349856,
    "stddev": 4520.721250000646,
    "max": 41774.550863469936,
    "percentiles": {
      "p10": 25235.89250519257,
      "p25": 28227.21385687909,
      "p50": 31042.006042576388,
      "p75": 32211.273945879027,
      "p90": 34643.199499182265,
      "p95": 36334.090647787045,
      "p99": 39694.34543923422
    }
  },
  "details": {
    "DNSDialup": {
      "average": 0.0008241688400000006,
      "fastest": 0.000089288,
      "slowest": 0.001833327
    },
    "DNSLookup": {
      "average": 0.000008757599999999999,
      "fastest": 0.000003647,
      "slowest": 0.000080388
    }
  },
  "statusCodeDistribution": {
    "200": 256295
  },
  "errorDistribution": {
    "Connection refused (os error 111)": 124073
  }
}