{
  "summary": {
    "successRate": 1,
    "total": 10.000598823,
    "slowest": 0.009734853,
    "fastest": 0.000507117,
    "average": 0.0016387672634921105,
    "requestsPerSec": 30469.675405756447,
    "totalData": 3961295,
    "sizePerRequest": 13,
    "sizePerSec": 396105.78027483384
  },
  "responseTimeHistogram": {
    "0.000507117": 1,
    "0.0014298905999999998": 1237,
    "0.0023526642": 299879,
    "0.0032754378": 2481,
    "0.0041982114": 576,
    "0.005120985": 318,
    "0.006043758599999999": 136,
    "0.006966532199999999": 40,
    "0.0078893058": 13,
    "0.008812079399999999": 15,
    "0.009734853": 19
  },
  "latencyPercentiles": {
    "p10": 0.001528433,
    "p25": 0.001561554,
    "p50": 0.001602954,
    "p75": 0.001651762,
    "p90": 0.001725128,
    "p95": 0.001847736,
    "p99": 0.002412715
  },
  "rps": {
    "mean": 30461.448398227196,
    "stddev": 2698.9327989703606,
    "max": 32856.901562025596,
    "percentiles": {
      "p10": 29465.909060889226,
      "p25": 30507.172592191713,
      "p50": 31135.367236130987,
      "p75": 31449.447194806973,
      "p90": 31825.460368293217,
      "p95": 32089.892190106548,
      "p99": 32383.455964457215
    }
  },
  "details": {
    "DNSDialup": {
      "average": 0.0007378327799999998,
      "fastest": 0.000103705,
      "slowest": 0.0012374
    },
    "DNSLookup": {
      "average": 0.000005595520000000001,
      "fastest": 0.000002525,
      "slowest": 0.000025929
    }
  },
  "statusCodeDistribution": {
    "200": 304715
  },
  "errorDistribution": {}
}