{
  "summary": {
    "successRate": 1,
    "total": 10.000602988,
    "slowest": 0.013172513,
    "fastest": 0.001061561,
    "average": 0.0016187890609822757,
    "requestsPerSec": 30849.739797709884,
    "totalData": 4010708,
    "sizePerRequest": 13,
    "sizePerSec": 401046.6173702285
  },
  "responseTimeHistogram": {
    "0.001061561": 1,
    "0.0022726562": 299504,
    "0.0034837514000000003": 7641,
    "0.0046948466": 569,
    "0.005905941800000001": 252,
    "0.0071170370000000005": 346,
    "0.008328132200000001": 153,
    "0.009539227400000003": 11,
    "0.0107503226": 10,
    "0.011961417800000002": 13,
    "0.013172513": 16
  },
  "latencyPercentiles": {
    "p10": 0.001487148,
    "p25": 0.001519064,
    "p50": 0.001557778,
    "p75": 0.001602598,
    "p90": 0.00167761,
    "p95": 0.001997118,
    "p99": 0.002779845
  },
  "rps": {
    "mean": 30842.059629544656,
    "stddev": 3574.728272978682,
    "max": 33663.28037513378,
    "percentiles": {
      "p10": 28113.5647447874,
      "p25": 31221.83342811542,
      "p50": 32057.867809839747,
      "p75": 32412.72746517911,
      "p90": 32819.44637508197,
      "p95": 33131.16903380518,
      "p99": 33370.80426995332
    }
  },
  "details": {
    "DNSDialup": {
      "average": 0.0006617207599999999,
      "fastest": 0.000115692,
      "slowest": 0.001074194
    },
    "DNSLookup": {
      "average": 0.000006459280000000001,
      "fastest": 0.000003607,
      "slowest": 0.000033092
    }
  },
  "statusCodeDistribution": {
    "200": 308516
  },
  "errorDistribution": {}
}