{
  "summary": {
    "successRate": 1,
    "total": 10.000629011,
    "slowest": 0.022861833,
    "fastest": 0.000455826,
    "average": 0.001584796975986396,
    "requestsPerSec": 31509.318029235714,
    "totalData": 4096469,
    "sizePerRequest": 13,
    "sizePerSec": 409621.13438006426
  },
  "responseTimeHistogram": {
    "0.000455826": 1,
    "0.0026964267000000003": 312853,
    "0.004937027400000001": 1990,
    "0.0071776281000000015": 119,
    "0.009418228800000001": 64,
    "0.011658829500000002": 24,
    "0.013899430200000002": 12,
    "0.0161400309": 0,
    "0.018380631600000003": 0,
    "0.020621232300000004": 19,
    "0.022861833000000005": 31
  },
  "latencyPercentiles": {
    "p10": 0.001466781,
    "p25": 0.001498117,
    "p50": 0.001536402,
    "p75": 0.001581122,
    "p90": 0.001676773,
    "p95": 0.001892143,
    "p99": 0.002508196
  },
  "rps": {
    "mean": 31515.556196836194,
    "stddev": 3303.5703814404806,
    "max": 41890.98326940911,
    "percentiles": {
      "p10": 30203.440743858748,
      "p25": 31663.547636990257,
      "p50": 32355.548004814857,
      "p75": 32820.69796291071,
      "p90": 33201.08235528363,
      "p95": 33343.73095149371,
      "p99": 33870.96000808842
    }
  },
  "details": {
    "DNSDialup": {
      "average": 0.00082012184,
      "fastest": 0.000103105,
      "slowest": 0.001312888
    },
    "DNSLookup": {
      "average": 0.000006400079999999999,
      "fastest": 0.000003066,
      "slowest": 0.000027883
    }
  },
  "statusCodeDistribution": {
    "200": 315113
  },
  "errorDistribution": {}
}