{
  "summary": {
    "successRate": 1,
    "total": 10.000693249,
    "slowest": 0.011413268,
    "fastest": 0.000587417,
    "average": 0.0016034808406940287,
    "requestsPerSec": 31142.941018728172,
    "totalData": 4048863,
    "sizePerRequest": 13,
    "sizePerSec": 404858.23324346624
  },
  "responseTimeHistogram": {
    "0.000587417": 1,
    "0.0016700021000000001": 280034,
    "0.0027525872": 28211,
    "0.0038351723": 2094,
    "0.0049177574": 336,
    "0.0060003425": 202,
    "0.0070829276": 275,
    "0.0081655127": 257,
    "0.0092480978": 5,
    "0.0103306829": 18,
    "0.011413268": 18
  },
  "latencyPercentiles": {
    "p10": 0.001468649,
    "p25": 0.001500662,
    "p50": 0.001539107,
    "p75": 0.00158401,
    "p90": 0.001672214,
    "p95": 0.001980846,
    "p99": 0.002760776
  },
  "rps": {
    "mean": 31131.819159781582,
    "stddev": 3736.8997510273502,
    "max": 34236.22309209054,
    "percentiles": {
      "p10": 26854.869870118342,
      "p25": 31534.86280808702,
      "p50": 32359.975604623854,
      "p75": 32908.63851761023,
      "p90": 33239.13908627163,
      "p95": 33435.92420541977,
      "p99": 33775.12622690792
    }
  },
  "details": {
    "DNSDialup": {
      "average": 0.0006665471999999999,
      "fastest": 0.00008711,
      "slowest": 0.001253588
    },
    "DNSLookup": {
      "average": 0.00000742958,
      "fastest": 0.000003867,
      "slowest": 0.000028473
    }
  },
  "statusCodeDistribution": {
    "200": 311451
  },
  "errorDistribution": {}
}