{
  "summary": {
    "successRate": 1,
    "total": 10.000644182,
    "slowest": 0.012108813,
    "fastest": 0.000463821,
    "average": 0.001630862282633914,
    "requestsPerSec": 30620.32749361945,
    "totalData": 3980899,
    "sizePerRequest": 13,
    "sizePerSec": 398064.25741705287
  },
  "responseTimeHistogram": {
    "0.000463821": 1,
    "0.0016283202": 244818,
    "0.0027928194": 57191,
    "0.0039573186": 3306,
    "0.005121817799999999": 316,
    "0.006286317": 72,
    "0.007450816199999999": 120,
    "0.008615315399999999": 265,
    "0.009779814599999999": 48,
    "0.0109443138": 45,
    "0.012108813": 41
  },
  "latencyPercentiles": {
    "p10": 0.001494041,
    "p25": 0.001525891,
    "p50": 0.001566022,
    "p75": 0.001613676,
    "p90": 0.001706932,
    "p95": 0.001984375,
    "p99": 0.002882
  },
  "rps": {
    "mean": 30618.04621416883,
    "stddev": 3646.7195414589173,
    "max": 33426.531379639826,
    "percentiles": {
      "p10": 27275.60251505092,
      "p25": 30993.165455358947,
      "p50": 31863.337842447738,
      "p75": 32374.88170521537,
      "p90": 32610.487899776144,
      "p95": 32877.61918288674,
      "p99": 33196.85289798602
    }
  },
  "details": {
    "DNSDialup": {
      "average": 0.0007969680800000001,
      "fastest": 0.000107051,
      "slowest": 0.001751637
    },
    "DNSLookup": {
      "average": 0.00000969666,
      "fastest": 0.000004338,
      "slowest": 0.000033172
    }
  },
  "statusCodeDistribution": {
    "200": 306223
  },
  "errorDistribution": {}
}