{
  "summary": {
    "successRate": 1,
    "total": 10.00071906,
    "slowest": 0.011341783,
    "fastest": 0.000598328,
    "average": 0.0015761073691137092,
    "requestsPerSec": 31685.52162088233,
    "totalData": 4119414,
    "sizePerRequest": 13,
    "sizePerSec": 411911.7810714703
  },
  "responseTimeHistogram": {
    "0.000598328": 1,
    "0.0016726735": 285802,
    "0.002747019": 29149,
    "0.0038213645": 1273,
    "0.004895709999999999": 262,
    "0.0059700555": 164,
    "0.0070444010000000005": 20,
    "0.0081187465": 118,
    "0.009193092": 1,
    "0.0102674375": 69,
    "0.011341783": 19
  },
  "latencyPercentiles": {
    "p10": 0.001459863,
    "p25": 0.001489844,
    "p50": 0.001527414,
    "p75": 0.001571984,
    "p90": 0.001665894,
    "p95": 0.001893865,
    "p99": 0.002494751
  },
  "rps": {
    "mean": 31677.57010694303,
    "stddev": 3299.634927199788,
    "max": 34215.86923893298,
    "percentiles": {
      "p10": 30316.455286866098,
      "p25": 31968.18494166262,
      "p50": 32523.88915010075,
      "p75": 33100.5262983683,
      "p90": 33404.478123357265,
      "p95": 33558.911513689345,
      "p99": 34005.94423905323
    }
  },
  "details": {
    "DNSDialup": {
      "average": 0.0005885794400000001,
      "fastest": 0.000082835,
      "slowest": 0.001046024
    },
    "DNSLookup": {
      "average": 0.000006018400000000001,
      "fastest": 0.000003616,
      "slowest": 0.000029745
    }
  },
  "statusCodeDistribution": {
    "200": 316878
  },
  "errorDistribution": {}
}