{
  "summary": {
    "successRate": 1,
    "total": 10.000624458,
    "slowest": 0.016246046,
    "fastest": 0.000884576,
    "average": 0.0016185639170334244,
    "requestsPerSec": 30851.473455058916,
    "totalData": 4010942,
    "sizePerRequest": 13,
    "sizePerSec": 401069.1549157659
  },
  "responseTimeHistogram": {
    "0.000884576": 1,
    "0.002420723": 305561,
    "0.00395687": 2299,
    "0.005493017": 386,
    "0.007029164": 125,
    "0.008565311": 96,
    "0.010101458": 16,
    "0.011637605": 0,
    "0.013173752": 5,
    "0.014709899": 24,
    "0.016246046": 21
  },
  "latencyPercentiles": {
    "p10": 0.00150741,
    "p25": 0.001539567,
    "p50": 0.001580241,
    "p75": 0.001626555,
    "p90": 0.001702006,
    "p95": 0.001838696,
    "p99": 0.002399336
  },
  "rps": {
    "mean": 30835.03417513759,
    "stddev": 3013.9241567496274,
    "max": 34414.41352339472,
    "percentiles": {
      "p10": 30193.124280837157,
      "p25": 31105.903157891014,
      "p50": 31506.002147489846,
      "p75": 31958.50323602267,
      "p90": 32279.56036045844,
      "p95": 32426.158181807397,
      "p99": 32756.57900770997
    }
  },
  "details": {
    "DNSDialup": {
      "average": 0.00083870198,
      "fastest": 0.000082955,
      "slowest": 0.001923696
    },
    "DNSLookup": {
      "average": 0.00000673862,
      "fastest": 0.000002575,
      "slowest": 0.000030578
    }
  },
  "statusCodeDistribution": {
    "200": 308534
  },
  "errorDistribution": {}
}