{
  "summary": {
    "successRate": 1,
    "total": 10.000674998,
    "slowest": 0.011865447,
    "fastest": 0.000557083,
    "average": 0.0015790537237628482,
    "requestsPerSec": 31625.765267169623,
    "totalData": 4111627,
    "sizePerRequest": 13,
    "sizePerSec": 411134.9484732051
  },
  "responseTimeHistogram": {
    "0.000557083": 1,
    "0.0016879194": 292413,
    "0.0028187558": 21702,
    "0.0039495922": 1193,
    "0.0050804286": 391,
    "0.006211265": 98,
    "0.0073421014": 334,
    "0.0084729378": 111,
    "0.0096037742": 10,
    "0.0107346106": 20,
    "0.011865447": 6
  },
  "latencyPercentiles": {
    "p10": 0.001454152,
    "p25": 0.001485789,
    "p50": 0.001524206,
    "p75": 0.001568212,
    "p90": 0.001631403,
    "p95": 0.001926916,
    "p99": 0.002703923
  },
  "rps": {
    "mean": 31623.571894973567,
    "stddev": 3413.043116817285,
    "max": 34400.86280205767,
    "percentiles": {
      "p10": 28906.689007838482,
      "p25": 32050.071827214626,
      "p50": 32613.146359299626,
      "p75": 33208.13530885877,
      "p90": 33511.79889508982,
      "p95": 33660.90493976823,
      "p99": 34086.367212734476
    }
  },
  "details": {
    "DNSDialup": {
      "average": 0.0007856849400000001,
      "fastest": 0.000095135,
      "slowest": 0.001553356
    },
    "DNSLookup": {
      "average": 0.00002256342,
      "fastest": 0.000003106,
      "slowest": 0.000791182
    }
  },
  "statusCodeDistribution": {
    "200": 316279
  },
  "errorDistribution": {}
}