{
  "summary": {
    "successRate": 1,
    "total": 10.000574534,
    "slowest": 0.01200123,
    "fastest": 0.000927362,
    "average": 0.001835426615540689,
    "requestsPerSec": 27205.73693791341,
    "totalData": 3536949,
    "sizePerRequest": 13,
    "sizePerSec": 353674.58019287436
  },
  "responseTimeHistogram": {
    "0.000927362": 1,
    "0.0020347488": 253226,
    "0.0031421356": 17201,
    "0.0042495224": 1048,
    "0.0053569092": 328,
    "0.0064642960000000005": 54,
    "0.0075716828": 115,
    "0.008679069599999999": 11,
    "0.009786456399999999": 7,
    "0.0108938432": 49,
    "0.01200123": 33
  },
  "latencyPercentiles": {
    "p10": 0.00169498,
    "p25": 0.001734486,
    "p50": 0.001786183,
    "p75": 0.001858649,
    "p90": 0.001987453,
    "p95": 0.002082127,
    "p99": 0.002733547
  },
  "rps": {
    "mean": 27192.831902179307,
    "stddev": 2611.9153960913436,
    "max": 30116.578262798186,
    "percentiles": {
      "p10": 25385.53147118585,
      "p25": 27089.22637298214,
      "p50": 27925.418598944107,
      "p75": 28393.50271477398,
      "p90": 28783.701468060463,
      "p95": 29064.700940821844,
      "p99": 29468.103734541422
    }
  },
  "details": {
    "DNSDialup": {
      "average": 0.0006566139999999999,
      "fastest": 0.000084949,
      "slowest": 0.001072846
    },
    "DNSLookup": {
      "average": 0.0000060861999999999994,
      "fastest": 0.000003155,
      "slowest": 0.000033342
    }
  },
  "statusCodeDistribution": {
    "200": 272073
  },
  "errorDistribution": {}
}