{
  "summary": {
    "successRate": 1,
    "total": 10.00070333,
    "slowest": 0.010844348,
    "fastest": 0.000284028,
    "average": 0.0012216168507227473,
    "requestsPerSec": 40882.124637527864,
    "totalData": 5315050,
    "sizePerRequest": 13,
    "sizePerSec": 531467.6202878623
  },
  "responseTimeHistogram": {
    "0.000284028": 1,
    "0.00134006": 379077,
    "0.002396092": 23840,
    "0.0034521239999999996": 4851,
    "0.004508156": 334,
    "0.005564188": 73,
    "0.00662022": 66,
    "0.007676252": 561,
    "0.008732284": 22,
    "0.009788316": 18,
    "0.010844348": 7
  },
  "latencyPercentiles": {
    "p10": 0.001116523,
    "p25": 0.001140294,
    "p50": 0.001168395,
    "p75": 0.001200135,
    "p90": 0.001247463,
    "p95": 0.0014752,
    "p99": 0.00250591
  },
  "rps": {
    "mean": 40874.867593245894,
    "stddev": 5003.356325614506,
    "max": 44854.86591004337,
    "percentiles": {
      "p10": 36138.85288073135,
      "p25": 41259.81719485572,
      "p50": 42573.1063862389,
      "p75": 43362.366286345576,
      "p90": 43778.339475361674,
      "p95": 44152.3979489881,
      "p99": 44425.806070325845
    }
  },
  "details": {
    "DNSDialup": {
      "average": 0.0004718504000000001,
      "fastest": 0.000063157,
      "slowest": 0.001100264
    },
    "DNSLookup": {
      "average": 0.0000054470000000000005,
      "fastest": 0.000002902,
      "slowest": 0.000035009
    }
  },
  "statusCodeDistribution": {
    "200": 408850
  },
  "errorDistribution": {}
}