{
  "summary": {
    "successRate": 1,
    "total": 10.000635395,
    "slowest": 0.028154576,
    "fastest": 0.000590363,
    "average": 0.001610870427936926,
    "requestsPerSec": 31000.73022910161,
    "totalData": 4030351,
    "sizePerRequest": 13,
    "sizePerSec": 403009.4929783209
  },
  "responseTimeHistogram": {
    "0.000590363": 1,
    "0.0033467843": 309300,
    "0.0061032056": 577,
    "0.0088596269": 62,
    "0.0116160482": 37,
    "0.014372469499999999": 0,
    "0.0171288908": 0,
    "0.0198853121": 0,
    "0.0226417334": 0,
    "0.025398154699999998": 2,
    "0.028154575999999997": 48
  },
  "latencyPercentiles": {
    "p10": 0.001496085,
    "p25": 0.001526114,
    "p50": 0.001563081,
    "p75": 0.001606562,
    "p90": 0.001697082,
    "p95": 0.001913536,
    "p99": 0.002488871
  },
  "rps": {
    "mean": 31036.018223383348,
    "stddev": 3063.092140357759,
    "max": 34277.405236504834,
    "percentiles": {
      "p10": 30127.76885493946,
      "p25": 31221.308543080762,
      "p50": 31864.107397673302,
      "p75": 32303.351078976975,
      "p90": 32581.09689557195,
      "p95": 32767.169420596365,
      "p99": 33135.54067734566
    }
  },
  "details": {
    "DNSDialup": {
      "average": 0.0009342774799999998,
      "fastest": 0.000109624,
      "slowest": 0.002027491
    },
    "DNSLookup": {
      "average": 0.000005965999999999999,
      "fastest": 0.000002615,
      "slowest": 0.000035236
    }
  },
  "statusCodeDistribution": {
    "200": 310027
  },
  "errorDistribution": {}
}