{
  "summary": {
    "successRate": 1,
    "total": 10.000773202,
    "slowest": 0.011534933,
    "fastest": 0.000305387,
    "average": 0.001590394518689035,
    "requestsPerSec": 31398.272279307712,
    "totalData": 4082091,
    "sizePerRequest": 13,
    "sizePerSec": 408177.53963100025
  },
  "responseTimeHistogram": {
    "0.000305387": 1,
    "0.0014283416": 10106,
    "0.0025512962": 298701,
    "0.0036742508": 4202,
    "0.0047972054": 315,
    "0.00592016": 145,
    "0.0070431146": 126,
    "0.0081660692": 268,
    "0.0092890238": 65,
    "0.0104119784": 61,
    "0.011534933": 17
  },
  "latencyPercentiles": {
    "p10": 0.001459087,
    "p25": 0.001491609,
    "p50": 0.001531123,
    "p75": 0.001576521,
    "p90": 0.001656723,
    "p95": 0.001932528,
    "p99": 0.002800656
  },
  "rps": {
    "mean": 31395.912575852293,
    "stddev": 3632.831138216576,
    "max": 35301.002548474564,
    "percentiles": {
      "p10": 28089.98414229267,
      "p25": 31594.85851771434,
      "p50": 32506.231444570298,
      "p75": 33132.80479002434,
      "p90": 33441.65727935505,
      "p95": 33609.91279192451,
      "p99": 33989.34102310532
    }
  },
  "details": {
    "DNSDialup": {
      "average": 0.0007865143799999999,
      "fastest": 0.000094342,
      "slowest": 0.001160536
    },
    "DNSLookup": {
      "average": 0.0000066567,
      "fastest": 0.000003657,
      "slowest": 0.000030366
    }
  },
  "statusCodeDistribution": {
    "200": 314007
  },
  "errorDistribution": {}
}