{
  "summary": {
    "successRate": 1,
    "total": 10.000657709,
    "slowest": 0.011934595,
    "fastest": 0.000559075,
    "average": 0.0015942536072795443,
    "requestsPerSec": 31324.039789711394,
    "totalData": 4072393,
    "sizePerRequest": 13,
    "sizePerSec": 407212.5172662481
  },
  "responseTimeHistogram": {
    "0.000559075": 1,
    "0.001696627": 284541,
    "0.002834179": 26373,
    "0.003971731": 1275,
    "0.005109283": 342,
    "0.006246835": 127,
    "0.007384387": 319,
    "0.008521939": 244,
    "0.009659491": 10,
    "0.010797043": 10,
    "0.011934595": 19
  },
  "latencyPercentiles": {
    "p10": 0.001462097,
    "p25": 0.001493904,
    "p50": 0.001532016,
    "p75": 0.001576329,
    "p90": 0.001661899,
    "p95": 0.001959946,
    "p99": 0.002738943
  },
  "rps": {
    "mean": 31304.294844491313,
    "stddev": 3798.456704180761,
    "max": 41105.28898126031,
    "percentiles": {
      "p10": 27410.8190502802,
      "p25": 31700.110950388327,
      "p50": 32437.80301563412,
      "p75": 33108.17069029347,
      "p90": 33438.024749006494,
      "p95": 33641.664283711216,
      "p99": 34071.50560673039
    }
  },
  "details": {
    "DNSDialup": {
      "average": 0.0007488166800000001,
      "fastest": 0.000085781,
      "slowest": 0.001573574
    },
    "DNSLookup": {
      "average": 0.000007210460000000002,
      "fastest": 0.000003527,
      "slowest": 0.000046316
    }
  },
  "statusCodeDistribution": {
    "200": 313261
  },
  "errorDistribution": {}
}