{
  "summary": {
    "successRate": 1,
    "total": 10.000725994,
    "slowest": 0.012573875,
    "fastest": 0.00015977,
    "average": 0.0015896471013565733,
    "requestsPerSec": 31414.519324745736,
    "totalData": 4084184,
    "sizePerRequest": 13,
    "sizePerSec": 408388.7512216946
  },
  "responseTimeHistogram": {
    "0.00015977": 1,
    "0.0014011805": 1979,
    "0.002642591": 307972,
    "0.0038840015000000004": 3120,
    "0.005125412": 506,
    "0.0063668225": 90,
    "0.007608233000000001": 441,
    "0.0088496435": 21,
    "0.010091054": 9,
    "0.0113324645": 20,
    "0.012573875": 9
  },
  "latencyPercentiles": {
    "p10": 0.001464766,
    "p25": 0.00149651,
    "p50": 0.001534162,
    "p75": 0.001576357,
    "p90": 0.001636414,
    "p95": 0.001948929,
    "p99": 0.002715016
  },
  "rps": {
    "mean": 31405.295861451294,
    "stddev": 3530.930046956698,
    "max": 34361.72189325147,
    "percentiles": {
      "p10": 28989.325316684884,
      "p25": 31701.458267080547,
      "p50": 32441.3614787833,
      "p75": 33037.335492840495,
      "p90": 33336.25614852139,
      "p95": 33510.413868841795,
      "p99": 33920.41299064512
    }
  },
  "details": {
    "DNSDialup": {
      "average": 0.00068537672,
      "fastest": 0.000077525,
      "slowest": 0.001623824
    },
    "DNSLookup": {
      "average": 0.00000632872,
      "fastest": 0.000003386,
      "slowest": 0.000028233
    }
  },
  "statusCodeDistribution": {
    "200": 314168
  },
  "errorDistribution": {}
}