{
  "summary": {
    "successRate": 1,
    "total": 10.000735965,
    "slowest": 0.011913835,
    "fastest": 0.000988835,
    "average": 0.0015966895260909905,
    "requestsPerSec": 31276.698144485006,
    "totalData": 4066270,
    "sizePerRequest": 13,
    "sizePerSec": 406597.0758783051
  },
  "responseTimeHistogram": {
    "0.000988835": 1,
    "0.002081335": 306293,
    "0.003173835": 5247,
    "0.004266335": 679,
    "0.005358834999999999": 241,
    "0.006451334999999999": 108,
    "0.0075438350000000005": 111,
    "0.008636335": 24,
    "0.009728835": 68,
    "0.010821335": 8,
    "0.011913835": 10
  },
  "latencyPercentiles": {
    "p10": 0.001484795,
    "p25": 0.001514381,
    "p50": 0.001550885,
    "p75": 0.001593323,
    "p90": 0.001673914,
    "p95": 0.001878134,
    "p99": 0.002505947
  },
  "rps": {
    "mean": 31275.68522532542,
    "stddev": 3202.5380369712516,
    "max": 35378.287701598696,
    "percentiles": {
      "p10": 30211.824908268714,
      "p25": 31468.03989132361,
      "p50": 32193.41240543502,
      "p75": 32467.150346039227,
      "p90": 32730.141187019493,
      "p95": 33054.31343997517,
      "p99": 33372.013762657305
    }
  },
  "details": {
    "DNSDialup": {
      "average": 0.0007234260399999999,
      "fastest": 0.000070356,
      "slowest": 0.001583415
    },
    "DNSLookup": {
      "average": 0.00000655174,
      "fastest": 0.000003667,
      "slowest": 0.000036238
    }
  },
  "statusCodeDistribution": {
    "200": 312790
  },
  "errorDistribution": {}
}