{
  "summary": {
    "successRate": 1,
    "total": 10.000639816,
    "slowest": 0.011549889,
    "fastest": 0.000412881,
    "average": 0.0016091893967132961,
    "requestsPerSec": 31032.514490070902,
    "totalData": 4034485,
    "sizePerRequest": 13,
    "sizePerSec": 403422.68837092177
  },
  "responseTimeHistogram": {
    "0.000412881": 1,
    "0.0015265818": 61359,
    "0.0026402826": 247081,
    "0.0037539834000000004": 1081,
    "0.004867684200000001": 537,
    "0.0059813850000000005": 75,
    "0.007095085800000001": 112,
    "0.0082087866": 61,
    "0.009322487400000001": 10,
    "0.010436188200000002": 19,
    "0.011549889": 9
  },
  "latencyPercentiles": {
    "p10": 0.001504783,
    "p25": 0.001536046,
    "p50": 0.001576661,
    "p75": 0.001622206,
    "p90": 0.001690232,
    "p95": 0.001784604,
    "p99": 0.002386028
  },
  "rps": {
    "mean": 31027.02937240341,
    "stddev": 2665.749660562144,
    "max": 34069.92852830524,
    "percentiles": {
      "p10": 30351.341053770102,
      "p25": 31143.621926878088,
      "p50": 31502.810050656062,
      "p75": 32022.329170129837,
      "p90": 32318.18436841949,
      "p95": 32519.108544196457,
      "p99": 32817.98295814856
    }
  },
  "details": {
    "DNSDialup": {
      "average": 0.00079653518,
      "fastest": 0.000080317,
      "slowest": 0.001466069
    },
    "DNSLookup": {
      "average": 0.000006908340000000001,
      "fastest": 0.000003106,
      "slowest": 0.000036288
    }
  },
  "statusCodeDistribution": {
    "200": 310345
  },
  "errorDistribution": {}
}