{
  "summary": {
    "successRate": 1,
    "total": 10.000797789,
    "slowest": 0.011729432,
    "fastest": 0.00087727,
    "average": 0.001626892497226132,
    "requestsPerSec": 30694.45123044473,
    "totalData": 3990597,
    "sizePerRequest": 13,
    "sizePerSec": 399027.8659957815
  },
  "responseTimeHistogram": {
    "0.00087727": 1,
    "0.0019624862": 289545,
    "0.0030477024": 15441,
    "0.0041329186": 1041,
    "0.0052181348": 251,
    "0.0063033510000000004": 167,
    "0.0073885672000000005": 345,
    "0.0084737834": 139,
    "0.0095589996": 11,
    "0.010644215799999999": 19,
    "0.011729432": 9
  },
  "latencyPercentiles": {
    "p10": 0.001488021,
    "p25": 0.001521187,
    "p50": 0.001561258,
    "p75": 0.001608002,
    "p90": 0.001723819,
    "p95": 0.001996111,
    "p99": 0.00286793
  },
  "rps": {
    "mean": 30685.820268164152,
    "stddev": 3620.7829512685034,
    "max": 40001.91209139759,
    "percentiles": {
      "p10": 26914.93240449805,
      "p25": 31125.204246601243,
      "p50": 32012.251088490862,
      "p75": 32402.257829826256,
      "p90": 32722.4901674936,
      "p95": 33046.9400770517,
      "p99": 33425.18995464485
    }
  },
  "details": {
    "DNSDialup": {
      "average": 0.0008169211,
      "fastest": 0.000125775,
      "slowest": 0.001152928
    },
    "DNSLookup": {
      "average": 0.00000600312,
      "fastest": 0.000002615,
      "slowest": 0.000036278
    }
  },
  "statusCodeDistribution": {
    "200": 306969
  },
  "errorDistribution": {}
}