{
  "summary": {
    "successRate": 1,
    "total": 10.000791421,
    "slowest": 0.011873015,
    "fastest": 0.000926711,
    "average": 0.0015506080577136906,
    "requestsPerSec": 32206.451113825304,
    "totalData": 4187170,
    "sizePerRequest": 13,
    "sizePerSec": 418683.8644797289
  },
  "responseTimeHistogram": {
    "0.000926711": 1,
    "0.0020213414": 315643,
    "0.0031159717999999998": 5320,
    "0.0042106022": 557,
    "0.0053052326": 315,
    "0.006399863": 46,
    "0.0074944934": 117,
    "0.008589123799999999": 2,
    "0.0096837542": 65,
    "0.0107783846": 12,
    "0.011873015": 12
  },
  "latencyPercentiles": {
    "p10": 0.00144463,
    "p25": 0.001472873,
    "p50": 0.001508508,
    "p75": 0.001548707,
    "p90": 0.001620895,
    "p95": 0.001811803,
    "p99": 0.002407167
  },
  "rps": {
    "mean": 32195.958576867444,
    "stddev": 3230.34089534742,
    "max": 34396.99879590352,
    "percentiles": {
      "p10": 31299.9726781536,
      "p25": 32480.632154303898,
      "p50": 33105.603564811,
      "p75": 33413.04200130629,
      "p90": 33648.105049179736,
      "p95": 33822.74157098881,
      "p99": 34188.77114427633
    }
  },
  "details": {
    "DNSDialup": {
      "average": 0.0006710341200000001,
      "fastest": 0.000079036,
      "slowest": 0.001086308
    },
    "DNSLookup": {
      "average": 0.000006216239999999999,
      "fastest": 0.000002955,
      "slowest": 0.000024476
    }
  },
  "statusCodeDistribution": {
    "200": 322090
  },
  "errorDistribution": {}
}