{
  "summary": {
    "successRate": 1,
    "total": 10.000495467,
    "slowest": 0.011440913,
    "fastest": 0.000968101,
    "average": 0.0015624211142620254,
    "requestsPerSec": 31960.91644206132,
    "totalData": 4155125,
    "sizePerRequest": 13,
    "sizePerSec": 415491.91374679713
  },
  "responseTimeHistogram": {
    "0.000968101": 1,
    "0.0020153822": 314378,
    "0.0030626634": 4155,
    "0.0041099446": 566,
    "0.0051572258": 256,
    "0.006204507": 138,
    "0.0072517882": 43,
    "0.008299069400000001": 52,
    "0.009346350600000001": 10,
    "0.0103936318": 14,
    "0.011440913": 12
  },
  "latencyPercentiles": {
    "p10": 0.001458896,
    "p25": 0.001490316,
    "p50": 0.00152945,
    "p75": 0.001574285,
    "p90": 0.001648222,
    "p95": 0.001750433,
    "p99": 0.002261649
  },
  "rps": {
    "mean": 31947.26272627392,
    "stddev": 2810.3170553904447,
    "max": 37099.5864198267,
    "percentiles": {
      "p10": 31200.13416057757,
      "p25": 32108.884347120456,
      "p50": 32477.038884798545,
      "p75": 33021.318563263456,
      "p90": 33322.33392462509,
      "p95": 33476.5541841099,
      "p99": 33920.50362587042
    }
  },
  "details": {
    "DNSDialup": {
      "average": 0.0009107316400000001,
      "fastest": 0.000116928,
      "slowest": 0.001269102
    },
    "DNSLookup": {
      "average": 0.000011812639999999999,
      "fastest": 0.000004368,
      "slowest": 0.000228918
    }
  },
  "statusCodeDistribution": {
    "200": 319625
  },
  "errorDistribution": {}
}