{
  "summary": {
    "successRate": 1,
    "total": 10.00072375,
    "slowest": 0.011649086,
    "fastest": 0.000570983,
    "average": 0.0015994115257346167,
    "requestsPerSec": 31222.240290358983,
    "totalData": 4059185,
    "sizePerRequest": 13,
    "sizePerSec": 405889.1237746668
  },
  "responseTimeHistogram": {
    "0.000570983": 1,
    "0.0016787933": 284028,
    "0.0027866035999999997": 25062,
    "0.0038944139": 2144,
    "0.0050022242": 252,
    "0.006110034499999999": 188,
    "0.0072178448": 209,
    "0.0083256551": 272,
    "0.0094334654": 10,
    "0.0105412757": 32,
    "0.011649086": 47
  },
  "latencyPercentiles": {
    "p10": 0.00146597,
    "p25": 0.001499693,
    "p50": 0.001539487,
    "p75": 0.001585643,
    "p90": 0.00165901,
    "p95": 0.001953907,
    "p99": 0.002788623
  },
  "rps": {
    "mean": 31214.111232280775,
    "stddev": 3668.013078661471,
    "max": 35792.31977933256,
    "percentiles": {
      "p10": 28194.392004993657,
      "p25": 31307.22257624738,
      "p50": 32318.795833990014,
      "p75": 33007.91859967272,
      "p90": 33360.988815652185,
      "p95": 33514.41303121447,
      "p99": 33937.760156024386
    }
  },
  "details": {
    "DNSDialup": {
      "average": 0.0005011155399999998,
      "fastest": 0.000072475,
      "slowest": 0.000890448
    },
    "DNSLookup": {
      "average": 0.00000593142,
      "fastest": 0.000003506,
      "slowest": 0.000027481
    }
  },
  "statusCodeDistribution": {
    "200": 312245
  },
  "errorDistribution": {}
}