{
  "summary": {
    "successRate": 1,
    "total": 10.00040784,
    "slowest": 0.012521331,
    "fastest": 0.001015763,
    "average": 0.0016143092299307647,
    "requestsPerSec": 30934.138382100227,
    "totalData": 4021602,
    "sizePerRequest": 13,
    "sizePerSec": 402143.79896730295
  },
  "responseTimeHistogram": {
    "0.001015763": 1,
    "0.0021663198": 304862,
    "0.0033168766": 3307,
    "0.004467433400000001": 639,
    "0.005617990200000001": 201,
    "0.006768547000000001": 197,
    "0.0079191038": 14,
    "0.0090696606": 54,
    "0.0102202174": 62,
    "0.011370774200000001": 11,
    "0.012521331": 6
  },
  "latencyPercentiles": {
    "p10": 0.001500593,
    "p25": 0.00153264,
    "p50": 0.001572426,
    "p75": 0.001619185,
    "p90": 0.001708537,
    "p95": 0.001858742,
    "p99": 0.002443123
  },
  "rps": {
    "mean": 30923.1558546386,
    "stddev": 2987.252764065777,
    "max": 34563.05286906927,
    "percentiles": {
      "p10": 30163.252340159324,
      "p25": 31049.356056387427,
      "p50": 31480.189364509948,
      "p75": 32107.998463632794,
      "p90": 32428.17842510624,
      "p95": 32632.88415736534,
      "p99": 32995.05876430025
    }
  },
  "details": {
    "DNSDialup": {
      "average": 0.0008756252199999999,
      "fastest": 0.000083625,
      "slowest": 0.00188864
    },
    "DNSLookup": {
      "average": 0.000026365200000000003,
      "fastest": 0.000002715,
      "slowest": 0.00102296
    }
  },
  "statusCodeDistribution": {
    "200": 309354
  },
  "errorDistribution": {}
}