{
  "summary": {
    "successRate": 1,
    "total": 10.000697344,
    "slowest": 0.011677783,
    "fastest": 0.000178523,
    "average": 0.001586772577419831,
    "requestsPerSec": 31472.305297673447,
    "totalData": 4091685,
    "sizePerRequest": 13,
    "sizePerSec": 409139.9688697548
  },
  "responseTimeHistogram": {
    "0.000178523": 1,
    "0.0013284490000000002": 331,
    "0.002478375": 308851,
    "0.0036283010000000004": 4473,
    "0.004778227": 463,
    "0.005928153": 108,
    "0.007078079000000001": 168,
    "0.008228005": 213,
    "0.009377931": 18,
    "0.010527857000000002": 87,
    "0.011677783": 32
  },
  "latencyPercentiles": {
    "p10": 0.001461293,
    "p25": 0.001491913,
    "p50": 0.001529849,
    "p75": 0.001573135,
    "p90": 0.001640961,
    "p95": 0.001924246,
    "p99": 0.002723766
  },
  "rps": {
    "mean": 31453.695026151636,
    "stddev": 3554.557626226118,
    "max": 34210.049705190184,
    "percentiles": {
      "p10": 28304.690087148952,
      "p25": 31738.3430922917,
      "p50": 32523.3127105509,
      "p75": 33102.88326113316,
      "p90": 33404.06737671368,
      "p95": 33562.81952931262,
      "p99": 33965.880221277555
    }
  },
  "details": {
    "DNSDialup": {
      "average": 0.0007412761200000001,
      "fastest": 0.000072966,
      "slowest": 0.001471009
    },
    "DNSLookup": {
      "average": 0.0000069715800000000014,
      "fastest": 0.000003026,
      "slowest": 0.000034544
    }
  },
  "statusCodeDistribution": {
    "200": 314745
  },
  "errorDistribution": {}
}