{
  "summary": {
    "successRate": 1,
    "total": 10.000373629,
    "slowest": 0.010593227,
    "fastest": 0.001052293,
    "average": 0.001530051484889605,
    "requestsPerSec": 32638.58052797959,
    "totalData": 4243174,
    "sizePerRequest": 13,
    "sizePerSec": 424301.54686373466
  },
  "responseTimeHistogram": {
    "0.001052293": 1,
    "0.0020063864": 321442,
    "0.0029604798": 3768,
    "0.0039145732": 604,
    "0.0048686666": 306,
    "0.005822760000000001": 61,
    "0.0067768534": 123,
    "0.007730946800000001": 60,
    "0.0086850402": 10,
    "0.0096391336": 10,
    "0.010593227": 13
  },
  "latencyPercentiles": {
    "p10": 0.001431504,
    "p25": 0.001461133,
    "p50": 0.00149885,
    "p75": 0.001540799,
    "p90": 0.001603933,
    "p95": 0.001698357,
    "p99": 0.002291055
  },
  "rps": {
    "mean": 32635.010689318147,
    "stddev": 2836.1591931131525,
    "max": 34787.13821122534,
    "percentiles": {
      "p10": 32175.702994004427,
      "p25": 32698.154648987827,
      "p50": 33215.76024603602,
      "p75": 33545.66724161783,
      "p90": 34013.156288851234,
      "p95": 34211.082378274106,
      "p99": 34460.324882589775
    }
  },
  "details": {
    "DNSDialup": {
      "average": 0.0007043969799999999,
      "fastest": 0.000065363,
      "slowest": 0.001594433
    },
    "DNSLookup": {
      "average": 0.000006531119999999999,
      "fastest": 0.000003306,
      "slowest": 0.000027582
    }
  },
  "statusCodeDistribution": {
    "200": 326398
  },
  "errorDistribution": {}
}