{
  "summary": {
    "successRate": 1,
    "total": 10.000735402,
    "slowest": 0.012429242,
    "fastest": 0.00020456,
    "average": 0.0016172191216758088,
    "requestsPerSec": 30877.32927502965,
    "totalData": 4014348,
    "sizePerRequest": 13,
    "sizePerSec": 401405.28057538543
  },
  "responseTimeHistogram": {
    "0.00020456": 1,
    "0.0014270282": 3364,
    "0.0026494964": 300722,
    "0.0038719646": 3767,
    "0.005094432800000001": 349,
    "0.006316901000000001": 152,
    "0.007539369200000001": 194,
    "0.0087618374": 159,
    "0.0099843056": 1,
    "0.0112067738": 69,
    "0.012429242": 18
  },
  "latencyPercentiles": {
    "p10": 0.001486036,
    "p25": 0.001519125,
    "p50": 0.001559063,
    "p75": 0.001604652,
    "p90": 0.001679034,
    "p95": 0.001961062,
    "p99": 0.002789628
  },
  "rps": {
    "mean": 30869.58100542111,
    "stddev": 3508.1955947636766,
    "max": 34750.30106078763,
    "percentiles": {
      "p10": 28028.536063533993,
      "p25": 31153.29706061123,
      "p50": 32058.513198289656,
      "p75": 32446.858130168315,
      "p90": 32807.737328614705,
      "p95": 33083.91072276612,
      "p99": 33497.05485544508
    }
  },
  "details": {
    "DNSDialup": {
      "average": 0.00076406082,
      "fastest": 0.000096533,
      "slowest": 0.001267783
    },
    "DNSLookup": {
      "average": 0.000008522200000000001,
      "fastest": 0.000003847,
      "slowest": 0.000032551
    }
  },
  "statusCodeDistribution": {
    "200": 308796
  },
  "errorDistribution": {}
}