{
  "summary": {
    "successRate": 1,
    "total": 10.000755186,
    "slowest": 0.011114286,
    "fastest": 0.000666216,
    "average": 0.0016042724160849448,
    "requestsPerSec": 31127.34930615869,
    "totalData": 4046861,
    "sizePerRequest": 13,
    "sizePerSec": 404655.540980063
  },
  "responseTimeHistogram": {
    "0.000666216": 1,
    "0.0017110229999999999": 287887,
    "0.0027558299999999995": 20899,
    "0.003800636999999999": 1384,
    "0.004845443999999999": 407,
    "0.005890250999999999": 205,
    "0.006935057999999998": 402,
    "0.007979865": 72,
    "0.009024672": 1,
    "0.010069479": 20,
    "0.011114286": 19
  },
  "latencyPercentiles": {
    "p10": 0.001481271,
    "p25": 0.001511857,
    "p50": 0.001548889,
    "p75": 0.001590994,
    "p90": 0.001651281,
    "p95": 0.001966643,
    "p99": 0.002680674
  },
  "rps": {
    "mean": 31125.535426972518,
    "stddev": 3383.9848910957926,
    "max": 33923.68514130139,
    "percentiles": {
      "p10": 28465.6760076851,
      "p25": 31408.065591243743,
      "p50": 32212.073792105064,
      "p75": 32563.070852258115,
      "p90": 33079.84852043597,
      "p95": 33224.34267809341,
      "p99": 33562.81868100524
    }
  },
  "details": {
    "DNSDialup": {
      "average": 0.0005400263,
      "fastest": 0.000073094,
      "slowest": 0.000951389
    },
    "DNSLookup": {
      "average": 0.00000656806,
      "fastest": 0.000003256,
      "slowest": 0.000033463
    }
  },
  "statusCodeDistribution": {
    "200": 311297
  },
  "errorDistribution": {}
}