{
  "summary": {
    "successRate": 1,
    "total": 10.000790889,
    "slowest": 0.011528768,
    "fastest": 0.001173836,
    "average": 0.001610520950277147,
    "requestsPerSec": 31007.447655073156,
    "totalData": 4031287,
    "sizePerRequest": 13,
    "sizePerSec": 403096.81951595104
  },
  "responseTimeHistogram": {
    "0.001173836": 1,
    "0.0022093292": 299574,
    "0.0032448223999999998": 9069,
    "0.0042803156": 605,
    "0.0053158088": 274,
    "0.0063513020000000005": 60,
    "0.0073867952": 395,
    "0.0084222884": 30,
    "0.0094577816": 63,
    "0.010493274799999999": 18,
    "0.011528768": 10
  },
  "latencyPercentiles": {
    "p10": 0.001474775,
    "p25": 0.001507146,
    "p50": 0.001545958,
    "p75": 0.001591733,
    "p90": 0.001681604,
    "p95": 0.002008728,
    "p99": 0.002770134
  },
  "rps": {
    "mean": 30995.214137027346,
    "stddev": 3652.4815387217263,
    "max": 34373.70052962927,
    "percentiles": {
      "p10": 27409.962109818465,
      "p25": 31210.093605191945,
      "p50": 32210.05275746556,
      "p75": 32715.25512346591,
      "p90": 33179.45816641745,
      "p95": 33342.20101164358,
      "p99": 33648.850070702945
    }
  },
  "details": {
    "DNSDialup": {
      "average": 0.00070900856,
      "fastest": 0.000120833,
      "slowest": 0.001119196
    },
    "DNSLookup": {
      "average": 0.000007423180000000001,
      "fastest": 0.000003696,
      "slowest": 0.00003224
    }
  },
  "statusCodeDistribution": {
    "200": 310099
  },
  "errorDistribution": {}
}