{
  "summary": {
    "successRate": 1,
    "total": 10.000447615,
    "slowest": 0.010024832,
    "fastest": 0.000950242,
    "average": 0.0015938806593888992,
    "requestsPerSec": 31331.397559648132,
    "totalData": 4073264,
    "sizePerRequest": 13,
    "sizePerSec": 407308.16827542573
  },
  "responseTimeHistogram": {
    "0.000950242": 1,
    "0.0018577009999999998": 302565,
    "0.00276516": 9245,
    "0.003672619": 647,
    "0.004580078": 349,
    "0.005487536999999999": 151,
    "0.006394996": 38,
    "0.007302454999999999": 159,
    "0.008209913999999999": 29,
    "0.009117373": 122,
    "0.010024832": 22
  },
  "latencyPercentiles": {
    "p10": 0.001485703,
    "p25": 0.001517409,
    "p50": 0.001557072,
    "p75": 0.001602895,
    "p90": 0.001680854,
    "p95": 0.001795627,
    "p99": 0.00232267
  },
  "rps": {
    "mean": 31324.587317582114,
    "stddev": 2914.2357311916535,
    "max": 34525.41415736115,
    "percentiles": {
      "p10": 30734.92717123707,
      "p25": 31339.17765189082,
      "p50": 31957.270624685687,
      "p75": 32357.448805678112,
      "p90": 32688.017390025267,
      "p95": 33007.73823258922,
      "p99": 33351.51496224984
    }
  },
  "details": {
    "DNSDialup": {
      "average": 0.0005860143800000003,
      "fastest": 0.00006424,
      "slowest": 0.001445025
    },
    "DNSLookup": {
      "average": 0.000007107919999999999,
      "fastest": 0.000003156,
      "slowest": 0.000030858
    }
  },
  "statusCodeDistribution": {
    "200": 313328
  },
  "errorDistribution": {}
}