{
  "summary": {
    "successRate": 1,
    "total": 10.000673724,
    "slowest": 0.011546425,
    "fastest": 0.000896079,
    "average": 0.001591315045115782,
    "requestsPerSec": 31381.5857472524,
    "totalData": 4079881,
    "sizePerRequest": 13,
    "sizePerSec": 407960.6147142812
  },
  "responseTimeHistogram": {
    "0.000896079": 1,
    "0.0019611136": 306358,
    "0.0030261482000000003": 6156,
    "0.0040911828": 848,
    "0.0051562174": 209,
    "0.006221252000000001": 127,
    "0.0072862866000000005": 39,
    "0.0083513212": 62,
    "0.0094163558": 9,
    "0.0104813904": 18,
    "0.011546425": 10
  },
  "latencyPercentiles": {
    "p10": 0.001485246,
    "p25": 0.001516936,
    "p50": 0.001556419,
    "p75": 0.0016017,
    "p90": 0.001674949,
    "p95": 0.001785155,
    "p99": 0.002456499
  },
  "rps": {
    "mean": 31373.51809946902,
    "stddev": 2780.0250123488454,
    "max": 33998.69481116584,
    "percentiles": {
      "p10": 30678.580014262836,
      "p25": 31411.89882727611,
      "p50": 32034.703193971207,
      "p75": 32386.51015555631,
      "p90": 32707.025469070297,
      "p95": 32924.01148157538,
      "p99": 33231.18195940687
    }
  },
  "details": {
    "DNSDialup": {
      "average": 0.0006988730000000001,
      "fastest": 0.000093646,
      "slowest": 0.001258716
    },
    "DNSLookup": {
      "average": 0.000008501119999999999,
      "fastest": 0.000003827,
      "slowest": 0.000030086
    }
  },
  "statusCodeDistribution": {
    "200": 313837
  },
  "errorDistribution": {}
}