{
  "summary": {
    "successRate": 1,
    "total": 10.000643656,
    "slowest": 0.013101283,
    "fastest": 0.000682518,
    "average": 0.0016270603709686398,
    "requestsPerSec": 30691.724508736963,
    "totalData": 3990181,
    "sizePerRequest": 13,
    "sizePerSec": 398992.4186135805
  },
  "responseTimeHistogram": {
    "0.000682518": 1,
    "0.0019243945": 288953,
    "0.003166271": 16508,
    "0.0044081475": 679,
    "0.005650024": 223,
    "0.0068919005": 298,
    "0.008133777": 194,
    "0.009375653500000001": 32,
    "0.01061753": 10,
    "0.0118594065": 20,
    "0.013101283": 19
  },
  "latencyPercentiles": {
    "p10": 0.001497491,
    "p25": 0.001530462,
    "p50": 0.001569607,
    "p75": 0.001614805,
    "p90": 0.00168407,
    "p95": 0.001999349,
    "p99": 0.002748211
  },
  "rps": {
    "mean": 30679.09139746088,
    "stddev": 3415.8248410965775,
    "max": 34118.38054497697,
    "percentiles": {
      "p10": 28157.051586635473,
      "p25": 31116.834207305383,
      "p50": 31708.825052281896,
      "p75": 32264.526499980242,
      "p90": 32540.94786156544,
      "p95": 32751.732408986918,
      "p99": 33169.037379086476
    }
  },
  "details": {
    "DNSDialup": {
      "average": 0.0005591796000000001,
      "fastest": 0.000174384,
      "slowest": 0.000933961
    },
    "DNSLookup": {
      "average": 0.000006438980000000001,
      "fastest": 0.000003246,
      "slowest": 0.000036047
    }
  },
  "statusCodeDistribution": {
    "200": 306937
  },
  "errorDistribution": {}
}