{
  "summary": {
    "successRate": 1,
    "total": 10.00079317,
    "slowest": 0.011298441,
    "fastest": 0.000404619,
    "average": 0.0015163752779170886,
    "requestsPerSec": 32932.387901788796,
    "totalData": 4281550,
    "sizePerRequest": 13,
    "sizePerSec": 428121.04272325436
  },
  "responseTimeHistogram": {
    "0.000404619": 1,
    "0.0014940011999999999": 201399,
    "0.0025833834": 124797,
    "0.0036727656": 2101,
    "0.0047621478": 365,
    "0.00585153": 156,
    "0.0069409122": 472,
    "0.008030294399999999": 20,
    "0.0091196766": 3,
    "0.010209058799999999": 17,
    "0.011298441": 19
  },
  "latencyPercentiles": {
    "p10": 0.001364618,
    "p25": 0.001407531,
    "p50": 0.001467097,
    "p75": 0.001531197,
    "p90": 0.001602315,
    "p95": 0.001864225,
    "p99": 0.002568237
  },
  "rps": {
    "mean": 32917.43422816486,
    "stddev": 3745.455784915415,
    "max": 36900.283901559196,
    "percentiles": {
      "p10": 29616.902366180086,
      "p25": 32347.54853092526,
      "p50": 34082.288276815336,
      "p75": 35035.24304520325,
      "p90": 35512.706909303946,
      "p95": 35818.1562233879,
      "p99": 36322.951714351184
    }
  },
  "details": {
    "DNSDialup": {
      "average": 0.0006074892200000001,
      "fastest": 0.000077755,
      "slowest": 0.001270119
    },
    "DNSLookup": {
      "average": 0.000018586999999999997,
      "fastest": 0.000002645,
      "slowest": 0.000667119
    }
  },
  "statusCodeDistribution": {
    "200": 329350
  },
  "errorDistribution": {}
}