{
  "summary": {
    "successRate": 1,
    "total": 10.000673762,
    "slowest": 0.013152937,
    "fastest": 0.000646197,
    "average": 0.0016116705550851013,
    "requestsPerSec": 30984.512381296896,
    "totalData": 4028258,
    "sizePerRequest": 13,
    "sizePerSec": 402798.66095685965
  },
  "responseTimeHistogram": {
    "0.000646197": 1,
    "0.001896871": 291624,
    "0.003147545": 16679,
    "0.004398219": 764,
    "0.005648893": 209,
    "0.0068995670000000005": 321,
    "0.008150240999999999": 211,
    "0.009400915": 24,
    "0.010651589": 18,
    "0.011902263": 10,
    "0.013152937": 5
  },
  "latencyPercentiles": {
    "p10": 0.001479139,
    "p25": 0.001512281,
    "p50": 0.00155221,
    "p75": 0.001598567,
    "p90": 0.001672132,
    "p95": 0.001985382,
    "p99": 0.002794656
  },
  "rps": {
    "mean": 30977.68671712776,
    "stddev": 3514.6497437489975,
    "max": 34053.2780662705,
    "percentiles": {
      "p10": 28134.796983906435,
      "p25": 31202.60039060561,
      "p50": 32118.62371295856,
      "p75": 32601.965959678742,
      "p90": 33114.26075674301,
      "p95": 33317.720926110655,
      "p99": 33707.75857736212
    }
  },
  "details": {
    "DNSDialup": {
      "average": 0.00064800612,
      "fastest": 0.000075971,
      "slowest": 0.00140316
    },
    "DNSLookup": {
      "average": 0.000007145579999999999,
      "fastest": 0.000003687,
      "slowest": 0.000027351
    }
  },
  "statusCodeDistribution": {
    "200": 309866
  },
  "errorDistribution": {}
}