{
  "summary": {
    "successRate": 1,
    "total": 10.000632583,
    "slowest": 0.025273464,
    "fastest": 0.000885274,
    "average": 0.001584702415011962,
    "requestsPerSec": 31514.206464873183,
    "totalData": 4097106,
    "sizePerRequest": 13,
    "sizePerSec": 409684.6840433514
  },
  "responseTimeHistogram": {
    "0.000885274": 1,
    "0.003324093": 314416,
    "0.005762912": 596,
    "0.008201731": 56,
    "0.01064055": 26,
    "0.013079369": 17,
    "0.015518188": 0,
    "0.017957006999999997": 0,
    "0.020395826": 0,
    "0.022834645": 0,
    "0.025273464": 50
  },
  "latencyPercentiles": {
    "p10": 0.001468536,
    "p25": 0.001499503,
    "p50": 0.001537978,
    "p75": 0.001584024,
    "p90": 0.001688026,
    "p95": 0.001874874,
    "p99": 0.002415299
  },
  "rps": {
    "mean": 31530.751863925434,
    "stddev": 3114.897890979465,
    "max": 34305.35163485524,
    "percentiles": {
      "p10": 29934.688316821528,
      "p25": 31581.751656387307,
      "p50": 32356.975092005716,
      "p75": 32809.80028734146,
      "p90": 33164.573703174334,
      "p95": 33351.96072247373,
      "p99": 33620.595977095334
    }
  },
  "details": {
    "DNSDialup": {
      "average": 0.0007669006200000003,
      "fastest": 0.000095199,
      "slowest": 0.001370036
    },
    "DNSLookup": {
      "average": 0.000007979380000000002,
      "fastest": 0.000003256,
      "slowest": 0.000040476
    }
  },
  "statusCodeDistribution": {
    "200": 315162
  },
  "errorDistribution": {}
}