{
  "summary": {
    "successRate": 1,
    "total": 10.000610789,
    "slowest": 0.011406595,
    "fastest": 0.000642472,
    "average": 0.0016207332797263494,
    "requestsPerSec": 30812.51800529401,
    "totalData": 4005872,
    "sizePerRequest": 13,
    "sizePerSec": 400562.7340688221
  },
  "responseTimeHistogram": {
    "0.000642472": 1,
    "0.0017188843": 278011,
    "0.0027952966000000003": 28446,
    "0.0038717088999999996": 1073,
    "0.0049481212": 350,
    "0.0060245335": 43,
    "0.007100945799999999": 153,
    "0.0081773581": 24,
    "0.0092537704": 19,
    "0.0103301827": 10,
    "0.011406595": 14
  },
  "latencyPercentiles": {
    "p10": 0.001511143,
    "p25": 0.001543387,
    "p50": 0.001585017,
    "p75": 0.00163247,
    "p90": 0.001714211,
    "p95": 0.001842016,
    "p99": 0.00237353
  },
  "rps": {
    "mean": 30807.41642013282,
    "stddev": 2647.171503396161,
    "max": 33211.35311431032,
    "percentiles": {
      "p10": 30149.71084323825,
      "p25": 30847.329056971917,
      "p50": 31336.55722766183,
      "p75": 31802.477412992757,
      "p90": 32185.909029140657,
      "p95": 32371.907962706344,
      "p99": 32654.274097529553
    }
  },
  "details": {
    "DNSDialup": {
      "average": 0.0006048980799999998,
      "fastest": 0.000085653,
      "slowest": 0.000985205
    },
    "DNSLookup": {
      "average": 0.00000659164,
      "fastest": 0.000003567,
      "slowest": 0.000031799
    }
  },
  "statusCodeDistribution": {
    "200": 308144
  },
  "errorDistribution": {}
}