{
  "summary": {
    "successRate": 1,
    "total": 10.000670895,
    "slowest": 0.011116959,
    "fastest": 0.000333934,
    "average": 0.001626810227906444,
    "requestsPerSec": 30696.940557606456,
    "totalData": 3990870,
    "sizePerRequest": 13,
    "sizePerSec": 399060.227248884
  },
  "responseTimeHistogram": {
    "0.000333934": 1,
    "0.0014122364999999998": 643,
    "0.002490539": 303292,
    "0.0035688415": 2254,
    "0.004647144": 477,
    "0.005725446499999999": 115,
    "0.0068037489999999996": 115,
    "0.007882051499999999": 30,
    "0.008960353999999999": 39,
    "0.010038656499999998": 10,
    "0.011116958999999997": 14
  },
  "latencyPercentiles": {
    "p10": 0.001511449,
    "p25": 0.001544303,
    "p50": 0.001586122,
    "p75": 0.00163532,
    "p90": 0.001737133,
    "p95": 0.001870422,
    "p99": 0.002486973
  },
  "rps": {
    "mean": 30689.04789406443,
    "stddev": 2790.2837033274254,
    "max": 35437.977969729654,
    "percentiles": {
      "p10": 29822.357471753978,
      "p25": 30687.626861370914,
      "p50": 31322.84455886817,
      "p75": 31756.504348186132,
      "p90": 32200.690239684205,
      "p95": 32355.476680090807,
      "p99": 32723.196289391548
    }
  },
  "details": {
    "DNSDialup": {
      "average": 0.0007602484600000002,
      "fastest": 0.000079278,
      "slowest": 0.001464444
    },
    "DNSLookup": {
      "average": 0.000006998439999999999,
      "fastest": 0.000003136,
      "slowest": 0.00003752
    }
  },
  "statusCodeDistribution": {
    "200": 306990
  },
  "errorDistribution": {}
}