{
  "summary": {
    "successRate": 1,
    "total": 10.000719576,
    "slowest": 0.011257607,
    "fastest": 0.000261237,
    "average": 0.001674774498571508,
    "requestsPerSec": 29819.05429241885,
    "totalData": 3876756,
    "sizePerRequest": 13,
    "sizePerSec": 387647.705801445
  },
  "responseTimeHistogram": {
    "0.000261237": 1,
    "0.0013608740000000002": 2120,
    "0.0024605110000000003": 286957,
    "0.0035601480000000004": 7269,
    "0.0046597850000000005": 880,
    "0.005759422000000001": 308,
    "0.006859059000000001": 161,
    "0.007958696": 170,
    "0.009058333": 317,
    "0.01015797": 15,
    "0.011257607000000001": 14
  },
  "latencyPercentiles": {
    "p10": 0.001500557,
    "p25": 0.001541235,
    "p50": 0.001592821,
    "p75": 0.001662591,
    "p90": 0.001861113,
    "p95": 0.002104035,
    "p99": 0.003139459
  },
  "rps": {
    "mean": 29810.07058330327,
    "stddev": 3912.93824619015,
    "max": 33954.007243922184,
    "percentiles": {
      "p10": 25252.41137981931,
      "p25": 29534.03502195874,
      "p50": 31141.776693434094,
      "p75": 32081.831126655918,
      "p90": 32476.564352972666,
      "p95": 32682.330057648127,
      "p99": 33150.346117913985
    }
  },
  "details": {
    "DNSDialup": {
      "average": 0.0006809197800000001,
      "fastest": 0.000092405,
      "slowest": 0.001255777
    },
    "DNSLookup": {
      "average": 0.00000699502,
      "fastest": 0.000003246,
      "slowest": 0.000036999
    }
  },
  "statusCodeDistribution": {
    "200": 298212
  },
  "errorDistribution": {}
}