{
  "summary": {
    "successRate": 1,
    "total": 10.000436212,
    "slowest": 0.010893264,
    "fastest": 0.000588315,
    "average": 0.0015836268570006077,
    "requestsPerSec": 31534.424430565028,
    "totalData": 4099654,
    "sizePerRequest": 13,
    "sizePerSec": 409947.51759734534
  },
  "responseTimeHistogram": {
    "0.000588315": 1,
    "0.0016188099": 263986,
    "0.0026493047999999997": 49388,
    "0.0036797997": 1087,
    "0.0047102946": 481,
    "0.005740789499999999": 55,
    "0.0067712844": 173,
    "0.0078017793": 32,
    "0.0088322742": 113,
    "0.0098627691": 31,
    "0.010893264": 11
  },
  "latencyPercentiles": {
    "p10": 0.00147749,
    "p25": 0.001508358,
    "p50": 0.00154726,
    "p75": 0.001591844,
    "p90": 0.001663765,
    "p95": 0.001765523,
    "p99": 0.002391166
  },
  "rps": {
    "mean": 31517.432744345675,
    "stddev": 2982.705051547236,
    "max": 37757.11318500832,
    "percentiles": {
      "p10": 31030.223437627126,
      "p25": 31547.791749720196,
      "p50": 32177.474862604224,
      "p75": 32535.37245693821,
      "p90": 32985.474877257235,
      "p95": 33147.6828714994,
      "p99": 33417.71730175234
    }
  },
  "details": {
    "DNSDialup": {
      "average": 0.0008228106800000001,
      "fastest": 0.000091462,
      "slowest": 0.001290918
    },
    "DNSLookup": {
      "average": 0.00000648628,
      "fastest": 0.000003247,
      "slowest": 0.000028182
    }
  },
  "statusCodeDistribution": {
    "200": 315358
  },
  "errorDistribution": {}
}