{
  "summary": {
    "successRate": 1,
    "total": 10.000772338,
    "slowest": 0.011697252,
    "fastest": 0.000563228,
    "average": 0.0015939640259957297,
    "requestsPerSec": 31329.680289738437,
    "totalData": 4073173,
    "sizePerRequest": 13,
    "sizePerSec": 407285.84376659966
  },
  "responseTimeHistogram": {
    "0.000563228": 1,
    "0.0016766304": 285121,
    "0.0027900328": 25083,
    "0.0039034352000000003": 2158,
    "0.0050168376": 312,
    "0.0061302399999999995": 126,
    "0.0072436424": 391,
    "0.008357044800000001": 73,
    "0.0094704472": 31,
    "0.0105838496": 10,
    "0.011697252": 15
  },
  "latencyPercentiles": {
    "p10": 0.001459137,
    "p25": 0.001494095,
    "p50": 0.001535751,
    "p75": 0.001583418,
    "p90": 0.001658506,
    "p95": 0.001964279,
    "p99": 0.002789016
  },
  "rps": {
    "mean": 31323.381726693,
    "stddev": 3522.6063370863153,
    "max": 36030.27984718401,
    "percentiles": {
      "p10": 28221.923092234963,
      "p25": 31406.953499504765,
      "p50": 32342.530032819323,
      "p75": 33100.41673424773,
      "p90": 33458.0202220272,
      "p95": 33684.96582142828,
      "p99": 34188.068768593934
    }
  },
  "details": {
    "DNSDialup": {
      "average": 0.0007047207000000001,
      "fastest": 0.000072045,
      "slowest": 0.001566056
    },
    "DNSLookup": {
      "average": 0.000006423040000000001,
      "fastest": 0.000003176,
      "slowest": 0.000030987
    }
  },
  "statusCodeDistribution": {
    "200": 313321
  },
  "errorDistribution": {}
}