{
  "summary": {
    "successRate": 1,
    "total": 10.000621493,
    "slowest": 0.012604656,
    "fastest": 0.001036048,
    "average": 0.0016302641252933898,
    "requestsPerSec": 30631.796255304987,
    "totalData": 3982381,
    "sizePerRequest": 13,
    "sizePerSec": 398213.35131896485
  },
  "responseTimeHistogram": {
    "0.001036048": 1,
    "0.0021929087999999998": 302021,
    "0.0033497696": 3329,
    "0.0045066303999999995": 597,
    "0.005663491200000001": 176,
    "0.006820352": 113,
    "0.0079772128": 62,
    "0.0091340736": 4,
    "0.0102909344": 17,
    "0.0114477952": 14,
    "0.012604656": 3
  },
  "latencyPercentiles": {
    "p10": 0.001518383,
    "p25": 0.001551517,
    "p50": 0.001593595,
    "p75": 0.001641915,
    "p90": 0.001720301,
    "p95": 0.001847518,
    "p99": 0.002461841
  },
  "rps": {
    "mean": 30601.24301291955,
    "stddev": 2826.5577807331565,
    "max": 33145.33848090077,
    "percentiles": {
      "p10": 30027.50218925639,
      "p25": 30556.164981290975,
      "p50": 31213.668465420804,
      "p75": 31595.595694708336,
      "p90": 32086.02514799834,
      "p95": 32226.9846543997,
      "p99": 32543.88067923705
    }
  },
  "details": {
    "DNSDialup": {
      "average": 0.00066245538,
      "fastest": 0.00007503,
      "slowest": 0.001204696
    },
    "DNSLookup": {
      "average": 0.000007452319999999999,
      "fastest": 0.000003286,
      "slowest": 0.000033041
    }
  },
  "statusCodeDistribution": {
    "200": 306337
  },
  "errorDistribution": {}
}