{
  "summary": {
    "successRate": 1,
    "total": 10.000764942,
    "slowest": 0.012018876,
    "fastest": 0.000754158,
    "average": 0.0016357685567507392,
    "requestsPerSec": 30528.564741862923,
    "totalData": 3969017,
    "sizePerRequest": 13,
    "sizePerSec": 396871.341644218
  },
  "responseTimeHistogram": {
    "0.000754158": 1,
    "0.0018806298": 284596,
    "0.0030071016": 18458,
    "0.0041335734": 1312,
    "0.005260045200000001": 347,
    "0.0063865169999999995": 70,
    "0.0075129888": 246,
    "0.0086394606": 225,
    "0.0097659324": 19,
    "0.0108924042": 22,
    "0.012018876": 13
  },
  "latencyPercentiles": {
    "p10": 0.001496248,
    "p25": 0.001531043,
    "p50": 0.001573291,
    "p75": 0.001621355,
    "p90": 0.001696342,
    "p95": 0.002028088,
    "p99": 0.002838547
  },
  "rps": {
    "mean": 30525.70153453323,
    "stddev": 3592.6297951826095,
    "max": 33816.68176911606,
    "percentiles": {
      "p10": 27460.563071724915,
      "p25": 30602.49410326986,
      "p50": 31607.939914505827,
      "p75": 32291.79837768087,
      "p90": 32584.035852592486,
      "p95": 32823.62316158559,
      "p99": 33159.676008664755
    }
  },
  "details": {
    "DNSDialup": {
      "average": 0.00071567668,
      "fastest": 0.000080471,
      "slowest": 0.001456686
    },
    "DNSLookup": {
      "average": 0.00000960664,
      "fastest": 0.000003427,
      "slowest": 0.000162235
    }
  },
  "statusCodeDistribution": {
    "200": 305309
  },
  "errorDistribution": {}
}