{
  "summary": {
    "successRate": 1,
    "total": 10.000597082,
    "slowest": 0.010817113,
    "fastest": 0.000245946,
    "average": 0.001612298995777247,
    "requestsPerSec": 30973.350636985495,
    "totalData": 4026776,
    "sizePerRequest": 13,
    "sizePerSec": 402653.5582808114
  },
  "responseTimeHistogram": {
    "0.000245946": 1,
    "0.0013030626999999998": 191,
    "0.0023601793999999997": 306062,
    "0.0034172960999999994": 2770,
    "0.0044744128": 402,
    "0.0055315295": 128,
    "0.006588646199999999": 100,
    "0.007645762899999999": 31,
    "0.0087028796": 39,
    "0.009759996299999999": 9,
    "0.010817113": 19
  },
  "latencyPercentiles": {
    "p10": 0.00150664,
    "p25": 0.001537982,
    "p50": 0.00157698,
    "p75": 0.001622776,
    "p90": 0.001704967,
    "p95": 0.001814627,
    "p99": 0.00244197
  },
  "rps": {
    "mean": 30963.98390775467,
    "stddev": 2638.2254144872036,
    "max": 33246.30347084272,
    "percentiles": {
      "p10": 30265.858508114583,
      "p25": 31117.53784432706,
      "p50": 31494.407616017354,
      "p75": 32008.242122346845,
      "p90": 32296.43606809109,
      "p95": 32459.012635386276,
      "p99": 32869.04629151322
    }
  },
  "details": {
    "DNSDialup": {
      "average": 0.0007476489799999998,
      "fastest": 0.000068809,
      "slowest": 0.001718838
    },
    "DNSLookup": {
      "average": 0.0000070371200000000005,
      "fastest": 0.000003256,
      "slowest": 0.000032782
    }
  },
  "statusCodeDistribution": {
    "200": 309752
  },
  "errorDistribution": {}
}