{
  "summary": {
    "successRate": 1,
    "total": 10.000641907,
    "slowest": 0.011948372,
    "fastest": 0.001001362,
    "average": 0.0016319832548623698,
    "requestsPerSec": 30600.43573660976,
    "totalData": 3978312,
    "sizePerRequest": 13,
    "sizePerSec": 397805.6645759269
  },
  "responseTimeHistogram": {
    "0.001001362": 1,
    "0.002096063": 293248,
    "0.003190764": 10913,
    "0.0042854650000000005": 907,
    "0.0053801660000000005": 333,
    "0.0064748670000000005": 115,
    "0.0075695680000000005": 350,
    "0.008664269": 108,
    "0.00975897": 20,
    "0.010853671": 15,
    "0.011948372": 14
  },
  "latencyPercentiles": {
    "p10": 0.001492046,
    "p25": 0.001526885,
    "p50": 0.001568503,
    "p75": 0.001615815,
    "p90": 0.001690764,
    "p95": 0.002032114,
    "p99": 0.002873477
  },
  "rps": {
    "mean": 30677.980889652208,
    "stddev": 4487.327664402626,
    "max": 114521.3009637238,
    "percentiles": {
      "p10": 27492.926171921896,
      "p25": 31027.5152004794,
      "p50": 31605.759140257745,
      "p75": 32313.14017884569,
      "p90": 32662.997122550165,
      "p95": 32944.33931856246,
      "p99": 33393.09135627207
    }
  },
  "details": {
    "DNSDialup": {
      "average": 0.00051041934,
      "fastest": 0.000090459,
      "slowest": 0.000908058
    },
    "DNSLookup": {
      "average": 0.000005878239999999999,
      "fastest": 0.000003216,
      "slowest": 0.000026289
    }
  },
  "statusCodeDistribution": {
    "200": 306024
  },
  "errorDistribution": {}
}