{
  "summary": {
    "successRate": 1,
    "total": 10.000671278,
    "slowest": 0.018902696,
    "fastest": 0.000847372,
    "average": 0.0016257351361669788,
    "requestsPerSec": 30716.838046238998,
    "totalData": 3993457,
    "sizePerRequest": 13,
    "sizePerSec": 399318.894601107
  },
  "responseTimeHistogram": {
    "0.000847372": 1,
    "0.0026529044": 305500,
    "0.0044584368": 1375,
    "0.0062639691999999995": 163,
    "0.0080695016": 61,
    "0.009875034000000001": 11,
    "0.0116805664": 20,
    "0.0134860988": 8,
    "0.015291631200000001": 0,
    "0.0170971636": 0,
    "0.018902696": 50
  },
  "latencyPercentiles": {
    "p10": 0.001508658,
    "p25": 0.001540993,
    "p50": 0.001583069,
    "p75": 0.001633636,
    "p90": 0.001730047,
    "p95": 0.00189539,
    "p99": 0.002407302
  },
  "rps": {
    "mean": 30720.21000737815,
    "stddev": 2796.15355037344,
    "max": 34147.63595215336,
    "percentiles": {
      "p10": 29048.004732621797,
      "p25": 30849.204521803793,
      "p50": 31417.216634717897,
      "p75": 31860.477558497445,
      "p90": 32213.18769166727,
      "p95": 32358.080995914755,
      "p99": 32704.071656920474
    }
  },
  "details": {
    "DNSDialup": {
      "average": 0.0007051267400000002,
      "fastest": 0.00010019,
      "slowest": 0.001486371
    },
    "DNSLookup": {
      "average": 0.00000878764,
      "fastest": 0.000002495,
      "slowest": 0.000146082
    }
  },
  "statusCodeDistribution": {
    "200": 307189
  },
  "errorDistribution": {}
}