{
  "summary": {
    "successRate": 1,
    "total": 10.000652137,
    "slowest": 0.006495998,
    "fastest": 0.000322719,
    "average": 0.0010830156202069488,
    "requestsPerSec": 46089.99430093866,
    "totalData": 5992090,
    "sizePerRequest": 13,
    "sizePerSec": 599169.9259122026
  },
  "responseTimeHistogram": {
    "0.000322719": 1,
    "0.0009400469": 27363,
    "0.0015573748": 432104,
    "0.0021747027000000004": 1109,
    "0.0027920306000000002": 203,
    "0.0034093585": 50,
    "0.004026686400000001": 0,
    "0.004644014300000001": 4,
    "0.0052613422000000005": 48,
    "0.0058786701": 20,
    "0.006495998": 28
  },
  "latencyPercentiles": {
    "p10": 0.000988627,
    "p25": 0.001039332,
    "p50": 0.001083969,
    "p75": 0.001129514,
    "p90": 0.001177475,
    "p95": 0.001219933,
    "p99": 0.001333243
  },
  "rps": {
    "mean": 46088.96222636297,
    "stddev": 2600.2015619189506,
    "max": 53194.2331003501,
    "percentiles": {
      "p10": 44186.036469346676,
      "p25": 45180.936094778415,
      "p50": 46208.02854450813,
      "p75": 47290.867207848496,
      "p90": 48427.10949589466,
      "p95": 49215.58165314778,
      "p99": 51235.22934369577
    }
  },
  "details": {
    "DNSDialup": {
      "average": 0.0005394595200000001,
      "fastest": 0.000067867,
      "slowest": 0.00091207
    },
    "DNSLookup": {
      "average": 0.000006109220000000001,
      "fastest": 0.000003326,
      "slowest": 0.000030307
    }
  },
  "statusCodeDistribution": {
    "200": 460930
  },
  "errorDistribution": {}
}