{
  "summary": {
    "successRate": 1,
    "total": 10.000721953,
    "slowest": 0.005864811,
    "fastest": 0.000119283,
    "average": 0.0010118245142914613,
    "requestsPerSec": 49336.93810495244,
    "totalData": 6414265,
    "sizePerRequest": 13,
    "sizePerSec": 641380.1953643817
  },
  "responseTimeHistogram": {
    "0.000119283": 1,
    "0.0006938357999999999": 9963,
    "0.0012683885999999998": 479356,
    "0.0018429413999999998": 3725,
    "0.0024174941999999997": 246,
    "0.002992047": 19,
    "0.0035665997999999996": 1,
    "0.0041411526": 2,
    "0.0047157054": 21,
    "0.0052902582": 20,
    "0.005864811": 51
  },
  "latencyPercentiles": {
    "p10": 0.000919043,
    "p25": 0.000979262,
    "p50": 0.00101933,
    "p75": 0.001059418,
    "p90": 0.001099684,
    "p95": 0.001132892,
    "p99": 0.001247331
  },
  "rps": {
    "mean": 49335.90125218205,
    "stddev": 2827.1401776327284,
    "max": 61112.25508435781,
    "percentiles": {
      "p10": 47542.63861040624,
      "p25": 48318.43348237196,
      "p50": 49146.772983847935,
      "p75": 50271.80321653331,
      "p90": 52206.85476003257,
      "p95": 53280.31657538116,
      "p99": 56460.01360686495
    }
  },
  "details": {
    "DNSDialup": {
      "average": 0.0007588853199999999,
      "fastest": 0.000089895,
      "slowest": 0.001171894
    },
    "DNSLookup": {
      "average": 0.000006250439999999998,
      "fastest": 0.000003096,
      "slowest": 0.000035536
    }
  },
  "statusCodeDistribution": {
    "200": 493405
  },
  "errorDistribution": {}
}