{
  "summary": {
    "successRate": 1,
    "total": 10.000617856,
    "slowest": 0.006219583,
    "fastest": 0.000139109,
    "average": 0.0010494675800280838,
    "requestsPerSec": 47565.96110855333,
    "totalData": 6183957,
    "sizePerRequest": 13,
    "sizePerSec": 618357.4944111933
  },
  "responseTimeHistogram": {
    "0.000139109": 1,
    "0.0007471563999999999": 9185,
    "0.0013552038": 462993,
    "0.0019632511999999997": 3200,
    "0.0025712986": 157,
    "0.0031793459999999996": 37,
    "0.0037873933999999997": 22,
    "0.0043954408": 16,
    "0.0050034882": 1,
    "0.005611535599999999": 27,
    "0.006219582999999999": 50
  },
  "latencyPercentiles": {
    "p10": 0.000959077,
    "p25": 0.001011324,
    "p50": 0.001052549,
    "p75": 0.001094317,
    "p90": 0.001141229,
    "p95": 0.001182579,
    "p99": 0.001314316
  },
  "rps": {
    "mean": 47565.28885962107,
    "stddev": 2715.3826862204282,
    "max": 55864.24388046247,
    "percentiles": {
      "p10": 45831.38023457918,
      "p25": 46708.95877829333,
      "p50": 47562.95032373352,
      "p75": 48608.642616656696,
      "p90": 50283.561222040255,
      "p95": 51127.37871130489,
      "p99": 53135.690035367676
    }
  },
  "details": {
    "DNSDialup": {
      "average": 0.00073130288,
      "fastest": 0.000094619,
      "slowest": 0.001308866
    },
    "DNSLookup": {
      "average": 0.000007909919999999998,
      "fastest": 0.000003667,
      "slowest": 0.000030146
    }
  },
  "statusCodeDistribution": {
    "200": 475689
  },
  "errorDistribution": {}
}