{
  "summary": {
    "successRate": 1,
    "total": 10.000414559,
    "slowest": 0.005905056,
    "fastest": 0.000289721,
    "average": 0.0010228152663211264,
    "requestsPerSec": 48808.976579947805,
    "totalData": 6345430,
    "sizePerRequest": 13,
    "sizePerSec": 634516.6955393214
  },
  "responseTimeHistogram": {
    "0.000289721": 1,
    "0.0008512545": 12189,
    "0.0014127879999999999": 474516,
    "0.0019743215": 1114,
    "0.002535855": 175,
    "0.0030973885": 34,
    "0.0036589219999999998": 32,
    "0.004220455499999999": 12,
    "0.0047819889999999995": 10,
    "0.0053435225": 7,
    "0.005905056": 20
  },
  "latencyPercentiles": {
    "p10": 0.000944828,
    "p25": 0.000981032,
    "p50": 0.001020847,
    "p75": 0.001062768,
    "p90": 0.001109312,
    "p95": 0.001144237,
    "p99": 0.001233644
  },
  "rps": {
    "mean": 48807.4284456183,
    "stddev": 2214.2740917197275,
    "max": 62973.94927413667,
    "percentiles": {
      "p10": 47508.523029031894,
      "p25": 48198.43294844674,
      "p50": 48888.522447596035,
      "p75": 49581.351259796334,
      "p90": 50303.809859645,
      "p95": 51141.35289795333,
      "p99": 53865.63527658446
    }
  },
  "details": {
    "DNSDialup": {
      "average": 0.00081886208,
      "fastest": 0.000077462,
      "slowest": 0.001245534
    },
    "DNSLookup": {
      "average": 0.000012389179999999997,
      "fastest": 0.000002946,
      "slowest": 0.000312894
    }
  },
  "statusCodeDistribution": {
    "200": 488110
  },
  "errorDistribution": {}
}