{
  "summary": {
    "successRate": 1,
    "total": 10.000397081,
    "slowest": 0.005549837,
    "fastest": 0.000315839,
    "average": 0.0010197464126234653,
    "requestsPerSec": 48952.85617509172,
    "totalData": 6364124,
    "sizePerRequest": 13,
    "sizePerSec": 636387.1302761923
  },
  "responseTimeHistogram": {
    "0.000315839": 1,
    "0.0008392388": 36492,
    "0.0013626386": 451161,
    "0.0018860384": 1561,
    "0.0024094382": 151,
    "0.002932838": 82,
    "0.0034562378": 48,
    "0.0039796376": 3,
    "0.0045030374": 18,
    "0.0050264372": 10,
    "0.005549837": 21
  },
  "latencyPercentiles": {
    "p10": 0.000891532,
    "p25": 0.000986828,
    "p50": 0.001033674,
    "p75": 0.001078098,
    "p90": 0.001122451,
    "p95": 0.001157666,
    "p99": 0.001248187
  },
  "rps": {
    "mean": 48949.7912090836,
    "stddev": 2852.7654609929723,
    "max": 59094.645985010895,
    "percentiles": {
      "p10": 46616.3946008888,
      "p25": 47500.02324469108,
      "p50": 48631.723887323365,
      "p75": 50367.71453674827,
      "p90": 52230.571204955646,
      "p95": 53277.55474921853,
      "p99": 55654.586339753216
    }
  },
  "details": {
    "DNSDialup": {
      "average": 0.0007069481200000001,
      "fastest": 0.000066363,
      "slowest": 0.001582468
    },
    "DNSLookup": {
      "average": 0.000006662460000000002,
      "fastest": 0.000003156,
      "slowest": 0.000030668
    }
  },
  "statusCodeDistribution": {
    "200": 489548
  },
  "errorDistribution": {}
}