{
  "summary": {
    "successRate": 1,
    "total": 10.000562752,
    "slowest": 0.00678254,
    "fastest": 0.000211634,
    "average": 0.0010450154499421658,
    "requestsPerSec": 47769.011789307755,
    "totalData": 6210321,
    "sizePerRequest": 13,
    "sizePerSec": 620997.1532610008
  },
  "responseTimeHistogram": {
    "0.000211634": 1,
    "0.0008687246": 21803,
    "0.0015258152": 453785,
    "0.0021829058": 1867,
    "0.0028399964": 146,
    "0.0034970870000000003": 18,
    "0.0041541775999999996": 5,
    "0.0048112682": 16,
    "0.0054683588": 15,
    "0.0061254494": 10,
    "0.00678254": 51
  },
  "latencyPercentiles": {
    "p10": 0.000956649,
    "p25": 0.001005089,
    "p50": 0.001045838,
    "p75": 0.001088092,
    "p90": 0.001136959,
    "p95": 0.001180686,
    "p99": 0.001312313
  },
  "rps": {
    "mean": 47767.20332589809,
    "stddev": 2881.8251720590893,
    "max": 61120.23691043933,
    "percentiles": {
      "p10": 46024.669222703626,
      "p25": 47029.11101972125,
      "p50": 47840.82257390243,
      "p75": 48928.25969428753,
      "p90": 50148.558849535264,
      "p95": 51251.965457392034,
      "p99": 54149.14004207989
    }
  },
  "details": {
    "DNSDialup": {
      "average": 0.0008164798,
      "fastest": 0.000084307,
      "slowest": 0.001494482
    },
    "DNSLookup": {
      "average": 0.00000673168,
      "fastest": 0.000002494,
      "slowest": 0.000036068
    }
  },
  "statusCodeDistribution": {
    "200": 477717
  },
  "errorDistribution": {}
}