{
  "summary": {
    "successRate": 1,
    "total": 10.000635509,
    "slowest": 0.005748891,
    "fastest": 0.000233604,
    "average": 0.001018870344870309,
    "requestsPerSec": 48995.886267331414,
    "totalData": 6369870,
    "sizePerRequest": 13,
    "sizePerSec": 636946.5214753083
  },
  "responseTimeHistogram": {
    "0.000233604": 1,
    "0.0007851326999999999": 15584,
    "0.0013366614": 471340,
    "0.0018881900999999997": 2735,
    "0.0024397188": 157,
    "0.0029912474999999996": 73,
    "0.0035427761999999997": 0,
    "0.0040943049": 12,
    "0.0046458336": 15,
    "0.005197362299999999": 0,
    "0.005748890999999999": 73
  },
  "latencyPercentiles": {
    "p10": 0.000930831,
    "p25": 0.000983679,
    "p50": 0.00102348,
    "p75": 0.001063887,
    "p90": 0.001106788,
    "p95": 0.001144493,
    "p99": 0.001273743
  },
  "rps": {
    "mean": 48992.85162815052,
    "stddev": 2762.6898207927043,
    "max": 60703.94944302876,
    "percentiles": {
      "p10": 47245.85858317218,
      "p25": 48126.75142522745,
      "p50": 49045.42096435496,
      "p75": 50119.24077653354,
      "p90": 51560.77984727655,
      "p95": 52860.16014826692,
      "p99": 55100.10705881252
    }
  },
  "details": {
    "DNSDialup": {
      "average": 0.0007308630200000001,
      "fastest": 0.000073137,
      "slowest": 0.001583525
    },
    "DNSLookup": {
      "average": 0.000006484980000000002,
      "fastest": 0.000003567,
      "slowest": 0.000033372
    }
  },
  "statusCodeDistribution": {
    "200": 489990
  },
  "errorDistribution": {}
}