{
  "summary": {
    "successRate": 1,
    "total": 10.000678998,
    "slowest": 0.006104299,
    "fastest": 0.000140051,
    "average": 0.00103541861778002,
    "requestsPerSec": 48211.62644020704,
    "totalData": 6267937,
    "sizePerRequest": 13,
    "sizePerSec": 626751.1437226915
  },
  "responseTimeHistogram": {
    "0.000140051": 1,
    "0.0007364758": 7658,
    "0.0013329006": 471268,
    "0.0019293253999999999": 2889,
    "0.0025257502": 81,
    "0.003122175": 124,
    "0.0037185998": 19,
    "0.0043150246": 18,
    "0.0049114494": 15,
    "0.0055078742": 7,
    "0.0061042990000000005": 69
  },
  "latencyPercentiles": {
    "p10": 0.000949311,
    "p25": 0.000997713,
    "p50": 0.001037738,
    "p75": 0.001078287,
    "p90": 0.001122866,
    "p95": 0.001160897,
    "p99": 0.001274176
  },
  "rps": {
    "mean": 48200.66467718257,
    "stddev": 2672.603072962543,
    "max": 59185.55864357475,
    "percentiles": {
      "p10": 46561.79681673569,
      "p25": 47329.26019734091,
      "p50": 48223.302161292704,
      "p75": 49183.13339720429,
      "p90": 50529.51725863756,
      "p95": 51644.496898527235,
      "p99": 54209.01305803643
    }
  },
  "details": {
    "DNSDialup": {
      "average": 0.0008226156000000002,
      "fastest": 0.000143688,
      "slowest": 0.001411253
    },
    "DNSLookup": {
      "average": 0.000006028039999999998,
      "fastest": 0.000002695,
      "slowest": 0.000027361
    }
  },
  "statusCodeDistribution": {
    "200": 482149
  },
  "errorDistribution": {}
}