{
  "summary": {
    "successRate": 1,
    "total": 10.000695916,
    "slowest": 0.006241723,
    "fastest": 0.000300086,
    "average": 0.0010509538174076733,
    "requestsPerSec": 47498.69448985254,
    "totalData": 6175260,
    "sizePerRequest": 13,
    "sizePerSec": 617483.0283680831
  },
  "responseTimeHistogram": {
    "0.000300086": 1,
    "0.0008942497": 22653,
    "0.0014884134": 450661,
    "0.0020825771": 1419,
    "0.0026767408": 92,
    "0.0032709045": 31,
    "0.0038650682000000002": 63,
    "0.0044592319": 20,
    "0.0050533956": 9,
    "0.0056475593": 21,
    "0.006241722999999999": 50
  },
  "latencyPercentiles": {
    "p10": 0.000966142,
    "p25": 0.001012252,
    "p50": 0.001052448,
    "p75": 0.00109335,
    "p90": 0.001137719,
    "p95": 0.001177572,
    "p99": 0.001286194
  },
  "rps": {
    "mean": 47497.39411394462,
    "stddev": 2611.231248581552,
    "max": 64183.10525898869,
    "percentiles": {
      "p10": 46011.608728883424,
      "p25": 46641.66499933734,
      "p50": 47460.39909348685,
      "p75": 48491.702246486864,
      "p90": 49606.674750188446,
      "p95": 50606.7894631034,
      "p99": 52706.445998346404
    }
  },
  "details": {
    "DNSDialup": {
      "average": 0.0006750598200000001,
      "fastest": 0.00007346,
      "slowest": 0.001380821
    },
    "DNSLookup": {
      "average": 0.000007473140000000002,
      "fastest": 0.000002695,
      "slowest": 0.000032271
    }
  },
  "statusCodeDistribution": {
    "200": 475020
  },
  "errorDistribution": {}
}