{
  "summary": {
    "successRate": 1,
    "total": 10.000678523,
    "slowest": 0.005758818,
    "fastest": 0.000243764,
    "average": 0.0010227950710180794,
    "requestsPerSec": 48805.38844214181,
    "totalData": 6345131,
    "sizePerRequest": 13,
    "sizePerSec": 634470.0497478435
  },
  "responseTimeHistogram": {
    "0.000243764": 1,
    "0.0007952694000000001": 15599,
    "0.0013467748": 469501,
    "0.0018982802": 2611,
    "0.0024497856": 164,
    "0.003001291": 83,
    "0.0035527964": 1,
    "0.0041043018": 36,
    "0.0046558072": 16,
    "0.0052073126": 5,
    "0.005758818": 70
  },
  "latencyPercentiles": {
    "p10": 0.000933913,
    "p25": 0.000986776,
    "p50": 0.001027051,
    "p75": 0.001067645,
    "p90": 0.001110418,
    "p95": 0.001146422,
    "p99": 0.001276068
  },
  "rps": {
    "mean": 48806.569499480844,
    "stddev": 2709.9476027239475,
    "max": 60882.98380783423,
    "percentiles": {
      "p10": 47033.43635129804,
      "p25": 47916.81640671505,
      "p50": 48742.464435015034,
      "p75": 49995.267585055786,
      "p90": 51403.07904443495,
      "p95": 52543.26412368083,
      "p99": 54209.99988433832
    }
  },
  "details": {
    "DNSDialup": {
      "average": 0.0007528651399999998,
      "fastest": 0.000104264,
      "slowest": 0.00104037
    },
    "DNSLookup": {
      "average": 0.00000619024,
      "fastest": 0.000003206,
      "slowest": 0.000029555
    }
  },
  "statusCodeDistribution": {
    "200": 488087
  },
  "errorDistribution": {}
}