{
  "summary": {
    "successRate": 1,
    "total": 10.000688394,
    "slowest": 0.005872925,
    "fastest": 0.000175957,
    "average": 0.0010610644031222576,
    "requestsPerSec": 47046.76132917815,
    "totalData": 6116500,
    "sizePerRequest": 13,
    "sizePerSec": 611607.897279316
  },
  "responseTimeHistogram": {
    "0.000175957": 1,
    "0.0007456538": 6031,
    "0.0013153506": 459693,
    "0.0018850474": 4453,
    "0.0024547442": 120,
    "0.003024441": 73,
    "0.0035941378": 20,
    "0.0041638346": 11,
    "0.0047335314": 11,
    "0.0053032282": 13,
    "0.005872925": 74
  },
  "latencyPercentiles": {
    "p10": 0.000973804,
    "p25": 0.001019876,
    "p50": 0.001061045,
    "p75": 0.00110457,
    "p90": 0.001154307,
    "p95": 0.001195957,
    "p99": 0.001317053
  },
  "rps": {
    "mean": 47045.863064795296,
    "stddev": 2518.2684839558187,
    "max": 63230.38219864567,
    "percentiles": {
      "p10": 45335.87536623891,
      "p25": 46225.14185465443,
      "p50": 47122.663010435565,
      "p75": 48067.84811885135,
      "p90": 49242.023142546546,
      "p95": 50102.68545383764,
      "p99": 52106.49842617199
    }
  },
  "details": {
    "DNSDialup": {
      "average": 0.0007153140799999999,
      "fastest": 0.000067375,
      "slowest": 0.001646177
    },
    "DNSLookup": {
      "average": 0.000006954060000000001,
      "fastest": 0.000003487,
      "slowest": 0.000034925
    }
  },
  "statusCodeDistribution": {
    "200": 470500
  },
  "errorDistribution": {}
}