{
  "summary": {
    "successRate": 1,
    "total": 10.000331492,
    "slowest": 0.006178352,
    "fastest": 0.000268653,
    "average": 0.0010653967311731842,
    "requestsPerSec": 46859.84663357197,
    "totalData": 6091982,
    "sizePerRequest": 13,
    "sizePerSec": 609178.0062364356
  },
  "responseTimeHistogram": {
    "0.000268653": 1,
    "0.0008596229": 13599,
    "0.0014505928": 453351,
    "0.0020415627": 1415,
    "0.0026325326": 117,
    "0.0032235025000000002": 39,
    "0.0038144723999999994": 55,
    "0.0044054422999999995": 4,
    "0.0049964122": 14,
    "0.0055873821": 8,
    "0.006178352": 11
  },
  "latencyPercentiles": {
    "p10": 0.000982653,
    "p25": 0.001023576,
    "p50": 0.001065778,
    "p75": 0.001110357,
    "p90": 0.001158588,
    "p95": 0.00119587,
    "p99": 0.001293589
  },
  "rps": {
    "mean": 46858.55209102436,
    "stddev": 2380.4618844657875,
    "max": 58009.51035364492,
    "percentiles": {
      "p10": 45239.18287001918,
      "p25": 46120.98043399948,
      "p50": 46861.96902353621,
      "p75": 47509.04097049465,
      "p90": 48727.6643058562,
      "p95": 50052.34432040879,
      "p99": 53364.394353244825
    }
  },
  "details": {
    "DNSDialup": {
      "average": 0.0007138549800000001,
      "fastest": 0.000081672,
      "slowest": 0.001635556
    },
    "DNSLookup": {
      "average": 0.00000642294,
      "fastest": 0.000003206,
      "slowest": 0.000029315
    }
  },
  "statusCodeDistribution": {
    "200": 468614
  },
  "errorDistribution": {}
}