{
  "summary": {
    "successRate": 1,
    "total": 10.000619459,
    "slowest": 0.006372678,
    "fastest": 0.000279896,
    "average": 0.001031488481191782,
    "requestsPerSec": 48396.002066095614,
    "totalData": 6291870,
    "sizePerRequest": 13,
    "sizePerSec": 629148.026859243
  },
  "responseTimeHistogram": {
    "0.000279896": 1,
    "0.0008891742": 32098,
    "0.0014984523999999999": 450237,
    "0.0021077305999999997": 1460,
    "0.0027170087999999998": 47,
    "0.003326287": 38,
    "0.0039355651999999994": 19,
    "0.0045448434": 4,
    "0.0051541215999999996": 11,
    "0.005763399799999999": 15,
    "0.006372678": 60
  },
  "latencyPercentiles": {
    "p10": 0.000937395,
    "p25": 0.00099473,
    "p50": 0.001035752,
    "p75": 0.001077913,
    "p90": 0.001124395,
    "p95": 0.001165871,
    "p99": 0.001288399
  },
  "rps": {
    "mean": 48395.32588710259,
    "stddev": 2827.6563778635787,
    "max": 62047.62423391911,
    "percentiles": {
      "p10": 46591.17426892785,
      "p25": 47340.49237923436,
      "p50": 48301.638904796884,
      "p75": 49472.42267956048,
      "p90": 51251.262238881,
      "p95": 52505.894496198256,
      "p99": 54694.04641280721
    }
  },
  "details": {
    "DNSDialup": {
      "average": 0.0008267015599999999,
      "fastest": 0.000104199,
      "slowest": 0.001353042
    },
    "DNSLookup": {
      "average": 0.000006220700000000001,
      "fastest": 0.000003276,
      "slowest": 0.000034244
    }
  },
  "statusCodeDistribution": {
    "200": 483990
  },
  "errorDistribution": {}
}