{
  "summary": {
    "successRate": 1,
    "total": 10.000598573,
    "slowest": 0.005965595,
    "fastest": 0.000158255,
    "average": 0.0010169360298762362,
    "requestsPerSec": 49086.261828899835,
    "totalData": 6381596,
    "sizePerRequest": 13,
    "sizePerSec": 638121.4037756978
  },
  "responseTimeHistogram": {
    "0.000158255": 1,
    "0.000738989": 9990,
    "0.0013197229999999999": 477642,
    "0.001900457": 2982,
    "0.0024811909999999998": 117,
    "0.0030619249999999996": 52,
    "0.003642659": 29,
    "0.004223393": 1,
    "0.004804127": 7,
    "0.005384861": 13,
    "0.005965595": 58
  },
  "latencyPercentiles": {
    "p10": 0.00093154,
    "p25": 0.000981083,
    "p50": 0.001020426,
    "p75": 0.001060624,
    "p90": 0.00110279,
    "p95": 0.001138845,
    "p99": 0.001267147
  },
  "rps": {
    "mean": 49083.90434442248,
    "stddev": 2678.5742783720034,
    "max": 56379.15604415903,
    "percentiles": {
      "p10": 47269.75124493858,
      "p25": 48230.202757763414,
      "p50": 49146.930403842845,
      "p75": 50159.72863988416,
      "p90": 51587.9582780943,
      "p95": 52670.58950528936,
      "p99": 54727.41843663655
    }
  },
  "details": {
    "DNSDialup": {
      "average": 0.00068816194,
      "fastest": 0.000071694,
      "slowest": 0.001519649
    },
    "DNSLookup": {
      "average": 0.000007049040000000002,
      "fastest": 0.000003267,
      "slowest": 0.000029135
    }
  },
  "statusCodeDistribution": {
    "200": 490892
  },
  "errorDistribution": {}
}