{
  "summary": {
    "successRate": 1,
    "total": 10.000684399,
    "slowest": 0.005543323,
    "fastest": 0.000142934,
    "average": 0.0010259987037419202,
    "requestsPerSec": 48653.57015452398,
    "totalData": 6325397,
    "sizePerRequest": 13,
    "sizePerSec": 632496.4120088117
  },
  "responseTimeHistogram": {
    "0.000142934": 1,
    "0.0006829729000000001": 5617,
    "0.0012230118": 473444,
    "0.0017630507000000002": 7105,
    "0.0023030896": 144,
    "0.0028431285": 124,
    "0.0033831674000000004": 5,
    "0.003923206300000001": 41,
    "0.0044632452": 0,
    "0.005003284100000001": 14,
    "0.005543323": 74
  },
  "latencyPercentiles": {
    "p10": 0.000933996,
    "p25": 0.000989862,
    "p50": 0.001030888,
    "p75": 0.001072166,
    "p90": 0.001116146,
    "p95": 0.001151626,
    "p99": 0.001259974
  },
  "rps": {
    "mean": 48652.51387928834,
    "stddev": 2677.9306002779113,
    "max": 58825.679464442495,
    "percentiles": {
      "p10": 46766.595632181474,
      "p25": 47578.08038772449,
      "p50": 48526.04410946867,
      "p75": 49715.69524499033,
      "p90": 51370.3597456244,
      "p95": 52497.09509381902,
      "p99": 55009.61017889818
    }
  },
  "details": {
    "DNSDialup": {
      "average": 0.0007327910799999998,
      "fastest": 0.000068867,
      "slowest": 0.001382655
    },
    "DNSLookup": {
      "average": 0.000007280539999999997,
      "fastest": 0.000003136,
      "slowest": 0.00003232
    }
  },
  "statusCodeDistribution": {
    "200": 486569
  },
  "errorDistribution": {}
}