{
  "summary": {
    "successRate": 1,
    "total": 10.000712668,
    "slowest": 0.005739843,
    "fastest": 0.000270054,
    "average": 0.0010190284476185737,
    "requestsPerSec": 48986.20890964688,
    "totalData": 6368661,
    "sizePerRequest": 13,
    "sizePerSec": 636820.7158254094
  },
  "responseTimeHistogram": {
    "0.000270054": 1,
    "0.0008170329": 17845,
    "0.0013640118": 469601,
    "0.0019109907000000002": 2122,
    "0.0024579696": 81,
    "0.0030049485": 88,
    "0.0035519274000000004": 34,
    "0.0040989063": 36,
    "0.0046458852": 1,
    "0.0051928641": 13,
    "0.005739843": 75
  },
  "latencyPercentiles": {
    "p10": 0.000932663,
    "p25": 0.000984771,
    "p50": 0.00102362,
    "p75": 0.001062665,
    "p90": 0.001102462,
    "p95": 0.001134737,
    "p99": 0.001248084
  },
  "rps": {
    "mean": 48985.15204108854,
    "stddev": 2674.3534740841856,
    "max": 58083.93709749679,
    "percentiles": {
      "p10": 47206.26899252201,
      "p25": 48125.57392998331,
      "p50": 49084.82944832262,
      "p75": 50118.5805616103,
      "p90": 51260.61488461405,
      "p95": 52243.3567617736,
      "p99": 54426.26651938137
    }
  },
  "details": {
    "DNSDialup": {
      "average": 0.00073014526,
      "fastest": 0.000082424,
      "slowest": 0.00157557
    },
    "DNSLookup": {
      "average": 0.000006890839999999999,
      "fastest": 0.000003677,
      "slowest": 0.000033002
    }
  },
  "statusCodeDistribution": {
    "200": 489897
  },
  "errorDistribution": {}
}