{
  "summary": {
    "successRate": 1,
    "total": 10.00070828,
    "slowest": 0.006122528,
    "fastest": 0.000289383,
    "average": 0.001043607898802991,
    "requestsPerSec": 47833.01208342016,
    "totalData": 6218732,
    "sizePerRequest": 13,
    "sizePerSec": 621829.157084462
  },
  "responseTimeHistogram": {
    "0.000289383": 1,
    "0.0008726975000000001": 18831,
    "0.0014560120000000002": 457460,
    "0.0020393265000000003": 1727,
    "0.002622641": 103,
    "0.0032059555000000005": 121,
    "0.0037892700000000004": 18,
    "0.0043725845": 19,
    "0.004955899000000001": 6,
    "0.005539213500000001": 16,
    "0.006122528000000001": 62
  },
  "latencyPercentiles": {
    "p10": 0.000961869,
    "p25": 0.001005584,
    "p50": 0.001044766,
    "p75": 0.001084725,
    "p90": 0.001126519,
    "p95": 0.001162641,
    "p99": 0.001277558
  },
  "rps": {
    "mean": 47835.06860615843,
    "stddev": 2596.41431198805,
    "max": 56127.4521185368,
    "percentiles": {
      "p10": 46301.7918793459,
      "p25": 47132.7619828544,
      "p50": 47835.46529437275,
      "p75": 48863.65957569476,
      "p90": 50147.75031675798,
      "p95": 50943.862665756686,
      "p99": 53040.2154816428
    }
  },
  "details": {
    "DNSDialup": {
      "average": 0.0007064390800000001,
      "fastest": 0.000068028,
      "slowest": 0.001658138
    },
    "DNSLookup": {
      "average": 0.000006949539999999999,
      "fastest": 0.000003476,
      "slowest": 0.000033342
    }
  },
  "statusCodeDistribution": {
    "200": 478364
  },
  "errorDistribution": {}
}