{
  "summary": {
    "successRate": 1,
    "total": 10.000628736,
    "slowest": 0.006679913,
    "fastest": 0.000196057,
    "average": 0.0010428321219666523,
    "requestsPerSec": 47869.09029796424,
    "totalData": 6223373,
    "sizePerRequest": 13,
    "sizePerSec": 622298.1738735351
  },
  "responseTimeHistogram": {
    "0.000196057": 1,
    "0.0008444426": 17237,
    "0.0014928282": 460111,
    "0.0021412138": 1077,
    "0.0027895994": 98,
    "0.0034379849999999997": 99,
    "0.0040863706": 11,
    "0.004734756200000001": 11,
    "0.0053831418": 3,
    "0.0060315274": 66,
    "0.006679913": 7
  },
  "latencyPercentiles": {
    "p10": 0.000954351,
    "p25": 0.001005574,
    "p50": 0.001046205,
    "p75": 0.001087217,
    "p90": 0.001130358,
    "p95": 0.001165274,
    "p99": 0.001280287
  },
  "rps": {
    "mean": 47868.69049681919,
    "stddev": 2598.838906416882,
    "max": 57453.201664741566,
    "percentiles": {
      "p10": 46170.19256382758,
      "p25": 47119.22935749835,
      "p50": 47943.58071486999,
      "p75": 48906.44097827653,
      "p90": 50256.0203859227,
      "p95": 51111.01953581232,
      "p99": 53660.077823131876
    }
  },
  "details": {
    "DNSDialup": {
      "average": 0.0006893661000000001,
      "fastest": 0.000068601,
      "slowest": 0.001561313
    },
    "DNSLookup": {
      "average": 0.00000670218,
      "fastest": 0.000003056,
      "slowest": 0.000036137
    }
  },
  "statusCodeDistribution": {
    "200": 478721
  },
  "errorDistribution": {}
}