{
  "summary": {
    "successRate": 1,
    "total": 10.000627927,
    "slowest": 0.006414603,
    "fastest": 0.000238424,
    "average": 0.0010250275172506637,
    "requestsPerSec": 48702.341848459015,
    "totalData": 6331702,
    "sizePerRequest": 13,
    "sizePerSec": 633130.4440299672
  },
  "responseTimeHistogram": {
    "0.000238424": 1,
    "0.0008560419": 26870,
    "0.0014736597999999998": 458711,
    "0.0020912777": 1207,
    "0.0027088956": 74,
    "0.0033265135": 83,
    "0.0039441314": 11,
    "0.0045617493": 3,
    "0.0051793672": 15,
    "0.0057969851": 65,
    "0.006414603": 14
  },
  "latencyPercentiles": {
    "p10": 0.000933568,
    "p25": 0.000991656,
    "p50": 0.001031613,
    "p75": 0.001071737,
    "p90": 0.001113263,
    "p95": 0.001147849,
    "p99": 0.001264057
  },
  "rps": {
    "mean": 48703.02721734966,
    "stddev": 2846.223883060403,
    "max": 63208.21590238196,
    "percentiles": {
      "p10": 46849.322967219894,
      "p25": 47623.19167221784,
      "p50": 48507.39737809286,
      "p75": 49901.02297096797,
      "p90": 51290.38048914084,
      "p95": 52578.35506957423,
      "p99": 55286.26857263825
    }
  },
  "details": {
    "DNSDialup": {
      "average": 0.0007761610399999999,
      "fastest": 0.000112198,
      "slowest": 0.001254038
    },
    "DNSLookup": {
      "average": 0.0000061456200000000015,
      "fastest": 0.000003266,
      "slowest": 0.00003261
    }
  },
  "statusCodeDistribution": {
    "200": 487054
  },
  "errorDistribution": {}
}