{
  "summary": {
    "successRate": 1,
    "total": 10.000691268,
    "slowest": 0.006234672,
    "fastest": 0.00022564,
    "average": 0.0010753726876753984,
    "requestsPerSec": 46421.891003225,
    "totalData": 6035263,
    "sizePerRequest": 13,
    "sizePerSec": 603484.583041925
  },
  "responseTimeHistogram": {
    "0.00022564": 1,
    "0.0008265432": 4544,
    "0.0014274464": 457901,
    "0.0020283496000000002": 1508,
    "0.0026292528": 85,
    "0.003230156": 89,
    "0.0038310592000000004": 23,
    "0.0044319624": 0,
    "0.0050328656": 21,
    "0.0056337688": 41,
    "0.006234672": 38
  },
  "latencyPercentiles": {
    "p10": 0.000995905,
    "p25": 0.001031595,
    "p50": 0.001071346,
    "p75": 0.001113656,
    "p90": 0.001160028,
    "p95": 0.001196855,
    "p99": 0.001292017
  },
  "rps": {
    "mean": 46422.37523270489,
    "stddev": 2246.8779994351257,
    "max": 54354.680597301754,
    "percentiles": {
      "p10": 45144.77971161699,
      "p25": 45837.85748649658,
      "p50": 46504.417919705425,
      "p75": 47209.236055120185,
      "p90": 48105.05663318422,
      "p95": 48710.20684298193,
      "p99": 51707.18363846403
    }
  },
  "details": {
    "DNSDialup": {
      "average": 0.00062119558,
      "fastest": 0.000054352,
      "slowest": 0.001504746
    },
    "DNSLookup": {
      "average": 0.000005811920000000001,
      "fastest": 0.000002835,
      "slowest": 0.000034986
    }
  },
  "statusCodeDistribution": {
    "200": 464251
  },
  "errorDistribution": {}
}