{
  "summary": {
    "successRate": 1,
    "total": 10.000572434,
    "slowest": 0.006099165,
    "fastest": 0.000357166,
    "average": 0.0010202328458543716,
    "requestsPerSec": 48930.79903469853,
    "totalData": 6361368,
    "sizePerRequest": 13,
    "sizePerSec": 636100.387451081
  },
  "responseTimeHistogram": {
    "0.000357166": 1,
    "0.0009313659000000001": 47225,
    "0.0015055658000000002": 440489,
    "0.0020797657": 1361,
    "0.0026539656": 143,
    "0.0032281655": 16,
    "0.0038023654000000004": 6,
    "0.0043765653": 19,
    "0.0049507652": 1,
    "0.0055249651": 20,
    "0.006099165": 55
  },
  "latencyPercentiles": {
    "p10": 0.000934181,
    "p25": 0.000984473,
    "p50": 0.001023601,
    "p75": 0.00106325,
    "p90": 0.001106071,
    "p95": 0.001142889,
    "p99": 0.001277392
  },
  "rps": {
    "mean": 48929.75818230957,
    "stddev": 2800.4191173983604,
    "max": 59806.57274234768,
    "percentiles": {
      "p10": 47303.65636128014,
      "p25": 48164.68468988943,
      "p50": 48957.74566100294,
      "p75": 50004.12033951598,
      "p90": 51294.94026306049,
      "p95": 52415.84000625301,
      "p99": 55402.60946290628
    }
  },
  "details": {
    "DNSDialup": {
      "average": 0.0007254874,
      "fastest": 0.000076553,
      "slowest": 0.001460982
    },
    "DNSLookup": {
      "average": 0.000007194420000000001,
      "fastest": 0.000003216,
      "slowest": 0.000034354
    }
  },
  "statusCodeDistribution": {
    "200": 489336
  },
  "errorDistribution": {}
}