{
  "summary": {
    "successRate": 1,
    "total": 10.000675112,
    "slowest": 0.006228222,
    "fastest": 0.00024448,
    "average": 0.0010495716230316562,
    "requestsPerSec": 47562.588992542005,
    "totalData": 6183554,
    "sizePerRequest": 13,
    "sizePerSec": 618313.6569030461
  },
  "responseTimeHistogram": {
    "0.00024448": 1,
    "0.0008428541999999999": 21153,
    "0.0014412284": 452497,
    "0.0020396026": 1668,
    "0.0026379768": 168,
    "0.003236351": 52,
    "0.0038347252": 28,
    "0.0044330994": 3,
    "0.0050314736": 15,
    "0.0056298478": 15,
    "0.006228222": 58
  },
  "latencyPercentiles": {
    "p10": 0.000951036,
    "p25": 0.001011312,
    "p50": 0.001055164,
    "p75": 0.001098563,
    "p90": 0.001146473,
    "p95": 0.001186273,
    "p99": 0.001304878
  },
  "rps": {
    "mean": 47563.4056137753,
    "stddev": 2914.3784315934868,
    "max": 69292.53637326036,
    "percentiles": {
      "p10": 45458.51274293015,
      "p25": 46373.55761638148,
      "p50": 47473.4508016134,
      "p75": 48760.05288112652,
      "p90": 50365.015115254704,
      "p95": 51484.947012903576,
      "p99": 53415.88054128111
    }
  },
  "details": {
    "DNSDialup": {
      "average": 0.00071173204,
      "fastest": 0.000137443,
      "slowest": 0.001145625
    },
    "DNSLookup": {
      "average": 0.000006653779999999999,
      "fastest": 0.000003306,
      "slowest": 0.000040717
    }
  },
  "statusCodeDistribution": {
    "200": 475658
  },
  "errorDistribution": {}
}