{
  "summary": {
    "successRate": 1,
    "total": 10.000732484,
    "slowest": 0.006293206,
    "fastest": 0.000130022,
    "average": 0.0009641803421214207,
    "requestsPerSec": 51774.6075928332,
    "totalData": 6731192,
    "sizePerRequest": 13,
    "sizePerSec": 673069.8987068315
  },
  "responseTimeHistogram": {
    "0.000130022": 1,
    "0.0007463404000000001": 96339,
    "0.0013626588000000002": 417358,
    "0.0019789772000000003": 3700,
    "0.0025952956000000003": 283,
    "0.0032116140000000002": 2,
    "0.0038279324000000006": 10,
    "0.0044442508": 10,
    "0.0050605692": 8,
    "0.0056768876000000005": 15,
    "0.006293206": 58
  },
  "latencyPercentiles": {
    "p10": 0.000643407,
    "p25": 0.000885496,
    "p50": 0.001018982,
    "p75": 0.001074364,
    "p90": 0.001132978,
    "p95": 0.001181471,
    "p99": 0.001323934
  },
  "rps": {
    "mean": 51765.13652600781,
    "stddev": 7188.187329173178,
    "max": 79391.25475720094,
    "percentiles": {
      "p10": 46310.37352366894,
      "p25": 47466.77880945654,
      "p50": 49254.76826188994,
      "p75": 54710.635747586115,
      "p90": 61692.66855744044,
      "p95": 66448.03292775409,
      "p99": 77225.01318176942
    }
  },
  "details": {
    "DNSDialup": {
      "average": 0.0007178186799999998,
      "fastest": 0.000093494,
      "slowest": 0.001494523
    },
    "DNSLookup": {
      "average": 0.0000067453,
      "fastest": 0.000003356,
      "slowest": 0.000033222
    }
  },
  "statusCodeDistribution": {
    "200": 517784
  },
  "errorDistribution": {}
}