{
  "summary": {
    "successRate": 1,
    "total": 10.000679414,
    "slowest": 0.006217126,
    "fastest": 0.000168676,
    "average": 0.0010363915137768785,
    "requestsPerSec": 48168.02739678342,
    "totalData": 6262269,
    "sizePerRequest": 13,
    "sizePerSec": 626184.3561581845
  },
  "responseTimeHistogram": {
    "0.000168676": 1,
    "0.0007735209999999999": 11164,
    "0.0013783659999999998": 467856,
    "0.001983211": 2408,
    "0.0025880559999999996": 142,
    "0.0031929009999999993": 33,
    "0.0037977459999999994": 17,
    "0.004402591": 13,
    "0.005007436": 11,
    "0.005612280999999999": 1,
    "0.006217125999999999": 67
  },
  "latencyPercentiles": {
    "p10": 0.000945063,
    "p25": 0.000999085,
    "p50": 0.001040092,
    "p75": 0.00108171,
    "p90": 0.001125896,
    "p95": 0.00116362,
    "p99": 0.001285797
  },
  "rps": {
    "mean": 48167.93373335954,
    "stddev": 2615.1598064701143,
    "max": 55271.39660085459,
    "percentiles": {
      "p10": 46403.628763769695,
      "p25": 47329.94781848109,
      "p50": 48216.07552083906,
      "p75": 49285.85301893007,
      "p90": 50703.04725314094,
      "p95": 51509.71569443139,
      "p99": 53269.03187209989
    }
  },
  "details": {
    "DNSDialup": {
      "average": 0.0007793423800000001,
      "fastest": 0.000105402,
      "slowest": 0.001171779
    },
    "DNSLookup": {
      "average": 0.0000066709,
      "fastest": 0.000003016,
      "slowest": 0.000037981
    }
  },
  "statusCodeDistribution": {
    "200": 481713
  },
  "errorDistribution": {}
}