{
  "summary": {
    "successRate": 1,
    "total": 10.000686855,
    "slowest": 0.006141359,
    "fastest": 0.000105772,
    "average": 0.0010045579549754617,
    "requestsPerSec": 49691.68690163932,
    "totalData": 6460363,
    "sizePerRequest": 13,
    "sizePerSec": 645991.9297213112
  },
  "responseTimeHistogram": {
    "0.000105772": 1,
    "0.0007093307": 56752,
    "0.0013128894000000002": 433225,
    "0.0019164481000000003": 6429,
    "0.0025200068000000003": 338,
    "0.0031235655": 54,
    "0.0037271242000000006": 1,
    "0.0043306829": 2,
    "0.0049342416": 36,
    "0.0055378003": 34,
    "0.006141359": 79
  },
  "latencyPercentiles": {
    "p10": 0.000686618,
    "p25": 0.000971611,
    "p50": 0.001046873,
    "p75": 0.001098046,
    "p90": 0.001152768,
    "p95": 0.001199694,
    "p99": 0.001367374
  },
  "rps": {
    "mean": 49692.01129114555,
    "stddev": 6456.461840677581,
    "max": 79268.60694917543,
    "percentiles": {
      "p10": 45365.83480914729,
      "p25": 46499.21087806592,
      "p50": 47611.160055917535,
      "p75": 51005.25955414065,
      "p90": 57454.91540814526,
      "p95": 63287.0766888161,
      "p99": 75021.06591530786
    }
  },
  "details": {
    "DNSDialup": {
      "average": 0.0004901126199999998,
      "fastest": 0.000067275,
      "slowest": 0.000705534
    },
    "DNSLookup": {
      "average": 0.000006414880000000002,
      "fastest": 0.000003597,
      "slowest": 0.000033662
    }
  },
  "statusCodeDistribution": {
    "200": 496951
  },
  "errorDistribution": {}
}