{
  "summary": {
    "successRate": 1,
    "total": 10.000570726,
    "slowest": 0.006457944,
    "fastest": 0.000142596,
    "average": 0.0009909939387795744,
    "requestsPerSec": 50374.12501771252,
    "totalData": 6549010,
    "sizePerRequest": 13,
    "sizePerSec": 654863.6252302628
  },
  "responseTimeHistogram": {
    "0.000142596": 1,
    "0.0007741308000000001": 70971,
    "0.0014056656000000002": 430150,
    "0.0020372004": 2323,
    "0.0026687352000000003": 158,
    "0.00330027": 38,
    "0.0039318048": 27,
    "0.004563339600000001": 9,
    "0.0051948744000000005": 4,
    "0.0058264092": 76,
    "0.006457944": 13
  },
  "latencyPercentiles": {
    "p10": 0.000685275,
    "p25": 0.000961362,
    "p50": 0.001033917,
    "p75": 0.0010825,
    "p90": 0.001130998,
    "p95": 0.001170288,
    "p99": 0.001299987
  },
  "rps": {
    "mean": 50370.33809149691,
    "stddev": 6142.418251357332,
    "max": 77831.27085493554,
    "percentiles": {
      "p10": 46114.73305308724,
      "p25": 47165.13505150505,
      "p50": 48320.22070912428,
      "p75": 51485.24846679646,
      "p90": 58728.459811628265,
      "p95": 62614.74577262737,
      "p99": 72323.62653164116
    }
  },
  "details": {
    "DNSDialup": {
      "average": 0.00067436224,
      "fastest": 0.000138401,
      "slowest": 0.001409408
    },
    "DNSLookup": {
      "average": 0.000006088880000000001,
      "fastest": 0.000002725,
      "slowest": 0.000032661
    }
  },
  "statusCodeDistribution": {
    "200": 503770
  },
  "errorDistribution": {}
}