{
  "summary": {
    "successRate": 1,
    "total": 10.000626901,
    "slowest": 0.006260343,
    "fastest": 0.000113244,
    "average": 0.0010465068292394733,
    "requestsPerSec": 47698.90975057784,
    "totalData": 6201247,
    "sizePerRequest": 13,
    "sizePerSec": 620085.8267575119
  },
  "responseTimeHistogram": {
    "0.000113244": 1,
    "0.0007279538999999999": 5228,
    "0.0013426637999999999": 468454,
    "0.0019573737": 2967,
    "0.0025720836": 155,
    "0.0031867935": 79,
    "0.0038015033999999996": 31,
    "0.0044162133": 17,
    "0.0050309232": 11,
    "0.005645633099999999": 9,
    "0.006260343": 67
  },
  "latencyPercentiles": {
    "p10": 0.000961705,
    "p25": 0.001004696,
    "p50": 0.001044701,
    "p75": 0.001087103,
    "p90": 0.001136303,
    "p95": 0.001182731,
    "p99": 0.001299901
  },
  "rps": {
    "mean": 47697.39596266748,
    "stddev": 2600.496079584786,
    "max": 62036.58569937098,
    "percentiles": {
      "p10": 46165.508857066714,
      "p25": 47076.04193053043,
      "p50": 47798.0395107502,
      "p75": 48623.008407583045,
      "p90": 49881.26244134699,
      "p95": 50937.68966894583,
      "p99": 52296.66328179763
    }
  },
  "details": {
    "DNSDialup": {
      "average": 0.00080932756,
      "fastest": 0.00010076,
      "slowest": 0.001501499
    },
    "DNSLookup": {
      "average": 0.000013479519999999998,
      "fastest": 0.000003717,
      "slowest": 0.000372259
    }
  },
  "statusCodeDistribution": {
    "200": 477019
  },
  "errorDistribution": {}
}