{
  "summary": {
    "successRate": 1,
    "total": 10.000644806,
    "slowest": 0.00592116,
    "fastest": 0.000279054,
    "average": 0.001029433836010697,
    "requestsPerSec": 48489.67335676815,
    "totalData": 6304064,
    "sizePerRequest": 13,
    "sizePerSec": 630365.7536379859
  },
  "responseTimeHistogram": {
    "0.000279054": 1,
    "0.0008432646": 23780,
    "0.0014074752": 459032,
    "0.0019716857999999998": 1807,
    "0.0025358964": 82,
    "0.003100107": 46,
    "0.0036643175999999996": 78,
    "0.0042285282": 11,
    "0.0047927388": 14,
    "0.0053569494": 0,
    "0.00592116": 77
  },
  "latencyPercentiles": {
    "p10": 0.000933969,
    "p25": 0.000993287,
    "p50": 0.00103486,
    "p75": 0.00107644,
    "p90": 0.001121682,
    "p95": 0.001159523,
    "p99": 0.001273786
  },
  "rps": {
    "mean": 48488.52261827457,
    "stddev": 2799.769925140535,
    "max": 64502.41884070752,
    "percentiles": {
      "p10": 46806.19245926023,
      "p25": 47496.36537571209,
      "p50": 48333.278844882385,
      "p75": 49438.298696775346,
      "p90": 51102.39159192576,
      "p95": 51874.62683816894,
      "p99": 54617.133394748234
    }
  },
  "details": {
    "DNSDialup": {
      "average": 0.0007762436199999999,
      "fastest": 0.000123904,
      "slowest": 0.000999952
    },
    "DNSLookup": {
      "average": 0.000006510079999999998,
      "fastest": 0.000003727,
      "slowest": 0.000025238
    }
  },
  "statusCodeDistribution": {
    "200": 484928
  },
  "errorDistribution": {}
}