{
  "summary": {
    "successRate": 1,
    "total": 10.000647605,
    "slowest": 0.006557272,
    "fastest": 0.000219208,
    "average": 0.0010285864117524533,
    "requestsPerSec": 48531.357085049494,
    "totalData": 6309485,
    "sizePerRequest": 13,
    "sizePerSec": 630907.6421056435
  },
  "responseTimeHistogram": {
    "0.000219208": 1,
    "0.0008530144000000001": 24937,
    "0.0014868208": 458636,
    "0.0021206272": 1372,
    "0.0027544336": 202,
    "0.00338824": 67,
    "0.004022046400000001": 31,
    "0.0046558528000000005": 20,
    "0.0052896592000000004": 8,
    "0.0059234656": 58,
    "0.006557272": 13
  },
  "latencyPercentiles": {
    "p10": 0.00093745,
    "p25": 0.000992293,
    "p50": 0.001032472,
    "p75": 0.001073321,
    "p90": 0.001117964,
    "p95": 0.001156968,
    "p99": 0.001283752
  },
  "rps": {
    "mean": 48530.56173164409,
    "stddev": 2991.809404973511,
    "max": 57545.00877813865,
    "percentiles": {
      "p10": 46510.51363143967,
      "p25": 47544.07811481984,
      "p50": 48508.746126925405,
      "p75": 49795.63251223899,
      "p90": 51169.88401492986,
      "p95": 52110.03639301004,
      "p99": 55027.656900360314
    }
  },
  "details": {
    "DNSDialup": {
      "average": 0.0007415662000000001,
      "fastest": 0.000084095,
      "slowest": 0.001426224
    },
    "DNSLookup": {
      "average": 0.000006506,
      "fastest": 0.000003095,
      "slowest": 0.00003235
    }
  },
  "statusCodeDistribution": {
    "200": 485345
  },
  "errorDistribution": {}
}