{
  "summary": {
    "successRate": 1,
    "total": 10.000575222,
    "slowest": 0.006399645,
    "fastest": 0.000263962,
    "average": 0.001017462981682912,
    "requestsPerSec": 49060.67792187244,
    "totalData": 6378255,
    "sizePerRequest": 13,
    "sizePerSec": 637788.8129843418
  },
  "responseTimeHistogram": {
    "0.000263962": 1,
    "0.0008775303": 29419,
    "0.0014910986": 459541,
    "0.0021046669": 1475,
    "0.0027182352": 99,
    "0.0033318034999999997": 1,
    "0.0039453718": 10,
    "0.0045589401000000005": 4,
    "0.0051725084": 18,
    "0.0057860767": 17,
    "0.006399645": 50
  },
  "latencyPercentiles": {
    "p10": 0.0009337,
    "p25": 0.000982941,
    "p50": 0.001021631,
    "p75": 0.001061578,
    "p90": 0.001103794,
    "p95": 0.001138978,
    "p99": 0.001265443
  },
  "rps": {
    "mean": 49058.65577930053,
    "stddev": 2752.167993064661,
    "max": 60353.889988370844,
    "percentiles": {
      "p10": 47319.20654512874,
      "p25": 48219.318704130885,
      "p50": 49058.50226395038,
      "p75": 50118.80067924008,
      "p90": 51707.38898588315,
      "p95": 52955.42416993893,
      "p99": 55451.703168033084
    }
  },
  "details": {
    "DNSDialup": {
      "average": 0.0007723960599999998,
      "fastest": 0.000118071,
      "slowest": 0.001361916
    },
    "DNSLookup": {
      "average": 0.000006148359999999999,
      "fastest": 0.000002745,
      "slowest": 0.000025708
    }
  },
  "statusCodeDistribution": {
    "200": 490635
  },
  "errorDistribution": {}
}