{
  "summary": {
    "successRate": 1,
    "total": 10.000484484,
    "slowest": 0.006386985,
    "fastest": 0.000406679,
    "average": 0.0010651118272917883,
    "requestsPerSec": 46870.42920269782,
    "totalData": 6093451,
    "sizePerRequest": 13,
    "sizePerSec": 609315.5796350717
  },
  "responseTimeHistogram": {
    "0.000406679": 1,
    "0.0010047096": 79877,
    "0.0016027402000000001": 388091,
    "0.0022007708": 535,
    "0.0027988014": 158,
    "0.0033968320000000002": 7,
    "0.0039948626": 17,
    "0.0045928932": 3,
    "0.0051909238": 18,
    "0.005788954400000001": 19,
    "0.006386985": 1
  },
  "latencyPercentiles": {
    "p10": 0.000975818,
    "p25": 0.0010239,
    "p50": 0.001068022,
    "p75": 0.001113726,
    "p90": 0.001163657,
    "p95": 0.001202124,
    "p99": 0.001296183
  },
  "rps": {
    "mean": 46868.69109623289,
    "stddev": 2468.454883347613,
    "max": 61126.32978577109,
    "percentiles": {
      "p10": 44817.85991717689,
      "p25": 45809.05645046193,
      "p50": 46717.78546092452,
      "p75": 47996.150628050666,
      "p90": 49662.881710370195,
      "p95": 50569.366923697555,
      "p99": 52522.20638886172
    }
  },
  "details": {
    "DNSDialup": {
      "average": 0.0007739027,
      "fastest": 0.000086174,
      "slowest": 0.001667215
    },
    "DNSLookup": {
      "average": 0.00002199586,
      "fastest": 0.000003056,
      "slowest": 0.000819405
    }
  },
  "statusCodeDistribution": {
    "200": 468727
  },
  "errorDistribution": {}
}