{
  "summary": {
    "successRate": 1,
    "total": 10.000246697,
    "slowest": 0.005273787,
    "fastest": 0.000231751,
    "average": 0.0010471816673959364,
    "requestsPerSec": 47669.92399727597,
    "totalData": 6197243,
    "sizePerRequest": 13,
    "sizePerSec": 619709.0119645876
  },
  "responseTimeHistogram": {
    "0.000231751": 1,
    "0.0007359546": 5475,
    "0.0012401582000000002": 464420,
    "0.0017443618": 6465,
    "0.0022485654000000002": 155,
    "0.0027527690000000004": 71,
    "0.0032569726": 64,
    "0.0037611762000000003": 22,
    "0.0042653798": 13,
    "0.0047695834": 1,
    "0.005273787": 24
  },
  "latencyPercentiles": {
    "p10": 0.000968178,
    "p25": 0.001005821,
    "p50": 0.001046373,
    "p75": 0.001088967,
    "p90": 0.001135773,
    "p95": 0.001171062,
    "p99": 0.001261259
  },
  "rps": {
    "mean": 47668.830260444454,
    "stddev": 2303.236233618574,
    "max": 66909.92943352487,
    "percentiles": {
      "p10": 46228.05633886343,
      "p25": 47028.59027438492,
      "p50": 47628.43417520001,
      "p75": 48321.099569873295,
      "p90": 49147.343736522525,
      "p95": 50087.82936010045,
      "p99": 53921.266547534266
    }
  },
  "details": {
    "DNSDialup": {
      "average": 0.0006188155999999999,
      "fastest": 0.000069032,
      "slowest": 0.001694439
    },
    "DNSLookup": {
      "average": 0.000006782840000000001,
      "fastest": 0.000002705,
      "slowest": 0.000024727
    }
  },
  "statusCodeDistribution": {
    "200": 476711
  },
  "errorDistribution": {}
}