{
  "summary": {
    "successRate": 1,
    "total": 10.000718441,
    "slowest": 0.005443746,
    "fastest": 0.00029583,
    "average": 0.0010596446937429053,
    "requestsPerSec": 47108.0155670188,
    "totalData": 6124482,
    "sizePerRequest": 13,
    "sizePerSec": 612404.2023712444
  },
  "responseTimeHistogram": {
    "0.00029583": 1,
    "0.0008106216000000001": 12396,
    "0.0013254132": 455983,
    "0.0018402048": 2385,
    "0.0023549964": 125,
    "0.002869788": 124,
    "0.0033845796": 48,
    "0.0038993712": 5,
    "0.0044141628": 16,
    "0.0049289544": 3,
    "0.005443746": 28
  },
  "latencyPercentiles": {
    "p10": 0.000965665,
    "p25": 0.001020839,
    "p50": 0.001064566,
    "p75": 0.001108374,
    "p90": 0.001153557,
    "p95": 0.001189103,
    "p99": 0.001278098
  },
  "rps": {
    "mean": 47106.39221863213,
    "stddev": 2391.18115159248,
    "max": 59084.48738298609,
    "percentiles": {
      "p10": 45211.08575822254,
      "p25": 46123.925763738705,
      "p50": 47056.26988753241,
      "p75": 48182.29536047727,
      "p90": 49526.322584806614,
      "p95": 50428.587966519786,
      "p99": 52389.06740911647
    }
  },
  "details": {
    "DNSDialup": {
      "average": 0.00073256896,
      "fastest": 0.000089182,
      "slowest": 0.001321721
    },
    "DNSLookup": {
      "average": 0.0000073740399999999995,
      "fastest": 0.000002986,
      "slowest": 0.000030077
    }
  },
  "statusCodeDistribution": {
    "200": 471114
  },
  "errorDistribution": {}
}