{
  "summary": {
    "successRate": 1,
    "total": 10.000632314,
    "slowest": 0.006036824,
    "fastest": 0.000151393,
    "average": 0.0010316631464120333,
    "requestsPerSec": 48388.44033117404,
    "totalData": 6290895,
    "sizePerRequest": 13,
    "sizePerSec": 629049.7243052626
  },
  "responseTimeHistogram": {
    "0.000151393": 1,
    "0.0007399361": 8871,
    "0.0013284792": 471605,
    "0.0019170223": 3126,
    "0.0025055654": 54,
    "0.0030941085": 117,
    "0.0036826516": 41,
    "0.0042711947": 17,
    "0.0048597378": 11,
    "0.0054482809": 9,
    "0.006036824": 63
  },
  "latencyPercentiles": {
    "p10": 0.000945012,
    "p25": 0.000996198,
    "p50": 0.001035494,
    "p75": 0.001075989,
    "p90": 0.001117667,
    "p95": 0.00115116,
    "p99": 0.001273222
  },
  "rps": {
    "mean": 48387.00715505896,
    "stddev": 2668.0758138692563,
    "max": 64368.101451346076,
    "percentiles": {
      "p10": 46729.3413534407,
      "p25": 47525.720009602745,
      "p50": 48356.573091818216,
      "p75": 49415.03205275319,
      "p90": 50726.08984152292,
      "p95": 51649.45575145496,
      "p99": 53413.470877356136
    }
  },
  "details": {
    "DNSDialup": {
      "average": 0.0007134489800000001,
      "fastest": 0.000097014,
      "slowest": 0.00111002
    },
    "DNSLookup": {
      "average": 0.000007132679999999999,
      "fastest": 0.000003607,
      "slowest": 0.000035167
    }
  },
  "statusCodeDistribution": {
    "200": 483915
  },
  "errorDistribution": {}
}