{
  "summary": {
    "successRate": 1,
    "total": 10.000605341,
    "slowest": 0.006623597,
    "fastest": 0.000244146,
    "average": 0.0010623242300312288,
    "requestsPerSec": 46986.855692978796,
    "totalData": 6108661,
    "sizePerRequest": 13,
    "sizePerSec": 610829.1240087243
  },
  "responseTimeHistogram": {
    "0.000244146": 1,
    "0.0008820911": 22035,
    "0.0015200362": 446748,
    "0.0021579813000000003": 881,
    "0.0027959264": 173,
    "0.0034338715000000004": 10,
    "0.0040718166": 8,
    "0.0047097617": 12,
    "0.0053477068": 7,
    "0.0059856519000000006": 9,
    "0.006623597": 13
  },
  "latencyPercentiles": {
    "p10": 0.000967096,
    "p25": 0.00102296,
    "p50": 0.001067762,
    "p75": 0.001112445,
    "p90": 0.001155106,
    "p95": 0.001189982,
    "p99": 0.001282831
  },
  "rps": {
    "mean": 46985.57241673887,
    "stddev": 2317.3245114044616,
    "max": 55747.445956927906,
    "percentiles": {
      "p10": 45290.29072358725,
      "p25": 46111.859970385776,
      "p50": 46931.22545469277,
      "p75": 48132.99145539201,
      "p90": 49278.61526890728,
      "p95": 50101.57869170524,
      "p99": 51905.54473466116
    }
  },
  "details": {
    "DNSDialup": {
      "average": 0.0007925156800000002,
      "fastest": 0.000082454,
      "slowest": 0.00147249
    },
    "DNSLookup": {
      "average": 0.00000662894,
      "fastest": 0.000003496,
      "slowest": 0.000028934
    }
  },
  "statusCodeDistribution": {
    "200": 469897
  },
  "errorDistribution": {}
}