{
  "summary": {
    "successRate": 1,
    "total": 10.000600807,
    "slowest": 0.006588801,
    "fastest": 0.000122162,
    "average": 0.001059792398242547,
    "requestsPerSec": 47099.87020682807,
    "totalData": 6123351,
    "sizePerRequest": 13,
    "sizePerSec": 612298.3126887649
  },
  "responseTimeHistogram": {
    "0.000122162": 1,
    "0.0007688259": 8235,
    "0.0014154898": 460053,
    "0.0020621537": 2424,
    "0.0027088176": 93,
    "0.0033554814999999997": 101,
    "0.0040021454000000005": 20,
    "0.0046488093": 7,
    "0.0052954732": 14,
    "0.005942137100000001": 29,
    "0.006588801": 50
  },
  "latencyPercentiles": {
    "p10": 0.000974046,
    "p25": 0.001020974,
    "p50": 0.001061007,
    "p75": 0.001102268,
    "p90": 0.001147369,
    "p95": 0.001187593,
    "p99": 0.001313634
  },
  "rps": {
    "mean": 47098.83108627417,
    "stddev": 2585.741529288833,
    "max": 55078.66969662974,
    "percentiles": {
      "p10": 45603.98578835652,
      "p25": 46322.48029968875,
      "p50": 47174.60191547093,
      "p75": 48085.24552326251,
      "p90": 49341.70444098242,
      "p95": 50020.24867782034,
      "p99": 52343.88511328024
    }
  },
  "details": {
    "DNSDialup": {
      "average": 0.00071964338,
      "fastest": 0.000093585,
      "slowest": 0.001665963
    },
    "DNSLookup": {
      "average": 0.0000074575600000000035,
      "fastest": 0.000003657,
      "slowest": 0.000029275
    }
  },
  "statusCodeDistribution": {
    "200": 471027
  },
  "errorDistribution": {}
}