{
  "summary": {
    "successRate": 1,
    "total": 10.000671751,
    "slowest": 0.006013342,
    "fastest": 0.000146366,
    "average": 0.0010384681863542008,
    "requestsPerSec": 48068.6709822199,
    "totalData": 6249347,
    "sizePerRequest": 13,
    "sizePerSec": 624892.7227688587
  },
  "responseTimeHistogram": {
    "0.000146366": 1,
    "0.0007330635999999999": 8810,
    "0.0013197611999999999": 468173,
    "0.0019064587999999998": 3382,
    "0.0024931564": 172,
    "0.003079854": 56,
    "0.0036665516": 8,
    "0.0042532492": 8,
    "0.0048399468": 35,
    "0.0054266444": 16,
    "0.006013342": 58
  },
  "latencyPercentiles": {
    "p10": 0.000946706,
    "p25": 0.001000628,
    "p50": 0.001042618,
    "p75": 0.0010845,
    "p90": 0.001129188,
    "p95": 0.001167275,
    "p99": 0.001288136
  },
  "rps": {
    "mean": 48068.8893772797,
    "stddev": 2770.4807127430827,
    "max": 65044.346413561485,
    "percentiles": {
      "p10": 46258.76691625281,
      "p25": 47119.870449364666,
      "p50": 48026.5154391721,
      "p75": 49160.04407783695,
      "p90": 50503.49484184173,
      "p95": 51638.26159641396,
      "p99": 53945.330261017814
    }
  },
  "details": {
    "DNSDialup": {
      "average": 0.00077335766,
      "fastest": 0.000112416,
      "slowest": 0.001227918
    },
    "DNSLookup": {
      "average": 0.000006457520000000001,
      "fastest": 0.000003637,
      "slowest": 0.000031408
    }
  },
  "statusCodeDistribution": {
    "200": 480719
  },
  "errorDistribution": {}
}