{
  "summary": {
    "successRate": 1,
    "total": 10.000406734,
    "slowest": 0.00735877,
    "fastest": 0.000236767,
    "average": 0.0010897449285807651,
    "requestsPerSec": 45802.33706322369,
    "totalData": 5954546,
    "sizePerRequest": 13,
    "sizePerSec": 595430.3818219079
  },
  "responseTimeHistogram": {
    "0.000236767": 1,
    "0.0009489673": 28992,
    "0.0016611675999999998": 426870,
    "0.0023733679": 2001,
    "0.0030855682": 44,
    "0.0037977685": 30,
    "0.004509968799999999": 11,
    "0.005222169099999999": 7,
    "0.005934369399999999": 6,
    "0.0066465696999999995": 59,
    "0.00735877": 21
  },
  "latencyPercentiles": {
    "p10": 0.000994903,
    "p25": 0.001046599,
    "p50": 0.001090865,
    "p75": 0.001135677,
    "p90": 0.001184322,
    "p95": 0.001228424,
    "p99": 0.001415202
  },
  "rps": {
    "mean": 45802.576973350566,
    "stddev": 2782.3881234037076,
    "max": 56201.330999791964,
    "percentiles": {
      "p10": 44228.8770338172,
      "p25": 45129.43120870654,
      "p50": 45920.33883996205,
      "p75": 46807.81690542243,
      "p90": 48196.25758585977,
      "p95": 49110.8677840236,
      "p99": 51624.335711851745
    }
  },
  "details": {
    "DNSDialup": {
      "average": 0.0007343680999999999,
      "fastest": 0.000095158,
      "slowest": 0.001596885
    },
    "DNSLookup": {
      "average": 0.000010200780000000003,
      "fastest": 0.000003977,
      "slowest": 0.000126095
    }
  },
  "statusCodeDistribution": {
    "200": 458042
  },
  "errorDistribution": {}
}