{
  "summary": {
    "successRate": 1,
    "total": 10.000676367,
    "slowest": 0.006470305,
    "fastest": 0.000079349,
    "average": 0.0009930125733605205,
    "requestsPerSec": 50271.59979488615,
    "totalData": 6535750,
    "sizePerRequest": 13,
    "sizePerSec": 653530.7973335199
  },
  "responseTimeHistogram": {
    "0.000079349": 1,
    "0.0007184446": 49790,
    "0.0013575402": 448600,
    "0.0019966358": 3918,
    "0.0026357314": 282,
    "0.0032748269999999997": 62,
    "0.0039139226000000004": 4,
    "0.0045530182": 12,
    "0.0051921138": 15,
    "0.0058312094000000005": 15,
    "0.006470305": 51
  },
  "latencyPercentiles": {
    "p10": 0.000721211,
    "p25": 0.000965799,
    "p50": 0.001022345,
    "p75": 0.001070505,
    "p90": 0.001127823,
    "p95": 0.001178878,
    "p99": 0.001336954
  },
  "rps": {
    "mean": 50269.327688353376,
    "stddev": 5539.118346858742,
    "max": 78904.30817522622,
    "percentiles": {
      "p10": 46439.933698984874,
      "p25": 47834.58859685821,
      "p50": 48988.1827828585,
      "p75": 51238.17243846672,
      "p90": 56318.6622547713,
      "p95": 60805.15708402574,
      "p99": 71441.69030438596
    }
  },
  "details": {
    "DNSDialup": {
      "average": 0.00074075918,
      "fastest": 0.000070933,
      "slowest": 0.001654784
    },
    "DNSLookup": {
      "average": 0.000006361540000000001,
      "fastest": 0.000002705,
      "slowest": 0.00003722
    }
  },
  "statusCodeDistribution": {
    "200": 502750
  },
  "errorDistribution": {}
}