{
  "summary": {
    "successRate": 1,
    "total": 10.000755447,
    "slowest": 0.005845305,
    "fastest": 0.000260226,
    "average": 0.0010630507559669965,
    "requestsPerSec": 46958.95250002107,
    "totalData": 6105125,
    "sizePerRequest": 13,
    "sizePerSec": 610466.382500274
  },
  "responseTimeHistogram": {
    "0.000260226": 1,
    "0.0008187339000000001": 9800,
    "0.0013772418000000002": 457566,
    "0.0019357497000000003": 1925,
    "0.0024942576000000004": 127,
    "0.0030527655000000004": 52,
    "0.0036112734000000005": 47,
    "0.0041697813000000005": 16,
    "0.0047282892": 13,
    "0.0052867971": 40,
    "0.005845305": 38
  },
  "latencyPercentiles": {
    "p10": 0.000979499,
    "p25": 0.001019112,
    "p50": 0.001061923,
    "p75": 0.001106539,
    "p90": 0.001157658,
    "p95": 0.001198298,
    "p99": 0.001297092
  },
  "rps": {
    "mean": 46959.08086346934,
    "stddev": 2613.2335210148954,
    "max": 71054.24805912322,
    "percentiles": {
      "p10": 45317.63309103558,
      "p25": 46152.43225324208,
      "p50": 46963.298685973736,
      "p75": 47887.04428038873,
      "p90": 49133.371385845116,
      "p95": 50328.28953154513,
      "p99": 52518.334150449366
    }
  },
  "details": {
    "DNSDialup": {
      "average": 0.00077381818,
      "fastest": 0.000095374,
      "slowest": 0.001282899
    },
    "DNSLookup": {
      "average": 0.0000084352,
      "fastest": 0.000003768,
      "slowest": 0.000029415
    }
  },
  "statusCodeDistribution": {
    "200": 469625
  },
  "errorDistribution": {}
}