{
  "summary": {
    "successRate": 1,
    "total": 10.000612146,
    "slowest": 0.006091182,
    "fastest": 0.000085275,
    "average": 0.0010391018375775038,
    "requestsPerSec": 48042.759081719916,
    "totalData": 6245941,
    "sizePerRequest": 13,
    "sizePerSec": 624555.8680623589
  },
  "responseTimeHistogram": {
    "0.000085275": 1,
    "0.0006858656999999999": 5410,
    "0.0012864563999999998": 470960,
    "0.0018870470999999998": 3789,
    "0.0024876378": 175,
    "0.0030882285": 21,
    "0.0036888191999999995": 7,
    "0.0042894099": 14,
    "0.0048900006": 0,
    "0.005490591299999999": 30,
    "0.006091182": 50
  },
  "latencyPercentiles": {
    "p10": 0.000954974,
    "p25": 0.001004022,
    "p50": 0.001043357,
    "p75": 0.001084063,
    "p90": 0.001126258,
    "p95": 0.001159523,
    "p99": 0.001268305
  },
  "rps": {
    "mean": 48042.069915787004,
    "stddev": 2484.9977046183326,
    "max": 57891.27836066461,
    "percentiles": {
      "p10": 46500.63705872771,
      "p25": 47225.97428585557,
      "p50": 47943.8291708992,
      "p75": 48910.99029951841,
      "p90": 50383.77814630284,
      "p95": 51457.19982332259,
      "p99": 53958.66004399066
    }
  },
  "details": {
    "DNSDialup": {
      "average": 0.00055424722,
      "fastest": 0.000071386,
      "slowest": 0.000975919
    },
    "DNSLookup": {
      "average": 0.0000066270400000000005,
      "fastest": 0.000003016,
      "slowest": 0.000033462
    }
  },
  "statusCodeDistribution": {
    "200": 480457
  },
  "errorDistribution": {}
}