{
  "summary": {
    "successRate": 1,
    "total": 10.000653986,
    "slowest": 0.006001812,
    "fastest": 0.000145931,
    "average": 0.0010496730855850647,
    "requestsPerSec": 47558.88971519507,
    "totalData": 6183060,
    "sizePerRequest": 13,
    "sizePerSec": 618265.5662975359
  },
  "responseTimeHistogram": {
    "0.000145931": 1,
    "0.0007315191": 6377,
    "0.0013171072": 465123,
    "0.0019026953": 3805,
    "0.0024882834": 152,
    "0.0030738715000000003": 53,
    "0.0036594596": 13,
    "0.0042450477": 18,
    "0.0048306358": 0,
    "0.0054162239": 24,
    "0.0060018120000000005": 54
  },
  "latencyPercentiles": {
    "p10": 0.000955409,
    "p25": 0.001010384,
    "p50": 0.001053071,
    "p75": 0.001095337,
    "p90": 0.001140571,
    "p95": 0.001179636,
    "p99": 0.001299409
  },
  "rps": {
    "mean": 47557.91777264068,
    "stddev": 2494.7474919785896,
    "max": 56296.28736037321,
    "percentiles": {
      "p10": 46061.6304615573,
      "p25": 46752.93306494508,
      "p50": 47614.95585763424,
      "p75": 48544.298087878014,
      "p90": 49881.94606099033,
      "p95": 50507.06593851837,
      "p99": 52306.5222325237
    }
  },
  "details": {
    "DNSDialup": {
      "average": 0.0006886912600000001,
      "fastest": 0.000080049,
      "slowest": 0.001226999
    },
    "DNSLookup": {
      "average": 0.00000671264,
      "fastest": 0.000003226,
      "slowest": 0.000038111
    }
  },
  "statusCodeDistribution": {
    "200": 475620
  },
  "errorDistribution": {}
}