{
  "summary": {
    "successRate": 1,
    "total": 10.000614872,
    "slowest": 0.006194361,
    "fastest": 0.000159078,
    "average": 0.0010310690102761963,
    "requestsPerSec": 48419.62281296818,
    "totalData": 6294938,
    "sizePerRequest": 13,
    "sizePerSec": 629455.0965685863
  },
  "responseTimeHistogram": {
    "0.000159078": 1,
    "0.0007626063": 13279,
    "0.0013661346": 468106,
    "0.0019696629": 2552,
    "0.0025731912": 154,
    "0.0031767195": 32,
    "0.0037802478": 0,
    "0.0043837761": 4,
    "0.0049873044": 19,
    "0.005590832699999999": 0,
    "0.006194361": 79
  },
  "latencyPercentiles": {
    "p10": 0.000933703,
    "p25": 0.000994322,
    "p50": 0.001036674,
    "p75": 0.001078861,
    "p90": 0.001124381,
    "p95": 0.001163802,
    "p99": 0.001287056
  },
  "rps": {
    "mean": 48417.198915623565,
    "stddev": 2743.463924443206,
    "max": 58719.18820822061,
    "percentiles": {
      "p10": 46531.4226697292,
      "p25": 47441.8864415423,
      "p50": 48345.435039849304,
      "p75": 49610.35244281165,
      "p90": 51023.59560063923,
      "p95": 52010.71520946769,
      "p99": 54092.55960864652
    }
  },
  "details": {
    "DNSDialup": {
      "average": 0.0005388907999999999,
      "fastest": 0.000054394,
      "slowest": 0.000924498
    },
    "DNSLookup": {
      "average": 0.000006339699999999999,
      "fastest": 0.000002945,
      "slowest": 0.000039073
    }
  },
  "statusCodeDistribution": {
    "200": 484226
  },
  "errorDistribution": {}
}