{
  "summary": {
    "successRate": 1,
    "total": 10.000591936,
    "slowest": 0.011305644,
    "fastest": 0.000089045,
    "average": 0.0007027204623128517,
    "requestsPerSec": 71010.69662122849,
    "totalData": 9231937,
    "sizePerRequest": 13,
    "sizePerSec": 923139.0560759703
  },
  "responseTimeHistogram": {
    "0.000089045": 1,
    "0.0012107049": 708492,
    "0.0023323648": 1435,
    "0.0034540247": 82,
    "0.0045756846": 27,
    "0.005697344500000001": 12,
    "0.0068190044": 0,
    "0.007940664299999999": 50,
    "0.0090623242": 0,
    "0.0101839841": 0,
    "0.011305644": 50
  },
  "latencyPercentiles": {
    "p10": 0.000644658,
    "p25": 0.000670197,
    "p50": 0.000697768,
    "p75": 0.000725252,
    "p90": 0.000756845,
    "p95": 0.000805816,
    "p99": 0.000895766
  },
  "rps": {
    "mean": 71011.75708140129,
    "stddev": 4605.697251575071,
    "max": 90923.69259139773,
    "percentiles": {
      "p10": 69267.21690728523,
      "p25": 70353.23629390304,
      "p50": 71337.56221062352,
      "p75": 72341.65432455776,
      "p90": 73400.17616042263,
      "p95": 74137.10562136673,
      "p99": 80026.26462004817
    }
  },
  "details": {
    "DNSDialup": {
      "average": 0.00051459268,
      "fastest": 0.00006514,
      "slowest": 0.000753226
    },
    "DNSLookup": {
      "average": 0.000005605039999999999,
      "fastest": 0.000002986,
      "slowest": 0.000041471
    }
  },
  "statusCodeDistribution": {
    "200": 710149
  },
  "errorDistribution": {}
}