{
  "summary": {
    "successRate": 1,
    "total": 10.000691187,
    "slowest": 0.010284801,
    "fastest": 0.000422602,
    "average": 0.001340495816562286,
    "requestsPerSec": 37247.125527104836,
    "totalData": 4842461,
    "sizePerRequest": 13,
    "sizePerSec": 484212.6318523628
  },
  "responseTimeHistogram": {
    "0.000422602": 1,
    "0.0014088219": 264987,
    "0.0023950418": 106735,
    "0.0033812617000000007": 463,
    "0.0043674816000000005": 165,
    "0.0053537015": 46,
    "0.006339921400000001": 0,
    "0.007326141300000001": 12,
    "0.0083123612": 23,
    "0.0092985811": 48,
    "0.010284801": 17
  },
  "latencyPercentiles": {
    "p10": 0.001174119,
    "p25": 0.001221901,
    "p50": 0.001353051,
    "p75": 0.001418437,
    "p90": 0.001474845,
    "p95": 0.00152692,
    "p99": 0.001787526
  },
  "rps": {
    "mean": 37244.94386193128,
    "stddev": 2657.131698083191,
    "max": 44827.42003628834,
    "percentiles": {
      "p10": 36449.80136360325,
      "p25": 37220.13236959873,
      "p50": 37735.169177675154,
      "p75": 38227.96045201934,
      "p90": 38634.34206666414,
      "p95": 38815.04932240642,
      "p99": 39322.50820369396
    }
  },
  "details": {
    "DNSDialup": {
      "average": 0.0007575318000000001,
      "fastest": 0.000121358,
      "slowest": 0.001104514
    },
    "DNSLookup": {
      "average": 0.000006265159999999999,
      "fastest": 0.000003577,
      "slowest": 0.000030958
    }
  },
  "statusCodeDistribution": {
    "200": 372497
  },
  "errorDistribution": {}
}