{
  "summary": {
    "successRate": 1,
    "total": 10.000682933,
    "slowest": 0.009679017,
    "fastest": 0.000746041,
    "average": 0.0013558302128677455,
    "requestsPerSec": 36825.985031956414,
    "totalData": 4787705,
    "sizePerRequest": 13,
    "sizePerSec": 478737.8054154334
  },
  "responseTimeHistogram": {
    "0.000746041": 1,
    "0.0016393386": 358724,
    "0.0025326362": 8894,
    "0.0034259338": 420,
    "0.0043192314": 83,
    "0.0052125290000000005": 18,
    "0.0061058266": 36,
    "0.006999124200000001": 18,
    "0.0078924218": 6,
    "0.0087857194": 26,
    "0.009679017": 59
  },
  "latencyPercentiles": {
    "p10": 0.001189228,
    "p25": 0.001235703,
    "p50": 0.001371085,
    "p75": 0.001433611,
    "p90": 0.001489874,
    "p95": 0.001541991,
    "p99": 0.001811136
  },
  "rps": {
    "mean": 36819.70768025682,
    "stddev": 2576.9697917044637,
    "max": 39735.45689860351,
    "percentiles": {
      "p10": 36128.32822215799,
      "p25": 36781.1908005735,
      "p50": 37411.23085150461,
      "p75": 37747.99880094734,
      "p90": 38039.61445449335,
      "p95": 38304.631029894466,
      "p99": 38686.17311728933
    }
  },
  "details": {
    "DNSDialup": {
      "average": 0.0007096773,
      "fastest": 0.000116278,
      "slowest": 0.00122443
    },
    "DNSLookup": {
      "average": 0.0000070303400000000005,
      "fastest": 0.000003506,
      "slowest": 0.000028013
    }
  },
  "statusCodeDistribution": {
    "200": 368285
  },
  "errorDistribution": {}
}