{
  "summary": {
    "successRate": 1,
    "total": 10.000688594,
    "slowest": 0.009145976,
    "fastest": 0.00026114,
    "average": 0.0013686893411461632,
    "requestsPerSec": 36480.08800302816,
    "totalData": 4742738,
    "sizePerRequest": 13,
    "sizePerSec": 474241.14403936616
  },
  "responseTimeHistogram": {
    "0.00026114": 1,
    "0.0011496236": 8011,
    "0.0020381072": 354752,
    "0.0029265908": 1651,
    "0.0038150744": 233,
    "0.004703558": 44,
    "0.0055920416": 13,
    "0.0064805252": 8,
    "0.0073690088": 30,
    "0.0082574924": 14,
    "0.009145976": 69
  },
  "latencyPercentiles": {
    "p10": 0.001198134,
    "p25": 0.001245153,
    "p50": 0.001382411,
    "p75": 0.001445048,
    "p90": 0.00151026,
    "p95": 0.001568298,
    "p99": 0.001846689
  },
  "rps": {
    "mean": 36477.967138639215,
    "stddev": 2490.287146502627,
    "max": 39217.997199875565,
    "percentiles": {
      "p10": 35503.3548653111,
      "p25": 36487.423867587684,
      "p50": 36909.70725300834,
      "p75": 37481.698859002274,
      "p90": 37760.29302792894,
      "p95": 37939.807582279565,
      "p99": 38441.616894452534
    }
  },
  "details": {
    "DNSDialup": {
      "average": 0.0007341938400000002,
      "fastest": 0.000077406,
      "slowest": 0.001214294
    },
    "DNSLookup": {
      "average": 0.000006737380000000001,
      "fastest": 0.000003216,
      "slowest": 0.00003192
    }
  },
  "statusCodeDistribution": {
    "200": 364826
  },
  "errorDistribution": {}
}