{
  "summary": {
    "successRate": 1,
    "total": 10.000677346,
    "slowest": 0.009675363,
    "fastest": 0.000537049,
    "average": 0.0013618234627849534,
    "requestsPerSec": 36666.81638785869,
    "totalData": 4767009,
    "sizePerRequest": 13,
    "sizePerSec": 476668.613042163
  },
  "responseTimeHistogram": {
    "0.000537049": 1,
    "0.0014508804": 296407,
    "0.0023647117999999996": 69392,
    "0.0032785431999999997": 580,
    "0.0041923746": 116,
    "0.005106206": 46,
    "0.006020037399999999": 0,
    "0.0069338687999999996": 1,
    "0.0078477002": 11,
    "0.008761531599999999": 122,
    "0.009675363": 17
  },
  "latencyPercentiles": {
    "p10": 0.001194529,
    "p25": 0.001238168,
    "p50": 0.001380414,
    "p75": 0.001436583,
    "p90": 0.001488482,
    "p95": 0.001561555,
    "p99": 0.001845484
  },
  "rps": {
    "mean": 36662.743597554734,
    "stddev": 2703.2168737240722,
    "max": 41835.08708754237,
    "percentiles": {
      "p10": 35927.00273525713,
      "p25": 36706.25107456089,
      "p50": 37215.40717857164,
      "p75": 37636.67067621409,
      "p90": 37944.69611269771,
      "p95": 38224.612235886176,
      "p99": 38714.87582808469
    }
  },
  "details": {
    "DNSDialup": {
      "average": 0.0006443818799999999,
      "fastest": 0.000076954,
      "slowest": 0.00091768
    },
    "DNSLookup": {
      "average": 0.00000647948,
      "fastest": 0.000003426,
      "slowest": 0.000025498
    }
  },
  "statusCodeDistribution": {
    "200": 366693
  },
  "errorDistribution": {}
}