{
  "summary": {
    "successRate": 1,
    "total": 10.000443843,
    "slowest": 0.010230723,
    "fastest": 0.000518339,
    "average": 0.0013761964888063494,
    "requestsPerSec": 36282.489627095645,
    "totalData": 4716933,
    "sizePerRequest": 13,
    "sizePerSec": 471672.3651522434
  },
  "responseTimeHistogram": {
    "0.000518339": 1,
    "0.0014895774": 312781,
    "0.0024608158": 49227,
    "0.0034320542": 577,
    "0.004403292600000001": 132,
    "0.005374531": 25,
    "0.0063457693999999995": 0,
    "0.007317007800000001": 5,
    "0.0082882462": 53,
    "0.0092594846": 38,
    "0.010230723": 2
  },
  "latencyPercentiles": {
    "p10": 0.001206497,
    "p25": 0.001253281,
    "p50": 0.001394118,
    "p75": 0.001453277,
    "p90": 0.001515103,
    "p95": 0.001578381,
    "p99": 0.001817608
  },
  "rps": {
    "mean": 36271.03295999416,
    "stddev": 2405.2329027171227,
    "max": 39026.088940456684,
    "percentiles": {
      "p10": 35628.23181088669,
      "p25": 36406.986500709514,
      "p50": 36652.797840332365,
      "p75": 36976.13756486126,
      "p90": 37435.56165586708,
      "p95": 37593.607076443164,
      "p99": 37988.66613747333
    }
  },
  "details": {
    "DNSDialup": {
      "average": 0.0008596357400000002,
      "fastest": 0.000083245,
      "slowest": 0.001809486
    },
    "DNSLookup": {
      "average": 0.000005487299999999999,
      "fastest": 0.000002756,
      "slowest": 0.000029295
    }
  },
  "statusCodeDistribution": {
    "200": 362841
  },
  "errorDistribution": {}
}