{
  "summary": {
    "successRate": 1,
    "total": 10.000750457,
    "slowest": 0.010595372,
    "fastest": 0.000530699,
    "average": 0.001363081302137217,
    "requestsPerSec": 36633.250832048034,
    "totalData": 4762680,
    "sizePerRequest": 13,
    "sizePerSec": 476232.2608166244
  },
  "responseTimeHistogram": {
    "0.000530699": 1,
    "0.0015371663": 344542,
    "0.0025436335999999998": 21196,
    "0.0035501008999999995": 377,
    "0.0045565682": 73,
    "0.0055630355": 22,
    "0.006569502799999999": 0,
    "0.007575970099999999": 11,
    "0.0085824374": 96,
    "0.0095889047": 33,
    "0.010595372": 9
  },
  "latencyPercentiles": {
    "p10": 0.001194163,
    "p25": 0.001238996,
    "p50": 0.001378702,
    "p75": 0.001438314,
    "p90": 0.001491021,
    "p95": 0.001561164,
    "p99": 0.00189746
  },
  "rps": {
    "mean": 36622.499508348614,
    "stddev": 2849.3194980174967,
    "max": 39933.56815739069,
    "percentiles": {
      "p10": 35725.37930946154,
      "p25": 36644.60748068704,
      "p50": 37326.890291765674,
      "p75": 37708.00273715882,
      "p90": 38016.43674245298,
      "p95": 38300.94986356118,
      "p99": 38696.640278468214
    }
  },
  "details": {
    "DNSDialup": {
      "average": 0.0007191995399999998,
      "fastest": 0.000086392,
      "slowest": 0.001402027
    },
    "DNSLookup": {
      "average": 0.0000064809200000000015,
      "fastest": 0.000003487,
      "slowest": 0.000031899
    }
  },
  "statusCodeDistribution": {
    "200": 366360
  },
  "errorDistribution": {}
}