{
  "summary": {
    "successRate": 1,
    "total": 10.000683759,
    "slowest": 0.009576556,
    "fastest": 0.000749801,
    "average": 0.0013487458296806548,
    "requestsPerSec": 37020.86866478626,
    "totalData": 4813042,
    "sizePerRequest": 13,
    "sizePerSec": 481271.29264222144
  },
  "responseTimeHistogram": {
    "0.000749801": 1,
    "0.0016324765": 361280,
    "0.002515152": 8277,
    "0.0033978275": 489,
    "0.004280503": 64,
    "0.005163178500000001": 23,
    "0.006045854": 0,
    "0.006928529500000001": 0,
    "0.007811205": 11,
    "0.008693880499999999": 72,
    "0.009576556": 17
  },
  "latencyPercentiles": {
    "p10": 0.001184817,
    "p25": 0.001230737,
    "p50": 0.001364491,
    "p75": 0.001426181,
    "p90": 0.001483041,
    "p95": 0.001534145,
    "p99": 0.001790735
  },
  "rps": {
    "mean": 37018.65211629545,
    "stddev": 2458.265484007674,
    "max": 40015.45119230926,
    "percentiles": {
      "p10": 36418.26740292936,
      "p25": 36912.26963842747,
      "p50": 37546.547931231275,
      "p75": 37845.96550370475,
      "p90": 38177.23116058163,
      "p95": 38485.44983713092,
      "p99": 38940.70861678836
    }
  },
  "details": {
    "DNSDialup": {
      "average": 0.0005112260200000002,
      "fastest": 0.00006959,
      "slowest": 0.00094055
    },
    "DNSLookup": {
      "average": 0.000006006840000000001,
      "fastest": 0.000003156,
      "slowest": 0.000030688
    }
  },
  "statusCodeDistribution": {
    "200": 370234
  },
  "errorDistribution": {}
}