{
  "summary": {
    "successRate": 1,
    "total": 10.000665949,
    "slowest": 0.010174589,
    "fastest": 0.000198272,
    "average": 0.001484134271422383,
    "requestsPerSec": 33640.15973692633,
    "totalData": 4373512,
    "sizePerRequest": 13,
    "sizePerSec": 437322.07658004237
  },
  "responseTimeHistogram": {
    "0.000198272": 1,
    "0.0011959037": 17889,
    "0.0021935354": 311136,
    "0.0031911670999999996": 5557,
    "0.0041887988": 905,
    "0.005186430499999999": 464,
    "0.0061840622": 234,
    "0.0071816939": 137,
    "0.008179325599999999": 12,
    "0.009176957299999998": 72,
    "0.010174588999999998": 17
  },
  "latencyPercentiles": {
    "p10": 0.001225063,
    "p25": 0.001304176,
    "p50": 0.001438591,
    "p75": 0.001565831,
    "p90": 0.001742499,
    "p95": 0.001906706,
    "p99": 0.002584252
  },
  "rps": {
    "mean": 33636.19767725445,
    "stddev": 4283.548980752734,
    "max": 40004.549378123585,
    "percentiles": {
      "p10": 27766.071153434863,
      "p25": 32137.98710075412,
      "p50": 34832.024563382736,
      "p75": 36730.57787216327,
      "p90": 37386.2313425914,
      "p95": 37629.69542383886,
      "p99": 38023.38588720464
    }
  },
  "details": {
    "DNSDialup": {
      "average": 0.0005900662799999998,
      "fastest": 0.000062005,
      "slowest": 0.000998302
    },
    "DNSLookup": {
      "average": 0.000005590800000000001,
      "fastest": 0.000002595,
      "slowest": 0.000030187
    }
  },
  "statusCodeDistribution": {
    "200": 336424
  },
  "errorDistribution": {}
}