{
  "summary": {
    "successRate": 1,
    "total": 10.000776656,
    "slowest": 0.009948861,
    "fastest": 0.000729013,
    "average": 0.001340039832334672,
    "requestsPerSec": 37263.60589968964,
    "totalData": 4844645,
    "sizePerRequest": 13,
    "sizePerSec": 484426.8766959653
  },
  "responseTimeHistogram": {
    "0.000729013": 1,
    "0.0016509977999999998": 364942,
    "0.0025729826": 7020,
    "0.0034949673999999996": 536,
    "0.004416952199999999": 53,
    "0.005338936999999999": 12,
    "0.0062609217999999986": 0,
    "0.007182906599999999": 0,
    "0.0081048914": 23,
    "0.009026876199999999": 61,
    "0.009948861": 17
  },
  "latencyPercentiles": {
    "p10": 0.001176621,
    "p25": 0.001221424,
    "p50": 0.001355826,
    "p75": 0.001415878,
    "p90": 0.001473105,
    "p95": 0.001526137,
    "p99": 0.001780134
  },
  "rps": {
    "mean": 37258.8812281274,
    "stddev": 2545.5583464392957,
    "max": 41049.13856905675,
    "percentiles": {
      "p10": 36426.941365834115,
      "p25": 37270.88549712698,
      "p50": 37760.15255909337,
      "p75": 38130.771532626895,
      "p90": 38615.27242069114,
      "p95": 38785.937689836974,
      "p99": 39083.82307535035
    }
  },
  "details": {
    "DNSDialup": {
      "average": 0.00067626306,
      "fastest": 0.000069089,
      "slowest": 0.001212049
    },
    "DNSLookup": {
      "average": 0.000006630859999999998,
      "fastest": 0.000003566,
      "slowest": 0.000028644
    }
  },
  "statusCodeDistribution": {
    "200": 372665
  },
  "errorDistribution": {}
}