{
  "summary": {
    "successRate": 1,
    "total": 10.000643816,
    "slowest": 0.010163879,
    "fastest": 0.000267851,
    "average": 0.0013700667836826553,
    "requestsPerSec": 36442.253789393435,
    "totalData": 4737798,
    "sizePerRequest": 13,
    "sizePerSec": 473749.2992621146
  },
  "responseTimeHistogram": {
    "0.000267851": 1,
    "0.0012574538": 108922,
    "0.0022470566": 254396,
    "0.0032366594": 746,
    "0.004226262200000001": 180,
    "0.005215865000000001": 81,
    "0.0062054678": 18,
    "0.007195070600000001": 2,
    "0.0081846734": 11,
    "0.0091742762": 67,
    "0.010163879": 22
  },
  "latencyPercentiles": {
    "p10": 0.001178604,
    "p25": 0.001239244,
    "p50": 0.001379334,
    "p75": 0.001454528,
    "p90": 0.001560435,
    "p95": 0.001693862,
    "p99": 0.001862159
  },
  "rps": {
    "mean": 36438.77070905186,
    "stddev": 3233.3772121759735,
    "max": 49949.51495417278,
    "percentiles": {
      "p10": 33299.59242101393,
      "p25": 35854.516792782466,
      "p50": 36979.20444386176,
      "p75": 37664.67778469167,
      "p90": 38476.18978551931,
      "p95": 39714.00315751321,
      "p99": 43604.12913904349
    }
  },
  "details": {
    "DNSDialup": {
      "average": 0.0005117457800000001,
      "fastest": 0.000069139,
      "slowest": 0.000864436
    },
    "DNSLookup": {
      "average": 0.000006710520000000001,
      "fastest": 0.000003166,
      "slowest": 0.00003206
    }
  },
  "statusCodeDistribution": {
    "200": 364446
  },
  "errorDistribution": {}
}