{
  "summary": {
    "successRate": 1,
    "total": 10.000624682,
    "slowest": 0.009267128,
    "fastest": 0.000515476,
    "average": 0.0013340378513887119,
    "requestsPerSec": 37431.56171771631,
    "totalData": 4866407,
    "sizePerRequest": 13,
    "sizePerSec": 486610.30233031197
  },
  "responseTimeHistogram": {
    "0.000515476": 1,
    "0.0013906411999999998": 254774,
    "0.0022658063999999997": 118457,
    "0.0031409715999999996": 688,
    "0.004016136799999999": 165,
    "0.004891301999999999": 73,
    "0.005766467199999999": 34,
    "0.006641632399999999": 0,
    "0.007516797599999999": 16,
    "0.0083919628": 76,
    "0.009267128": 55
  },
  "latencyPercentiles": {
    "p10": 0.001168464,
    "p25": 0.001213224,
    "p50": 0.001347391,
    "p75": 0.001405922,
    "p90": 0.001459822,
    "p95": 0.001528836,
    "p99": 0.001843065
  },
  "rps": {
    "mean": 37428.9119143146,
    "stddev": 2884.0612620401107,
    "max": 40272.378548246495,
    "percentiles": {
      "p10": 36459.078209758554,
      "p25": 37609.802522394035,
      "p50": 38007.92085070657,
      "p75": 38562.23172956728,
      "p90": 38900.66125061712,
      "p95": 39122.85358482557,
      "p99": 39591.432454108166
    }
  },
  "details": {
    "DNSDialup": {
      "average": 0.0007707384399999998,
      "fastest": 0.000082333,
      "slowest": 0.001240258
    },
    "DNSLookup": {
      "average": 0.0000066740200000000005,
      "fastest": 0.000003497,
      "slowest": 0.000035255
    }
  },
  "statusCodeDistribution": {
    "200": 374339
  },
  "errorDistribution": {}
}