{
  "summary": {
    "successRate": 1,
    "total": 10.000545791,
    "slowest": 0.009798157,
    "fastest": 0.000196118,
    "average": 0.0014108841543709841,
    "requestsPerSec": 35393.968229068625,
    "totalData": 4601467,
    "sizePerRequest": 13,
    "sizePerSec": 460121.58697789215
  },
  "responseTimeHistogram": {
    "0.000196118": 1,
    "0.0011563219": 5237,
    "0.0021165258": 346410,
    "0.0030767296999999996": 1824,
    "0.0040369336": 217,
    "0.0049971375": 118,
    "0.0059573414": 81,
    "0.0069175453": 19,
    "0.007877749199999999": 20,
    "0.0088379531": 19,
    "0.009798157": 13
  },
  "latencyPercentiles": {
    "p10": 0.001236716,
    "p25": 0.001285813,
    "p50": 0.001425779,
    "p75": 0.001490319,
    "p90": 0.001552274,
    "p95": 0.001627424,
    "p99": 0.002004628
  },
  "rps": {
    "mean": 35389.560582707476,
    "stddev": 2478.3377581086042,
    "max": 39638.09913739413,
    "percentiles": {
      "p10": 34550.33984515299,
      "p25": 35393.183172656616,
      "p50": 35801.24946360549,
      "p75": 36375.442122843575,
      "p90": 36689.30322351029,
      "p95": 36855.067951531026,
      "p99": 37346.71057907732
    }
  },
  "details": {
    "DNSDialup": {
      "average": 0.0008907343600000002,
      "fastest": 0.000315869,
      "slowest": 0.001425502
    },
    "DNSLookup": {
      "average": 0.00000562876,
      "fastest": 0.000002534,
      "slowest": 0.000030568
    }
  },
  "statusCodeDistribution": {
    "200": 353959
  },
  "errorDistribution": {}
}