{
  "summary": {
    "successRate": 1,
    "total": 10.000582472,
    "slowest": 0.009348526,
    "fastest": 0.000177849,
    "average": 0.0013792911163278585,
    "requestsPerSec": 36197.29160911619,
    "totalData": 4705922,
    "sizePerRequest": 13,
    "sizePerSec": 470564.7909185104
  },
  "responseTimeHistogram": {
    "0.000177849": 1,
    "0.0010949166999999998": 7496,
    "0.0020119844": 351769,
    "0.0029290520999999993": 2228,
    "0.0038461197999999992": 258,
    "0.004763187499999999": 48,
    "0.005680255199999999": 32,
    "0.006597322899999999": 26,
    "0.007514390599999999": 24,
    "0.0084314583": 12,
    "0.009348526": 100
  },
  "latencyPercentiles": {
    "p10": 0.001201705,
    "p25": 0.00125466,
    "p50": 0.001391197,
    "p75": 0.001459754,
    "p90": 0.001532315,
    "p95": 0.001621006,
    "p99": 0.00191924
  },
  "rps": {
    "mean": 36192.27834719922,
    "stddev": 2990.274027460625,
    "max": 43115.01264740235,
    "percentiles": {
      "p10": 33813.81970811463,
      "p25": 35991.34997807678,
      "p50": 36720.17426605634,
      "p75": 37413.27048704398,
      "p90": 37928.399252084855,
      "p95": 38813.90702288638,
      "p99": 40778.9461715908
    }
  },
  "details": {
    "DNSDialup": {
      "average": 0.0009072021800000002,
      "fastest": 0.000088045,
      "slowest": 0.00196168
    },
    "DNSLookup": {
      "average": 0.000006330099999999999,
      "fastest": 0.000002725,
      "slowest": 0.000035166
    }
  },
  "statusCodeDistribution": {
    "200": 361994
  },
  "errorDistribution": {}
}