{
  "summary": {
    "successRate": 1,
    "total": 10.000648293,
    "slowest": 0.011041091,
    "fastest": 0.000558658,
    "average": 0.001453550875482866,
    "requestsPerSec": 34348.87318659553,
    "totalData": 4465643,
    "sizePerRequest": 13,
    "sizePerSec": 446535.35142574186
  },
  "responseTimeHistogram": {
    "0.000558658": 1,
    "0.0016069013": 313074,
    "0.0026551446": 29608,
    "0.0037033879": 480,
    "0.0047516312": 123,
    "0.0057998745": 55,
    "0.0068481178": 31,
    "0.0078963611": 21,
    "0.0089446044": 18,
    "0.0099928477": 0,
    "0.011041091": 100
  },
  "latencyPercentiles": {
    "p10": 0.001272099,
    "p25": 0.001322765,
    "p50": 0.001466364,
    "p75": 0.001530303,
    "p90": 0.001594728,
    "p95": 0.001680993,
    "p99": 0.002031957
  },
  "rps": {
    "mean": 34340.20187883193,
    "stddev": 2814.6791717631972,
    "max": 39547.651347502666,
    "percentiles": {
      "p10": 33304.24296055295,
      "p25": 34405.3225033893,
      "p50": 34918.80028207124,
      "p75": 35396.09792210218,
      "p90": 35682.79640891213,
      "p95": 35919.08740304687,
      "p99": 36386.396593832564
    }
  },
  "details": {
    "DNSDialup": {
      "average": 0.0007904110399999998,
      "fastest": 0.000077637,
      "slowest": 0.001738012
    },
    "DNSLookup": {
      "average": 0.00000741382,
      "fastest": 0.000003257,
      "slowest": 0.000043992
    }
  },
  "statusCodeDistribution": {
    "200": 343511
  },
  "errorDistribution": {}
}