{
  "summary": {
    "successRate": 1,
    "total": 10.000675144,
    "slowest": 0.010126964,
    "fastest": 0.000414129,
    "average": 0.001379391129844184,
    "requestsPerSec": 36197.85612346254,
    "totalData": 4706039,
    "sizePerRequest": 13,
    "sizePerSec": 470572.12960501295
  },
  "responseTimeHistogram": {
    "0.000414129": 1,
    "0.0013854125": 170914,
    "0.002356696": 190203,
    "0.0033279795000000006": 616,
    "0.004299263": 141,
    "0.005270546500000001": 28,
    "0.006241830000000001": 3,
    "0.007213113500000001": 0,
    "0.008184397000000001": 30,
    "0.0091556805": 46,
    "0.010126964": 21
  },
  "latencyPercentiles": {
    "p10": 0.00121164,
    "p25": 0.001258401,
    "p50": 0.001397598,
    "p75": 0.001460118,
    "p90": 0.001512989,
    "p95": 0.001561233,
    "p99": 0.001853401
  },
  "rps": {
    "mean": 36166.150714920295,
    "stddev": 2565.376116294372,
    "max": 41414.65664698709,
    "percentiles": {
      "p10": 35538.156217861215,
      "p25": 36315.33596637906,
      "p50": 36625.46117307419,
      "p75": 36945.90528732186,
      "p90": 37355.85821478599,
      "p95": 37559.91460909739,
      "p99": 37870.30021197919
    }
  },
  "details": {
    "DNSDialup": {
      "average": 0.0008253358,
      "fastest": 0.000102923,
      "slowest": 0.00112022
    },
    "DNSLookup": {
      "average": 0.0000062804,
      "fastest": 0.000003296,
      "slowest": 0.000029274
    }
  },
  "statusCodeDistribution": {
    "200": 362003
  },
  "errorDistribution": {}
}