{
  "summary": {
    "successRate": 1,
    "total": 10.000728471,
    "slowest": 0.011305007,
    "fastest": 0.000266973,
    "average": 0.001039291091620086,
    "requestsPerSec": 48047.099908108285,
    "totalData": 6246578,
    "sizePerRequest": 13,
    "sizePerSec": 624612.2988054077
  },
  "responseTimeHistogram": {
    "0.000266973": 1,
    "0.0013707764000000001": 471902,
    "0.0024745798000000005": 7916,
    "0.0035783832": 516,
    "0.004682186600000001": 52,
    "0.005785990000000001": 20,
    "0.006889793400000001": 22,
    "0.0079935968": 11,
    "0.009097400200000001": 16,
    "0.010201203600000002": 0,
    "0.011305007000000002": 50
  },
  "latencyPercentiles": {
    "p10": 0.000901843,
    "p25": 0.000931434,
    "p50": 0.001059707,
    "p75": 0.001094554,
    "p90": 0.00113012,
    "p95": 0.001229314,
    "p99": 0.001513029
  },
  "rps": {
    "mean": 48036.92794370564,
    "stddev": 4071.9077070082326,
    "max": 51040.76577352177,
    "percentiles": {
      "p10": 47253.072523647425,
      "p25": 48474.14119895986,
      "p50": 48890.13336501728,
      "p75": 49542.67129607439,
      "p90": 49884.13827073594,
      "p95": 50071.86815236054,
      "p99": 50547.58549699236
    }
  },
  "details": {
    "DNSDialup": {
      "average": 0.0004808872399999999,
      "fastest": 0.000073149,
      "slowest": 0.000912152
    },
    "DNSLookup": {
      "average": 0.000007181639999999999,
      "fastest": 0.00000307,
      "slowest": 0.000045601
    }
  },
  "statusCodeDistribution": {
    "200": 480506
  },
  "errorDistribution": {}
}