{
  "summary": {
    "successRate": 1,
    "total": 10.00068824,
    "slowest": 0.010387664,
    "fastest": 0.000529368,
    "average": 0.001359282969463883,
    "requestsPerSec": 36734.2718004776,
    "totalData": 4775784,
    "sizePerRequest": 13,
    "sizePerSec": 477545.53340620885
  },
  "responseTimeHistogram": {
    "0.000529368": 1,
    "0.0015151976": 340166,
    "0.0025010272": 26508,
    "0.0034868568": 459,
    "0.004472686399999999": 81,
    "0.005458515999999999": 4,
    "0.006444345599999999": 0,
    "0.007430175199999999": 1,
    "0.0084160048": 94,
    "0.0094018344": 26,
    "0.010387664": 28
  },
  "latencyPercentiles": {
    "p10": 0.001189292,
    "p25": 0.001237143,
    "p50": 0.001372348,
    "p75": 0.001434629,
    "p90": 0.001492626,
    "p95": 0.001554199,
    "p99": 0.001889665
  },
  "rps": {
    "mean": 36725.90399276588,
    "stddev": 2792.921793841246,
    "max": 46112.833201482004,
    "percentiles": {
      "p10": 35943.30892082622,
      "p25": 36720.008732758004,
      "p50": 37382.98649171375,
      "p75": 37742.320463938944,
      "p90": 38085.949266249474,
      "p95": 38405.56880747476,
      "p99": 38785.3051616625
    }
  },
  "details": {
    "DNSDialup": {
      "average": 0.00076819484,
      "fastest": 0.000078107,
      "slowest": 0.001265661
    },
    "DNSLookup": {
      "average": 0.00000946996,
      "fastest": 0.000003707,
      "slowest": 0.000154859
    }
  },
  "statusCodeDistribution": {
    "200": 367368
  },
  "errorDistribution": {}
}