{
  "summary": {
    "successRate": 1,
    "total": 10.000664555,
    "slowest": 0.009489983,
    "fastest": 0.000437482,
    "average": 0.00139653520632513,
    "requestsPerSec": 35753.323994977254,
    "totalData": 4648241,
    "sizePerRequest": 13,
    "sizePerSec": 464793.2119347043
  },
  "responseTimeHistogram": {
    "0.000437482": 1,
    "0.0013427321000000002": 142671,
    "0.0022479822": 213681,
    "0.0031532323": 813,
    "0.0040584824000000005": 273,
    "0.004963732500000001": 18,
    "0.0058689826": 2,
    "0.0067742327000000005": 0,
    "0.007679482800000001": 11,
    "0.0085847329": 29,
    "0.009489983": 58
  },
  "latencyPercentiles": {
    "p10": 0.001227829,
    "p25": 0.001274872,
    "p50": 0.001416001,
    "p75": 0.001478595,
    "p90": 0.00153203,
    "p95": 0.001577234,
    "p99": 0.001843167
  },
  "rps": {
    "mean": 35750.77895982123,
    "stddev": 2339.6977073528037,
    "max": 38461.977206079566,
    "percentiles": {
      "p10": 35304.94975395502,
      "p25": 35633.23961723696,
      "p50": 36148.72319952644,
      "p75": 36559.15321347486,
      "p90": 36844.95905134075,
      "p95": 37046.29861169067,
      "p99": 37409.01735838925
    }
  },
  "details": {
    "DNSDialup": {
      "average": 0.0007563124799999998,
      "fastest": 0.000075103,
      "slowest": 0.001770118
    },
    "DNSLookup": {
      "average": 0.00000708266,
      "fastest": 0.000003337,
      "slowest": 0.000033924
    }
  },
  "statusCodeDistribution": {
    "200": 357557
  },
  "errorDistribution": {}
}