{
  "summary": {
    "successRate": 1,
    "total": 10.000597322,
    "slowest": 0.009476858,
    "fastest": 0.000254745,
    "average": 0.0013888288253898371,
    "requestsPerSec": 35953.952391324965,
    "totalData": 4674293,
    "sizePerRequest": 13,
    "sizePerSec": 467401.3810872246
  },
  "responseTimeHistogram": {
    "0.000254745": 1,
    "0.0011769563": 14409,
    "0.0020991676": 342555,
    "0.0030213789": 2048,
    "0.0039435901999999995": 246,
    "0.004865801499999999": 64,
    "0.0057880128": 66,
    "0.0067102240999999995": 25,
    "0.007632435399999999": 21,
    "0.0085546467": 35,
    "0.009476858": 91
  },
  "latencyPercentiles": {
    "p10": 0.001210106,
    "p25": 0.001259608,
    "p50": 0.001398914,
    "p75": 0.001462953,
    "p90": 0.001526313,
    "p95": 0.001616189,
    "p99": 0.002002868
  },
  "rps": {
    "mean": 35947.12535852645,
    "stddev": 2937.1880350710103,
    "max": 43824.41896624921,
    "percentiles": {
      "p10": 35141.88209508089,
      "p25": 36017.28469492526,
      "p50": 36578.51982349373,
      "p75": 37003.63745756147,
      "p90": 37529.024787218426,
      "p95": 37771.32443924238,
      "p99": 38365.98660444753
    }
  },
  "details": {
    "DNSDialup": {
      "average": 0.00071167196,
      "fastest": 0.000074047,
      "slowest": 0.001648808
    },
    "DNSLookup": {
      "average": 0.000006776760000000001,
      "fastest": 0.000003586,
      "slowest": 0.000034825
    }
  },
  "statusCodeDistribution": {
    "200": 359561
  },
  "errorDistribution": {}
}