{
  "summary": {
    "successRate": 1,
    "total": 10.000719529,
    "slowest": 0.008827459,
    "fastest": 0.000425233,
    "average": 0.0013399700661884744,
    "requestsPerSec": 37263.618774564675,
    "totalData": 4844619,
    "sizePerRequest": 13,
    "sizePerSec": 484427.0440693408
  },
  "responseTimeHistogram": {
    "0.000425233": 1,
    "0.0012654555999999997": 137279,
    "0.0021056782": 233549,
    "0.0029459007999999994": 1353,
    "0.0037861233999999994": 241,
    "0.004626345999999999": 45,
    "0.005466568599999998": 28,
    "0.006306791199999998": 17,
    "0.007147013799999998": 22,
    "0.007987236399999998": 15,
    "0.008827459": 113
  },
  "latencyPercentiles": {
    "p10": 0.001171616,
    "p25": 0.001218733,
    "p50": 0.001351674,
    "p75": 0.001413197,
    "p90": 0.001471042,
    "p95": 0.001544181,
    "p99": 0.001857261
  },
  "rps": {
    "mean": 37257.34242589175,
    "stddev": 2924.1532328870853,
    "max": 44618.27118204794,
    "percentiles": {
      "p10": 35760.449463773475,
      "p25": 37415.790647316855,
      "p50": 37839.239291144186,
      "p75": 38464.51284289698,
      "p90": 38837.69126685164,
      "p95": 39074.98098100388,
      "p99": 39621.217151755125
    }
  },
  "details": {
    "DNSDialup": {
      "average": 0.0006388294000000001,
      "fastest": 0.000074048,
      "slowest": 0.00103866
    },
    "DNSLookup": {
      "average": 0.000006437060000000001,
      "fastest": 0.000003536,
      "slowest": 0.000030557
    }
  },
  "statusCodeDistribution": {
    "200": 372663
  },
  "errorDistribution": {}
}