{
  "summary": {
    "successRate": 1,
    "total": 10.000692588,
    "slowest": 0.009671127,
    "fastest": 0.000352182,
    "average": 0.0013672689926230923,
    "requestsPerSec": 36516.97087841733,
    "totalData": 4747535,
    "sizePerRequest": 13,
    "sizePerSec": 474720.62141942524
  },
  "responseTimeHistogram": {
    "0.000352182": 1,
    "0.0012840765": 125991,
    "0.002215971": 238132,
    "0.0031478655": 800,
    "0.00407976": 164,
    "0.0050116545000000005": 8,
    "0.005943549": 3,
    "0.006875443500000001": 1,
    "0.0078073380000000005": 17,
    "0.0087392325": 76,
    "0.009671127": 2
  },
  "latencyPercentiles": {
    "p10": 0.001206893,
    "p25": 0.0012521,
    "p50": 0.00138707,
    "p75": 0.001448766,
    "p90": 0.001498559,
    "p95": 0.001541695,
    "p99": 0.001733801
  },
  "rps": {
    "mean": 36511.55912934472,
    "stddev": 2194.655730451503,
    "max": 41265.84696590835,
    "percentiles": {
      "p10": 36012.52875875624,
      "p25": 36483.05738875546,
      "p50": 36772.92928900005,
      "p75": 37201.177008945626,
      "p90": 37535.267301922555,
      "p95": 37705.01723027945,
      "p99": 38221.86672995686
    }
  },
  "details": {
    "DNSDialup": {
      "average": 0.0007630302,
      "fastest": 0.0000689,
      "slowest": 0.001728313
    },
    "DNSLookup": {
      "average": 0.00003916558,
      "fastest": 0.000003186,
      "slowest": 0.001615785
    }
  },
  "statusCodeDistribution": {
    "200": 365195
  },
  "errorDistribution": {}
}