{
  "summary": {
    "successRate": 1,
    "total": 10.000676521,
    "slowest": 0.010208707,
    "fastest": 0.000492478,
    "average": 0.0013541850979728789,
    "requestsPerSec": 36872.005531394585,
    "totalData": 4793685,
    "sizePerRequest": 13,
    "sizePerSec": 479336.0719081296
  },
  "responseTimeHistogram": {
    "0.000492478": 1,
    "0.0014641009": 313337,
    "0.0024357238": 54684,
    "0.0034073467": 514,
    "0.0043789696": 92,
    "0.0053505925": 9,
    "0.0063222154": 8,
    "0.0072938383": 0,
    "0.0082654612": 24,
    "0.0092370841": 48,
    "0.010208707": 28
  },
  "latencyPercentiles": {
    "p10": 0.00118745,
    "p25": 0.00123385,
    "p50": 0.001370524,
    "p75": 0.001433041,
    "p90": 0.001490575,
    "p95": 0.001543477,
    "p99": 0.001799082
  },
  "rps": {
    "mean": 36869.30745680305,
    "stddev": 2501.4371548979416,
    "max": 44454.97744035881,
    "percentiles": {
      "p10": 36000.91082304641,
      "p25": 36795.72381411233,
      "p50": 37443.21321237295,
      "p75": 37794.12469110674,
      "p90": 38074.52446802273,
      "p95": 38383.98595990349,
      "p99": 38875.53583957214
    }
  },
  "details": {
    "DNSDialup": {
      "average": 0.00059958974,
      "fastest": 0.000082574,
      "slowest": 0.000959398
    },
    "DNSLookup": {
      "average": 0.0000049843199999999996,
      "fastest": 0.000002545,
      "slowest": 0.000025808
    }
  },
  "statusCodeDistribution": {
    "200": 368745
  },
  "errorDistribution": {}
}