{
  "summary": {
    "successRate": 1,
    "total": 10.000660209,
    "slowest": 0.008604505,
    "fastest": 0.000428059,
    "average": 0.0014129167113685552,
    "requestsPerSec": 35335.46712065877,
    "totalData": 4593914,
    "sizePerRequest": 13,
    "sizePerSec": 459361.0725685641
  },
  "responseTimeHistogram": {
    "0.000428059": 1,
    "0.0012457036000000001": 38614,
    "0.0020633482": 312528,
    "0.0028809928000000005": 1610,
    "0.0036986374000000004": 364,
    "0.004516282": 120,
    "0.0053339266": 46,
    "0.0061515712": 36,
    "0.0069692158": 10,
    "0.007786860400000001": 25,
    "0.008604505": 24
  },
  "latencyPercentiles": {
    "p10": 0.001242052,
    "p25": 0.001291779,
    "p50": 0.001428123,
    "p75": 0.001492784,
    "p90": 0.001551794,
    "p95": 0.001607644,
    "p99": 0.001912059
  },
  "rps": {
    "mean": 35330.762282963115,
    "stddev": 2391.2202934195375,
    "max": 39444.3510860358,
    "percentiles": {
      "p10": 34424.36901082491,
      "p25": 35328.6798222797,
      "p50": 35709.65628447201,
      "p75": 36300.82039854518,
      "p90": 36592.43890434789,
      "p95": 36787.1352449136,
      "p99": 37328.061380177605
    }
  },
  "details": {
    "DNSDialup": {
      "average": 0.0006943530199999997,
      "fastest": 0.000070702,
      "slowest": 0.001524512
    },
    "DNSLookup": {
      "average": 0.00000660392,
      "fastest": 0.000003346,
      "slowest": 0.000031479
    }
  },
  "statusCodeDistribution": {
    "200": 353378
  },
  "errorDistribution": {}
}