{
  "summary": {
    "successRate": 1,
    "total": 10.000808724,
    "slowest": 0.010010626,
    "fastest": 0.000535956,
    "average": 0.0013304806948228113,
    "requestsPerSec": 37526.9651042673,
    "totalData": 4878900,
    "sizePerRequest": 13,
    "sizePerSec": 487850.5463554749
  },
  "responseTimeHistogram": {
    "0.000535956": 1,
    "0.0014834229999999998": 349637,
    "0.00243089": 24869,
    "0.0033783569999999994": 438,
    "0.004325824": 213,
    "0.005273290999999999": 43,
    "0.006220757999999999": 0,
    "0.007168224999999999": 5,
    "0.008115691999999999": 25,
    "0.009063159": 51,
    "0.010010626": 18
  },
  "latencyPercentiles": {
    "p10": 0.0011684,
    "p25": 0.001213258,
    "p50": 0.00134572,
    "p75": 0.001406998,
    "p90": 0.001459651,
    "p95": 0.001504609,
    "p99": 0.001776937
  },
  "rps": {
    "mean": 37520.17011713477,
    "stddev": 2642.203331317319,
    "max": 41127.11510698794,
    "percentiles": {
      "p10": 36838.901555291275,
      "p25": 37608.973501079076,
      "p50": 37917.19544813812,
      "p75": 38482.21669751995,
      "p90": 38784.26268911899,
      "p95": 38922.32974056761,
      "p99": 39346.74393178729
    }
  },
  "details": {
    "DNSDialup": {
      "average": 0.00073390024,
      "fastest": 0.000072699,
      "slowest": 0.001687979
    },
    "DNSLookup": {
      "average": 0.00000699982,
      "fastest": 0.000003857,
      "slowest": 0.000025758
    }
  },
  "statusCodeDistribution": {
    "200": 375300
  },
  "errorDistribution": {}
}