{
  "summary": {
    "successRate": 1,
    "total": 10.000765385,
    "slowest": 0.009745488,
    "fastest": 0.00044187,
    "average": 0.001352084241751456,
    "requestsPerSec": 36928.07358064025,
    "totalData": 4801017,
    "sizePerRequest": 13,
    "sizePerSec": 480064.9565483233
  },
  "responseTimeHistogram": {
    "0.00044187": 1,
    "0.0013722318": 191972,
    "0.0023025935999999997": 176236,
    "0.0032329553999999997": 700,
    "0.0041633172": 200,
    "0.005093679": 98,
    "0.0060240408": 2,
    "0.0069544025999999995": 10,
    "0.007884764399999999": 3,
    "0.0088151262": 54,
    "0.009745488": 33
  },
  "latencyPercentiles": {
    "p10": 0.001183906,
    "p25": 0.001230756,
    "p50": 0.001365711,
    "p75": 0.001428275,
    "p90": 0.00148976,
    "p95": 0.001545824,
    "p99": 0.001798347
  },
  "rps": {
    "mean": 36924.78912141921,
    "stddev": 2632.9882571499224,
    "max": 40983.41354158035,
    "percentiles": {
      "p10": 36361.021065554174,
      "p25": 36881.93691104099,
      "p50": 37498.696569369386,
      "p75": 37829.52780758434,
      "p90": 38154.56030835337,
      "p95": 38466.260344497234,
      "p99": 38929.99475162384
    }
  },
  "details": {
    "DNSDialup": {
      "average": 0.0007715430000000001,
      "fastest": 0.000109444,
      "slowest": 0.001006271
    },
    "DNSLookup": {
      "average": 0.000005875420000000001,
      "fastest": 0.000003025,
      "slowest": 0.000024987
    }
  },
  "statusCodeDistribution": {
    "200": 369309
  },
  "errorDistribution": {}
}