{
  "summary": {
    "successRate": 1,
    "total": 10.000778614,
    "slowest": 0.010487659,
    "fastest": 0.000559695,
    "average": 0.0013501488200224293,
    "requestsPerSec": 36980.62063710433,
    "totalData": 4807855,
    "sizePerRequest": 13,
    "sizePerSec": 480748.06828235625
  },
  "responseTimeHistogram": {
    "0.000559695": 1,
    "0.0015524914": 353814,
    "0.0025452877999999996": 15369,
    "0.0035380841999999996": 491,
    "0.0045308805999999995": 24,
    "0.005523676999999999": 19,
    "0.006516473399999999": 17,
    "0.007509269799999999": 10,
    "0.0085020662": 44,
    "0.009494862599999999": 34,
    "0.010487659": 12
  },
  "latencyPercentiles": {
    "p10": 0.001184297,
    "p25": 0.001231074,
    "p50": 0.00136467,
    "p75": 0.001428016,
    "p90": 0.001482923,
    "p95": 0.001536909,
    "p99": 0.001798432
  },
  "rps": {
    "mean": 36974.3928844348,
    "stddev": 2570.639682305105,
    "max": 39770.855107793344,
    "percentiles": {
      "p10": 36127.095321490866,
      "p25": 36923.39466285998,
      "p50": 37556.72567846405,
      "p75": 37903.88893900454,
      "p90": 38243.00587572015,
      "p95": 38488.39408236373,
      "p99": 38974.79090277648
    }
  },
  "details": {
    "DNSDialup": {
      "average": 0.0008346053399999997,
      "fastest": 0.000053019,
      "slowest": 0.001815507
    },
    "DNSLookup": {
      "average": 0.0000055258600000000005,
      "fastest": 0.000002625,
      "slowest": 0.000029225
    }
  },
  "statusCodeDistribution": {
    "200": 369835
  },
  "errorDistribution": {}
}