{
  "summary": {
    "successRate": 1,
    "total": 10.000696955,
    "slowest": 0.009007566,
    "fastest": 0.000493951,
    "average": 0.0013238013745573158,
    "requestsPerSec": 37722.170934435635,
    "totalData": 4904224,
    "sizePerRequest": 13,
    "sizePerSec": 490388.2221476633
  },
  "responseTimeHistogram": {
    "0.000493951": 1,
    "0.0013453125000000002": 188322,
    "0.002196674": 187523,
    "0.0030480355000000003": 892,
    "0.003899397": 264,
    "0.0047507585000000005": 108,
    "0.005602120000000001": 55,
    "0.006453481500000001": 47,
    "0.007304843000000001": 17,
    "0.0081562045": 7,
    "0.009007566": 12
  },
  "latencyPercentiles": {
    "p10": 0.001162459,
    "p25": 0.001203555,
    "p50": 0.001345603,
    "p75": 0.001398778,
    "p90": 0.001445967,
    "p95": 0.001513,
    "p99": 0.001813503
  },
  "rps": {
    "mean": 37717.662919791735,
    "stddev": 2555.871361145137,
    "max": 40304.728172088275,
    "percentiles": {
      "p10": 37042.231054580116,
      "p25": 37706.90654055149,
      "p50": 38201.67705362311,
      "p75": 38673.837843620815,
      "p90": 38959.29108257442,
      "p95": 39108.96173224242,
      "p99": 39563.5542966316
    }
  },
  "details": {
    "DNSDialup": {
      "average": 0.00078387748,
      "fastest": 0.00011995,
      "slowest": 0.001482306
    },
    "DNSLookup": {
      "average": 0.000007657419999999999,
      "fastest": 0.000002644,
      "slowest": 0.000153791
    }
  },
  "statusCodeDistribution": {
    "200": 377248
  },
  "errorDistribution": {}
}