{
  "summary": {
    "successRate": 1,
    "total": 10.000668418,
    "slowest": 0.010317258,
    "fastest": 0.000362222,
    "average": 0.0013699051418323168,
    "requestsPerSec": 36450.463585403115,
    "totalData": 4738877,
    "sizePerRequest": 13,
    "sizePerSec": 473856.0266102405
  },
  "responseTimeHistogram": {
    "0.000362222": 1,
    "0.0013577255999999997": 161646,
    "0.0023532291999999997": 201680,
    "0.0033487327999999995": 826,
    "0.004344236399999999": 190,
    "0.005339739999999998": 26,
    "0.006335243599999998": 13,
    "0.007330747199999999": 0,
    "0.008326250799999999": 41,
    "0.009321754399999998": 92,
    "0.010317257999999998": 14
  },
  "latencyPercentiles": {
    "p10": 0.001197269,
    "p25": 0.00124342,
    "p50": 0.001383767,
    "p75": 0.001444788,
    "p90": 0.001501673,
    "p95": 0.001569168,
    "p99": 0.001910194
  },
  "rps": {
    "mean": 36439.4586851069,
    "stddev": 2931.223522833994,
    "max": 39186.15259333256,
    "percentiles": {
      "p10": 35466.69893598902,
      "p25": 36550.35908474619,
      "p50": 37047.250062729574,
      "p75": 37584.26814988378,
      "p90": 37903.8548220387,
      "p95": 38114.816706971804,
      "p99": 38487.58234237533
    }
  },
  "details": {
    "DNSDialup": {
      "average": 0.00082978902,
      "fastest": 0.000109032,
      "slowest": 0.001296568
    },
    "DNSLookup": {
      "average": 0.00000652966,
      "fastest": 0.000003226,
      "slowest": 0.000036709
    }
  },
  "statusCodeDistribution": {
    "200": 364529
  },
  "errorDistribution": {}
}