{
  "summary": {
    "successRate": 1,
    "total": 10.000677772,
    "slowest": 0.014846058,
    "fastest": 0.00044932,
    "average": 0.0013729185297853565,
    "requestsPerSec": 36369.43498153137,
    "totalData": 4728347,
    "sizePerRequest": 13,
    "sizePerSec": 472802.6547599078
  },
  "responseTimeHistogram": {
    "0.00044932": 1,
    "0.0018889938": 359434,
    "0.0033286676": 4028,
    "0.004768341400000001": 97,
    "0.0062080152": 12,
    "0.007647689000000001": 0,
    "0.0090873628": 21,
    "0.010527036600000001": 74,
    "0.0119667104": 3,
    "0.0134063842": 32,
    "0.014846058": 17
  },
  "latencyPercentiles": {
    "p10": 0.0011961,
    "p25": 0.00124405,
    "p50": 0.001382279,
    "p75": 0.001443592,
    "p90": 0.001510337,
    "p95": 0.001611677,
    "p99": 0.001956509
  },
  "rps": {
    "mean": 36366.46506955622,
    "stddev": 3099.444262482491,
    "max": 39846.383091215124,
    "percentiles": {
      "p10": 34956.93830565245,
      "p25": 36482.23606559531,
      "p50": 37008.12328306136,
      "p75": 37600.09643318781,
      "p90": 38004.47692738198,
      "p95": 38274.43883512342,
      "p99": 38720.3653432415
    }
  },
  "details": {
    "DNSDialup": {
      "average": 0.0008815214200000001,
      "fastest": 0.00017094,
      "slowest": 0.001598702
    },
    "DNSLookup": {
      "average": 0.00000989618,
      "fastest": 0.000003366,
      "slowest": 0.000170779
    }
  },
  "statusCodeDistribution": {
    "200": 363719
  },
  "errorDistribution": {}
}