{
  "summary": {
    "successRate": 1,
    "total": 10.000411267,
    "slowest": 0.010306278,
    "fastest": 0.000630783,
    "average": 0.0013378757605216993,
    "requestsPerSec": 37321.26509952663,
    "totalData": 4851964,
    "sizePerRequest": 13,
    "sizePerSec": 485176.4462938462
  },
  "responseTimeHistogram": {
    "0.000630783": 1,
    "0.0015983325000000002": 365653,
    "0.0025658820000000002": 6850,
    "0.0035334315000000007": 472,
    "0.004500981": 146,
    "0.005468530500000001": 6,
    "0.006436080000000001": 1,
    "0.007403629500000001": 11,
    "0.008371179000000001": 62,
    "0.0093387285": 21,
    "0.010306278": 5
  },
  "latencyPercentiles": {
    "p10": 0.001176918,
    "p25": 0.001222063,
    "p50": 0.001355946,
    "p75": 0.001415904,
    "p90": 0.001467258,
    "p95": 0.001509519,
    "p99": 0.001748414
  },
  "rps": {
    "mean": 37313.11217452024,
    "stddev": 2423.791505000921,
    "max": 42605.91370082373,
    "percentiles": {
      "p10": 36615.719128222285,
      "p25": 37443.83549822054,
      "p50": 37712.24516600782,
      "p75": 38014.33445336719,
      "p90": 38426.68219374374,
      "p95": 38671.162189272676,
      "p99": 38960.283947419826
    }
  },
  "details": {
    "DNSDialup": {
      "average": 0.0007518901,
      "fastest": 0.000075557,
      "slowest": 0.001051675
    },
    "DNSLookup": {
      "average": 0.000007063159999999998,
      "fastest": 0.000003246,
      "slowest": 0.000034304
    }
  },
  "statusCodeDistribution": {
    "200": 373228
  },
  "errorDistribution": {}
}