{
  "summary": {
    "successRate": 1,
    "total": 10.000832938,
    "slowest": 0.010123087,
    "fastest": 0.000705534,
    "average": 0.0013901952721253733,
    "requestsPerSec": 35915.0085024648,
    "totalData": 4669340,
    "sizePerRequest": 13,
    "sizePerSec": 466895.11053204234
  },
  "responseTimeHistogram": {
    "0.000705534": 1,
    "0.0016472892999999998": 349513,
    "0.0025890445999999998": 8557,
    "0.0035307998999999993": 901,
    "0.0044725552": 93,
    "0.005414310499999999": 15,
    "0.006356065799999999": 0,
    "0.007297821099999999": 7,
    "0.008239576399999999": 11,
    "0.0091813317": 66,
    "0.010123087": 16
  },
  "latencyPercentiles": {
    "p10": 0.001218625,
    "p25": 0.001265715,
    "p50": 0.001405217,
    "p75": 0.001468466,
    "p90": 0.001524019,
    "p95": 0.001574341,
    "p99": 0.001955872
  },
  "rps": {
    "mean": 35912.505925373116,
    "stddev": 2660.07746855751,
    "max": 38142.63714521732,
    "percentiles": {
      "p10": 35367.65833038395,
      "p25": 35915.89996891631,
      "p50": 36441.46942846892,
      "p75": 36787.284368748,
      "p90": 37103.792007542994,
      "p95": 37426.122289501895,
      "p99": 37754.32433387699
    }
  },
  "details": {
    "DNSDialup": {
      "average": 0.00063782302,
      "fastest": 0.000078648,
      "slowest": 0.001423777
    },
    "DNSLookup": {
      "average": 0.00000758784,
      "fastest": 0.000003687,
      "slowest": 0.000037059
    }
  },
  "statusCodeDistribution": {
    "200": 359180
  },
  "errorDistribution": {}
}