{
  "summary": {
    "successRate": 1,
    "total": 10.000642547,
    "slowest": 0.009157725,
    "fastest": 0.00031694,
    "average": 0.0013498435348240723,
    "requestsPerSec": 36995.02289590233,
    "totalData": 4809662,
    "sizePerRequest": 13,
    "sizePerSec": 480935.2976467303
  },
  "responseTimeHistogram": {
    "0.00031694": 1,
    "0.0012010185": 57636,
    "0.002085097": 310293,
    "0.0029691755": 1510,
    "0.003853254": 283,
    "0.0047373325": 122,
    "0.005621411": 41,
    "0.0065054895": 44,
    "0.007389568": 26,
    "0.0082736465": 16,
    "0.009157725": 2
  },
  "latencyPercentiles": {
    "p10": 0.001179508,
    "p25": 0.00123139,
    "p50": 0.001358942,
    "p75": 0.001428301,
    "p90": 0.001489504,
    "p95": 0.001562343,
    "p99": 0.001888535
  },
  "rps": {
    "mean": 36986.381570250014,
    "stddev": 2580.763313723409,
    "max": 45521.282352572896,
    "percentiles": {
      "p10": 36293.58300377621,
      "p25": 36785.25711929341,
      "p50": 37523.46721652756,
      "p75": 37958.922356340685,
      "p90": 38493.26423589705,
      "p95": 38652.334032262246,
      "p99": 38998.06377146009
    }
  },
  "details": {
    "DNSDialup": {
      "average": 0.0007279099199999998,
      "fastest": 0.000068938,
      "slowest": 0.001588955
    },
    "DNSLookup": {
      "average": 0.000006612880000000001,
      "fastest": 0.000003467,
      "slowest": 0.000026659
    }
  },
  "statusCodeDistribution": {
    "200": 369974
  },
  "errorDistribution": {}
}