{
  "summary": {
    "successRate": 1,
    "total": 10.000708162,
    "slowest": 0.010762266,
    "fastest": 0.000464329,
    "average": 0.0013577696419915296,
    "requestsPerSec": 36775.295713303705,
    "totalData": 4781127,
    "sizePerRequest": 13,
    "sizePerSec": 478078.84427294816
  },
  "responseTimeHistogram": {
    "0.000464329": 1,
    "0.0014941226999999999": 329146,
    "0.0025239164": 37894,
    "0.0035537101": 439,
    "0.0045835038": 157,
    "0.0056132975": 42,
    "0.0066430912": 3,
    "0.0076728849": 4,
    "0.0087026786": 24,
    "0.0097324723": 55,
    "0.010762266": 14
  },
  "latencyPercentiles": {
    "p10": 0.001184797,
    "p25": 0.001233151,
    "p50": 0.001369061,
    "p75": 0.001431994,
    "p90": 0.001499059,
    "p95": 0.001591563,
    "p99": 0.00186004
  },
  "rps": {
    "mean": 36773.124102493144,
    "stddev": 2833.375740872317,
    "max": 42331.87590255449,
    "percentiles": {
      "p10": 34399.16246563951,
      "p25": 36654.57866763563,
      "p50": 37533.16767892303,
      "p75": 37902.57899105942,
      "p90": 38446.311282217095,
      "p95": 38703.5979205532,
      "p99": 39418.9999579789
    }
  },
  "details": {
    "DNSDialup": {
      "average": 0.00076522144,
      "fastest": 0.000097281,
      "slowest": 0.001059857
    },
    "DNSLookup": {
      "average": 0.000006564179999999998,
      "fastest": 0.000003367,
      "slowest": 0.000035195
    }
  },
  "statusCodeDistribution": {
    "200": 367779
  },
  "errorDistribution": {}
}