{
  "summary": {
    "successRate": 1,
    "total": 10.000634163,
    "slowest": 0.009492252,
    "fastest": 0.00055356,
    "average": 0.0013372021978195865,
    "requestsPerSec": 37339.232084056384,
    "totalData": 4854408,
    "sizePerRequest": 13,
    "sizePerSec": 485410.017092733
  },
  "responseTimeHistogram": {
    "0.00055356": 1,
    "0.0014474292000000001": 323283,
    "0.0023412984": 49183,
    "0.0032351676": 591,
    "0.0041290368": 135,
    "0.005022906": 46,
    "0.0059167752": 23,
    "0.0068106443999999995": 6,
    "0.0077045136": 11,
    "0.0085983828": 119,
    "0.009492252": 18
  },
  "latencyPercentiles": {
    "p10": 0.001169743,
    "p25": 0.001215738,
    "p50": 0.001349616,
    "p75": 0.001411127,
    "p90": 0.001466389,
    "p95": 0.001541465,
    "p99": 0.001857755
  },
  "rps": {
    "mean": 37335.241438991325,
    "stddev": 2925.660048909625,
    "max": 44006.198267943924,
    "percentiles": {
      "p10": 36229.436417089346,
      "p25": 37519.52971777505,
      "p50": 37916.27174774665,
      "p75": 38503.7117578136,
      "p90": 38868.45033715258,
      "p95": 39132.297142296964,
      "p99": 39866.484619813054
    }
  },
  "details": {
    "DNSDialup": {
      "average": 0.0006964619799999998,
      "fastest": 0.000071383,
      "slowest": 0.001538473
    },
    "DNSLookup": {
      "average": 0.000007004660000000002,
      "fastest": 0.000003306,
      "slowest": 0.000042479
    }
  },
  "statusCodeDistribution": {
    "200": 373416
  },
  "errorDistribution": {}
}