{
  "summary": {
    "successRate": 1,
    "total": 10.000672396,
    "slowest": 0.010453977,
    "fastest": 0.000116214,
    "average": 0.0014142969096949862,
    "requestsPerSec": 35305.726057102205,
    "totalData": 4590053,
    "sizePerRequest": 13,
    "sizePerSec": 458974.4387423287
  },
  "responseTimeHistogram": {
    "0.000116214": 1,
    "0.0011499903": 15784,
    "0.0021837666": 332847,
    "0.0032175429": 2710,
    "0.0042513192": 725,
    "0.0052850955": 356,
    "0.0063188718000000005": 144,
    "0.0073526481": 148,
    "0.0083864244": 145,
    "0.0094202007": 200,
    "0.010453977": 21
  },
  "latencyPercentiles": {
    "p10": 0.001199006,
    "p25": 0.001261224,
    "p50": 0.00140098,
    "p75": 0.001478725,
    "p90": 0.001601142,
    "p95": 0.00171795,
    "p99": 0.002292466
  },
  "rps": {
    "mean": 35299.83434384144,
    "stddev": 3968.1158834822054,
    "max": 44061.32013923763,
    "percentiles": {
      "p10": 31922.85357087147,
      "p25": 35124.05998108507,
      "p50": 36484.878421158835,
      "p75": 37160.984892306915,
      "p90": 37716.04817849869,
      "p95": 38049.12956511695,
      "p99": 39230.701947345
    }
  },
  "details": {
    "DNSDialup": {
      "average": 0.0007222055399999999,
      "fastest": 0.000101569,
      "slowest": 0.001301898
    },
    "DNSLookup": {
      "average": 0.00000680818,
      "fastest": 0.000003136,
      "slowest": 0.00003233
    }
  },
  "statusCodeDistribution": {
    "200": 353081
  },
  "errorDistribution": {}
}