{
  "summary": {
    "successRate": 1,
    "total": 10.000607789,
    "slowest": 0.010901416,
    "fastest": 0.000881365,
    "average": 0.0015523681152121457,
    "requestsPerSec": 32160.445323509728,
    "totalData": 4181112,
    "sizePerRequest": 13,
    "sizePerSec": 418085.78920562647
  },
  "responseTimeHistogram": {
    "0.000881365": 1,
    "0.0018833701000000001": 315117,
    "0.0028853752": 5842,
    "0.0038873803000000003": 534,
    "0.004889385400000001": 30,
    "0.0058913905": 0,
    "0.006893395600000001": 1,
    "0.007895400700000001": 12,
    "0.0088974058": 63,
    "0.0098994109": 20,
    "0.010901416": 4
  },
  "latencyPercentiles": {
    "p10": 0.001360388,
    "p25": 0.001417036,
    "p50": 0.001570421,
    "p75": 0.001646794,
    "p90": 0.001709079,
    "p95": 0.001760285,
    "p99": 0.002032854
  },
  "rps": {
    "mean": 32158.51944974459,
    "stddev": 2050.0832811807268,
    "max": 34409.71301186215,
    "percentiles": {
      "p10": 31405.461409739826,
      "p25": 32099.39577902936,
      "p50": 32456.063240285195,
      "p75": 32941.278716359746,
      "p90": 33258.38774019152,
      "p95": 33429.09566879008,
      "p99": 33824.53512277804
    }
  },
  "details": {
    "DNSDialup": {
      "average": 0.0007317486800000002,
      "fastest": 0.000072377,
      "slowest": 0.001690234
    },
    "DNSLookup": {
      "average": 0.00000649288,
      "fastest": 0.000003467,
      "slowest": 0.000030467
    }
  },
  "statusCodeDistribution": {
    "200": 321624
  },
  "errorDistribution": {}
}