{
  "summary": {
    "successRate": 1,
    "total": 10.000633381,
    "slowest": 0.010477877,
    "fastest": 0.000475246,
    "average": 0.0013755751937530633,
    "requestsPerSec": 36297.00101691989,
    "totalData": 4718909,
    "sizePerRequest": 13,
    "sizePerSec": 471861.0132199586
  },
  "responseTimeHistogram": {
    "0.000475246": 1,
    "0.0014755090999999999": 298520,
    "0.0024757722": 63701,
    "0.0034760353": 533,
    "0.0044762984": 119,
    "0.0054765615": 20,
    "0.0064768246": 2,
    "0.0074770877": 0,
    "0.0084773508": 51,
    "0.0094776139": 25,
    "0.010477877": 21
  },
  "latencyPercentiles": {
    "p10": 0.001209795,
    "p25": 0.001255819,
    "p50": 0.001394118,
    "p75": 0.001456737,
    "p90": 0.001507858,
    "p95": 0.001553054,
    "p99": 0.001815801
  },
  "rps": {
    "mean": 36293.15232697578,
    "stddev": 2395.8859891228485,
    "max": 38701.056538842386,
    "percentiles": {
      "p10": 35632.671596586595,
      "p25": 36415.15199363447,
      "p50": 36678.166568592525,
      "p75": 37018.4425880969,
      "p90": 37463.06907679259,
      "p95": 37660.455754113835,
      "p99": 38048.04707384699
    }
  },
  "details": {
    "DNSDialup": {
      "average": 0.000841144,
      "fastest": 0.00010754,
      "slowest": 0.001219832
    },
    "DNSLookup": {
      "average": 0.0000064826599999999995,
      "fastest": 0.000003367,
      "slowest": 0.000035447
    }
  },
  "statusCodeDistribution": {
    "200": 362993
  },
  "errorDistribution": {}
}