{
  "summary": {
    "successRate": 1,
    "total": 10.00069953,
    "slowest": 0.009877979,
    "fastest": 0.000481961,
    "average": 0.0013299575763070896,
    "requestsPerSec": 37543.67370739314,
    "totalData": 4881019,
    "sizePerRequest": 13,
    "sizePerSec": 488067.7581961109
  },
  "responseTimeHistogram": {
    "0.000481961": 1,
    "0.0014215628": 309160,
    "0.0023611646": 65204,
    "0.0033007664": 752,
    "0.0042403682000000005": 143,
    "0.005179970000000001": 44,
    "0.0061195718": 12,
    "0.0070591736": 4,
    "0.0079987754": 17,
    "0.0089383772": 121,
    "0.009877979": 5
  },
  "latencyPercentiles": {
    "p10": 0.00116564,
    "p25": 0.001210244,
    "p50": 0.001343725,
    "p75": 0.001402544,
    "p90": 0.001453532,
    "p95": 0.001518542,
    "p99": 0.001853637
  },
  "rps": {
    "mean": 37537.528357001,
    "stddev": 2960.678601475456,
    "max": 43559.750910324,
    "percentiles": {
      "p10": 36551.59927847348,
      "p25": 37629.441274853794,
      "p50": 38129.92054865536,
      "p75": 38689.09233268048,
      "p90": 39020.12658129322,
      "p95": 39338.58722020437,
      "p99": 40090.700388588884
    }
  },
  "details": {
    "DNSDialup": {
      "average": 0.00076498752,
      "fastest": 0.000092798,
      "slowest": 0.001344053
    },
    "DNSLookup": {
      "average": 0.000006302039999999999,
      "fastest": 0.000003266,
      "slowest": 0.000028192
    }
  },
  "statusCodeDistribution": {
    "200": 375463
  },
  "errorDistribution": {}
}