{
  "summary": {
    "successRate": 1,
    "total": 10.000685972,
    "slowest": 0.010284864,
    "fastest": 0.000444653,
    "average": 0.00137287395281957,
    "requestsPerSec": 36368.50522237356,
    "totalData": 4728230,
    "sizePerRequest": 13,
    "sizePerSec": 472790.5678908563
  },
  "responseTimeHistogram": {
    "0.000444653": 1,
    "0.0014286740999999998": 241379,
    "0.0024126952": 121472,
    "0.0033967163": 609,
    "0.004380737399999999": 90,
    "0.005364758499999999": 29,
    "0.006348779599999999": 15,
    "0.007332800699999999": 16,
    "0.008316821799999999": 43,
    "0.009300842899999998": 35,
    "0.010284863999999998": 21
  },
  "latencyPercentiles": {
    "p10": 0.001200656,
    "p25": 0.001248736,
    "p50": 0.001386216,
    "p75": 0.001449434,
    "p90": 0.001517429,
    "p95": 0.001582111,
    "p99": 0.001840046
  },
  "rps": {
    "mean": 36367.48359411967,
    "stddev": 2510.9969763607305,
    "max": 38881.0105750293,
    "percentiles": {
      "p10": 35625.44980925709,
      "p25": 36422.444975518716,
      "p50": 36744.50935299606,
      "p75": 37287.461469624766,
      "p90": 37633.066760759175,
      "p95": 37835.15345037391,
      "p99": 38399.50848629252
    }
  },
  "details": {
    "DNSDialup": {
      "average": 0.00075538778,
      "fastest": 0.000103002,
      "slowest": 0.000999548
    },
    "DNSLookup": {
      "average": 0.00000645,
      "fastest": 0.000003086,
      "slowest": 0.000034685
    }
  },
  "statusCodeDistribution": {
    "200": 363710
  },
  "errorDistribution": {}
}