{
  "summary": {
    "successRate": 1,
    "total": 10.00074233,
    "slowest": 0.010329616,
    "fastest": 0.0005589,
    "average": 0.0013419602997774627,
    "requestsPerSec": 37206.83802479291,
    "totalData": 4837248,
    "sizePerRequest": 13,
    "sizePerSec": 483688.8943223078
  },
  "responseTimeHistogram": {
    "0.0005589": 1,
    "0.0015359716000000001": 357257,
    "0.0025130432000000005": 14121,
    "0.0034901148": 510,
    "0.004467186400000001": 60,
    "0.005444258000000001": 48,
    "0.006421329600000001": 0,
    "0.007398401200000001": 10,
    "0.0083754728": 26,
    "0.009352544400000001": 54,
    "0.010329616000000002": 9
  },
  "latencyPercentiles": {
    "p10": 0.001179615,
    "p25": 0.001224306,
    "p50": 0.001359237,
    "p75": 0.001421035,
    "p90": 0.001472921,
    "p95": 0.001518064,
    "p99": 0.001771385
  },
  "rps": {
    "mean": 37199.57117805183,
    "stddev": 2530.405459686613,
    "max": 42217.17394636027,
    "percentiles": {
      "p10": 36488.2941933555,
      "p25": 37303.025275355765,
      "p50": 37687.36236933124,
      "p75": 38001.4288537258,
      "p90": 38440.13149728249,
      "p95": 38672.72384514941,
      "p99": 39113.29348802716
    }
  },
  "details": {
    "DNSDialup": {
      "average": 0.00073209962,
      "fastest": 0.000080302,
      "slowest": 0.001378206
    },
    "DNSLookup": {
      "average": 0.0000066180399999999986,
      "fastest": 0.000003417,
      "slowest": 0.000034294
    }
  },
  "statusCodeDistribution": {
    "200": 372096
  },
  "errorDistribution": {}
}