{
  "summary": {
    "successRate": 1,
    "total": 10.000654284,
    "slowest": 0.009571291,
    "fastest": 0.000162533,
    "average": 0.0013767268110429466,
    "requestsPerSec": 36270.42688400167,
    "totalData": 4715464,
    "sizePerRequest": 13,
    "sizePerSec": 471515.5494920216
  },
  "responseTimeHistogram": {
    "0.000162533": 1,
    "0.0011034088": 2466,
    "0.0020442845999999997": 357561,
    "0.0029851603999999994": 2299,
    "0.0039260362": 222,
    "0.004866912": 68,
    "0.005807787799999999": 11,
    "0.0067486636": 0,
    "0.0076895394": 11,
    "0.008630415199999998": 39,
    "0.009571291": 50
  },
  "latencyPercentiles": {
    "p10": 0.001202293,
    "p25": 0.001251005,
    "p50": 0.001388514,
    "p75": 0.00145155,
    "p90": 0.001514152,
    "p95": 0.001606406,
    "p99": 0.001923451
  },
  "rps": {
    "mean": 36268.254493284454,
    "stddev": 2782.9340426140616,
    "max": 40408.20286517929,
    "percentiles": {
      "p10": 34346.9580631703,
      "p25": 36407.09938438124,
      "p50": 36901.27306367338,
      "p75": 37508.28933194275,
      "p90": 37865.55702360502,
      "p95": 38106.75251654361,
      "p99": 38537.894647361056
    }
  },
  "details": {
    "DNSDialup": {
      "average": 0.00060190808,
      "fastest": 0.000072463,
      "slowest": 0.000859089
    },
    "DNSLookup": {
      "average": 0.000006091739999999999,
      "fastest": 0.000003326,
      "slowest": 0.000028574
    }
  },
  "statusCodeDistribution": {
    "200": 362728
  },
  "errorDistribution": {}
}