{
  "summary": {
    "successRate": 1,
    "total": 10.000636001,
    "slowest": 0.010586994,
    "fastest": 0.000149489,
    "average": 0.0013617631089374094,
    "requestsPerSec": 36668.26789449508,
    "totalData": 4767178,
    "sizePerRequest": 13,
    "sizePerSec": 476687.48262843606
  },
  "responseTimeHistogram": {
    "0.000149489": 1,
    "0.0011932395000000002": 36799,
    "0.0022369900000000003": 328802,
    "0.0032807405000000005": 799,
    "0.004324491000000001": 126,
    "0.005368241500000001": 57,
    "0.006411992000000001": 11,
    "0.007455742500000001": 19,
    "0.008499493": 36,
    "0.0095432435": 50,
    "0.010586994": 6
  },
  "latencyPercentiles": {
    "p10": 0.001193104,
    "p25": 0.00124085,
    "p50": 0.001375073,
    "p75": 0.001438454,
    "p90": 0.001498701,
    "p95": 0.001556592,
    "p99": 0.001825753
  },
  "rps": {
    "mean": 36667.07942292067,
    "stddev": 2610.793755144047,
    "max": 40015.60101913355,
    "percentiles": {
      "p10": 35608.95565234666,
      "p25": 36617.71565083166,
      "p50": 37209.70429087805,
      "p75": 37650.271773389206,
      "p90": 38001.84113405097,
      "p95": 38308.51708936877,
      "p99": 38803.01980459594
    }
  },
  "details": {
    "DNSDialup": {
      "average": 0.0007229348,
      "fastest": 0.000078777,
      "slowest": 0.001555407
    },
    "DNSLookup": {
      "average": 0.00000636186,
      "fastest": 0.000003276,
      "slowest": 0.000031639
    }
  },
  "statusCodeDistribution": {
    "200": 366706
  },
  "errorDistribution": {}
}