{
  "summary": {
    "successRate": 1,
    "total": 10.000691566,
    "slowest": 0.009919072,
    "fastest": 0.000378477,
    "average": 0.0013523512964043363,
    "requestsPerSec": 36922.34657604678,
    "totalData": 4800237,
    "sizePerRequest": 13,
    "sizePerSec": 479990.5054886081
  },
  "responseTimeHistogram": {
    "0.000378477": 1,
    "0.0013325364999999998": 159844,
    "0.0022865959999999997": 208462,
    "0.0032406554999999996": 615,
    "0.004194715": 183,
    "0.0051487745": 39,
    "0.006102834": 5,
    "0.0070568935": 14,
    "0.008010953": 2,
    "0.0089650125": 66,
    "0.009919072": 18
  },
  "latencyPercentiles": {
    "p10": 0.001183933,
    "p25": 0.001230222,
    "p50": 0.001365235,
    "p75": 0.001426805,
    "p90": 0.001489376,
    "p95": 0.00156229,
    "p99": 0.001795507
  },
  "rps": {
    "mean": 36919.18059449565,
    "stddev": 2635.560496654291,
    "max": 39735.95558367343,
    "percentiles": {
      "p10": 35433.88897141288,
      "p25": 36900.726944321104,
      "p50": 37573.91917118188,
      "p75": 37918.74357966913,
      "p90": 38342.11512014021,
      "p95": 38600.03585291816,
      "p99": 38958.40642261746
    }
  },
  "details": {
    "DNSDialup": {
      "average": 0.0007731457999999999,
      "fastest": 0.000115365,
      "slowest": 0.001206507
    },
    "DNSLookup": {
      "average": 0.000006360079999999999,
      "fastest": 0.000003246,
      "slowest": 0.000033582
    }
  },
  "statusCodeDistribution": {
    "200": 369249
  },
  "errorDistribution": {}
}