{
  "summary": {
    "successRate": 1,
    "total": 10.000690622,
    "slowest": 0.0106114,
    "fastest": 0.000628307,
    "average": 0.0014164257189640524,
    "requestsPerSec": 35251.065483865335,
    "totalData": 4582955,
    "sizePerRequest": 13,
    "sizePerSec": 458263.8512902494
  },
  "responseTimeHistogram": {
    "0.000628307": 1,
    "0.0016266163": 329626,
    "0.0026249256000000004": 22068,
    "0.0036232349000000002": 620,
    "0.0046215442": 93,
    "0.0056198535": 27,
    "0.006618162800000001": 0,
    "0.0076164721000000005": 0,
    "0.0086147814": 29,
    "0.0096130907": 52,
    "0.0106114": 19
  },
  "latencyPercentiles": {
    "p10": 0.001231848,
    "p25": 0.001283858,
    "p50": 0.001426951,
    "p75": 0.00149088,
    "p90": 0.001584373,
    "p95": 0.001650447,
    "p99": 0.001895552
  },
  "rps": {
    "mean": 35245.33884760014,
    "stddev": 2491.142206124293,
    "max": 38651.003864698294,
    "percentiles": {
      "p10": 34405.15653589461,
      "p25": 35315.60596627619,
      "p50": 35641.32514446882,
      "p75": 36147.696004225436,
      "p90": 36521.075031136796,
      "p95": 36732.056491873154,
      "p99": 37177.53374662872
    }
  },
  "details": {
    "DNSDialup": {
      "average": 0.0006451153800000002,
      "fastest": 0.000067565,
      "slowest": 0.001030086
    },
    "DNSLookup": {
      "average": 0.00000546836,
      "fastest": 0.000002495,
      "slowest": 0.000031178
    }
  },
  "statusCodeDistribution": {
    "200": 352535
  },
  "errorDistribution": {}
}