{
  "summary": {
    "successRate": 1,
    "total": 10.00063512,
    "slowest": 0.010528514,
    "fastest": 0.000521588,
    "average": 0.001378892886758379,
    "requestsPerSec": 36212.30008439704,
    "totalData": 4707898,
    "sizePerRequest": 13,
    "sizePerSec": 470759.9010971615
  },
  "responseTimeHistogram": {
    "0.000521588": 1,
    "0.0015222805999999998": 328349,
    "0.0025229731999999996": 33083,
    "0.0035236657999999994": 476,
    "0.004524358399999999": 111,
    "0.005525051": 26,
    "0.006525743599999999": 0,
    "0.007526436199999998": 0,
    "0.008527128799999999": 14,
    "0.009527821399999999": 69,
    "0.010528514": 17
  },
  "latencyPercentiles": {
    "p10": 0.001207906,
    "p25": 0.001255452,
    "p50": 0.001394508,
    "p75": 0.001457813,
    "p90": 0.00151696,
    "p95": 0.001575518,
    "p99": 0.001834578
  },
  "rps": {
    "mean": 36208.12264744792,
    "stddev": 2536.4854788485973,
    "max": 39070.12305686325,
    "percentiles": {
      "p10": 35427.99165620844,
      "p25": 36241.841205672725,
      "p50": 36649.22681742089,
      "p75": 37105.53614599374,
      "p90": 37521.63122039953,
      "p95": 37730.199614953584,
      "p99": 38203.747787656706
    }
  },
  "details": {
    "DNSDialup": {
      "average": 0.0004883397,
      "fastest": 0.000069039,
      "slowest": 0.00067946
    },
    "DNSLookup": {
      "average": 0.000006500219999999997,
      "fastest": 0.000003677,
      "slowest": 0.000030947
    }
  },
  "statusCodeDistribution": {
    "200": 362146
  },
  "errorDistribution": {}
}