{
  "summary": {
    "successRate": 1,
    "total": 10.000494617,
    "slowest": 0.01038143,
    "fastest": 0.000374454,
    "average": 0.0013233974128163675,
    "requestsPerSec": 37731.1337539816,
    "totalData": 4905290,
    "sizePerRequest": 13,
    "sizePerSec": 490504.73880176083
  },
  "responseTimeHistogram": {
    "0.000374454": 1,
    "0.0013751516": 234572,
    "0.0023758492000000003": 141899,
    "0.0033765467999999996": 664,
    "0.0043772444": 68,
    "0.005377942": 29,
    "0.0063786395999999995": 0,
    "0.0073793372": 4,
    "0.0083800348": 68,
    "0.0093807324": 21,
    "0.01038143": 4
  },
  "latencyPercentiles": {
    "p10": 0.001165309,
    "p25": 0.001210318,
    "p50": 0.00134227,
    "p75": 0.001403156,
    "p90": 0.001452864,
    "p95": 0.001493907,
    "p99": 0.001705829
  },
  "rps": {
    "mean": 37728.49505944613,
    "stddev": 2385.2575526242076,
    "max": 49695.83316127232,
    "percentiles": {
      "p10": 37360.59011605941,
      "p25": 37655.666371598425,
      "p50": 37998.492091504144,
      "p75": 38480.505064649806,
      "p90": 38772.28913113469,
      "p95": 38951.88194901496,
      "p99": 39437.3828666889
    }
  },
  "details": {
    "DNSDialup": {
      "average": 0.0007955157599999999,
      "fastest": 0.000079036,
      "slowest": 0.00167598
    },
    "DNSLookup": {
      "average": 0.00002139708,
      "fastest": 0.000003086,
      "slowest": 0.000794045
    }
  },
  "statusCodeDistribution": {
    "200": 377330
  },
  "errorDistribution": {}
}