{
  "summary": {
    "successRate": 1,
    "total": 10.000748588,
    "slowest": 0.010161308,
    "fastest": 0.000573012,
    "average": 0.0013529085016662154,
    "requestsPerSec": 36907.037183484885,
    "totalData": 4798274,
    "sizePerRequest": 13,
    "sizePerSec": 479791.4833853035
  },
  "responseTimeHistogram": {
    "0.000573012": 1,
    "0.0015318416000000001": 352323,
    "0.0024906712000000004": 15994,
    "0.0034495008": 566,
    "0.0044083304": 91,
    "0.005367160000000001": 23,
    "0.006325989600000001": 1,
    "0.0072848192000000015": 0,
    "0.008243648800000001": 42,
    "0.0092024784": 50,
    "0.010161308": 7
  },
  "latencyPercentiles": {
    "p10": 0.001192119,
    "p25": 0.001236878,
    "p50": 0.001370808,
    "p75": 0.00143222,
    "p90": 0.001483054,
    "p95": 0.001525939,
    "p99": 0.001766991
  },
  "rps": {
    "mean": 36899.81824785532,
    "stddev": 2385.9587310276856,
    "max": 39196.620353067075,
    "percentiles": {
      "p10": 36450.58099514919,
      "p25": 36807.8916119615,
      "p50": 37307.52775649886,
      "p75": 37675.24262353867,
      "p90": 37951.6538549369,
      "p95": 38206.842976628934,
      "p99": 38589.38459152951
    }
  },
  "details": {
    "DNSDialup": {
      "average": 0.0006980452599999997,
      "fastest": 0.000079979,
      "slowest": 0.001443027
    },
    "DNSLookup": {
      "average": 0.000006842340000000002,
      "fastest": 0.000003387,
      "slowest": 0.000038662
    }
  },
  "statusCodeDistribution": {
    "200": 369098
  },
  "errorDistribution": {}
}