{
  "summary": {
    "successRate": 1,
    "total": 10.000621842,
    "slowest": 0.010150844,
    "fastest": 0.000239921,
    "average": 0.0013742199904675627,
    "requestsPerSec": 36336.840422647794,
    "totalData": 4724083,
    "sizePerRequest": 13,
    "sizePerSec": 472378.92549442133
  },
  "responseTimeHistogram": {
    "0.000239921": 1,
    "0.0012310132999999999": 63344,
    "0.0022221056": 298514,
    "0.0032131979": 1252,
    "0.0042042901999999995": 176,
    "0.005195382499999999": 6,
    "0.006186474799999999": 1,
    "0.0071775671": 3,
    "0.0081686594": 19,
    "0.0091597517": 67,
    "0.010150844": 8
  },
  "latencyPercentiles": {
    "p10": 0.001207098,
    "p25": 0.001252887,
    "p50": 0.001390811,
    "p75": 0.00145037,
    "p90": 0.001500837,
    "p95": 0.001556267,
    "p99": 0.001918354
  },
  "rps": {
    "mean": 36330.811506702084,
    "stddev": 2653.927499919722,
    "max": 44843.10319078666,
    "percentiles": {
      "p10": 35619.2343865665,
      "p25": 36493.74513249722,
      "p50": 36825.068078318945,
      "p75": 37330.77922747412,
      "p90": 37665.064122254276,
      "p95": 37830.92140870308,
      "p99": 38089.51178232062
    }
  },
  "details": {
    "DNSDialup": {
      "average": 0.0007691031799999998,
      "fastest": 0.00008623,
      "slowest": 0.001269986
    },
    "DNSLookup": {
      "average": 0.000006751299999999999,
      "fastest": 0.000003466,
      "slowest": 0.000024596
    }
  },
  "statusCodeDistribution": {
    "200": 363391
  },
  "errorDistribution": {}
}