{
  "summary": {
    "successRate": 1,
    "total": 10.000635575,
    "slowest": 0.011795223,
    "fastest": 0.000160559,
    "average": 0.0012124672961253235,
    "requestsPerSec": 41174.88302737199,
    "totalData": 5353075,
    "sizePerRequest": 13,
    "sizePerSec": 535273.4793558358
  },
  "responseTimeHistogram": {
    "0.000160559": 1,
    "0.0013240254": 357889,
    "0.0024874918": 53129,
    "0.0036509582000000002": 489,
    "0.0048144246000000005": 37,
    "0.005977891000000001": 35,
    "0.0071413574": 94,
    "0.0083048238": 1,
    "0.0094682902": 29,
    "0.0106317566": 32,
    "0.011795223": 39
  },
  "latencyPercentiles": {
    "p10": 0.001061912,
    "p25": 0.001112801,
    "p50": 0.001217472,
    "p75": 0.001285298,
    "p90": 0.001340722,
    "p95": 0.001393515,
    "p99": 0.001598713
  },
  "rps": {
    "mean": 41166.47691478127,
    "stddev": 3035.4491558405407,
    "max": 49706.13253418848,
    "percentiles": {
      "p10": 39727.47155663987,
      "p25": 40899.857000867356,
      "p50": 41704.91700971571,
      "p75": 42307.83361928309,
      "p90": 42971.276456259686,
      "p95": 43322.52020732924,
      "p99": 44710.717158901156
    }
  },
  "details": {
    "DNSDialup": {
      "average": 0.0007450763200000001,
      "fastest": 0.000077104,
      "slowest": 0.001223591
    },
    "DNSLookup": {
      "average": 0.000007091800000000001,
      "fastest": 0.000003377,
      "slowest": 0.000043341
    }
  },
  "statusCodeDistribution": {
    "200": 411775
  },
  "errorDistribution": {}
}