{
  "summary": {
    "successRate": 1,
    "total": 10.000632753,
    "slowest": 0.006511581,
    "fastest": 0.000181018,
    "average": 0.0012033331942576373,
    "requestsPerSec": 41489.17476002031,
    "totalData": 5393934,
    "sizePerRequest": 13,
    "sizePerSec": 539359.271880264
  },
  "responseTimeHistogram": {
    "0.000181018": 1,
    "0.0008140743": 880,
    "0.0014471306": 401444,
    "0.0020801869": 11916,
    "0.0027132432": 418,
    "0.0033462995": 136,
    "0.0039793558": 19,
    "0.004612412099999999": 16,
    "0.0052454684": 21,
    "0.0058785247": 11,
    "0.006511581": 56
  },
  "latencyPercentiles": {
    "p10": 0.001058205,
    "p25": 0.001107861,
    "p50": 0.0012111,
    "p75": 0.001278179,
    "p90": 0.001329761,
    "p95": 0.001393104,
    "p99": 0.001565281
  },
  "rps": {
    "mean": 41482.23380280114,
    "stddev": 2470.0782996648086,
    "max": 49211.57399632278,
    "percentiles": {
      "p10": 40122.026992818784,
      "p25": 41102.89364371255,
      "p50": 41911.99940542959,
      "p75": 42441.39903827806,
      "p90": 43216.08040201047,
      "p95": 43715.58897903163,
      "p99": 44715.54338591245
    }
  },
  "details": {
    "DNSDialup": {
      "average": 0.0007986779000000002,
      "fastest": 0.0000989,
      "slowest": 0.001399962
    },
    "DNSLookup": {
      "average": 0.000006314439999999999,
      "fastest": 0.000003276,
      "slowest": 0.000029075
    }
  },
  "statusCodeDistribution": {
    "200": 414918
  },
  "errorDistribution": {}
}