{
  "summary": {
    "successRate": 1,
    "total": 10.000563239,
    "slowest": 0.006305667,
    "fastest": 0.000371492,
    "average": 0.0011777120154947518,
    "requestsPerSec": 42392.51228837712,
    "totalData": 5511337,
    "sizePerRequest": 13,
    "sizePerSec": 551102.6597489025
  },
  "responseTimeHistogram": {
    "0.000371492": 1,
    "0.0009649095000000001": 8481,
    "0.001558327": 411799,
    "0.0021517445000000003": 3193,
    "0.002745162": 274,
    "0.0033385795": 75,
    "0.0039319970000000004": 29,
    "0.0045254145": 14,
    "0.005118832": 22,
    "0.005712249500000001": 0,
    "0.006305667": 61
  },
  "latencyPercentiles": {
    "p10": 0.001037003,
    "p25": 0.001084659,
    "p50": 0.001187213,
    "p75": 0.001248635,
    "p90": 0.001299108,
    "p95": 0.001352218,
    "p99": 0.001540037
  },
  "rps": {
    "mean": 42386.98317131021,
    "stddev": 2465.21654689543,
    "max": 53431.54598475054,
    "percentiles": {
      "p10": 40934.92553765896,
      "p25": 42016.62933753754,
      "p50": 42720.881967103975,
      "p75": 43336.003551751535,
      "p90": 44115.37420791496,
      "p95": 44736.71542234626,
      "p99": 46343.46553632637
    }
  },
  "details": {
    "DNSDialup": {
      "average": 0.00073491714,
      "fastest": 0.000066814,
      "slowest": 0.001718371
    },
    "DNSLookup": {
      "average": 0.0000065356000000000014,
      "fastest": 0.000003356,
      "slowest": 0.000030497
    }
  },
  "statusCodeDistribution": {
    "200": 423949
  },
  "errorDistribution": {}
}