{
  "summary": {
    "successRate": 1,
    "total": 10.000234996,
    "slowest": 0.007201433,
    "fastest": 0.000211345,
    "average": 0.0011754234992772457,
    "requestsPerSec": 42474.40186854585,
    "totalData": 5521802,
    "sizePerRequest": 13,
    "sizePerSec": 552167.2242910961
  },
  "responseTimeHistogram": {
    "0.000211345": 1,
    "0.0009103538000000001": 6687,
    "0.0016093626": 415447,
    "0.0023083714": 2160,
    "0.0030073802": 290,
    "0.003706389": 76,
    "0.0044053978": 10,
    "0.0051044066": 21,
    "0.0058034154": 11,
    "0.006502424200000001": 1,
    "0.007201433": 50
  },
  "latencyPercentiles": {
    "p10": 0.001027945,
    "p25": 0.001082323,
    "p50": 0.001179914,
    "p75": 0.001251761,
    "p90": 0.00130847,
    "p95": 0.001363802,
    "p99": 0.001528513
  },
  "rps": {
    "mean": 42472.95113961924,
    "stddev": 2419.5629876666762,
    "max": 47138.11588050102,
    "percentiles": {
      "p10": 40914.027394346354,
      "p25": 41988.24168512291,
      "p50": 42824.51275109672,
      "p75": 43492.33761098918,
      "p90": 44307.54754904935,
      "p95": 44831.064130936604,
      "p99": 45683.06228387824
    }
  },
  "details": {
    "DNSDialup": {
      "average": 0.0007018702,
      "fastest": 0.000064991,
      "slowest": 0.001620256
    },
    "DNSLookup": {
      "average": 0.00000664014,
      "fastest": 0.000003416,
      "slowest": 0.000036197
    }
  },
  "statusCodeDistribution": {
    "200": 424754
  },
  "errorDistribution": {}
}