{
  "summary": {
    "successRate": 1,
    "total": 10.000490231,
    "slowest": 0.006281636,
    "fastest": 0.000391448,
    "average": 0.0011700820612931266,
    "requestsPerSec": 42668.30826725698,
    "totalData": 5547152,
    "sizePerRequest": 13,
    "sizePerSec": 554688.0074743407
  },
  "responseTimeHistogram": {
    "0.000391448": 1,
    "0.0009804668": 8408,
    "0.0015694856": 416112,
    "0.0021585044": 1720,
    "0.0027475232": 239,
    "0.003336542": 83,
    "0.0039255608": 47,
    "0.0045145796": 10,
    "0.0051035984": 22,
    "0.005692617200000001": 1,
    "0.006281636": 61
  },
  "latencyPercentiles": {
    "p10": 0.001035413,
    "p25": 0.001078469,
    "p50": 0.001183532,
    "p75": 0.001238106,
    "p90": 0.001281631,
    "p95": 0.001323348,
    "p99": 0.001487195
  },
  "rps": {
    "mean": 42668.87914103245,
    "stddev": 2169.1781979301036,
    "max": 50906.905511633835,
    "percentiles": {
      "p10": 41576.83398921128,
      "p25": 42409.45353390193,
      "p50": 43103.07150076601,
      "p75": 43477.47028980319,
      "p90": 43827.927135065474,
      "p95": 44084.89428091743,
      "p99": 44631.05428757301
    }
  },
  "details": {
    "DNSDialup": {
      "average": 0.00073572548,
      "fastest": 0.000075871,
      "slowest": 0.001761167
    },
    "DNSLookup": {
      "average": 0.00000769748,
      "fastest": 0.000003016,
      "slowest": 0.00004298
    }
  },
  "statusCodeDistribution": {
    "200": 426704
  },
  "errorDistribution": {}
}