{
  "summary": {
    "successRate": 1,
    "total": 10.000579875,
    "slowest": 0.007545153,
    "fastest": 0.000213489,
    "average": 0.0011844483935955653,
    "requestsPerSec": 42152.75566708075,
    "totalData": 5480176,
    "sizePerRequest": 13,
    "sizePerSec": 547985.8236720498
  },
  "responseTimeHistogram": {
    "0.000213489": 1,
    "0.0009466553999999999": 6502,
    "0.0016798218": 412121,
    "0.0024129881999999997": 2327,
    "0.0031461545999999997": 315,
    "0.003879321": 141,
    "0.0046124873999999995": 46,
    "0.0053456538": 16,
    "0.0060788202": 23,
    "0.006811986599999999": 54,
    "0.007545153": 6
  },
  "latencyPercentiles": {
    "p10": 0.001033816,
    "p25": 0.001082274,
    "p50": 0.001187512,
    "p75": 0.001248485,
    "p90": 0.001324461,
    "p95": 0.001407657,
    "p99": 0.001588696
  },
  "rps": {
    "mean": 42148.74234060145,
    "stddev": 2911.7030687591596,
    "max": 47481.501998176864,
    "percentiles": {
      "p10": 39211.28161722986,
      "p25": 41854.74600777348,
      "p50": 42954.866250658684,
      "p75": 43527.48345550496,
      "p90": 44196.78138701383,
      "p95": 44653.15056393093,
      "p99": 45718.64863677987
    }
  },
  "details": {
    "DNSDialup": {
      "average": 0.00069912104,
      "fastest": 0.000089257,
      "slowest": 0.001183226
    },
    "DNSLookup": {
      "average": 0.00001070742,
      "fastest": 0.000003857,
      "slowest": 0.000168285
    }
  },
  "statusCodeDistribution": {
    "200": 421552
  },
  "errorDistribution": {}
}