{
  "summary": {
    "successRate": 1,
    "total": 10.000655028,
    "slowest": 0.006623084,
    "fastest": 0.000374257,
    "average": 0.0012015663466163503,
    "requestsPerSec": 41551.578255279856,
    "totalData": 5402059,
    "sizePerRequest": 13,
    "sizePerSec": 540170.5173186382
  },
  "responseTimeHistogram": {
    "0.000374257": 1,
    "0.0009991396999999998": 13020,
    "0.0016240223999999998": 399922,
    "0.0022489050999999994": 2031,
    "0.0028737877999999994": 337,
    "0.0034986704999999995": 132,
    "0.0041235531999999995": 4,
    "0.0047484358999999995": 9,
    "0.0053733185999999995": 16,
    "0.0059982012999999995": 10,
    "0.006623084": 61
  },
  "latencyPercentiles": {
    "p10": 0.001052837,
    "p25": 0.001102,
    "p50": 0.001208971,
    "p75": 0.001271935,
    "p90": 0.001336076,
    "p95": 0.001409628,
    "p99": 0.00155754
  },
  "rps": {
    "mean": 41551.83815370986,
    "stddev": 2591.7665686286637,
    "max": 49510.22881327262,
    "percentiles": {
      "p10": 38741.7290182084,
      "p25": 41182.79413216754,
      "p50": 42111.09147717906,
      "p75": 42821.834853592794,
      "p90": 43385.1068970867,
      "p95": 44016.90689393818,
      "p99": 45179.27987259947
    }
  },
  "details": {
    "DNSDialup": {
      "average": 0.00090427808,
      "fastest": 0.000131094,
      "slowest": 0.001273938
    },
    "DNSLookup": {
      "average": 0.000007435519999999999,
      "fastest": 0.000003406,
      "slowest": 0.000035466
    }
  },
  "statusCodeDistribution": {
    "200": 415543
  },
  "errorDistribution": {}
}