{
  "summary": {
    "successRate": 1,
    "total": 10.000593799,
    "slowest": 0.006520853,
    "fastest": 0.000504035,
    "average": 0.0012023289415149909,
    "requestsPerSec": 41524.4342832447,
    "totalData": 5398497,
    "sizePerRequest": 13,
    "sizePerSec": 539817.6456821811
  },
  "responseTimeHistogram": {
    "0.000504035": 1,
    "0.0011057168": 113687,
    "0.0017073986": 300165,
    "0.0023090804": 1108,
    "0.0029107622": 111,
    "0.003512444": 64,
    "0.0041141258": 39,
    "0.0047158076": 24,
    "0.0053174894": 14,
    "0.0059191712": 6,
    "0.006520853": 50
  },
  "latencyPercentiles": {
    "p10": 0.001046127,
    "p25": 0.001097656,
    "p50": 0.001204692,
    "p75": 0.001269879,
    "p90": 0.001367273,
    "p95": 0.001454274,
    "p99": 0.001560263
  },
  "rps": {
    "mean": 41525.181895357884,
    "stddev": 2781.3395152460844,
    "max": 54373.105831147186,
    "percentiles": {
      "p10": 37720.01423955562,
      "p25": 40749.56369432254,
      "p50": 42138.822497166635,
      "p75": 43101.594759008796,
      "p90": 43912.65123481929,
      "p95": 44403.19703019135,
      "p99": 45507.63162982216
    }
  },
  "details": {
    "DNSDialup": {
      "average": 0.0006593564599999999,
      "fastest": 0.000079349,
      "slowest": 0.00142373
    },
    "DNSLookup": {
      "average": 0.000007852300000000001,
      "fastest": 0.000003678,
      "slowest": 0.000032651
    }
  },
  "statusCodeDistribution": {
    "200": 415269
  },
  "errorDistribution": {}
}