{
  "summary": {
    "successRate": 1,
    "total": 10.000577838,
    "slowest": 0.007173169,
    "fastest": 0.000423239,
    "average": 0.0012037344455641903,
    "requestsPerSec": 41475.8033704732,
    "totalData": 5392166,
    "sizePerRequest": 13,
    "sizePerSec": 539185.4438161516
  },
  "responseTimeHistogram": {
    "0.000423239": 1,
    "0.001098232": 102699,
    "0.001773225": 310799,
    "0.0024482180000000003": 904,
    "0.0031232110000000003": 205,
    "0.0037982040000000003": 57,
    "0.004473197": 23,
    "0.0051481899999999995": 15,
    "0.005823183": 15,
    "0.0064981760000000005": 27,
    "0.007173169": 37
  },
  "latencyPercentiles": {
    "p10": 0.001049834,
    "p25": 0.001098975,
    "p50": 0.001209744,
    "p75": 0.001271006,
    "p90": 0.001364753,
    "p95": 0.001446371,
    "p99": 0.001553304
  },
  "rps": {
    "mean": 41475.218172984576,
    "stddev": 2800.2828403703593,
    "max": 52819.0888186991,
    "percentiles": {
      "p10": 38121.78385069025,
      "p25": 40827.607628278405,
      "p50": 42111.530136951704,
      "p75": 42934.02521498292,
      "p90": 43716.252111023234,
      "p95": 44310.237471579305,
      "p99": 45692.10614757271
    }
  },
  "details": {
    "DNSDialup": {
      "average": 0.0007200837000000001,
      "fastest": 0.000134327,
      "slowest": 0.001183836
    },
    "DNSLookup": {
      "average": 0.00000679032,
      "fastest": 0.000003506,
      "slowest": 0.000035527
    }
  },
  "statusCodeDistribution": {
    "200": 414782
  },
  "errorDistribution": {}
}