{
  "summary": {
    "successRate": 1,
    "total": 10.000706448,
    "slowest": 0.005837482,
    "fastest": 0.000192756,
    "average": 0.0011859210979181785,
    "requestsPerSec": 42104.62552715056,
    "totalData": 5473988,
    "sizePerRequest": 13,
    "sizePerSec": 547360.1318529572
  },
  "responseTimeHistogram": {
    "0.000192756": 1,
    "0.0007572286": 1192,
    "0.0013217012": 381448,
    "0.0018861738": 36724,
    "0.0024506464": 1119,
    "0.003015119": 340,
    "0.0035795916": 139,
    "0.0041440641999999995": 71,
    "0.0047085367999999996": 16,
    "0.0052730094": 22,
    "0.005837482": 4
  },
  "latencyPercentiles": {
    "p10": 0.001039738,
    "p25": 0.001089068,
    "p50": 0.001192806,
    "p75": 0.001254972,
    "p90": 0.001314159,
    "p95": 0.001385807,
    "p99": 0.001554443
  },
  "rps": {
    "mean": 42103.6390595763,
    "stddev": 2576.950676081595,
    "max": 49676.26283649895,
    "percentiles": {
      "p10": 39719.908111924175,
      "p25": 42007.81765486597,
      "p50": 42709.6011183301,
      "p75": 43228.40132044324,
      "p90": 43725.3246123416,
      "p95": 44120.53288378602,
      "p99": 45401.39836306931
    }
  },
  "details": {
    "DNSDialup": {
      "average": 0.0007518902200000002,
      "fastest": 0.000078958,
      "slowest": 0.001605793
    },
    "DNSLookup": {
      "average": 0.000006855839999999999,
      "fastest": 0.000003366,
      "slowest": 0.000032571
    }
  },
  "statusCodeDistribution": {
    "200": 421076
  },
  "errorDistribution": {}
}