{
  "summary": {
    "successRate": 1,
    "total": 10.000616683,
    "slowest": 0.006683889,
    "fastest": 0.000318122,
    "average": 0.001172431855133433,
    "requestsPerSec": 42582.77399271858,
    "totalData": 5536102,
    "sizePerRequest": 13,
    "sizePerSec": 553576.0619053416
  },
  "responseTimeHistogram": {
    "0.000318122": 1,
    "0.0009546987": 7525,
    "0.0015912754000000002": 416227,
    "0.0022278521000000003": 1739,
    "0.0028644288000000003": 201,
    "0.0035010055000000003": 39,
    "0.0041375822": 27,
    "0.0047741589": 19,
    "0.0054107356": 12,
    "0.0060473123000000005": 51,
    "0.006683889": 13
  },
  "latencyPercentiles": {
    "p10": 0.001032068,
    "p25": 0.001078095,
    "p50": 0.001182198,
    "p75": 0.001241054,
    "p90": 0.001294206,
    "p95": 0.001362534,
    "p99": 0.00151641
  },
  "rps": {
    "mean": 42583.08070162354,
    "stddev": 2472.2790407352727,
    "max": 49838.79744796284,
    "percentiles": {
      "p10": 39949.95342175885,
      "p25": 42305.23738839082,
      "p50": 43119.61813266189,
      "p75": 43679.05881335288,
      "p90": 44334.88354284038,
      "p95": 44826.196429195814,
      "p99": 45656.1296457866
    }
  },
  "details": {
    "DNSDialup": {
      "average": 0.0007871332400000001,
      "fastest": 0.000111567,
      "slowest": 0.001281726
    },
    "DNSLookup": {
      "average": 0.000006534539999999999,
      "fastest": 0.000003267,
      "slowest": 0.000033392
    }
  },
  "statusCodeDistribution": {
    "200": 425854
  },
  "errorDistribution": {}
}