{
  "summary": {
    "successRate": 1,
    "total": 10.000607862,
    "slowest": 0.006585453,
    "fastest": 0.000124344,
    "average": 0.0012317275085970334,
    "requestsPerSec": 40534.73604742767,
    "totalData": 5269836,
    "sizePerRequest": 13,
    "sizePerSec": 526951.5686165597
  },
  "responseTimeHistogram": {
    "0.000124344": 1,
    "0.0007704548999999999": 356,
    "0.0014165658": 377015,
    "0.0020626767": 27039,
    "0.0027087876": 634,
    "0.0033548985": 159,
    "0.0040010094": 61,
    "0.0046471203": 24,
    "0.0052932312": 22,
    "0.0059393421": 0,
    "0.006585453": 61
  },
  "latencyPercentiles": {
    "p10": 0.001077163,
    "p25": 0.001128847,
    "p50": 0.001238693,
    "p75": 0.001302909,
    "p90": 0.001374856,
    "p95": 0.001453278,
    "p99": 0.001587982
  },
  "rps": {
    "mean": 40533.603983647874,
    "stddev": 2547.914678687465,
    "max": 51750.52921672758,
    "percentiles": {
      "p10": 37719.57104019517,
      "p25": 39936.47277038482,
      "p50": 41076.26267371586,
      "p75": 41904.014143910215,
      "p90": 42433.21387740601,
      "p95": 42950.969915999274,
      "p99": 44205.19165863879
    }
  },
  "details": {
    "DNSDialup": {
      "average": 0.0007894636000000002,
      "fastest": 0.000074529,
      "slowest": 0.001835873
    },
    "DNSLookup": {
      "average": 0.000007289300000000001,
      "fastest": 0.000002605,
      "slowest": 0.000039233
    }
  },
  "statusCodeDistribution": {
    "200": 405372
  },
  "errorDistribution": {}
}