{
  "summary": {
    "successRate": 1,
    "total": 10.000639113,
    "slowest": 0.006736794,
    "fastest": 0.000537292,
    "average": 0.001215165826284088,
    "requestsPerSec": 41084.57423145092,
    "totalData": 5341336,
    "sizePerRequest": 13,
    "sizePerSec": 534099.465008862
  },
  "responseTimeHistogram": {
    "0.000537292": 1,
    "0.0011572422": 150552,
    "0.0017771924": 259058,
    "0.0023971426": 933,
    "0.0030170928": 180,
    "0.0036370430000000004": 47,
    "0.0042569932": 6,
    "0.0048769434": 9,
    "0.0054968936": 21,
    "0.0061168438000000006": 28,
    "0.006736794000000001": 37
  },
  "latencyPercentiles": {
    "p10": 0.0010647,
    "p25": 0.001115235,
    "p50": 0.00122218,
    "p75": 0.001286985,
    "p90": 0.001354388,
    "p95": 0.001432524,
    "p99": 0.001568248
  },
  "rps": {
    "mean": 41083.95128592019,
    "stddev": 2539.6155744784064,
    "max": 46011.30133793531,
    "percentiles": {
      "p10": 38059.401974856635,
      "p25": 40692.00054403067,
      "p50": 41563.625598065446,
      "p75": 42311.568013063574,
      "p90": 43143.256376381876,
      "p95": 43614.14842974845,
      "p99": 44697.54626651088
    }
  },
  "details": {
    "DNSDialup": {
      "average": 0.0007152703199999999,
      "fastest": 0.000089788,
      "slowest": 0.001608296
    },
    "DNSLookup": {
      "average": 0.00000696662,
      "fastest": 0.000003456,
      "slowest": 0.000029506
    }
  },
  "statusCodeDistribution": {
    "200": 410872
  },
  "errorDistribution": {}
}