{
  "summary": {
    "successRate": 1,
    "total": 10.000552258,
    "slowest": 0.006479658,
    "fastest": 0.000720979,
    "average": 0.0013718003465823666,
    "requestsPerSec": 36385.59057665193,
    "totalData": 4730388,
    "sizePerRequest": 13,
    "sizePerSec": 473012.67749647505
  },
  "responseTimeHistogram": {
    "0.000720979": 1,
    "0.0012968468999999998": 120791,
    "0.0018727148": 241566,
    "0.0024485826999999997": 1138,
    "0.0030244506": 211,
    "0.0036003184999999997": 60,
    "0.004176186399999999": 19,
    "0.0047520543": 13,
    "0.0053279222": 17,
    "0.0059037900999999995": 1,
    "0.006479657999999999": 59
  },
  "latencyPercentiles": {
    "p10": 0.001207263,
    "p25": 0.001265005,
    "p50": 0.001380991,
    "p75": 0.001455058,
    "p90": 0.001512908,
    "p95": 0.001561408,
    "p99": 0.001751401
  },
  "rps": {
    "mean": 36386.0206019023,
    "stddev": 1829.5155814084073,
    "max": 40226.64259297814,
    "percentiles": {
      "p10": 35319.95224102091,
      "p25": 36111.51235013634,
      "p50": 36656.364405577035,
      "p75": 37177.76249918462,
      "p90": 37703.28395603049,
      "p95": 37965.33103682026,
      "p99": 38715.92972978119
    }
  },
  "details": {
    "DNSDialup": {
      "average": 0.0007252608799999999,
      "fastest": 0.000074118,
      "slowest": 0.001199008
    },
    "DNSLookup": {
      "average": 0.000006894939999999999,
      "fastest": 0.000002915,
      "slowest": 0.000032149
    }
  },
  "statusCodeDistribution": {
    "200": 363876
  },
  "errorDistribution": {}
}