{
  "summary": {
    "successRate": 1,
    "total": 10.000492588,
    "slowest": 0.006419746,
    "fastest": 0.00065962,
    "average": 0.0011949206463091756,
    "requestsPerSec": 41782.74183227663,
    "totalData": 5432024,
    "sizePerRequest": 13,
    "sizePerSec": 543175.6438195962
  },
  "responseTimeHistogram": {
    "0.00065962": 1,
    "0.0012356326": 252562,
    "0.0018116451999999998": 164332,
    "0.0023876578": 576,
    "0.0029636704": 138,
    "0.003539683": 106,
    "0.004115695599999999": 37,
    "0.004691708199999999": 19,
    "0.0052677207999999994": 11,
    "0.0058437333999999995": 9,
    "0.006419746": 57
  },
  "latencyPercentiles": {
    "p10": 0.001056567,
    "p25": 0.001101285,
    "p50": 0.001208822,
    "p75": 0.001265942,
    "p90": 0.001310323,
    "p95": 0.001350317,
    "p99": 0.001490256
  },
  "rps": {
    "mean": 41780.925971511904,
    "stddev": 2069.327362158453,
    "max": 48659.749959118366,
    "percentiles": {
      "p10": 40852.09459102223,
      "p25": 41532.989653678924,
      "p50": 42064.26453552079,
      "p75": 42559.562258303675,
      "p90": 43035.56633751902,
      "p95": 43249.31715593438,
      "p99": 43778.91547046348
    }
  },
  "details": {
    "DNSDialup": {
      "average": 0.0007735052599999997,
      "fastest": 0.000080039,
      "slowest": 0.001759947
    },
    "DNSLookup": {
      "average": 0.000006501700000000002,
      "fastest": 0.000003195,
      "slowest": 0.000033312
    }
  },
  "statusCodeDistribution": {
    "200": 417848
  },
  "errorDistribution": {}
}