{
  "summary": {
    "successRate": 1,
    "total": 10.000580158,
    "slowest": 0.0073686,
    "fastest": 0.000503935,
    "average": 0.0012129637534456469,
    "requestsPerSec": 41158.51215599046,
    "totalData": 5350917,
    "sizePerRequest": 13,
    "sizePerSec": 535060.6580278759
  },
  "responseTimeHistogram": {
    "0.000503935": 1,
    "0.0011904015": 179262,
    "0.0018768680000000003": 231149,
    "0.0025633345000000006": 900,
    "0.0032498010000000005": 146,
    "0.0039362675": 48,
    "0.004622734000000001": 10,
    "0.005309200500000001": 9,
    "0.0059956670000000005": 35,
    "0.0066821335": 37,
    "0.0073686": 12
  },
  "latencyPercentiles": {
    "p10": 0.001066889,
    "p25": 0.001115639,
    "p50": 0.001222058,
    "p75": 0.001286893,
    "p90": 0.00133968,
    "p95": 0.00139892,
    "p99": 0.001564712
  },
  "rps": {
    "mean": 41124.5618998099,
    "stddev": 2654.1045019485564,
    "max": 46247.54710317674,
    "percentiles": {
      "p10": 39288.394959820755,
      "p25": 40767.16985671445,
      "p50": 41601.501814215015,
      "p75": 42214.93907920052,
      "p90": 43029.03115572572,
      "p95": 43547.27361076395,
      "p99": 44382.791659561735
    }
  },
  "details": {
    "DNSDialup": {
      "average": 0.0008668240399999998,
      "fastest": 0.000099927,
      "slowest": 0.001402617
    },
    "DNSLookup": {
      "average": 0.000008370440000000001,
      "fastest": 0.000003306,
      "slowest": 0.000033002
    }
  },
  "statusCodeDistribution": {
    "200": 411609
  },
  "errorDistribution": {}
}