{
  "summary": {
    "successRate": 1,
    "total": 10.000666427,
    "slowest": 0.00670185,
    "fastest": 0.000212031,
    "average": 0.0011871878400384205,
    "requestsPerSec": 42052.297521351975,
    "totalData": 5467163,
    "sizePerRequest": 13,
    "sizePerSec": 546679.8677775756
  },
  "responseTimeHistogram": {
    "0.000212031": 1,
    "0.0008610129": 1427,
    "0.0015099948": 412605,
    "0.0021589766999999998": 5779,
    "0.0028079586": 466,
    "0.0034569404999999997": 170,
    "0.0041059224": 6,
    "0.0047549043": 15,
    "0.005403886199999999": 17,
    "0.006052868099999999": 5,
    "0.006701849999999999": 60
  },
  "latencyPercentiles": {
    "p10": 0.001042338,
    "p25": 0.001089473,
    "p50": 0.001194464,
    "p75": 0.001255607,
    "p90": 0.001314573,
    "p95": 0.001388221,
    "p99": 0.001553984
  },
  "rps": {
    "mean": 42050.79909631532,
    "stddev": 2551.0273458093884,
    "max": 46815.73945160128,
    "percentiles": {
      "p10": 39577.94480449756,
      "p25": 41880.09148696258,
      "p50": 42612.84351103429,
      "p75": 43246.9099231926,
      "p90": 43975.80108833594,
      "p95": 44300.49468550002,
      "p99": 45305.81273577304
    }
  },
  "details": {
    "DNSDialup": {
      "average": 0.00084120076,
      "fastest": 0.000093436,
      "slowest": 0.001424933
    },
    "DNSLookup": {
      "average": 0.000013786839999999996,
      "fastest": 0.000003086,
      "slowest": 0.000325558
    }
  },
  "statusCodeDistribution": {
    "200": 420551
  },
  "errorDistribution": {}
}