{
  "summary": {
    "successRate": 1,
    "total": 10.000601002,
    "slowest": 0.009300936,
    "fastest": 0.000416919,
    "average": 0.0011859103620926717,
    "requestsPerSec": 42098.569867531245,
    "totalData": 5473143,
    "sizePerRequest": 13,
    "sizePerSec": 547281.4082779062
  },
  "responseTimeHistogram": {
    "0.000416919": 1,
    "0.0013053207": 368512,
    "0.0021937224": 52104,
    "0.0030821241": 177,
    "0.0039705258": 60,
    "0.0048589275": 39,
    "0.0057473292": 18,
    "0.006635730899999999": 94,
    "0.0075241325999999996": 0,
    "0.0084125343": 0,
    "0.009300936": 6
  },
  "latencyPercentiles": {
    "p10": 0.001037339,
    "p25": 0.001086764,
    "p50": 0.001191945,
    "p75": 0.001254986,
    "p90": 0.001327587,
    "p95": 0.001409224,
    "p99": 0.001537805
  },
  "rps": {
    "mean": 42078.47360288902,
    "stddev": 2886.081656444197,
    "max": 55235.30640785444,
    "percentiles": {
      "p10": 38539.23679698532,
      "p25": 41568.24748168131,
      "p50": 42648.54684086764,
      "p75": 43505.98176825492,
      "p90": 44293.93454967177,
      "p95": 44738.74387311662,
      "p99": 46294.927749351824
    }
  },
  "details": {
    "DNSDialup": {
      "average": 0.0010444525999999997,
      "fastest": 0.000120756,
      "slowest": 0.001656546
    },
    "DNSLookup": {
      "average": 0.00001051884,
      "fastest": 0.000003967,
      "slowest": 0.00011736
    }
  },
  "statusCodeDistribution": {
    "200": 421011
  },
  "errorDistribution": {}
}