{
  "summary": {
    "successRate": 1,
    "total": 10.000733752,
    "slowest": 0.005951538,
    "fastest": 0.000352962,
    "average": 0.0011797096530643796,
    "requestsPerSec": 42320.89469588751,
    "totalData": 5502120,
    "sizePerRequest": 13,
    "sizePerSec": 550171.6310465377
  },
  "responseTimeHistogram": {
    "0.000352962": 1,
    "0.0009128196": 3983,
    "0.0014726772": 410353,
    "0.0020325347999999997": 8356,
    "0.0025923924": 293,
    "0.0031522499999999997": 74,
    "0.0037121076": 25,
    "0.0042719652": 68,
    "0.0048318228": 15,
    "0.0053916803999999995": 12,
    "0.005951537999999999": 60
  },
  "latencyPercentiles": {
    "p10": 0.001034071,
    "p25": 0.001082152,
    "p50": 0.0011869,
    "p75": 0.00124818,
    "p90": 0.001316236,
    "p95": 0.001390595,
    "p99": 0.001526872
  },
  "rps": {
    "mean": 42284.41781174872,
    "stddev": 2807.4616085048974,
    "max": 47991.611307312574,
    "percentiles": {
      "p10": 39319.69130140644,
      "p25": 42000.82297555462,
      "p50": 43004.270324042205,
      "p75": 43577.5967676576,
      "p90": 44227.1373090803,
      "p95": 44575.73696944183,
      "p99": 45608.069331545994
    }
  },
  "details": {
    "DNSDialup": {
      "average": 0.0006977989,
      "fastest": 0.000068798,
      "slowest": 0.001194511
    },
    "DNSLookup": {
      "average": 0.0000063944999999999995,
      "fastest": 0.000003297,
      "slowest": 0.000024315
    }
  },
  "statusCodeDistribution": {
    "200": 423240
  },
  "errorDistribution": {}
}