{
  "summary": {
    "successRate": 1,
    "total": 10.00059629,
    "slowest": 0.006466058,
    "fastest": 0.000202197,
    "average": 0.0012242959072133336,
    "requestsPerSec": 40781.4682418302,
    "totalData": 5301907,
    "sizePerRequest": 13,
    "sizePerSec": 530159.0871437927
  },
  "responseTimeHistogram": {
    "0.000202197": 1,
    "0.0008285831": 312,
    "0.0014549692": 381679,
    "0.0020813552999999997": 25296,
    "0.0027077413999999998": 365,
    "0.0033341275": 70,
    "0.0039605136": 17,
    "0.0045868997": 13,
    "0.0052132858": 26,
    "0.0058396719": 5,
    "0.006466058": 55
  },
  "latencyPercentiles": {
    "p10": 0.001064767,
    "p25": 0.00111553,
    "p50": 0.001225494,
    "p75": 0.001288707,
    "p90": 0.001397345,
    "p95": 0.001477184,
    "p99": 0.001572411
  },
  "rps": {
    "mean": 40778.65983159962,
    "stddev": 2552.1192176213426,
    "max": 45835.02254071952,
    "percentiles": {
      "p10": 37619.26106166259,
      "p25": 39987.22016481118,
      "p50": 41669.763518081534,
      "p75": 42284.89783746118,
      "p90": 42844.53689610392,
      "p95": 43115.03829312049,
      "p99": 43486.96090613471
    }
  },
  "details": {
    "DNSDialup": {
      "average": 0.0008909594599999998,
      "fastest": 0.000095744,
      "slowest": 0.001200288
    },
    "DNSLookup": {
      "average": 0.000009969300000000001,
      "fastest": 0.000003757,
      "slowest": 0.000086632
    }
  },
  "statusCodeDistribution": {
    "200": 407839
  },
  "errorDistribution": {}
}