{
  "summary": {
    "successRate": 1,
    "total": 10.000702541,
    "slowest": 0.006344995,
    "fastest": 0.000277067,
    "average": 0.0011872995686020467,
    "requestsPerSec": 42047.545987499434,
    "totalData": 5466565,
    "sizePerRequest": 13,
    "sizePerSec": 546618.0978374927
  },
  "responseTimeHistogram": {
    "0.000277067": 1,
    "0.0008838598": 2455,
    "0.0014906526": 410274,
    "0.0020974454": 7274,
    "0.0027042382000000004": 279,
    "0.003311031": 80,
    "0.0039178238": 33,
    "0.0045246166": 21,
    "0.0051314094": 20,
    "0.0057382022000000005": 23,
    "0.006344995": 45
  },
  "latencyPercentiles": {
    "p10": 0.001042907,
    "p25": 0.001090634,
    "p50": 0.001196041,
    "p75": 0.001256923,
    "p90": 0.001316857,
    "p95": 0.00139317,
    "p99": 0.001536707
  },
  "rps": {
    "mean": 42047.85217776122,
    "stddev": 2544.4154625284536,
    "max": 50710.43113568625,
    "percentiles": {
      "p10": 39370.64166493331,
      "p25": 41909.71886380553,
      "p50": 42601.648683805164,
      "p75": 43216.34442146043,
      "p90": 43926.15802710511,
      "p95": 44320.44058719835,
      "p99": 45551.731970783345
    }
  },
  "details": {
    "DNSDialup": {
      "average": 0.0006600394800000001,
      "fastest": 0.000068528,
      "slowest": 0.001477558
    },
    "DNSLookup": {
      "average": 0.000006741980000000002,
      "fastest": 0.000003155,
      "slowest": 0.000028494
    }
  },
  "statusCodeDistribution": {
    "200": 420505
  },
  "errorDistribution": {}
}