{
  "summary": {
    "successRate": 1,
    "total": 10.000615727,
    "slowest": 0.006670982,
    "fastest": 0.000387999,
    "average": 0.0011628682953942022,
    "requestsPerSec": 42932.85650810609,
    "totalData": 5581615,
    "sizePerRequest": 13,
    "sizePerSec": 558127.1346053791
  },
  "responseTimeHistogram": {
    "0.000387999": 1,
    "0.0010162972999999999": 38710,
    "0.0016445956": 388698,
    "0.0022728939": 1442,
    "0.0029011922": 332,
    "0.0035294905": 72,
    "0.0041577888": 5,
    "0.0047860871": 12,
    "0.0054143854": 13,
    "0.0060426837": 57,
    "0.006670982": 13
  },
  "latencyPercentiles": {
    "p10": 0.001020703,
    "p25": 0.001068361,
    "p50": 0.001169251,
    "p75": 0.001230663,
    "p90": 0.00128882,
    "p95": 0.001358169,
    "p99": 0.001523887
  },
  "rps": {
    "mean": 42931.38649774128,
    "stddev": 2661.617737227048,
    "max": 47927.865260862054,
    "percentiles": {
      "p10": 40105.75918701931,
      "p25": 42793.812595966934,
      "p50": 43409.45773694573,
      "p75": 44197.80284686638,
      "p90": 44928.792877663866,
      "p95": 45429.01219336554,
      "p99": 46519.03415586786
    }
  },
  "details": {
    "DNSDialup": {
      "average": 0.0007444059000000003,
      "fastest": 0.000097434,
      "slowest": 0.001096209
    },
    "DNSLookup": {
      "average": 0.000006797199999999999,
      "fastest": 0.000003146,
      "slowest": 0.000036829
    }
  },
  "statusCodeDistribution": {
    "200": 429355
  },
  "errorDistribution": {}
}