{
  "summary": {
    "successRate": 1,
    "total": 10.000624827,
    "slowest": 0.007139005,
    "fastest": 0.000468261,
    "average": 0.0011845778703272617,
    "requestsPerSec": 42146.56656872506,
    "totalData": 5479396,
    "sizePerRequest": 13,
    "sizePerSec": 547905.3653934258
  },
  "responseTimeHistogram": {
    "0.000468261": 1,
    "0.0011353354": 162046,
    "0.0018024098": 257892,
    "0.0024694842": 1071,
    "0.0031365586000000004": 274,
    "0.0038036330000000007": 59,
    "0.0044707074": 5,
    "0.0051377818": 10,
    "0.005804856200000001": 72,
    "0.006471930600000001": 50,
    "0.007139005000000001": 12
  },
  "latencyPercentiles": {
    "p10": 0.001038787,
    "p25": 0.001086775,
    "p50": 0.001190651,
    "p75": 0.001252967,
    "p90": 0.001313188,
    "p95": 0.001381933,
    "p99": 0.001545899
  },
  "rps": {
    "mean": 42147.60029516622,
    "stddev": 2683.585174664576,
    "max": 46457.232078112946,
    "percentiles": {
      "p10": 39672.36636348901,
      "p25": 41951.52892246827,
      "p50": 42785.490463667906,
      "p75": 43384.23483034654,
      "p90": 44102.84985970263,
      "p95": 44466.71822784845,
      "p99": 45440.40987249411
    }
  },
  "details": {
    "DNSDialup": {
      "average": 0.0007302009200000001,
      "fastest": 0.000086583,
      "slowest": 0.001200047
    },
    "DNSLookup": {
      "average": 0.00000680744,
      "fastest": 0.000003437,
      "slowest": 0.000037902
    }
  },
  "statusCodeDistribution": {
    "200": 421492
  },
  "errorDistribution": {}
}