{
  "summary": {
    "successRate": 1,
    "total": 10.000687837,
    "slowest": 0.008914132,
    "fastest": 0.000262053,
    "average": 0.0011653265016986186,
    "requestsPerSec": 42854.852284696906,
    "totalData": 5571514,
    "sizePerRequest": 13,
    "sizePerSec": 557113.0797010598
  },
  "responseTimeHistogram": {
    "0.000262053": 1,
    "0.0011272609": 173110,
    "0.0019924688": 254339,
    "0.0028576766999999998": 823,
    "0.0037228846": 211,
    "0.0045880925": 44,
    "0.0054533004": 0,
    "0.0063185083": 10,
    "0.0071837162": 17,
    "0.0080489241": 17,
    "0.008914132": 6
  },
  "latencyPercentiles": {
    "p10": 0.001023077,
    "p25": 0.001074461,
    "p50": 0.001169591,
    "p75": 0.001237434,
    "p90": 0.001291421,
    "p95": 0.001344018,
    "p99": 0.001519727
  },
  "rps": {
    "mean": 42851.63156568777,
    "stddev": 2618.3374907095263,
    "max": 51330.274595957526,
    "percentiles": {
      "p10": 41371.85049275022,
      "p25": 42504.77426857418,
      "p50": 43241.04872755547,
      "p75": 43935.07019959555,
      "p90": 44585.936803345256,
      "p95": 45116.711229840716,
      "p99": 46581.71855083716
    }
  },
  "details": {
    "DNSDialup": {
      "average": 0.0008960207399999998,
      "fastest": 0.00007978,
      "slowest": 0.001410244
    },
    "DNSLookup": {
      "average": 0.000005505380000000003,
      "fastest": 0.000002675,
      "slowest": 0.000034445
    }
  },
  "statusCodeDistribution": {
    "200": 428578
  },
  "errorDistribution": {}
}