{
  "summary": {
    "successRate": 1,
    "total": 10.000463316,
    "slowest": 0.00673277,
    "fastest": 0.000419501,
    "average": 0.001184572996991483,
    "requestsPerSec": 42145.34733862525,
    "totalData": 5479149,
    "sizePerRequest": 13,
    "sizePerSec": 547889.5154021282
  },
  "responseTimeHistogram": {
    "0.000419501": 1,
    "0.0010508279": 50858,
    "0.0016821548": 368959,
    "0.0023134817": 1272,
    "0.0029448086": 214,
    "0.0035761355": 53,
    "0.0042074624": 28,
    "0.0048387893": 11,
    "0.0054701162": 23,
    "0.006101443099999999": 0,
    "0.00673277": 54
  },
  "latencyPercentiles": {
    "p10": 0.0010425,
    "p25": 0.00109079,
    "p50": 0.001195158,
    "p75": 0.001257723,
    "p90": 0.001307237,
    "p95": 0.00135714,
    "p99": 0.001529672
  },
  "rps": {
    "mean": 42133.51634144554,
    "stddev": 2382.2050306550586,
    "max": 48127.72156762648,
    "percentiles": {
      "p10": 40738.7071501049,
      "p25": 41818.42938182777,
      "p50": 42414.69244946803,
      "p75": 43112.74414726597,
      "p90": 43827.30002517991,
      "p95": 44296.24442345685,
      "p99": 45610.70304196522
    }
  },
  "details": {
    "DNSDialup": {
      "average": 0.0007434980200000001,
      "fastest": 0.00008608,
      "slowest": 0.001685386
    },
    "DNSLookup": {
      "average": 0.00000751416,
      "fastest": 0.000003096,
      "slowest": 0.000042329
    }
  },
  "statusCodeDistribution": {
    "200": 421473
  },
  "errorDistribution": {}
}