{
  "summary": {
    "successRate": 1,
    "total": 10.000617852,
    "slowest": 0.010261503,
    "fastest": 0.000263824,
    "average": 0.0011693231217924668,
    "requestsPerSec": 42697.06195348779,
    "totalData": 5550961,
    "sizePerRequest": 13,
    "sizePerSec": 555061.8053953414
  },
  "responseTimeHistogram": {
    "0.000263824": 1,
    "0.0012635919": 358467,
    "0.0022633598": 68051,
    "0.0032631277": 328,
    "0.0042628956": 6,
    "0.0052626635000000005": 22,
    "0.0062624314": 115,
    "0.0072621993": 1,
    "0.0082619672": 0,
    "0.0092617351": 0,
    "0.010261503": 6
  },
  "latencyPercentiles": {
    "p10": 0.001029658,
    "p25": 0.001076306,
    "p50": 0.001178107,
    "p75": 0.001239494,
    "p90": 0.001290299,
    "p95": 0.001346572,
    "p99": 0.00152131
  },
  "rps": {
    "mean": 42683.43198705095,
    "stddev": 2704.925679701898,
    "max": 54103.19749896881,
    "percentiles": {
      "p10": 40712.85304770657,
      "p25": 42440.62855586147,
      "p50": 43169.696648155674,
      "p75": 43805.10767555443,
      "p90": 44399.92647452688,
      "p95": 44811.17142503818,
      "p99": 45865.8358207388
    }
  },
  "details": {
    "DNSDialup": {
      "average": 0.0006363007599999998,
      "fastest": 0.000079459,
      "slowest": 0.000963435
    },
    "DNSLookup": {
      "average": 0.000005959299999999998,
      "fastest": 0.000002976,
      "slowest": 0.000033092
    }
  },
  "statusCodeDistribution": {
    "200": 426997
  },
  "errorDistribution": {}
}