{
  "summary": {
    "successRate": 1,
    "total": 10.000695448,
    "slowest": 0.00714221,
    "fastest": 0.000451737,
    "average": 0.001190515523423889,
    "requestsPerSec": 41932.88378598368,
    "totalData": 5451654,
    "sizePerRequest": 13,
    "sizePerSec": 545127.4892177879
  },
  "responseTimeHistogram": {
    "0.000451737": 1,
    "0.0011207843000000002": 139333,
    "0.0017898316000000002": 278594,
    "0.0024588789": 1116,
    "0.0031279262000000006": 192,
    "0.0037969735": 22,
    "0.0044660208000000005": 11,
    "0.0051350681": 13,
    "0.0058041154000000005": 10,
    "0.006473162700000001": 59,
    "0.00714221": 7
  },
  "latencyPercentiles": {
    "p10": 0.001046226,
    "p25": 0.001094702,
    "p50": 0.001197635,
    "p75": 0.001261985,
    "p90": 0.001319764,
    "p95": 0.001383646,
    "p99": 0.001540808
  },
  "rps": {
    "mean": 41933.45262620578,
    "stddev": 2403.964523954698,
    "max": 49952.8201119863,
    "percentiles": {
      "p10": 40049.86815401117,
      "p25": 41545.33426875415,
      "p50": 42295.27175114909,
      "p75": 43068.799546058406,
      "p90": 43745.16980417232,
      "p95": 44155.847813400265,
      "p99": 45059.11305041232
    }
  },
  "details": {
    "DNSDialup": {
      "average": 0.0007360374000000002,
      "fastest": 0.000117357,
      "slowest": 0.001191043
    },
    "DNSLookup": {
      "average": 0.000006770759999999999,
      "fastest": 0.000003857,
      "slowest": 0.000028132
    }
  },
  "statusCodeDistribution": {
    "200": 419358
  },
  "errorDistribution": {}
}