{
  "summary": {
    "successRate": 1,
    "total": 10.000710803,
    "slowest": 0.007278335,
    "fastest": 0.000205264,
    "average": 0.0012057389818779217,
    "requestsPerSec": 41405.156909025354,
    "totalData": 5383053,
    "sizePerRequest": 13,
    "sizePerSec": 538267.0398173296
  },
  "responseTimeHistogram": {
    "0.000205264": 1,
    "0.0009125711000000001": 4467,
    "0.0016198782": 406840,
    "0.0023271853000000004": 2289,
    "0.0030344924000000003": 278,
    "0.0037417995000000003": 103,
    "0.004449106600000001": 12,
    "0.0051564137": 18,
    "0.0058637208000000005": 16,
    "0.006571027900000001": 55,
    "0.007278335": 2
  },
  "latencyPercentiles": {
    "p10": 0.001053985,
    "p25": 0.00110651,
    "p50": 0.00121171,
    "p75": 0.001279463,
    "p90": 0.001344067,
    "p95": 0.001423213,
    "p99": 0.001569757
  },
  "rps": {
    "mean": 41403.54050181901,
    "stddev": 2651.618521966043,
    "max": 49424.76405702425,
    "percentiles": {
      "p10": 38611.405809274096,
      "p25": 40956.67977849254,
      "p50": 42005.48591646033,
      "p75": 42700.83266623853,
      "p90": 43463.7319415758,
      "p95": 44023.3896269095,
      "p99": 45172.35512095864
    }
  },
  "details": {
    "DNSDialup": {
      "average": 0.0008021681599999999,
      "fastest": 0.000074268,
      "slowest": 0.001648673
    },
    "DNSLookup": {
      "average": 0.000005792,
      "fastest": 0.000002504,
      "slowest": 0.000030998
    }
  },
  "statusCodeDistribution": {
    "200": 414081
  },
  "errorDistribution": {}
}