{
  "summary": {
    "successRate": 1,
    "total": 10.000755783,
    "slowest": 0.006580949,
    "fastest": 0.000147803,
    "average": 0.001187841117981952,
    "requestsPerSec": 42032.92322311876,
    "totalData": 5464693,
    "sizePerRequest": 13,
    "sizePerSec": 546428.0019005439
  },
  "responseTimeHistogram": {
    "0.000147803": 1,
    "0.0007911176": 929,
    "0.0014344321999999999": 403266,
    "0.0020777468": 15355,
    "0.0027210614": 526,
    "0.003364376": 169,
    "0.0040076906": 27,
    "0.0046510052": 17,
    "0.0052943198": 11,
    "0.0059376344": 10,
    "0.006580949": 50
  },
  "latencyPercentiles": {
    "p10": 0.001039058,
    "p25": 0.001088354,
    "p50": 0.001195057,
    "p75": 0.00125684,
    "p90": 0.001328267,
    "p95": 0.001406473,
    "p99": 0.001533347
  },
  "rps": {
    "mean": 42032.03603171275,
    "stddev": 2578.3946261440933,
    "max": 49468.94782865975,
    "percentiles": {
      "p10": 39081.03335530429,
      "p25": 41367.77943985037,
      "p50": 42610.52906173279,
      "p75": 43363.82780855232,
      "p90": 44127.37220898161,
      "p95": 44586.57654233301,
      "p99": 45865.92768445479
    }
  },
  "details": {
    "DNSDialup": {
      "average": 0.0008161320799999998,
      "fastest": 0.000095017,
      "slowest": 0.001816419
    },
    "DNSLookup": {
      "average": 0.000006224819999999999,
      "fastest": 0.000002464,
      "slowest": 0.000054793
    }
  },
  "statusCodeDistribution": {
    "200": 420361
  },
  "errorDistribution": {}
}