{
  "summary": {
    "successRate": 1,
    "total": 10.000585314,
    "slowest": 0.006544358,
    "fastest": 0.000320683,
    "average": 0.0011809195390899173,
    "requestsPerSec": 42278.22539627804,
    "totalData": 5496491,
    "sizePerRequest": 13,
    "sizePerSec": 549616.9301516145
  },
  "responseTimeHistogram": {
    "0.000320683": 1,
    "0.0009430504999999999": 6231,
    "0.0015654179999999998": 413058,
    "0.0021877855": 2789,
    "0.0028101529999999997": 359,
    "0.0034325205": 198,
    "0.0040548879999999995": 23,
    "0.0046772555": 10,
    "0.005299623": 13,
    "0.0059219905": 89,
    "0.006544358": 36
  },
  "latencyPercentiles": {
    "p10": 0.001032055,
    "p25": 0.00108066,
    "p50": 0.001185645,
    "p75": 0.001247486,
    "p90": 0.001317726,
    "p95": 0.00140032,
    "p99": 0.001548537
  },
  "rps": {
    "mean": 42274.84180862689,
    "stddev": 2839.970488092456,
    "max": 51190.68418575361,
    "percentiles": {
      "p10": 39059.87597836798,
      "p25": 42007.10340118428,
      "p50": 43014.5604287035,
      "p75": 43613.947740488016,
      "p90": 44233.65296317431,
      "p95": 44632.36292635681,
      "p99": 45816.25560749264
    }
  },
  "details": {
    "DNSDialup": {
      "average": 0.0007112831999999999,
      "fastest": 0.000068323,
      "slowest": 0.001583963
    },
    "DNSLookup": {
      "average": 0.0000065658799999999996,
      "fastest": 0.000003276,
      "slowest": 0.000034374
    }
  },
  "statusCodeDistribution": {
    "200": 422807
  },
  "errorDistribution": {}
}