{
  "summary": {
    "successRate": 1,
    "total": 10.000535738,
    "slowest": 0.00665091,
    "fastest": 0.000427173,
    "average": 0.0011832706517278413,
    "requestsPerSec": 42194.33948889509,
    "totalData": 5485558,
    "sizePerRequest": 13,
    "sizePerSec": 548526.4133556362
  },
  "responseTimeHistogram": {
    "0.000427173": 1,
    "0.0010495467": 62103,
    "0.0016719204": 357489,
    "0.0022942940999999997": 1646,
    "0.0029166678": 523,
    "0.0035390415": 92,
    "0.0041614152": 13,
    "0.0047837889000000005": 16,
    "0.0054061626": 13,
    "0.0060285363": 13,
    "0.00665091": 57
  },
  "latencyPercentiles": {
    "p10": 0.001032242,
    "p25": 0.001081246,
    "p50": 0.001187595,
    "p75": 0.001249722,
    "p90": 0.001329892,
    "p95": 0.001412998,
    "p99": 0.001554545
  },
  "rps": {
    "mean": 42192.89436673776,
    "stddev": 2960.851269523609,
    "max": 61436.40109771453,
    "percentiles": {
      "p10": 38787.00834696424,
      "p25": 41845.46928692713,
      "p50": 42966.52937408546,
      "p75": 43571.28307088032,
      "p90": 44320.829621462726,
      "p95": 44844.13559825618,
      "p99": 46372.81891494954
    }
  },
  "details": {
    "DNSDialup": {
      "average": 0.0007121352599999997,
      "fastest": 0.000071303,
      "slowest": 0.001692213
    },
    "DNSLookup": {
      "average": 0.000006679680000000001,
      "fastest": 0.000003336,
      "slowest": 0.000028513
    }
  },
  "statusCodeDistribution": {
    "200": 421966
  },
  "errorDistribution": {}
}