{
  "summary": {
    "successRate": 1,
    "total": 10.000699509,
    "slowest": 0.006027296,
    "fastest": 0.000407483,
    "average": 0.0011611920391489514,
    "requestsPerSec": 42994.29251054402,
    "totalData": 5589649,
    "sizePerRequest": 13,
    "sizePerSec": 558925.8026370723
  },
  "responseTimeHistogram": {
    "0.000407483": 1,
    "0.0009694642999999998": 14332,
    "0.0015314455999999998": 412364,
    "0.0020934268999999997": 2868,
    "0.0026554082": 179,
    "0.0032173895": 40,
    "0.0037793707999999996": 50,
    "0.004341352099999999": 51,
    "0.0049033333999999994": 18,
    "0.0054653147": 13,
    "0.006027296": 57
  },
  "latencyPercentiles": {
    "p10": 0.001021347,
    "p25": 0.001068889,
    "p50": 0.001169499,
    "p75": 0.001231117,
    "p90": 0.001285045,
    "p95": 0.001348955,
    "p99": 0.001505124
  },
  "rps": {
    "mean": 42990.762985530295,
    "stddev": 2483.411123287101,
    "max": 54432.57789787085,
    "percentiles": {
      "p10": 40750.200171590826,
      "p25": 42756.250122660684,
      "p50": 43444.94854696746,
      "p75": 44127.23647364945,
      "p90": 44683.957613845276,
      "p95": 45188.88653982241,
      "p99": 46269.48751635114
    }
  },
  "details": {
    "DNSDialup": {
      "average": 0.00068955706,
      "fastest": 0.00006946,
      "slowest": 0.001194105
    },
    "DNSLookup": {
      "average": 0.000007044000000000001,
      "fastest": 0.000003407,
      "slowest": 0.000029255
    }
  },
  "statusCodeDistribution": {
    "200": 429973
  },
  "errorDistribution": {}
}