{
  "summary": {
    "successRate": 1,
    "total": 10.000686074,
    "slowest": 0.006238263,
    "fastest": 0.000303985,
    "average": 0.0012033225681233166,
    "requestsPerSec": 41489.55350960654,
    "totalData": 5394012,
    "sizePerRequest": 13,
    "sizePerSec": 539364.195624885
  },
  "responseTimeHistogram": {
    "0.000303985": 1,
    "0.0008974128": 1904,
    "0.0014908406": 402838,
    "0.0020842684000000004": 9513,
    "0.0026776962000000003": 467,
    "0.0032711240000000003": 57,
    "0.0038645518000000006": 30,
    "0.0044579796": 26,
    "0.0050514074": 11,
    "0.0056448352": 21,
    "0.006238263": 56
  },
  "latencyPercentiles": {
    "p10": 0.001051804,
    "p25": 0.001100618,
    "p50": 0.00121038,
    "p75": 0.001270491,
    "p90": 0.001348807,
    "p95": 0.00143136,
    "p99": 0.001557525
  },
  "rps": {
    "mean": 41488.71299499884,
    "stddev": 2560.4065190244282,
    "max": 53366.23582459286,
    "percentiles": {
      "p10": 38461.2495398915,
      "p25": 40999.24529153425,
      "p50": 42121.755886913335,
      "p75": 42930.72981640281,
      "p90": 43319.90983055963,
      "p95": 43642.31652602069,
      "p99": 44641.22740393645
    }
  },
  "details": {
    "DNSDialup": {
      "average": 0.0008002247600000002,
      "fastest": 0.000111951,
      "slowest": 0.001168893
    },
    "DNSLookup": {
      "average": 0.000007544559999999998,
      "fastest": 0.000003587,
      "slowest": 0.000024936
    }
  },
  "statusCodeDistribution": {
    "200": 414924
  },
  "errorDistribution": {}
}