{
  "summary": {
    "successRate": 1,
    "total": 10.000450161,
    "slowest": 0.006295109,
    "fastest": 0.000446765,
    "average": 0.0011878088743029244,
    "requestsPerSec": 42032.507860422906,
    "totalData": 5464472,
    "sizePerRequest": 13,
    "sizePerSec": 546422.6021854978
  },
  "responseTimeHistogram": {
    "0.000446765": 1,
    "0.0010315994": 26320,
    "0.0016164338": 392007,
    "0.0022012682": 1511,
    "0.0027861026": 317,
    "0.003370937": 49,
    "0.0039557714": 41,
    "0.0045406058": 20,
    "0.0051254402": 11,
    "0.005710274600000001": 11,
    "0.006295109": 56
  },
  "latencyPercentiles": {
    "p10": 0.00104881,
    "p25": 0.001093813,
    "p50": 0.001200798,
    "p75": 0.001258576,
    "p90": 0.001304722,
    "p95": 0.001348821,
    "p99": 0.001516155
  },
  "rps": {
    "mean": 42030.927105742085,
    "stddev": 2270.105978580627,
    "max": 58769.62087978296,
    "percentiles": {
      "p10": 40904.17222556705,
      "p25": 41931.82205976567,
      "p50": 42311.8938733682,
      "p75": 42919.202050997716,
      "p90": 43303.23475163529,
      "p95": 43612.442629882375,
      "p99": 44774.877450151296
    }
  },
  "details": {
    "DNSDialup": {
      "average": 0.0005887848,
      "fastest": 0.000066907,
      "slowest": 0.000887344
    },
    "DNSLookup": {
      "average": 0.000006028940000000001,
      "fastest": 0.000002986,
      "slowest": 0.00003195
    }
  },
  "statusCodeDistribution": {
    "200": 420344
  },
  "errorDistribution": {}
}