{
  "summary": {
    "successRate": 1,
    "total": 10.000622128,
    "slowest": 0.007265849,
    "fastest": 0.000275312,
    "average": 0.0011849360163243533,
    "requestsPerSec": 42130.77892627681,
    "totalData": 5477342,
    "sizePerRequest": 13,
    "sizePerSec": 547700.1260415986
  },
  "responseTimeHistogram": {
    "0.000275312": 1,
    "0.0009743657": 10418,
    "0.0016734194": 409124,
    "0.0023724730999999995": 1357,
    "0.0030715268": 247,
    "0.0037705804999999997": 37,
    "0.004469634199999999": 0,
    "0.0051686879": 18,
    "0.0058677415999999994": 37,
    "0.006566795299999999": 81,
    "0.007265849": 14
  },
  "latencyPercentiles": {
    "p10": 0.001042057,
    "p25": 0.001090592,
    "p50": 0.001192329,
    "p75": 0.001256127,
    "p90": 0.001310388,
    "p95": 0.001371442,
    "p99": 0.001527397
  },
  "rps": {
    "mean": 42126.811010304045,
    "stddev": 2600.486078199295,
    "max": 48545.146986695916,
    "percentiles": {
      "p10": 39952.24294514861,
      "p25": 41916.70448863746,
      "p50": 42526.25571027512,
      "p75": 43285.97672586684,
      "p90": 44006.52261061205,
      "p95": 44446.330046323616,
      "p99": 45566.905857558864
    }
  },
  "details": {
    "DNSDialup": {
      "average": 0.0004885839199999998,
      "fastest": 0.000067946,
      "slowest": 0.000827485
    },
    "DNSLookup": {
      "average": 0.000006283879999999999,
      "fastest": 0.000003336,
      "slowest": 0.000029996
    }
  },
  "statusCodeDistribution": {
    "200": 421334
  },
  "errorDistribution": {}
}