{
  "summary": {
    "successRate": 1,
    "total": 10.000396839,
    "slowest": 0.006537127,
    "fastest": 0.000464337,
    "average": 0.0011786771721399108,
    "requestsPerSec": 42355.71915987643,
    "totalData": 5506462,
    "sizePerRequest": 13,
    "sizePerSec": 550624.3490783935
  },
  "responseTimeHistogram": {
    "0.000464337": 1,
    "0.001071616": 82876,
    "0.001678895": 339195,
    "0.0022861739999999998": 1077,
    "0.002893453": 252,
    "0.003500732": 72,
    "0.004108011": 8,
    "0.0047152900000000005": 12,
    "0.005322568999999999": 9,
    "0.005929848": 22,
    "0.006537127": 50
  },
  "latencyPercentiles": {
    "p10": 0.001037081,
    "p25": 0.001087883,
    "p50": 0.001186925,
    "p75": 0.001254204,
    "p90": 0.001304373,
    "p95": 0.001347192,
    "p99": 0.001500861
  },
  "rps": {
    "mean": 42353.65354067737,
    "stddev": 2344.8857425007423,
    "max": 47574.55139268945,
    "percentiles": {
      "p10": 40791.47488242354,
      "p25": 41950.657395905175,
      "p50": 42561.98480789853,
      "p75": 43377.772007433894,
      "p90": 44173.86026409179,
      "p95": 44705.230511968846,
      "p99": 45904.200234319316
    }
  },
  "details": {
    "DNSDialup": {
      "average": 0.0008419285999999999,
      "fastest": 0.000311594,
      "slowest": 0.001200652
    },
    "DNSLookup": {
      "average": 0.0000072553600000000015,
      "fastest": 0.000003177,
      "slowest": 0.000035797
    }
  },
  "statusCodeDistribution": {
    "200": 423574
  },
  "errorDistribution": {}
}