{
  "summary": {
    "successRate": 1,
    "total": 10.000630734,
    "slowest": 0.006863915,
    "fastest": 0.000270748,
    "average": 0.001209270837495771,
    "requestsPerSec": 41287.39586356574,
    "totalData": 5367700,
    "sizePerRequest": 13,
    "sizePerSec": 536736.1462263546
  },
  "responseTimeHistogram": {
    "0.000270748": 1,
    "0.0009300647": 4799,
    "0.0015893814": 404656,
    "0.0022486981": 2812,
    "0.0029080148": 336,
    "0.0035673314999999997": 169,
    "0.0042266482000000005": 36,
    "0.0048859649": 14,
    "0.0055452816": 18,
    "0.0062045983": 18,
    "0.006863915": 41
  },
  "latencyPercentiles": {
    "p10": 0.001054127,
    "p25": 0.001105394,
    "p50": 0.001215009,
    "p75": 0.001279309,
    "p90": 0.001360913,
    "p95": 0.001444499,
    "p99": 0.001571779
  },
  "rps": {
    "mean": 41283.97678399726,
    "stddev": 2777.26272490946,
    "max": 51581.71352843569,
    "percentiles": {
      "p10": 37848.5969547308,
      "p25": 40747.18289935139,
      "p50": 41999.530487348486,
      "p75": 42776.81910963433,
      "p90": 43455.46953938754,
      "p95": 44015.27329983698,
      "p99": 45270.612395435106
    }
  },
  "details": {
    "DNSDialup": {
      "average": 0.0007483474999999999,
      "fastest": 0.000091273,
      "slowest": 0.001406029
    },
    "DNSLookup": {
      "average": 0.000009135020000000001,
      "fastest": 0.000003586,
      "slowest": 0.000145032
    }
  },
  "statusCodeDistribution": {
    "200": 412900
  },
  "errorDistribution": {}
}