{
  "summary": {
    "successRate": 1,
    "total": 10.000755983,
    "slowest": 0.006589047,
    "fastest": 0.000261764,
    "average": 0.0011988025483006346,
    "requestsPerSec": 41645.35168220993,
    "totalData": 5414305,
    "sizePerRequest": 13,
    "sizePerSec": 541389.5718687291
  },
  "responseTimeHistogram": {
    "0.000261764": 1,
    "0.0008944922999999999": 2852,
    "0.0015272206": 408633,
    "0.0021599488999999995": 4508,
    "0.0027926771999999996": 295,
    "0.0034254054999999996": 62,
    "0.0040581338": 24,
    "0.0046908621": 23,
    "0.0053235904": 10,
    "0.005956318699999999": 14,
    "0.006589047": 63
  },
  "latencyPercentiles": {
    "p10": 0.001052703,
    "p25": 0.001102671,
    "p50": 0.001207276,
    "p75": 0.001272108,
    "p90": 0.001328017,
    "p95": 0.001391155,
    "p99": 0.001543634
  },
  "rps": {
    "mean": 41648.44270327328,
    "stddev": 2428.7907125558763,
    "max": 50320.56417924108,
    "percentiles": {
      "p10": 39637.786702064164,
      "p25": 41140.27083640877,
      "p50": 42066.95376360991,
      "p75": 42754.62758767071,
      "p90": 43468.736251364695,
      "p95": 44030.98460386883,
      "p99": 44968.324872810445
    }
  },
  "details": {
    "DNSDialup": {
      "average": 0.00074373568,
      "fastest": 0.000075873,
      "slowest": 0.001311762
    },
    "DNSLookup": {
      "average": 0.0000072316,
      "fastest": 0.000002675,
      "slowest": 0.000028153
    }
  },
  "statusCodeDistribution": {
    "200": 416485
  },
  "errorDistribution": {}
}