{
  "summary": {
    "successRate": 1,
    "total": 10.000607072,
    "slowest": 0.007109237,
    "fastest": 0.000242657,
    "average": 0.0011762319632887684,
    "requestsPerSec": 42444.923287553,
    "totalData": 5518175,
    "sizePerRequest": 13,
    "sizePerSec": 551784.002738189
  },
  "responseTimeHistogram": {
    "0.000242657": 1,
    "0.0009293149999999999": 7362,
    "0.001615973": 415075,
    "0.002302631": 1563,
    "0.0029892889999999996": 297,
    "0.0036759469999999993": 61,
    "0.004362605": 16,
    "0.005049263": 11,
    "0.005735921": 22,
    "0.0064225789999999994": 61,
    "0.007109236999999999": 6
  },
  "latencyPercentiles": {
    "p10": 0.001031272,
    "p25": 0.001081226,
    "p50": 0.001182086,
    "p75": 0.001248128,
    "p90": 0.001307341,
    "p95": 0.001378497,
    "p99": 0.001516776
  },
  "rps": {
    "mean": 42446.13768028332,
    "stddev": 2641.301109392099,
    "max": 47261.55158663953,
    "percentiles": {
      "p10": 39736.54769477152,
      "p25": 42076.75565262988,
      "p50": 43032.46568286519,
      "p75": 43685.44909997377,
      "p90": 44383.24488122404,
      "p95": 44926.15600803028,
      "p99": 46334.990899289805
    }
  },
  "details": {
    "DNSDialup": {
      "average": 0.0006247034600000001,
      "fastest": 0.000073562,
      "slowest": 0.001238857
    },
    "DNSLookup": {
      "average": 0.000005657320000000001,
      "fastest": 0.000002655,
      "slowest": 0.000028403
    }
  },
  "statusCodeDistribution": {
    "200": 424475
  },
  "errorDistribution": {}
}