{
  "summary": {
    "successRate": 1,
    "total": 10.00061268,
    "slowest": 0.0090799,
    "fastest": 0.000314698,
    "average": 0.0012035825215368334,
    "requestsPerSec": 41482.158471114795,
    "totalData": 5393011,
    "sizePerRequest": 13,
    "sizePerSec": 539268.0601244923
  },
  "responseTimeHistogram": {
    "0.000314698": 1,
    "0.0011912182": 187444,
    "0.0020677383999999997": 226455,
    "0.0029442585999999997": 696,
    "0.0038207787999999998": 121,
    "0.004697299": 12,
    "0.0055738192": 18,
    "0.0064503393999999995": 59,
    "0.007326859599999999": 31,
    "0.0082033798": 0,
    "0.0090799": 10
  },
  "latencyPercentiles": {
    "p10": 0.001051936,
    "p25": 0.001103552,
    "p50": 0.001209246,
    "p75": 0.001273882,
    "p90": 0.001343711,
    "p95": 0.001420104,
    "p99": 0.001554319
  },
  "rps": {
    "mean": 41480.49693314974,
    "stddev": 2754.0810659250424,
    "max": 49534.75358311372,
    "percentiles": {
      "p10": 38403.00695544865,
      "p25": 40915.650236213776,
      "p50": 42099.43221160526,
      "p75": 42884.45461619566,
      "p90": 43501.375605712245,
      "p95": 44116.49515754158,
      "p99": 45665.00134937283
    }
  },
  "details": {
    "DNSDialup": {
      "average": 0.0007505967400000002,
      "fastest": 0.000075721,
      "slowest": 0.001681309
    },
    "DNSLookup": {
      "average": 0.000007138719999999999,
      "fastest": 0.000003456,
      "slowest": 0.000034084
    }
  },
  "statusCodeDistribution": {
    "200": 414847
  },
  "errorDistribution": {}
}