{
  "summary": {
    "successRate": 1,
    "total": 10.000662205,
    "slowest": 0.006671794,
    "fastest": 0.000135483,
    "average": 0.0011625686226776908,
    "requestsPerSec": 42943.45626285455,
    "totalData": 5583019,
    "sizePerRequest": 13,
    "sizePerSec": 558264.9314171091
  },
  "responseTimeHistogram": {
    "0.000135483": 1,
    "0.0007891141000000001": 744,
    "0.0014427452000000001": 418690,
    "0.0020963763": 9361,
    "0.0027500074": 448,
    "0.0034036385000000002": 119,
    "0.0040572696": 0,
    "0.0047109007": 11,
    "0.0053645318": 22,
    "0.0060181628999999995": 15,
    "0.006671794": 52
  },
  "latencyPercentiles": {
    "p10": 0.001022137,
    "p25": 0.001068373,
    "p50": 0.001170446,
    "p75": 0.001230545,
    "p90": 0.001285948,
    "p95": 0.001354607,
    "p99": 0.00150652
  },
  "rps": {
    "mean": 42942.51530419554,
    "stddev": 2537.962121610981,
    "max": 47167.33502143117,
    "percentiles": {
      "p10": 39959.51173109174,
      "p25": 42808.043631399414,
      "p50": 43459.2392890752,
      "p75": 44169.44725048719,
      "p90": 44750.64430416101,
      "p95": 45363.19092495815,
      "p99": 46294.09726158887
    }
  },
  "details": {
    "DNSDialup": {
      "average": 0.00061423448,
      "fastest": 0.000120598,
      "slowest": 0.000859974
    },
    "DNSLookup": {
      "average": 0.000007365159999999999,
      "fastest": 0.000003417,
      "slowest": 0.000033542
    }
  },
  "statusCodeDistribution": {
    "200": 429463
  },
  "errorDistribution": {}
}