{
  "summary": {
    "successRate": 1,
    "total": 10.000698989,
    "slowest": 0.006463117,
    "fastest": 0.000399373,
    "average": 0.0011830775582770939,
    "requestsPerSec": 42199.750283874884,
    "totalData": 5486351,
    "sizePerRequest": 13,
    "sizePerSec": 548596.7536903735
  },
  "responseTimeHistogram": {
    "0.000399373": 1,
    "0.0010057474000000001": 18983,
    "0.0016121218": 400865,
    "0.0022184962000000004": 1739,
    "0.0028248706000000004": 233,
    "0.0034312450000000003": 61,
    "0.0040376194": 54,
    "0.0046439938": 14,
    "0.0052503682": 8,
    "0.0058567426": 14,
    "0.006463117": 55
  },
  "latencyPercentiles": {
    "p10": 0.001039141,
    "p25": 0.001086307,
    "p50": 0.00119169,
    "p75": 0.001251175,
    "p90": 0.001309326,
    "p95": 0.001386824,
    "p99": 0.001530656
  },
  "rps": {
    "mean": 42199.00478739274,
    "stddev": 2519.489955195606,
    "max": 45858.873340008315,
    "percentiles": {
      "p10": 39614.21357983251,
      "p25": 41944.10842441915,
      "p50": 42846.728642258066,
      "p75": 43425.90305284033,
      "p90": 44134.09261358645,
      "p95": 44407.64441265321,
      "p99": 45241.649462494555
    }
  },
  "details": {
    "DNSDialup": {
      "average": 0.0007499631800000001,
      "fastest": 0.000086961,
      "slowest": 0.001102389
    },
    "DNSLookup": {
      "average": 0.000006498540000000001,
      "fastest": 0.000003276,
      "slowest": 0.000041908
    }
  },
  "statusCodeDistribution": {
    "200": 422027
  },
  "errorDistribution": {}
}