{
  "summary": {
    "successRate": 1,
    "total": 10.000695965,
    "slowest": 0.006168807,
    "fastest": 0.00051369,
    "average": 0.0011862779392461911,
    "requestsPerSec": 42084.97103331348,
    "totalData": 5471427,
    "sizePerRequest": 13,
    "sizePerSec": 547104.6234330753
  },
  "responseTimeHistogram": {
    "0.00051369": 1,
    "0.0010792017": 94927,
    "0.0016447134": 322442,
    "0.0022102251": 2960,
    "0.0027757368000000003": 314,
    "0.0033412485000000004": 78,
    "0.0039067602": 61,
    "0.0044722719": 0,
    "0.0050377836": 29,
    "0.0056032953": 13,
    "0.006168807": 54
  },
  "latencyPercentiles": {
    "p10": 0.001038515,
    "p25": 0.001086381,
    "p50": 0.001191812,
    "p75": 0.001253265,
    "p90": 0.001318659,
    "p95": 0.001394722,
    "p99": 0.001605809
  },
  "rps": {
    "mean": 42084.647047571365,
    "stddev": 2639.127883319546,
    "max": 48174.053154501635,
    "percentiles": {
      "p10": 39579.15038493985,
      "p25": 41874.77578712307,
      "p50": 42686.64736560629,
      "p75": 43344.5065839183,
      "p90": 44037.36129732695,
      "p95": 44409.02936496801,
      "p99": 45313.861510240844
    }
  },
  "details": {
    "DNSDialup": {
      "average": 0.0007177157800000001,
      "fastest": 0.00006902,
      "slowest": 0.001194242
    },
    "DNSLookup": {
      "average": 0.00000642324,
      "fastest": 0.000003526,
      "slowest": 0.000029696
    }
  },
  "statusCodeDistribution": {
    "200": 420879
  },
  "errorDistribution": {}
}