{
  "summary": {
    "successRate": 1,
    "total": 10.000669616,
    "slowest": 0.006997096,
    "fastest": 0.000393122,
    "average": 0.0011941836445771205,
    "requestsPerSec": 41807.40050957004,
    "totalData": 5435326,
    "sizePerRequest": 13,
    "sizePerSec": 543496.2066244105
  },
  "responseTimeHistogram": {
    "0.000393122": 1,
    "0.0010535193999999999": 41610,
    "0.0017139168": 374614,
    "0.0023743142": 1439,
    "0.0030347116": 254,
    "0.0036951090000000002": 84,
    "0.0043555064": 0,
    "0.0050159038": 12,
    "0.0056763012": 15,
    "0.0063366986": 61,
    "0.006997096": 12
  },
  "latencyPercentiles": {
    "p10": 0.001053706,
    "p25": 0.001100021,
    "p50": 0.001204719,
    "p75": 0.001267868,
    "p90": 0.001315121,
    "p95": 0.001359285,
    "p99": 0.001537846
  },
  "rps": {
    "mean": 41804.832467442306,
    "stddev": 2289.7069160194424,
    "max": 45998.83900952591,
    "percentiles": {
      "p10": 40916.292867820666,
      "p25": 41610.38179025174,
      "p50": 42125.325463489804,
      "p75": 42644.27064669279,
      "p90": 43265.10281389299,
      "p95": 43708.98597795371,
      "p99": 44498.12086458016
    }
  },
  "details": {
    "DNSDialup": {
      "average": 0.0006620472599999999,
      "fastest": 0.00008987,
      "slowest": 0.001211158
    },
    "DNSLookup": {
      "average": 0.0000057214800000000005,
      "fastest": 0.000002494,
      "slowest": 0.000038892
    }
  },
  "statusCodeDistribution": {
    "200": 418102
  },
  "errorDistribution": {}
}