{
  "summary": {
    "successRate": 1,
    "total": 10.000716274,
    "slowest": 0.006962855,
    "fastest": 0.000224803,
    "average": 0.0011703146116157426,
    "requestsPerSec": 42656.24464410238,
    "totalData": 5545709,
    "sizePerRequest": 13,
    "sizePerSec": 554531.180373331
  },
  "responseTimeHistogram": {
    "0.000224803": 1,
    "0.0008986082": 6429,
    "0.0015724134": 417232,
    "0.0022462186": 2421,
    "0.0029200238": 307,
    "0.003593829": 103,
    "0.0042676342": 2,
    "0.0049414394": 12,
    "0.0056152446": 14,
    "0.006289049800000001": 66,
    "0.006962855": 6
  },
  "latencyPercentiles": {
    "p10": 0.001026999,
    "p25": 0.001076748,
    "p50": 0.001177057,
    "p75": 0.001241989,
    "p90": 0.001300029,
    "p95": 0.001372079,
    "p99": 0.001528865
  },
  "rps": {
    "mean": 42649.837466563506,
    "stddev": 2856.337705446701,
    "max": 64605.507253894,
    "percentiles": {
      "p10": 39764.07053141971,
      "p25": 42213.1553278287,
      "p50": 43127.89209461724,
      "p75": 43921.69731847703,
      "p90": 44608.908399008375,
      "p95": 45278.71963426945,
      "p99": 46892.73729108613
    }
  },
  "details": {
    "DNSDialup": {
      "average": 0.00065234698,
      "fastest": 0.000110681,
      "slowest": 0.001094189
    },
    "DNSLookup": {
      "average": 0.000006442359999999999,
      "fastest": 0.000003206,
      "slowest": 0.000027141
    }
  },
  "statusCodeDistribution": {
    "200": 426593
  },
  "errorDistribution": {}
}