{
  "summary": {
    "successRate": 1,
    "total": 10.000656547,
    "slowest": 0.006490185,
    "fastest": 0.000147341,
    "average": 0.0011966006380811048,
    "requestsPerSec": 41723.46065870749,
    "totalData": 5424406,
    "sizePerRequest": 13,
    "sizePerSec": 542404.9885631973
  },
  "responseTimeHistogram": {
    "0.000147341": 1,
    "0.0007816254000000001": 1783,
    "0.0014159098000000002": 402979,
    "0.0020501942": 11438,
    "0.0026844786000000003": 589,
    "0.003318763": 206,
    "0.0039530474000000005": 87,
    "0.0045873318": 65,
    "0.0052216162": 42,
    "0.0058559006": 28,
    "0.006490185": 44
  },
  "latencyPercentiles": {
    "p10": 0.00105291,
    "p25": 0.001102613,
    "p50": 0.001205599,
    "p75": 0.001269985,
    "p90": 0.001322297,
    "p95": 0.001371437,
    "p99": 0.001549905
  },
  "rps": {
    "mean": 41717.753352467465,
    "stddev": 2356.800427407612,
    "max": 48253.956925841994,
    "percentiles": {
      "p10": 40645.668094164124,
      "p25": 41320.511501909496,
      "p50": 42046.5271982698,
      "p75": 42628.889598479254,
      "p90": 43259.21151465326,
      "p95": 43804.1570144993,
      "p99": 45202.41832938094
    }
  },
  "details": {
    "DNSDialup": {
      "average": 0.0007270645,
      "fastest": 0.000070739,
      "slowest": 0.001564661
    },
    "DNSLookup": {
      "average": 0.000006726599999999999,
      "fastest": 0.000003317,
      "slowest": 0.000033713
    }
  },
  "statusCodeDistribution": {
    "200": 417262
  },
  "errorDistribution": {}
}