{
  "summary": {
    "successRate": 1,
    "total": 10.000637132,
    "slowest": 0.007040689,
    "fastest": 0.000245723,
    "average": 0.001177206760055784,
    "requestsPerSec": 42408.39802525494,
    "totalData": 5513443,
    "sizePerRequest": 13,
    "sizePerSec": 551309.1743283143
  },
  "responseTimeHistogram": {
    "0.000245723": 1,
    "0.0009252196": 4335,
    "0.0016047162": 417612,
    "0.0022842128": 1839,
    "0.0029637094000000003": 161,
    "0.0036432060000000004": 63,
    "0.0043227026": 0,
    "0.0050021992": 14,
    "0.0056816958": 26,
    "0.0063611924": 54,
    "0.007040689": 6
  },
  "latencyPercentiles": {
    "p10": 0.001035975,
    "p25": 0.001082551,
    "p50": 0.001186024,
    "p75": 0.001247108,
    "p90": 0.001300212,
    "p95": 0.001365193,
    "p99": 0.001521104
  },
  "rps": {
    "mean": 42407.398317084415,
    "stddev": 2460.520588453475,
    "max": 47069.368582530165,
    "percentiles": {
      "p10": 39948.12393118594,
      "p25": 42112.47371471307,
      "p50": 43019.60403355717,
      "p75": 43479.988638578485,
      "p90": 44204.24455399169,
      "p95": 44614.780445656106,
      "p99": 45458.01384196094
    }
  },
  "details": {
    "DNSDialup": {
      "average": 0.0006501837799999998,
      "fastest": 0.000073788,
      "slowest": 0.001102478
    },
    "DNSLookup": {
      "average": 0.000006120639999999999,
      "fastest": 0.000003386,
      "slowest": 0.000033774
    }
  },
  "statusCodeDistribution": {
    "200": 424111
  },
  "errorDistribution": {}
}