{
  "summary": {
    "successRate": 1,
    "total": 10.000559306,
    "slowest": 0.010763796,
    "fastest": 0.000173049,
    "average": 0.0011975012989989006,
    "requestsPerSec": 41691.46817117031,
    "totalData": 5420194,
    "sizePerRequest": 13,
    "sizePerSec": 541989.086225214
  },
  "responseTimeHistogram": {
    "0.000173049": 1,
    "0.0012321237000000001": 250134,
    "0.0022911984000000005": 165932,
    "0.0033502731000000004": 571,
    "0.0044093478": 87,
    "0.0054684225": 47,
    "0.006527497200000001": 53,
    "0.007586571900000001": 7,
    "0.008645646600000001": 0,
    "0.009704721300000002": 63,
    "0.010763796": 43
  },
  "latencyPercentiles": {
    "p10": 0.001052534,
    "p25": 0.001099914,
    "p50": 0.001203321,
    "p75": 0.001265885,
    "p90": 0.001315106,
    "p95": 0.001365985,
    "p99": 0.001583731
  },
  "rps": {
    "mean": 41678.26899901913,
    "stddev": 3048.0412741204827,
    "max": 45502.539041679425,
    "percentiles": {
      "p10": 40558.01353525112,
      "p25": 41619.85266972568,
      "p50": 42209.28604293014,
      "p75": 42826.50103884359,
      "p90": 43315.87526828452,
      "p95": 43649.74761735933,
      "p99": 44431.121870610215
    }
  },
  "details": {
    "DNSDialup": {
      "average": 0.0007205179200000002,
      "fastest": 0.000110702,
      "slowest": 0.001355791
    },
    "DNSLookup": {
      "average": 0.00000812538,
      "fastest": 0.000002846,
      "slowest": 0.000036789
    }
  },
  "statusCodeDistribution": {
    "200": 416938
  },
  "errorDistribution": {}
}