{
  "summary": {
    "successRate": 1,
    "total": 10.000636653,
    "slowest": 0.007503398,
    "fastest": 0.000319659,
    "average": 0.0012041060250453076,
    "requestsPerSec": 41466.160044480916,
    "totalData": 5390944,
    "sizePerRequest": 13,
    "sizePerSec": 539060.080578252
  },
  "responseTimeHistogram": {
    "0.000319659": 1,
    "0.0010380329": 28341,
    "0.0017564068000000001": 384849,
    "0.0024747807": 1124,
    "0.0031931546": 223,
    "0.0039115285": 50,
    "0.0046299024": 12,
    "0.0053482763": 22,
    "0.0060666502": 33,
    "0.0067850241": 29,
    "0.007503398": 4
  },
  "latencyPercentiles": {
    "p10": 0.001054147,
    "p25": 0.001102743,
    "p50": 0.001211869,
    "p75": 0.001273225,
    "p90": 0.001342765,
    "p95": 0.00142558,
    "p99": 0.00155843
  },
  "rps": {
    "mean": 41466.242012334944,
    "stddev": 2605.3205567197474,
    "max": 45780.151889925786,
    "percentiles": {
      "p10": 38515.56184979228,
      "p25": 41092.25018334897,
      "p50": 42117.76126048026,
      "p75": 42862.5664883032,
      "p90": 43454.2458697962,
      "p95": 43917.940478688615,
      "p99": 44812.19788026227
    }
  },
  "details": {
    "DNSDialup": {
      "average": 0.0007547446999999999,
      "fastest": 0.000079889,
      "slowest": 0.001632452
    },
    "DNSLookup": {
      "average": 0.000007019760000000001,
      "fastest": 0.000003156,
      "slowest": 0.000040496
    }
  },
  "statusCodeDistribution": {
    "200": 414688
  },
  "errorDistribution": {}
}