{
  "summary": {
    "successRate": 1,
    "total": 10.000718003,
    "slowest": 0.006453963,
    "fastest": 0.000320331,
    "average": 0.001205574764066832,
    "requestsPerSec": 41411.726625604766,
    "totalData": 5383911,
    "sizePerRequest": 13,
    "sizePerSec": 538352.446132862
  },
  "responseTimeHistogram": {
    "0.000320331": 1,
    "0.0009336942": 3685,
    "0.0015470573999999998": 404790,
    "0.0021604206": 4783,
    "0.0027737838": 534,
    "0.003387147": 230,
    "0.0040005102": 21,
    "0.0046138734": 18,
    "0.0052272366": 21,
    "0.0058405997999999995": 1,
    "0.006453963": 63
  },
  "latencyPercentiles": {
    "p10": 0.001055483,
    "p25": 0.001105338,
    "p50": 0.001211522,
    "p75": 0.001274967,
    "p90": 0.001338739,
    "p95": 0.001415074,
    "p99": 0.00157723
  },
  "rps": {
    "mean": 41411.14158032913,
    "stddev": 2612.639584572844,
    "max": 46656.07243931107,
    "percentiles": {
      "p10": 38677.33558365106,
      "p25": 41114.20084497187,
      "p50": 42049.25692307663,
      "p75": 42666.36753469758,
      "p90": 43285.23425636264,
      "p95": 43628.148881659574,
      "p99": 44794.961109230644
    }
  },
  "details": {
    "DNSDialup": {
      "average": 0.0006223268999999999,
      "fastest": 0.000069871,
      "slowest": 0.001338919
    },
    "DNSLookup": {
      "average": 0.000007709439999999997,
      "fastest": 0.000003316,
      "slowest": 0.000041017
    }
  },
  "statusCodeDistribution": {
    "200": 414147
  },
  "errorDistribution": {}
}