{
  "summary": {
    "successRate": 1,
    "total": 10.000456689,
    "slowest": 0.006160555,
    "fastest": 0.000424632,
    "average": 0.0011605824098329615,
    "requestsPerSec": 43018.73538167573,
    "totalData": 5592691,
    "sizePerRequest": 13,
    "sizePerSec": 559243.5599617845
  },
  "responseTimeHistogram": {
    "0.000424632": 1,
    "0.0009982243": 22756,
    "0.0015718166": 404759,
    "0.0021454088999999996": 2218,
    "0.0027190011999999996": 291,
    "0.0032925934999999996": 57,
    "0.0038661857999999993": 30,
    "0.0044397781": 11,
    "0.0050133704": 20,
    "0.0055869627": 12,
    "0.006160555": 52
  },
  "latencyPercentiles": {
    "p10": 0.001022478,
    "p25": 0.001067815,
    "p50": 0.001171015,
    "p75": 0.001228461,
    "p90": 0.001277263,
    "p95": 0.001332485,
    "p99": 0.001512945
  },
  "rps": {
    "mean": 43015.9604439938,
    "stddev": 2404.081243781439,
    "max": 47534.69528141069,
    "percentiles": {
      "p10": 41243.615599774166,
      "p25": 42846.59899323606,
      "p50": 43423.118468273315,
      "p75": 44058.62829119705,
      "p90": 44557.99080728203,
      "p95": 45177.42121229494,
      "p99": 46238.84062612908
    }
  },
  "details": {
    "DNSDialup": {
      "average": 0.0005940181999999999,
      "fastest": 0.000083372,
      "slowest": 0.000954902
    },
    "DNSLookup": {
      "average": 0.000007458879999999999,
      "fastest": 0.000003427,
      "slowest": 0.000029906
    }
  },
  "statusCodeDistribution": {
    "200": 430207
  },
  "errorDistribution": {}
}