{
  "summary": {
    "successRate": 1,
    "total": 10.000550973,
    "slowest": 0.006813278,
    "fastest": 0.000323642,
    "average": 0.001239853185229116,
    "requestsPerSec": 40261.98167351714,
    "totalData": 5234346,
    "sizePerRequest": 13,
    "sizePerSec": 523405.76175572287
  },
  "responseTimeHistogram": {
    "0.000323642": 1,
    "0.0009726056000000001": 5525,
    "0.0016215692": 394525,
    "0.0022705328": 1841,
    "0.0029194964": 406,
    "0.00356846": 157,
    "0.0042174236": 92,
    "0.0048663872": 65,
    "0.0055153508": 22,
    "0.0061643144": 4,
    "0.006813278": 4
  },
  "latencyPercentiles": {
    "p10": 0.001094003,
    "p25": 0.001146903,
    "p50": 0.001248155,
    "p75": 0.001318968,
    "p90": 0.00136761,
    "p95": 0.001405532,
    "p99": 0.001559962
  },
  "rps": {
    "mean": 40259.50031593379,
    "stddev": 2185.9902805736933,
    "max": 44607.093808206904,
    "percentiles": {
      "p10": 39149.367352231005,
      "p25": 39894.91116229255,
      "p50": 40538.06241001515,
      "p75": 41102.429153560406,
      "p90": 41838.78342851207,
      "p95": 42194.69909108443,
      "p99": 43057.518406082316
    }
  },
  "details": {
    "DNSDialup": {
      "average": 0.0008062323800000002,
      "fastest": 0.000079819,
      "slowest": 0.001795223
    },
    "DNSLookup": {
      "average": 0.000007919559999999997,
      "fastest": 0.000004088,
      "slowest": 0.000030317
    }
  },
  "statusCodeDistribution": {
    "200": 402642
  },
  "errorDistribution": {}
}