{
  "summary": {
    "successRate": 1,
    "total": 10.000762438,
    "slowest": 0.005931848,
    "fastest": 0.00018165,
    "average": 0.0012328492025170932,
    "requestsPerSec": 40512.01121031968,
    "totalData": 5266963,
    "sizePerRequest": 13,
    "sizePerSec": 526656.1457341558
  },
  "responseTimeHistogram": {
    "0.00018165": 1,
    "0.0007566698": 6868,
    "0.0013316896": 295469,
    "0.0019067094": 95535,
    "0.0024817292000000003": 2057,
    "0.003056749": 3604,
    "0.0036317688": 710,
    "0.004206788600000001": 343,
    "0.0047818084": 252,
    "0.0053568282": 205,
    "0.005931848": 107
  },
  "latencyPercentiles": {
    "p10": 0.000939866,
    "p25": 0.001094155,
    "p50": 0.001248443,
    "p75": 0.001332961,
    "p90": 0.001398766,
    "p95": 0.001459249,
    "p99": 0.002728919
  },
  "rps": {
    "mean": 40493.55876537909,
    "stddev": 3680.143084195268,
    "max": 48881.05629749763,
    "percentiles": {
      "p10": 35605.416957987036,
      "p25": 40166.48498298365,
      "p50": 41261.99977643726,
      "p75": 42351.9023699804,
      "p90": 43356.592988625205,
      "p95": 44008.06849104896,
      "p99": 45585.833024497704
    }
  },
  "details": {
    "DNSDialup": {
      "average": 0.00067455822,
      "fastest": 0.000068446,
      "slowest": 0.001287516
    },
    "DNSLookup": {
      "average": 0.000008028340000000002,
      "fastest": 0.000003467,
      "slowest": 0.000029925
    }
  },
  "statusCodeDistribution": {
    "200": 405151
  },
  "errorDistribution": {}
}