{
  "summary": {
    "successRate": 1,
    "total": 10.000711568,
    "slowest": 0.008215732,
    "fastest": 0.000321228,
    "average": 0.0012056814837934833,
    "requestsPerSec": 41409.35344291893,
    "totalData": 5383599,
    "sizePerRequest": 13,
    "sizePerSec": 538321.5947579461
  },
  "responseTimeHistogram": {
    "0.000321228": 1,
    "0.0011106784": 104622,
    "0.0019001288000000001": 297119,
    "0.0026895792": 11445,
    "0.0034790296": 236,
    "0.00426848": 2,
    "0.0050579304000000005": 48,
    "0.0058473808": 99,
    "0.0066368312": 408,
    "0.0074262816": 57,
    "0.008215732": 86
  },
  "latencyPercentiles": {
    "p10": 0.000890909,
    "p25": 0.001107221,
    "p50": 0.001218831,
    "p75": 0.001278481,
    "p90": 0.001339648,
    "p95": 0.001427911,
    "p99": 0.002312241
  },
  "rps": {
    "mean": 41408.85552772522,
    "stddev": 3881.274036962431,
    "max": 49615.91182292159,
    "percentiles": {
      "p10": 37789.53853259749,
      "p25": 39812.27602436912,
      "p50": 42617.98052598352,
      "p75": 43580.00265796876,
      "p90": 44366.26989734461,
      "p95": 44848.790180580436,
      "p99": 45729.76003333445
    }
  },
  "details": {
    "DNSDialup": {
      "average": 0.0008911743599999998,
      "fastest": 0.000084736,
      "slowest": 0.00200415
    },
    "DNSLookup": {
      "average": 0.000045546740000000005,
      "fastest": 0.000003877,
      "slowest": 0.001918788
    }
  },
  "statusCodeDistribution": {
    "200": 414123
  },
  "errorDistribution": {}
}