{
  "summary": {
    "successRate": 1,
    "total": 10.00057581,
    "slowest": 0.009184734,
    "fastest": 0.000127242,
    "average": 0.001252581446290018,
    "requestsPerSec": 39852.50525289503,
    "totalData": 5181124,
    "sizePerRequest": 13,
    "sizePerSec": 518082.5682876354
  },
  "responseTimeHistogram": {
    "0.000127242": 1,
    "0.0010329912": 68440,
    "0.0019387404000000001": 325437,
    "0.0028444896": 1725,
    "0.0037502388": 893,
    "0.004655988": 1352,
    "0.0055617372": 22,
    "0.0064674864": 142,
    "0.0073732356": 186,
    "0.0082789848": 248,
    "0.009184734": 102
  },
  "latencyPercentiles": {
    "p10": 0.000936165,
    "p25": 0.001134812,
    "p50": 0.001271231,
    "p75": 0.001334578,
    "p90": 0.001397786,
    "p95": 0.001492923,
    "p99": 0.00217513
  },
  "rps": {
    "mean": 39849.54440209589,
    "stddev": 4519.35961181176,
    "max": 57418.04940543896,
    "percentiles": {
      "p10": 34655.559793460845,
      "p25": 39985.00356258154,
      "p50": 40971.63211409063,
      "p75": 41854.642237886066,
      "p90": 42821.929109898316,
      "p95": 43322.17970774401,
      "p99": 44801.78759132454
    }
  },
  "details": {
    "DNSDialup": {
      "average": 0.0005196496400000002,
      "fastest": 0.000070644,
      "slowest": 0.000944857
    },
    "DNSLookup": {
      "average": 0.000006155420000000003,
      "fastest": 0.000003506,
      "slowest": 0.000030578
    }
  },
  "statusCodeDistribution": {
    "200": 398548
  },
  "errorDistribution": {}
}