{
  "summary": {
    "successRate": 1,
    "total": 10.000709679,
    "slowest": 0.008248471,
    "fastest": 0.000256125,
    "average": 0.0011311949832655363,
    "requestsPerSec": 44133.26795465312,
    "totalData": 5737732,
    "sizePerRequest": 13,
    "sizePerSec": 573732.4834104906
  },
  "responseTimeHistogram": {
    "0.000256125": 1,
    "0.0010553596": 129194,
    "0.0018545942000000003": 307786,
    "0.0026538288000000003": 1021,
    "0.0034530634000000003": 966,
    "0.004252298000000001": 1508,
    "0.005051532600000001": 146,
    "0.005850767200000001": 91,
    "0.006650001800000001": 116,
    "0.007449236400000002": 124,
    "0.008248471": 411
  },
  "latencyPercentiles": {
    "p10": 0.000849941,
    "p25": 0.00101515,
    "p50": 0.001145932,
    "p75": 0.001209136,
    "p90": 0.001271542,
    "p95": 0.001348862,
    "p99": 0.001844885
  },
  "rps": {
    "mean": 44141.31723996101,
    "stddev": 4862.198565449237,
    "max": 51559.49461403631,
    "percentiles": {
      "p10": 38932.40700360724,
      "p25": 43996.33437374481,
      "p50": 45488.298567689024,
      "p75": 46454.24241840726,
      "p90": 47396.35835267168,
      "p95": 48050.53955750688,
      "p99": 49400.22975224119
    }
  },
  "details": {
    "DNSDialup": {
      "average": 0.0007832296799999999,
      "fastest": 0.000087163,
      "slowest": 0.001617723
    },
    "DNSLookup": {
      "average": 0.00000531614,
      "fastest": 0.000002444,
      "slowest": 0.000029235
    }
  },
  "statusCodeDistribution": {
    "200": 441364
  },
  "errorDistribution": {}
}