{
  "summary": {
    "successRate": 1,
    "total": 10.000700524,
    "slowest": 0.009242915,
    "fastest": 0.000343729,
    "average": 0.0010730352648024922,
    "requestsPerSec": 46524.2408652692,
    "totalData": 6048575,
    "sizePerRequest": 13,
    "sizePerSec": 604815.1312484997
  },
  "responseTimeHistogram": {
    "0.000343729": 1,
    "0.0012336476000000002": 421095,
    "0.0021235662000000004": 40171,
    "0.0030134848000000006": 1238,
    "0.0039034034000000007": 1815,
    "0.004793322000000001": 219,
    "0.005683240600000001": 93,
    "0.006573159200000001": 160,
    "0.007463077800000001": 433,
    "0.008352996400000002": 0,
    "0.009242915": 50
  },
  "latencyPercentiles": {
    "p10": 0.000804998,
    "p25": 0.000951868,
    "p50": 0.001079754,
    "p75": 0.001158235,
    "p90": 0.001229667,
    "p95": 0.001290097,
    "p99": 0.001772805
  },
  "rps": {
    "mean": 46562.29923613439,
    "stddev": 5454.0071190466515,
    "max": 89333.9515810712,
    "percentiles": {
      "p10": 40844.92178404801,
      "p25": 45917.39810214177,
      "p50": 47872.68030323874,
      "p75": 49254.16132326181,
      "p90": 50390.30982051804,
      "p95": 51310.0404640897,
      "p99": 53115.14844033483
    }
  },
  "details": {
    "DNSDialup": {
      "average": 0.0007725670600000001,
      "fastest": 0.000089426,
      "slowest": 0.001678782
    },
    "DNSLookup": {
      "average": 0.00000740264,
      "fastest": 0.000003386,
      "slowest": 0.000030277
    }
  },
  "statusCodeDistribution": {
    "200": 465275
  },
  "errorDistribution": {}
}