{
  "summary": {
    "successRate": 1,
    "total": 10.000685295,
    "slowest": 0.008625642,
    "fastest": 0.000220965,
    "average": 0.0012415709256615303,
    "requestsPerSec": 40205.24475467958,
    "totalData": 5227040,
    "sizePerRequest": 13,
    "sizePerSec": 522668.18181083456
  },
  "responseTimeHistogram": {
    "0.000220965": 1,
    "0.0010614327": 81199,
    "0.0019019004": 316275,
    "0.0027423681": 1283,
    "0.0035828357999999998": 1100,
    "0.0044233035": 1384,
    "0.0052637712": 161,
    "0.0061042388999999996": 207,
    "0.0069447065999999995": 24,
    "0.007785174299999999": 122,
    "0.008625642": 324
  },
  "latencyPercentiles": {
    "p10": 0.000933597,
    "p25": 0.001119444,
    "p50": 0.001258618,
    "p75": 0.001324683,
    "p90": 0.001390316,
    "p95": 0.00147819,
    "p99": 0.002179572
  },
  "rps": {
    "mean": 40213.4831034343,
    "stddev": 4542.254899958318,
    "max": 47721.07548106079,
    "percentiles": {
      "p10": 34307.1290214101,
      "p25": 40311.77103714019,
      "p50": 41268.107296243004,
      "p75": 42409.681396248096,
      "p90": 43411.664714307015,
      "p95": 44027.05903048321,
      "p99": 45412.825288281965
    }
  },
  "details": {
    "DNSDialup": {
      "average": 0.0008093945199999999,
      "fastest": 0.000078277,
      "slowest": 0.001687709
    },
    "DNSLookup": {
      "average": 0.000007344039999999997,
      "fastest": 0.000003095,
      "slowest": 0.00004323
    }
  },
  "statusCodeDistribution": {
    "200": 402080
  },
  "errorDistribution": {}
}