{
  "summary": {
    "successRate": 1,
    "total": 10.00058651,
    "slowest": 0.007877019,
    "fastest": 0.000189897,
    "average": 0.0012823282362078375,
    "requestsPerSec": 38920.217290335706,
    "totalData": 5059925,
    "sizePerRequest": 13,
    "sizePerSec": 505962.8247743642
  },
  "responseTimeHistogram": {
    "0.000189897": 1,
    "0.0009586092000000001": 34393,
    "0.0017273214000000003": 347040,
    "0.0024960336000000006": 2259,
    "0.0032647458000000006": 3866,
    "0.004033458": 1026,
    "0.004802170200000001": 241,
    "0.0055708824": 271,
    "0.006339594600000001": 94,
    "0.007108306800000001": 5,
    "0.007877019": 29
  },
  "latencyPercentiles": {
    "p10": 0.000975404,
    "p25": 0.001161214,
    "p50": 0.001303198,
    "p75": 0.00137417,
    "p90": 0.001432189,
    "p95": 0.001482105,
    "p99": 0.002967693
  },
  "rps": {
    "mean": 38913.02024891697,
    "stddev": 3786.972802395262,
    "max": 45125.179687648386,
    "percentiles": {
      "p10": 33714.622031575884,
      "p25": 38726.44241488026,
      "p50": 39932.261273882665,
      "p75": 40740.29622699689,
      "p90": 41610.16952543171,
      "p95": 42150.8403551946,
      "p99": 43411.087642276354
    }
  },
  "details": {
    "DNSDialup": {
      "average": 0.00081883506,
      "fastest": 0.000087895,
      "slowest": 0.001570784
    },
    "DNSLookup": {
      "average": 0.000009509119999999996,
      "fastest": 0.000003046,
      "slowest": 0.000163147
    }
  },
  "statusCodeDistribution": {
    "200": 389225
  },
  "errorDistribution": {}
}