{
  "summary": {
    "successRate": 1,
    "total": 10.000614988,
    "slowest": 0.007596601,
    "fastest": 0.000197431,
    "average": 0.0012798392052285174,
    "requestsPerSec": 39002.90136836933,
    "totalData": 5070689,
    "sizePerRequest": 13,
    "sizePerSec": 507037.71778880124
  },
  "responseTimeHistogram": {
    "0.000197431": 1,
    "0.000937348": 33587,
    "0.001677265": 346255,
    "0.002417182": 5186,
    "0.003157099": 3986,
    "0.003897016": 288,
    "0.004636932999999999": 0,
    "0.00537685": 7,
    "0.0061167669999999995": 351,
    "0.006856683999999999": 158,
    "0.007596601": 234
  },
  "latencyPercentiles": {
    "p10": 0.000958248,
    "p25": 0.001161018,
    "p50": 0.001303912,
    "p75": 0.001369739,
    "p90": 0.001431351,
    "p95": 0.00150554,
    "p99": 0.002622784
  },
  "rps": {
    "mean": 38997.86985748353,
    "stddev": 3754.892474919049,
    "max": 46681.20677061717,
    "percentiles": {
      "p10": 34688.04956357602,
      "p25": 38548.586638598936,
      "p50": 39879.45189432017,
      "p75": 40825.53132063835,
      "p90": 41683.662384833246,
      "p95": 42418.84559020685,
      "p99": 44107.99730305428
    }
  },
  "details": {
    "DNSDialup": {
      "average": 0.0005471567400000002,
      "fastest": 0.000072846,
      "slowest": 0.000926218
    },
    "DNSLookup": {
      "average": 0.000006189920000000002,
      "fastest": 0.000003206,
      "slowest": 0.000029264
    }
  },
  "statusCodeDistribution": {
    "200": 390053
  },
  "errorDistribution": {}
}