{
  "summary": {
    "successRate": 1,
    "total": 10.000876936,
    "slowest": 0.007600852,
    "fastest": 0.000182651,
    "average": 0.0012787501913673162,
    "requestsPerSec": 39034.07696126859,
    "totalData": 5074875,
    "sizePerRequest": 13,
    "sizePerSec": 507443.00049649173
  },
  "responseTimeHistogram": {
    "0.000182651": 1,
    "0.0009244711000000001": 30532,
    "0.0016662912000000002": 348166,
    "0.0024081112999999998": 5857,
    "0.0031499314": 4531,
    "0.0038917515000000003": 638,
    "0.0046335716": 0,
    "0.0053753917": 9,
    "0.0061172118": 148,
    "0.0068590319000000005": 80,
    "0.007600852000000001": 413
  },
  "latencyPercentiles": {
    "p10": 0.000958914,
    "p25": 0.001153727,
    "p50": 0.001297613,
    "p75": 0.001365362,
    "p90": 0.001428581,
    "p95": 0.001514138,
    "p99": 0.002808161
  },
  "rps": {
    "mean": 39036.367943970516,
    "stddev": 3981.967603684207,
    "max": 46028.044887749485,
    "percentiles": {
      "p10": 34219.36473850375,
      "p25": 38633.33283957399,
      "p50": 40106.92873660517,
      "p75": 41015.49975735751,
      "p90": 42021.615919228636,
      "p95": 42877.85602591363,
      "p99": 43831.578014035396
    }
  },
  "details": {
    "DNSDialup": {
      "average": 0.0008132181200000001,
      "fastest": 0.000084585,
      "slowest": 0.001661658
    },
    "DNSLookup": {
      "average": 0.00000690284,
      "fastest": 0.000003426,
      "slowest": 0.00003174
    }
  },
  "statusCodeDistribution": {
    "200": 390375
  },
  "errorDistribution": {}
}