{
  "summary": {
    "successRate": 1,
    "total": 10.000642192,
    "slowest": 0.007288926,
    "fastest": 0.000153432,
    "average": 0.0012413327894192075,
    "requestsPerSec": 40211.91762281979,
    "totalData": 5227885,
    "sizePerRequest": 13,
    "sizePerSec": 522754.9290966573
  },
  "responseTimeHistogram": {
    "0.000153432": 1,
    "0.0008669814": 22408,
    "0.0015805308": 367908,
    "0.0022940801999999996": 5955,
    "0.0030076295999999997": 4772,
    "0.003721179": 401,
    "0.0044347284": 0,
    "0.0051482778": 8,
    "0.0058618272": 145,
    "0.0065753766": 132,
    "0.007288926": 415
  },
  "latencyPercentiles": {
    "p10": 0.000934041,
    "p25": 0.001121291,
    "p50": 0.001261111,
    "p75": 0.00132777,
    "p90": 0.001389929,
    "p95": 0.001463374,
    "p99": 0.002662642
  },
  "rps": {
    "mean": 40219.34926195872,
    "stddev": 3925.0159057415417,
    "max": 48109.27051581887,
    "percentiles": {
      "p10": 35607.141889944774,
      "p25": 39897.542301265916,
      "p50": 41109.28492303844,
      "p75": 42166.47967185049,
      "p90": 43244.758324864,
      "p95": 43950.70152928771,
      "p99": 44864.74431251577
    }
  },
  "details": {
    "DNSDialup": {
      "average": 0.0007871613799999999,
      "fastest": 0.00008174,
      "slowest": 0.00174007
    },
    "DNSLookup": {
      "average": 0.0000069787399999999975,
      "fastest": 0.000003436,
      "slowest": 0.000035337
    }
  },
  "statusCodeDistribution": {
    "200": 402145
  },
  "errorDistribution": {}
}