{
  "summary": {
    "successRate": 1,
    "total": 10.000223197,
    "slowest": 0.007567354,
    "fastest": 0.000317972,
    "average": 0.0011866590776426704,
    "requestsPerSec": 42072.56095306129,
    "totalData": 5469555,
    "sizePerRequest": 13,
    "sizePerSec": 546943.2923897968
  },
  "responseTimeHistogram": {
    "0.000317972": 1,
    "0.0010429102": 94975,
    "0.0017678484": 313464,
    "0.0024927866": 10631,
    "0.0032177248": 207,
    "0.003942663": 7,
    "0.0046676012": 0,
    "0.0053925394": 155,
    "0.0061174776": 1099,
    "0.0068424157999999995": 136,
    "0.007567354": 60
  },
  "latencyPercentiles": {
    "p10": 0.000879477,
    "p25": 0.001077274,
    "p50": 0.001199134,
    "p75": 0.001260417,
    "p90": 0.001322795,
    "p95": 0.001417972,
    "p99": 0.002115331
  },
  "rps": {
    "mean": 42086.82120025179,
    "stddev": 4266.534841000907,
    "max": 49741.05128963405,
    "percentiles": {
      "p10": 39016.999798496705,
      "p25": 40943.69921016522,
      "p50": 43223.24546140623,
      "p75": 44159.67530889709,
      "p90": 45142.10140642638,
      "p95": 45854.62204668086,
      "p99": 47311.80429517182
    }
  },
  "details": {
    "DNSDialup": {
      "average": 0.0010745911000000004,
      "fastest": 0.000060684,
      "slowest": 0.002193612
    },
    "DNSLookup": {
      "average": 0.000049331,
      "fastest": 0.000002695,
      "slowest": 0.002145041
    }
  },
  "statusCodeDistribution": {
    "200": 420735
  },
  "errorDistribution": {}
}