{
  "summary": {
    "successRate": 1,
    "total": 10.000822452,
    "slowest": 0.007670532,
    "fastest": 0.000199979,
    "average": 0.0012529375084406173,
    "requestsPerSec": 39839.723373983164,
    "totalData": 5179590,
    "sizePerRequest": 13,
    "sizePerSec": 517916.4038617811
  },
  "responseTimeHistogram": {
    "0.000199979": 1,
    "0.0009470342999999999": 40985,
    "0.0016940896": 348014,
    "0.0024411448999999996": 4268,
    "0.0031882001999999996": 4278,
    "0.0039352555": 184,
    "0.0046823108": 0,
    "0.0054293661": 28,
    "0.0061764214": 185,
    "0.006923476699999999": 326,
    "0.007670532": 161
  },
  "latencyPercentiles": {
    "p10": 0.000942783,
    "p25": 0.001136174,
    "p50": 0.00127567,
    "p75": 0.001338149,
    "p90": 0.001395549,
    "p95": 0.001462107,
    "p99": 0.002644392
  },
  "rps": {
    "mean": 39838.00850571863,
    "stddev": 3848.261461700165,
    "max": 46894.760242023855,
    "percentiles": {
      "p10": 35145.449961509956,
      "p25": 39751.49010513329,
      "p50": 40729.19876259321,
      "p75": 41668.98021546798,
      "p90": 42711.301134392124,
      "p95": 43324.849826911726,
      "p99": 44438.04912731702
    }
  },
  "details": {
    "DNSDialup": {
      "average": 0.0008642201200000001,
      "fastest": 0.000100397,
      "slowest": 0.00163515
    },
    "DNSLookup": {
      "average": 0.000006630640000000002,
      "fastest": 0.000003406,
      "slowest": 0.000030697
    }
  },
  "statusCodeDistribution": {
    "200": 398430
  },
  "errorDistribution": {}
}