{
  "summary": {
    "successRate": 1,
    "total": 10.000446258,
    "slowest": 0.008675535,
    "fastest": 0.000429582,
    "average": 0.0011934247472104491,
    "requestsPerSec": 41832.93317189086,
    "totalData": 5438524,
    "sizePerRequest": 13,
    "sizePerSec": 543828.1312345811
  },
  "responseTimeHistogram": {
    "0.000429582": 1,
    "0.0012541773": 295723,
    "0.0020787726": 117339,
    "0.0029033679": 3794,
    "0.0037279632": 41,
    "0.0045525585000000006": 0,
    "0.0053771538": 187,
    "0.006201749100000001": 1113,
    "0.0070263444000000005": 55,
    "0.0078509397": 45,
    "0.008675535": 50
  },
  "latencyPercentiles": {
    "p10": 0.000887736,
    "p25": 0.00108833,
    "p50": 0.001205439,
    "p75": 0.001265452,
    "p90": 0.001327259,
    "p95": 0.001434679,
    "p99": 0.00211316
  },
  "rps": {
    "mean": 41833.62946470258,
    "stddev": 4242.402829274196,
    "max": 51463.486554781644,
    "percentiles": {
      "p10": 38571.62135760154,
      "p25": 40836.389913532315,
      "p50": 43015.23169354311,
      "p75": 43972.17304355327,
      "p90": 44800.93807845551,
      "p95": 45369.2351737753,
      "p99": 46381.601664997106
    }
  },
  "details": {
    "DNSDialup": {
      "average": 0.00077427852,
      "fastest": 0.000077372,
      "slowest": 0.001292764
    },
    "DNSLookup": {
      "average": 0.000007420140000000002,
      "fastest": 0.000003166,
      "slowest": 0.000043118
    }
  },
  "statusCodeDistribution": {
    "200": 418348
  },
  "errorDistribution": {}
}