{
  "summary": {
    "successRate": 1,
    "total": 10.000866649,
    "slowest": 0.00854384,
    "fastest": 0.000176832,
    "average": 0.001255634123125636,
    "requestsPerSec": 39756.75448484824,
    "totalData": 5168826,
    "sizePerRequest": 13,
    "sizePerSec": 516837.8083030272
  },
  "responseTimeHistogram": {
    "0.000176832": 1,
    "0.0010135328": 61552,
    "0.0018502336000000002": 331186,
    "0.0026869344000000003": 1504,
    "0.0035236352000000003": 1161,
    "0.004360336": 1324,
    "0.005197036800000001": 129,
    "0.0060337376": 222,
    "0.0068704384000000005": 77,
    "0.007707139200000001": 68,
    "0.00854384": 378
  },
  "latencyPercentiles": {
    "p10": 0.000940665,
    "p25": 0.001128781,
    "p50": 0.001276166,
    "p75": 0.001344716,
    "p90": 0.001409837,
    "p95": 0.001486151,
    "p99": 0.002109763
  },
  "rps": {
    "mean": 39759.785124757786,
    "stddev": 4388.059915374585,
    "max": 47235.81229528859,
    "percentiles": {
      "p10": 35058.67399356085,
      "p25": 39668.3285855199,
      "p50": 40811.47210480904,
      "p75": 41716.42637436514,
      "p90": 42804.75560835089,
      "p95": 43646.90909587,
      "p99": 44916.661687294305
    }
  },
  "details": {
    "DNSDialup": {
      "average": 0.0008752877599999998,
      "fastest": 0.000095278,
      "slowest": 0.001984462
    },
    "DNSLookup": {
      "average": 0.000006421780000000001,
      "fastest": 0.000003306,
      "slowest": 0.000039914
    }
  },
  "statusCodeDistribution": {
    "200": 397602
  },
  "errorDistribution": {}
}