{
  "summary": {
    "successRate": 1,
    "total": 10.000630277,
    "slowest": 0.009541916,
    "fastest": 0.000202404,
    "average": 0.0011542124387313253,
    "requestsPerSec": 43252.673883446274,
    "totalData": 5623202,
    "sizePerRequest": 13,
    "sizePerSec": 562284.7604848015
  },
  "responseTimeHistogram": {
    "0.000202404": 1,
    "0.0011363552": 180178,
    "0.0020703064": 248098,
    "0.0030042576": 1318,
    "0.0039382088": 1583,
    "0.0048721599999999995": 676,
    "0.0058061112": 0,
    "0.0067400624": 105,
    "0.0076740136": 204,
    "0.0086079648": 341,
    "0.009541916": 50
  },
  "latencyPercentiles": {
    "p10": 0.000861225,
    "p25": 0.001033641,
    "p50": 0.001162769,
    "p75": 0.001231141,
    "p90": 0.001309381,
    "p95": 0.001395385,
    "p99": 0.002038773
  },
  "rps": {
    "mean": 43238.025489217805,
    "stddev": 5265.2969857050175,
    "max": 51079.57861896287,
    "percentiles": {
      "p10": 37546.398801771174,
      "p25": 42814.67243132912,
      "p50": 44516.46218771993,
      "p75": 45934.331319225945,
      "p90": 47004.60301173457,
      "p95": 47672.23296739485,
      "p99": 49049.69236395014
    }
  },
  "details": {
    "DNSDialup": {
      "average": 0.0007448274399999997,
      "fastest": 0.000072016,
      "slowest": 0.001686875
    },
    "DNSLookup": {
      "average": 0.0000065991999999999994,
      "fastest": 0.000003406,
      "slowest": 0.000026209
    }
  },
  "statusCodeDistribution": {
    "200": 432554
  },
  "errorDistribution": {}
}