{
  "summary": {
    "successRate": 1,
    "total": 10.000750071,
    "slowest": 0.008520583,
    "fastest": 0.000149671,
    "average": 0.0012401600850690283,
    "requestsPerSec": 40250.180950652415,
    "totalData": 5232916,
    "sizePerRequest": 13,
    "sizePerSec": 523252.3523584814
  },
  "responseTimeHistogram": {
    "0.000149671": 1,
    "0.0009867622": 56867,
    "0.0018238534": 340804,
    "0.0026609446": 1528,
    "0.0034980358": 1182,
    "0.004335126999999999": 1303,
    "0.005172218199999999": 148,
    "0.006009309399999999": 130,
    "0.006846400599999999": 115,
    "0.007683491799999999": 204,
    "0.008520583": 250
  },
  "latencyPercentiles": {
    "p10": 0.000934036,
    "p25": 0.001124918,
    "p50": 0.001263105,
    "p75": 0.001324892,
    "p90": 0.001382085,
    "p95": 0.00144868,
    "p99": 0.002097858
  },
  "rps": {
    "mean": 40253.2517679037,
    "stddev": 4283.567205344801,
    "max": 55866.699252239465,
    "percentiles": {
      "p10": 35403.09166653942,
      "p25": 40302.87359488968,
      "p50": 41211.11875983986,
      "p75": 42120.04646832129,
      "p90": 43127.26139505689,
      "p95": 43824.12093688293,
      "p99": 44795.02817276762
    }
  },
  "details": {
    "DNSDialup": {
      "average": 0.0005250944400000002,
      "fastest": 0.000075381,
      "slowest": 0.001110324
    },
    "DNSLookup": {
      "average": 0.000005953020000000002,
      "fastest": 0.000003387,
      "slowest": 0.00003197
    }
  },
  "statusCodeDistribution": {
    "200": 402532
  },
  "errorDistribution": {}
}