{
  "summary": {
    "successRate": 1,
    "total": 10.00061145,
    "slowest": 0.009006056,
    "fastest": 0.000181441,
    "average": 0.0012871093002003078,
    "requestsPerSec": 38782.72863005792,
    "totalData": 5042063,
    "sizePerRequest": 13,
    "sizePerSec": 504175.4721907529
  },
  "responseTimeHistogram": {
    "0.000181441": 1,
    "0.0010639025000000002": 66680,
    "0.0019463640000000003": 314358,
    "0.0028288255000000007": 3603,
    "0.0037112870000000006": 2432,
    "0.0045937485000000005": 119,
    "0.005476210000000001": 8,
    "0.006358671500000001": 3,
    "0.007241133000000001": 259,
    "0.008123594500000001": 338,
    "0.009006056": 50
  },
  "latencyPercentiles": {
    "p10": 0.000961318,
    "p25": 0.001166332,
    "p50": 0.001308377,
    "p75": 0.001374887,
    "p90": 0.001435065,
    "p95": 0.00150225,
    "p99": 0.002782657
  },
  "rps": {
    "mean": 38785.86760821073,
    "stddev": 4046.167895048387,
    "max": 48507.40023486038,
    "percentiles": {
      "p10": 34173.680908744915,
      "p25": 38526.48695978381,
      "p50": 39803.156390300384,
      "p75": 40703.26283460292,
      "p90": 41577.87952614012,
      "p95": 42212.76264917641,
      "p99": 43754.751969576406
    }
  },
  "details": {
    "DNSDialup": {
      "average": 0.0011001467599999995,
      "fastest": 0.000106891,
      "slowest": 0.001633806
    },
    "DNSLookup": {
      "average": 0.000005900379999999998,
      "fastest": 0.000003166,
      "slowest": 0.000029496
    }
  },
  "statusCodeDistribution": {
    "200": 387851
  },
  "errorDistribution": {}
}