{
  "summary": {
    "successRate": 1,
    "total": 10.000604661,
    "slowest": 0.011206263,
    "fastest": 0.000231169,
    "average": 0.0012677599442129988,
    "requestsPerSec": 39368.81952102196,
    "totalData": 5118256,
    "sizePerRequest": 13,
    "sizePerSec": 511794.65377328545
  },
  "responseTimeHistogram": {
    "0.000231169": 1,
    "0.0013286784": 255511,
    "0.0024261877999999996": 132802,
    "0.0035236971999999993": 4666,
    "0.0046212065999999994": 81,
    "0.0057187159999999996": 4,
    "0.006816225399999999": 169,
    "0.007913734799999999": 428,
    "0.009011244199999999": 0,
    "0.0101087536": 0,
    "0.011206263": 50
  },
  "latencyPercentiles": {
    "p10": 0.00095566,
    "p25": 0.001139869,
    "p50": 0.001287211,
    "p75": 0.001356636,
    "p90": 0.00142026,
    "p95": 0.001490912,
    "p99": 0.002669543
  },
  "rps": {
    "mean": 39381.142241673755,
    "stddev": 4127.658652124632,
    "max": 47113.77135536524,
    "percentiles": {
      "p10": 34958.50305486147,
      "p25": 39092.76713641424,
      "p50": 40321.64465885398,
      "p75": 41277.61429816439,
      "p90": 42472.51476770769,
      "p95": 43171.79351794597,
      "p99": 44960.89006066517
    }
  },
  "details": {
    "DNSDialup": {
      "average": 0.0012035591400000006,
      "fastest": 0.000097502,
      "slowest": 0.002441098
    },
    "DNSLookup": {
      "average": 0.00001025038,
      "fastest": 0.000004238,
      "slowest": 0.000170553
    }
  },
  "statusCodeDistribution": {
    "200": 393712
  },
  "errorDistribution": {}
}