{
  "summary": {
    "successRate": 1,
    "total": 10.000648126,
    "slowest": 0.008450245,
    "fastest": 0.000215593,
    "average": 0.0012563422069323377,
    "requestsPerSec": 39733.12479287605,
    "totalData": 5165641,
    "sizePerRequest": 13,
    "sizePerSec": 516530.62230738864
  },
  "responseTimeHistogram": {
    "0.000215593": 1,
    "0.0010390582": 69999,
    "0.0018625234000000002": 322708,
    "0.0026859886000000005": 1307,
    "0.0035094538000000003": 878,
    "0.004332919": 1566,
    "0.005156384200000001": 158,
    "0.005979849400000001": 145,
    "0.006803314600000001": 113,
    "0.0076267798000000005": 101,
    "0.008450245": 381
  },
  "latencyPercentiles": {
    "p10": 0.00094306,
    "p25": 0.00112974,
    "p50": 0.001272801,
    "p75": 0.001342334,
    "p90": 0.001409702,
    "p95": 0.001514684,
    "p99": 0.00218
  },
  "rps": {
    "mean": 39731.13605641977,
    "stddev": 4637.284029001755,
    "max": 52749.29968093093,
    "percentiles": {
      "p10": 34233.379110252914,
      "p25": 39746.10946158624,
      "p50": 40892.68217842152,
      "p75": 41846.154846210775,
      "p90": 43025.91020312139,
      "p95": 43641.19292200122,
      "p99": 45502.04146136285
    }
  },
  "details": {
    "DNSDialup": {
      "average": 0.00081213232,
      "fastest": 0.000098614,
      "slowest": 0.001271831
    },
    "DNSLookup": {
      "average": 0.000006647199999999999,
      "fastest": 0.000003597,
      "slowest": 0.000030507
    }
  },
  "statusCodeDistribution": {
    "200": 397357
  },
  "errorDistribution": {}
}