{
  "summary": {
    "successRate": 1,
    "total": 10.000453678,
    "slowest": 0.008550273,
    "fastest": 0.000363247,
    "average": 0.001182847898650809,
    "requestsPerSec": 42207.58513471913,
    "totalData": 5487235,
    "sizePerRequest": 13,
    "sizePerSec": 548698.6067513487
  },
  "responseTimeHistogram": {
    "0.000363247": 1,
    "0.0011819496": 186819,
    "0.0020006522": 228914,
    "0.0028193548000000003": 4824,
    "0.0036380574000000002": 87,
    "0.00445676": 0,
    "0.0052754626": 102,
    "0.0060941651999999995": 1195,
    "0.0069128678": 14,
    "0.0077315704": 87,
    "0.008550273": 52
  },
  "latencyPercentiles": {
    "p10": 0.000876716,
    "p25": 0.001073634,
    "p50": 0.00119747,
    "p75": 0.001258484,
    "p90": 0.001318392,
    "p95": 0.001415522,
    "p99": 0.002054537
  },
  "rps": {
    "mean": 42215.97289322626,
    "stddev": 4278.491865211803,
    "max": 51934.72355617007,
    "percentiles": {
      "p10": 39325.28274727412,
      "p25": 41206.88154921804,
      "p50": 43232.818032169744,
      "p75": 44341.197055579476,
      "p90": 45274.92171894232,
      "p95": 45879.083381793054,
      "p99": 46954.49604446409
    }
  },
  "details": {
    "DNSDialup": {
      "average": 0.0008325616999999997,
      "fastest": 0.000076096,
      "slowest": 0.001755392
    },
    "DNSLookup": {
      "average": 0.00000688252,
      "fastest": 0.000002866,
      "slowest": 0.000028514
    }
  },
  "statusCodeDistribution": {
    "200": 422095
  },
  "errorDistribution": {}
}