{
  "summary": {
    "successRate": 1,
    "total": 10.000741349,
    "slowest": 0.007354875,
    "fastest": 0.000327102,
    "average": 0.0011893804990637745,
    "requestsPerSec": 41973.48829964225,
    "totalData": 5456958,
    "sizePerRequest": 13,
    "sizePerSec": 545655.3478953493
  },
  "responseTimeHistogram": {
    "0.000327102": 1,
    "0.0010298793000000001": 93061,
    "0.0017326566000000002": 313785,
    "0.0024354339": 11633,
    "0.0031382112": 529,
    "0.0038409885": 11,
    "0.0045437658": 50,
    "0.0052465431": 124,
    "0.0059493204": 427,
    "0.006652097700000001": 83,
    "0.007354875": 62
  },
  "latencyPercentiles": {
    "p10": 0.000888192,
    "p25": 0.001064878,
    "p50": 0.001204041,
    "p75": 0.001271835,
    "p90": 0.001345185,
    "p95": 0.001474313,
    "p99": 0.002175494
  },
  "rps": {
    "mean": 41981.08099247891,
    "stddev": 3850.997158965644,
    "max": 53932.161450994296,
    "percentiles": {
      "p10": 38203.40392329039,
      "p25": 40403.70479412629,
      "p50": 42818.70459010395,
      "p75": 44180.28729132939,
      "p90": 45517.99781633692,
      "p95": 46028.80807476804,
      "p99": 47339.695078088684
    }
  },
  "details": {
    "DNSDialup": {
      "average": 0.0005584848999999998,
      "fastest": 0.000076094,
      "slowest": 0.000864514
    },
    "DNSLookup": {
      "average": 0.00000619854,
      "fastest": 0.000003186,
      "slowest": 0.000030037
    }
  },
  "statusCodeDistribution": {
    "200": 419766
  },
  "errorDistribution": {}
}