{
  "summary": {
    "successRate": 1,
    "total": 10.000589892,
    "slowest": 0.00732563,
    "fastest": 0.000372065,
    "average": 0.0011958781667724624,
    "requestsPerSec": 41744.837505431424,
    "totalData": 5427149,
    "sizePerRequest": 13,
    "sizePerSec": 542682.8875706085
  },
  "responseTimeHistogram": {
    "0.000372065": 1,
    "0.0010674215": 106229,
    "0.001762778": 298093,
    "0.0024581345": 11817,
    "0.003153491": 536,
    "0.0038488475": 145,
    "0.004544204": 2,
    "0.0052395605000000005": 4,
    "0.005934917": 430,
    "0.0066302735000000005": 148,
    "0.00732563": 68
  },
  "latencyPercentiles": {
    "p10": 0.000892885,
    "p25": 0.001062291,
    "p50": 0.001211093,
    "p75": 0.001283164,
    "p90": 0.001353658,
    "p95": 0.001469865,
    "p99": 0.002207418
  },
  "rps": {
    "mean": 41752.47046390599,
    "stddev": 3969.3660996043936,
    "max": 52776.780154235275,
    "percentiles": {
      "p10": 38216.7427550022,
      "p25": 40283.12019020028,
      "p50": 42528.96056712789,
      "p75": 43991.722308149,
      "p90": 45274.05423609876,
      "p95": 46103.409948514556,
      "p99": 47521.89405252947
    }
  },
  "details": {
    "DNSDialup": {
      "average": 0.00072821428,
      "fastest": 0.00009068,
      "slowest": 0.001627801
    },
    "DNSLookup": {
      "average": 0.00000676658,
      "fastest": 0.000003006,
      "slowest": 0.000036478
    }
  },
  "statusCodeDistribution": {
    "200": 417473
  },
  "errorDistribution": {}
}