{
  "summary": {
    "successRate": 1,
    "total": 10.000628539,
    "slowest": 0.009213311,
    "fastest": 0.000184805,
    "average": 0.0011157969166804638,
    "requestsPerSec": 44740.58787956348,
    "totalData": 5816642,
    "sizePerRequest": 13,
    "sizePerSec": 581627.6424343253
  },
  "responseTimeHistogram": {
    "0.000184805": 1,
    "0.0010876556": 174117,
    "0.0019905062": 269060,
    "0.0028933568000000004": 1222,
    "0.0037962074000000004": 652,
    "0.004699058": 1526,
    "0.0056019086": 120,
    "0.0065047592": 194,
    "0.0074076098": 83,
    "0.0083104604": 400,
    "0.009213311": 59
  },
  "latencyPercentiles": {
    "p10": 0.000841839,
    "p25": 0.000992081,
    "p50": 0.001126392,
    "p75": 0.00119463,
    "p90": 0.001257113,
    "p95": 0.001325233,
    "p99": 0.001914733
  },
  "rps": {
    "mean": 44756.32895836136,
    "stddev": 5209.61394917086,
    "max": 51290.50985407507,
    "percentiles": {
      "p10": 39805.485195859495,
      "p25": 44564.19918534647,
      "p50": 46110.65156050816,
      "p75": 47232.36920044156,
      "p90": 48413.870573920016,
      "p95": 49011.088037914444,
      "p99": 50228.550132952754
    }
  },
  "details": {
    "DNSDialup": {
      "average": 0.0008791809600000002,
      "fastest": 0.000146857,
      "slowest": 0.001496416
    },
    "DNSLookup": {
      "average": 0.000007163519999999999,
      "fastest": 0.000003436,
      "slowest": 0.000033432
    }
  },
  "statusCodeDistribution": {
    "200": 447434
  },
  "errorDistribution": {}
}