{
  "summary": {
    "successRate": 1,
    "total": 10.000646249,
    "slowest": 0.010412044,
    "fastest": 0.000154178,
    "average": 0.0011493636618128413,
    "requestsPerSec": 43433.79309546458,
    "totalData": 5646758,
    "sizePerRequest": 13,
    "sizePerSec": 564639.3102410396
  },
  "responseTimeHistogram": {
    "0.000154178": 1,
    "0.0011799646000000001": 245173,
    "0.0022057512000000002": 185156,
    "0.0032315378000000003": 1486,
    "0.0042573244": 1820,
    "0.005283111": 100,
    "0.0063088976": 105,
    "0.0073346842": 127,
    "0.0083604708": 348,
    "0.0093862574": 0,
    "0.010412044": 50
  },
  "latencyPercentiles": {
    "p10": 0.000861158,
    "p25": 0.001027623,
    "p50": 0.001161942,
    "p75": 0.001230307,
    "p90": 0.001299928,
    "p95": 0.001382796,
    "p99": 0.002020433
  },
  "rps": {
    "mean": 43442.390027985435,
    "stddev": 4997.788444276425,
    "max": 54131.72261610119,
    "percentiles": {
      "p10": 38404.005537775556,
      "p25": 43012.36175276765,
      "p50": 44630.28611215583,
      "p75": 45959.02269347899,
      "p90": 46986.374759684615,
      "p95": 47600.93297828848,
      "p99": 49261.75838313874
    }
  },
  "details": {
    "DNSDialup": {
      "average": 0.0008055298600000001,
      "fastest": 0.000122241,
      "slowest": 0.001091027
    },
    "DNSLookup": {
      "average": 0.000006792259999999998,
      "fastest": 0.000003747,
      "slowest": 0.000025748
    }
  },
  "statusCodeDistribution": {
    "200": 434366
  },
  "errorDistribution": {}
}