{
  "summary": {
    "successRate": 1,
    "total": 10.000413853,
    "slowest": 0.007299886,
    "fastest": 0.000202684,
    "average": 0.0011907200254906388,
    "requestsPerSec": 41927.36482342857,
    "totalData": 5450783,
    "sizePerRequest": 13,
    "sizePerSec": 545055.7427045715
  },
  "responseTimeHistogram": {
    "0.000202684": 1,
    "0.0009124042": 50094,
    "0.0016221244": 354919,
    "0.0023318446": 12947,
    "0.0030415648": 581,
    "0.003751285": 60,
    "0.0044610052": 39,
    "0.0051707254": 157,
    "0.0058804456": 280,
    "0.0065901658": 165,
    "0.007299886": 48
  },
  "latencyPercentiles": {
    "p10": 0.000887425,
    "p25": 0.001088535,
    "p50": 0.001207799,
    "p75": 0.001271163,
    "p90": 0.001339271,
    "p95": 0.001463686,
    "p99": 0.002094438
  },
  "rps": {
    "mean": 41934.21556074523,
    "stddev": 3552.8843457003068,
    "max": 48334.1335651199,
    "percentiles": {
      "p10": 38636.5847971804,
      "p25": 40633.43725551696,
      "p50": 42933.76617158954,
      "p75": 43868.41278974572,
      "p90": 44780.18651449187,
      "p95": 45320.69353896307,
      "p99": 46760.75156843788
    }
  },
  "details": {
    "DNSDialup": {
      "average": 0.0009716619799999997,
      "fastest": 0.000548755,
      "slowest": 0.001336898
    },
    "DNSLookup": {
      "average": 0.00000641816,
      "fastest": 0.000002565,
      "slowest": 0.000035727
    }
  },
  "statusCodeDistribution": {
    "200": 419291
  },
  "errorDistribution": {}
}