{
  "summary": {
    "successRate": 1,
    "total": 10.000756817,
    "slowest": 0.007064738,
    "fastest": 0.000445471,
    "average": 0.0012020015150393459,
    "requestsPerSec": 41531.15685144652,
    "totalData": 5399459,
    "sizePerRequest": 13,
    "sizePerSec": 539905.0390688047
  },
  "responseTimeHistogram": {
    "0.000445471": 1,
    "0.0011073977": 111331,
    "0.0017693244": 291796,
    "0.0024312511": 11163,
    "0.0030931778": 352,
    "0.0037551045": 0,
    "0.0044170312": 27,
    "0.0050789579": 96,
    "0.0057408846": 307,
    "0.0064028113": 220,
    "0.007064738": 50
  },
  "latencyPercentiles": {
    "p10": 0.000902462,
    "p25": 0.00108858,
    "p50": 0.001218764,
    "p75": 0.001285303,
    "p90": 0.001359767,
    "p95": 0.001464865,
    "p99": 0.002138707
  },
  "rps": {
    "mean": 41535.93902096696,
    "stddev": 3567.0975669539744,
    "max": 48627.10010249412,
    "percentiles": {
      "p10": 38203.27880689926,
      "p25": 40082.15934001226,
      "p50": 42311.415619932675,
      "p75": 43553.4480133014,
      "p90": 44719.31783266298,
      "p95": 45466.288403207414,
      "p99": 46523.24301220747
    }
  },
  "details": {
    "DNSDialup": {
      "average": 0.00062314922,
      "fastest": 0.000070414,
      "slowest": 0.001462038
    },
    "DNSLookup": {
      "average": 0.000005414679999999999,
      "fastest": 0.000002655,
      "slowest": 0.000030407
    }
  },
  "statusCodeDistribution": {
    "200": 415343
  },
  "errorDistribution": {}
}