{
  "summary": {
    "successRate": 1,
    "total": 10.000689468,
    "slowest": 0.010154266,
    "fastest": 0.000279882,
    "average": 0.0013108338874248478,
    "requestsPerSec": 38073.27496952534,
    "totalData": 4949867,
    "sizePerRequest": 13,
    "sizePerSec": 494952.57460382936
  },
  "responseTimeHistogram": {
    "0.000279882": 1,
    "0.0012673203999999999": 133244,
    "0.0022547587999999998": 241834,
    "0.0032421971999999997": 4861,
    "0.0042296356": 218,
    "0.005217074": 1,
    "0.0062045124": 58,
    "0.007191950799999999": 270,
    "0.0081793892": 173,
    "0.0091668276": 49,
    "0.010154266": 50
  },
  "latencyPercentiles": {
    "p10": 0.000996048,
    "p25": 0.00118467,
    "p50": 0.001333258,
    "p75": 0.001406215,
    "p90": 0.001467844,
    "p95": 0.001524581,
    "p99": 0.002731293
  },
  "rps": {
    "mean": 38075.991580087095,
    "stddev": 3742.3472315929093,
    "max": 45895.14982461672,
    "percentiles": {
      "p10": 33915.5747535347,
      "p25": 37693.16242023691,
      "p50": 38894.899665694975,
      "p75": 39942.367988931175,
      "p90": 40845.451587005424,
      "p95": 41388.4869584054,
      "p99": 42400.24168137589
    }
  },
  "details": {
    "DNSDialup": {
      "average": 0.00086408854,
      "fastest": 0.000094717,
      "slowest": 0.00136842
    },
    "DNSLookup": {
      "average": 0.000006344899999999999,
      "fastest": 0.000002734,
      "slowest": 0.000043611
    }
  },
  "statusCodeDistribution": {
    "200": 380759
  },
  "errorDistribution": {}
}