{
  "summary": {
    "successRate": 1,
    "total": 10.00074509,
    "slowest": 0.008442684,
    "fastest": 0.00019762,
    "average": 0.0009753798412876164,
    "requestsPerSec": 51182.48644411753,
    "totalData": 6654219,
    "sizePerRequest": 13,
    "sizePerSec": 665372.3237735279
  },
  "responseTimeHistogram": {
    "0.00019762": 1,
    "0.0010221263999999999": 312511,
    "0.0018466327999999998": 191941,
    "0.0026711391999999995": 6120,
    "0.0034956455999999997": 584,
    "0.004320152": 106,
    "0.005144658399999999": 0,
    "0.005969164799999999": 146,
    "0.0067936711999999995": 240,
    "0.0076181776": 114,
    "0.008442684": 100
  },
  "latencyPercentiles": {
    "p10": 0.000675767,
    "p25": 0.000911312,
    "p50": 0.001004623,
    "p75": 0.001044127,
    "p90": 0.001082019,
    "p95": 0.001119146,
    "p99": 0.002392745
  },
  "rps": {
    "mean": 51194.89570246747,
    "stddev": 4941.106490360278,
    "max": 56876.92869613442,
    "percentiles": {
      "p10": 45080.9112194576,
      "p25": 51428.15177027989,
      "p50": 52586.64009137573,
      "p75": 53506.41006792539,
      "p90": 54554.091812287406,
      "p95": 55219.365431451624,
      "p99": 56164.00457057666
    }
  },
  "details": {
    "DNSDialup": {
      "average": 0.0005337955,
      "fastest": 0.000070701,
      "slowest": 0.000927071
    },
    "DNSLookup": {
      "average": 0.0000061409999999999985,
      "fastest": 0.000003108,
      "slowest": 0.000038616
    }
  },
  "statusCodeDistribution": {
    "200": 511863
  },
  "errorDistribution": {}
}