{
  "summary": {
    "successRate": 1,
    "total": 10.000846593,
    "slowest": 0.009373442,
    "fastest": 0.00031562,
    "average": 0.0009510983560989093,
    "requestsPerSec": 52489.95623704794,
    "totalData": 6824272,
    "sizePerRequest": 13,
    "sizePerSec": 682369.4310816232
  },
  "responseTimeHistogram": {
    "0.00031562": 1,
    "0.0012214021999999998": 511409,
    "0.0021271843999999995": 7332,
    "0.003032966599999999": 5368,
    "0.003938748799999999": 6,
    "0.004844530999999999": 28,
    "0.005750313199999998": 74,
    "0.006656095399999998": 177,
    "0.007561877599999998": 526,
    "0.0084676598": 0,
    "0.009373442": 23
  },
  "latencyPercentiles": {
    "p10": 0.000653304,
    "p25": 0.00089683,
    "p50": 0.000977075,
    "p75": 0.001013927,
    "p90": 0.001052561,
    "p95": 0.001090045,
    "p99": 0.002353245
  },
  "rps": {
    "mean": 52489.89833198833,
    "stddev": 5423.516313437862,
    "max": 58614.59654118152,
    "percentiles": {
      "p10": 46529.625412497546,
      "p25": 52144.112123232524,
      "p50": 54135.18522077917,
      "p75": 55260.41394579616,
      "p90": 55969.98875033662,
      "p95": 56536.1353758286,
      "p99": 57533.42454821641
    }
  },
  "details": {
    "DNSDialup": {
      "average": 0.0005519965,
      "fastest": 0.000068527,
      "slowest": 0.001707233
    },
    "DNSLookup": {
      "average": 0.000005899900000000001,
      "fastest": 0.000003025,
      "slowest": 0.000041132
    }
  },
  "statusCodeDistribution": {
    "200": 524944
  },
  "errorDistribution": {}
}