{
  "summary": {
    "successRate": 1,
    "total": 10.000847713,
    "slowest": 0.008457313,
    "fastest": 0.000152049,
    "average": 0.0011423857383230335,
    "requestsPerSec": 43702.09531656729,
    "totalData": 5681754,
    "sizePerRequest": 13,
    "sizePerSec": 568127.2391153747
  },
  "responseTimeHistogram": {
    "0.000152049": 1,
    "0.0009825754": 93908,
    "0.0018131018": 338367,
    "0.0026436282": 1154,
    "0.0034741546": 1194,
    "0.0043046809999999994": 1508,
    "0.005135207399999999": 182,
    "0.005965733799999999": 148,
    "0.006796260199999999": 121,
    "0.007626786599999999": 111,
    "0.008457313": 364
  },
  "latencyPercentiles": {
    "p10": 0.000849889,
    "p25": 0.001026651,
    "p50": 0.001155765,
    "p75": 0.001218273,
    "p90": 0.001286618,
    "p95": 0.001373989,
    "p99": 0.002009096
  },
  "rps": {
    "mean": 43692.54109454759,
    "stddev": 5086.011156384351,
    "max": 51650.8526962883,
    "percentiles": {
      "p10": 37894.70331823557,
      "p25": 43509.305866802526,
      "p50": 45103.748121467506,
      "p75": 46215.186310218895,
      "p90": 47128.93457222332,
      "p95": 47823.892091576934,
      "p99": 49159.99498911293
    }
  },
  "details": {
    "DNSDialup": {
      "average": 0.0008265450799999998,
      "fastest": 0.000151217,
      "slowest": 0.001777083
    },
    "DNSLookup": {
      "average": 0.00000711316,
      "fastest": 0.000002525,
      "slowest": 0.000034124
    }
  },
  "statusCodeDistribution": {
    "200": 437058
  },
  "errorDistribution": {}
}