{
  "summary": {
    "successRate": 1,
    "total": 10.000946254,
    "slowest": 0.008431958,
    "fastest": 0.00014296,
    "average": 0.0009974553693826828,
    "requestsPerSec": 50057.16332089789,
    "totalData": 6508047,
    "sizePerRequest": 13,
    "sizePerSec": 650743.1231716726
  },
  "responseTimeHistogram": {
    "0.00014296": 1,
    "0.0009718598000000001": 149767,
    "0.0018007596": 343096,
    "0.0026296594000000005": 1594,
    "0.0034585592000000004": 5276,
    "0.004287459": 47,
    "0.005116358800000001": 38,
    "0.0059452586": 63,
    "0.006774158400000001": 144,
    "0.007603058200000001": 109,
    "0.008431958": 484
  },
  "latencyPercentiles": {
    "p10": 0.000674671,
    "p25": 0.000933784,
    "p50": 0.001016839,
    "p75": 0.001054561,
    "p90": 0.001097035,
    "p95": 0.00116362,
    "p99": 0.002818063
  },
  "rps": {
    "mean": 50071.97503386417,
    "stddev": 6116.167778303745,
    "max": 59503.62972140807,
    "percentiles": {
      "p10": 41926.18995043328,
      "p25": 50670.858128001484,
      "p50": 52143.25941967646,
      "p75": 52960.03354855643,
      "p90": 53955.854948335,
      "p95": 54579.26012194403,
      "p99": 55787.91470882944
    }
  },
  "details": {
    "DNSDialup": {
      "average": 0.0005786106199999998,
      "fastest": 0.000088208,
      "slowest": 0.000952831
    },
    "DNSLookup": {
      "average": 0.000005736360000000001,
      "fastest": 0.000003062,
      "slowest": 0.000036843
    }
  },
  "statusCodeDistribution": {
    "200": 500619
  },
  "errorDistribution": {}
}