{
  "summary": {
    "successRate": 1,
    "total": 10.000645301,
    "slowest": 0.008443803,
    "fastest": 0.000211058,
    "average": 0.0012558682606398726,
    "requestsPerSec": 39748.83500370233,
    "totalData": 5167682,
    "sizePerRequest": 13,
    "sizePerSec": 516734.8550481302
  },
  "responseTimeHistogram": {
    "0.000211058": 1,
    "0.0010343325": 66582,
    "0.001857607": 326163,
    "0.0026808815": 1519,
    "0.003504156": 1041,
    "0.0043274305": 1375,
    "0.005150705": 117,
    "0.0059739795": 80,
    "0.006797254": 198,
    "0.0076205285": 77,
    "0.008443803": 361
  },
  "latencyPercentiles": {
    "p10": 0.000943727,
    "p25": 0.00113899,
    "p50": 0.001279372,
    "p75": 0.001342142,
    "p90": 0.001398514,
    "p95": 0.001462682,
    "p99": 0.002136621
  },
  "rps": {
    "mean": 39750.52552148353,
    "stddev": 4298.121696673425,
    "max": 49594.05893599718,
    "percentiles": {
      "p10": 35515.4258774478,
      "p25": 39863.55845760673,
      "p50": 40712.91006378129,
      "p75": 41595.764004447024,
      "p90": 42567.1326248605,
      "p95": 43229.09971512331,
      "p99": 44257.06076318266
    }
  },
  "details": {
    "DNSDialup": {
      "average": 0.0006830431199999999,
      "fastest": 0.000078295,
      "slowest": 0.001623894
    },
    "DNSLookup": {
      "average": 0.00000673078,
      "fastest": 0.000003166,
      "slowest": 0.000030848
    }
  },
  "statusCodeDistribution": {
    "200": 397514
  },
  "errorDistribution": {}
}