{
  "summary": {
    "successRate": 1,
    "total": 10.000913146,
    "slowest": 0.006457901,
    "fastest": 0.00025933,
    "average": 0.0011839988712755852,
    "requestsPerSec": 42163.749834049406,
    "totalData": 5481788,
    "sizePerRequest": 13,
    "sizePerSec": 548128.7478426422
  },
  "responseTimeHistogram": {
    "0.00025933": 1,
    "0.0008791871": 40657,
    "0.0014990441999999998": 360938,
    "0.0021189013": 17188,
    "0.0027387583999999997": 2089,
    "0.0033586155": 49,
    "0.0039784726": 19,
    "0.0045983297": 43,
    "0.0052181868": 179,
    "0.0058380439": 414,
    "0.006457901": 99
  },
  "latencyPercentiles": {
    "p10": 0.000883812,
    "p25": 0.001056768,
    "p50": 0.001202341,
    "p75": 0.001271437,
    "p90": 0.00134475,
    "p95": 0.001484722,
    "p99": 0.002069373
  },
  "rps": {
    "mean": 42160.802579455405,
    "stddev": 3807.8885464217483,
    "max": 50092.782965783095,
    "percentiles": {
      "p10": 38566.35727432657,
      "p25": 40666.937779585074,
      "p50": 42999.21992924708,
      "p75": 44222.21281749693,
      "p90": 45593.554789955204,
      "p95": 46417.74550410779,
      "p99": 48003.8259049267
    }
  },
  "details": {
    "DNSDialup": {
      "average": 0.0007585526599999998,
      "fastest": 0.000105631,
      "slowest": 0.001446085
    },
    "DNSLookup": {
      "average": 0.0000065945399999999995,
      "fastest": 0.000002554,
      "slowest": 0.000032491
    }
  },
  "statusCodeDistribution": {
    "200": 421676
  },
  "errorDistribution": {}
}