{
  "summary": {
    "successRate": 1,
    "total": 10.001041764,
    "slowest": 0.009483955,
    "fastest": 0.000375405,
    "average": 0.0011343442811648154,
    "requestsPerSec": 44009.81521588614,
    "totalData": 5721872,
    "sizePerRequest": 13,
    "sizePerSec": 572127.5978065198
  },
  "responseTimeHistogram": {
    "0.000375405": 1,
    "0.00128626": 398284,
    "0.002197115": 37971,
    "0.0031079700000000003": 1179,
    "0.004018825": 931,
    "0.00492968": 1078,
    "0.005840535": 74,
    "0.0067513899999999995": 108,
    "0.007662245": 101,
    "0.0085731": 367,
    "0.009483955": 50
  },
  "latencyPercentiles": {
    "p10": 0.000852534,
    "p25": 0.001006074,
    "p50": 0.001146667,
    "p75": 0.001218047,
    "p90": 0.001282413,
    "p95": 0.001349274,
    "p99": 0.001935307
  },
  "rps": {
    "mean": 44024.90487382854,
    "stddev": 5171.5204024318,
    "max": 51572.122344096744,
    "percentiles": {
      "p10": 38656.159668766806,
      "p25": 43643.964873692246,
      "p50": 45421.76780311732,
      "p75": 46626.843073559714,
      "p90": 47713.60695823949,
      "p95": 48430.38037761138,
      "p99": 49603.7996510515
    }
  },
  "details": {
    "DNSDialup": {
      "average": 0.0005712046999999999,
      "fastest": 0.000083425,
      "slowest": 0.000848589
    },
    "DNSLookup": {
      "average": 0.00000675994,
      "fastest": 0.000003246,
      "slowest": 0.000033712
    }
  },
  "statusCodeDistribution": {
    "200": 440144
  },
  "errorDistribution": {}
}