{
  "summary": {
    "successRate": 1,
    "total": 10.00063231,
    "slowest": 0.007884221,
    "fastest": 0.000237153,
    "average": 0.0012507227915771143,
    "requestsPerSec": 39910.07644595624,
    "totalData": 5188638,
    "sizePerRequest": 13,
    "sizePerSec": 518830.9937974312
  },
  "responseTimeHistogram": {
    "0.000237153": 1,
    "0.0010018598": 58564,
    "0.0017665666": 334958,
    "0.0025312734000000003": 2527,
    "0.0032959802": 907,
    "0.004060687": 1379,
    "0.004825393800000001": 139,
    "0.005590100600000001": 106,
    "0.006354807400000001": 153,
    "0.0071195142000000005": 46,
    "0.007884221": 346
  },
  "latencyPercentiles": {
    "p10": 0.000943376,
    "p25": 0.00112836,
    "p50": 0.001274681,
    "p75": 0.001342097,
    "p90": 0.001403992,
    "p95": 0.001478548,
    "p99": 0.002085852
  },
  "rps": {
    "mean": 39916.18952584044,
    "stddev": 4101.073236345921,
    "max": 50671.87676432525,
    "percentiles": {
      "p10": 35200.74535705764,
      "p25": 39730.837621370956,
      "p50": 40823.53476779469,
      "p75": 41674.69403068318,
      "p90": 42881.80991695765,
      "p95": 43471.68916259997,
      "p99": 45666.05594993264
    }
  },
  "details": {
    "DNSDialup": {
      "average": 0.00048785334000000006,
      "fastest": 0.000082835,
      "slowest": 0.000868752
    },
    "DNSLookup": {
      "average": 0.000006562500000000001,
      "fastest": 0.000003156,
      "slowest": 0.000029015
    }
  },
  "statusCodeDistribution": {
    "200": 399126
  },
  "errorDistribution": {}
}