{
  "summary": {
    "successRate": 1,
    "total": 10.00076493,
    "slowest": 0.009913736,
    "fastest": 0.000150982,
    "average": 0.001245066379106059,
    "requestsPerSec": 40102.33245228372,
    "totalData": 5213702,
    "sizePerRequest": 13,
    "sizePerSec": 521330.3218796884
  },
  "responseTimeHistogram": {
    "0.000150982": 1,
    "0.0011272574": 98368,
    "0.0021035328": 298497,
    "0.0030798082": 1943,
    "0.0040560836": 1399,
    "0.005032359": 220,
    "0.0060086344": 426,
    "0.0069849098": 106,
    "0.0079611852": 44,
    "0.008937460599999999": 0,
    "0.009913736": 50
  },
  "latencyPercentiles": {
    "p10": 0.000908937,
    "p25": 0.001134678,
    "p50": 0.0012751,
    "p75": 0.001339808,
    "p90": 0.001405791,
    "p95": 0.001482664,
    "p99": 0.002176217
  },
  "rps": {
    "mean": 40101.31585104729,
    "stddev": 3996.0497235753564,
    "max": 49297.10543829274,
    "percentiles": {
      "p10": 35617.58083790179,
      "p25": 39901.43630884212,
      "p50": 41069.35899131022,
      "p75": 41965.93055431862,
      "p90": 43128.41859475367,
      "p95": 43696.634856857105,
      "p99": 44975.02423962276
    }
  },
  "details": {
    "DNSDialup": {
      "average": 0.0007954552600000001,
      "fastest": 0.00007886,
      "slowest": 0.001601433
    },
    "DNSLookup": {
      "average": 0.000006693840000000001,
      "fastest": 0.000003526,
      "slowest": 0.000034805
    }
  },
  "statusCodeDistribution": {
    "200": 401054
  },
  "errorDistribution": {}
}