{
  "summary": {
    "successRate": 1,
    "total": 10.000602399,
    "slowest": 0.008796985,
    "fastest": 0.000199291,
    "average": 0.0012597476540517696,
    "requestsPerSec": 39628.11280644735,
    "totalData": 5151965,
    "sizePerRequest": 13,
    "sizePerSec": 515165.4664838156
  },
  "responseTimeHistogram": {
    "0.000199291": 1,
    "0.0010590604": 74583,
    "0.0019188298": 317218,
    "0.0027785991999999997": 1288,
    "0.0036383685999999997": 1114,
    "0.004498138": 1253,
    "0.0053579073999999996": 143,
    "0.0062176767999999995": 164,
    "0.0070774461999999995": 94,
    "0.0079372156": 95,
    "0.008796985": 352
  },
  "latencyPercentiles": {
    "p10": 0.000946771,
    "p25": 0.001133941,
    "p50": 0.001278027,
    "p75": 0.001346944,
    "p90": 0.001412819,
    "p95": 0.001504089,
    "p99": 0.002056771
  },
  "rps": {
    "mean": 39631.51504216999,
    "stddev": 4545.834984899231,
    "max": 50513.29627220744,
    "percentiles": {
      "p10": 34544.773480908305,
      "p25": 39625.57344223985,
      "p50": 40706.48861428415,
      "p75": 41635.68594641984,
      "p90": 42740.925379159504,
      "p95": 43507.22204310526,
      "p99": 44982.52368167821
    }
  },
  "details": {
    "DNSDialup": {
      "average": 0.0008146815,
      "fastest": 0.000134652,
      "slowest": 0.001097939
    },
    "DNSLookup": {
      "average": 0.0000068748799999999995,
      "fastest": 0.000003126,
      "slowest": 0.000038061
    }
  },
  "statusCodeDistribution": {
    "200": 396305
  },
  "errorDistribution": {}
}