{
  "summary": {
    "successRate": 1,
    "total": 10.000730119,
    "slowest": 0.011680819,
    "fastest": 0.000184652,
    "average": 0.001274743137781016,
    "requestsPerSec": 39160.74079990879,
    "totalData": 5091268,
    "sizePerRequest": 13,
    "sizePerSec": 509089.6303988143
  },
  "responseTimeHistogram": {
    "0.000184652": 1,
    "0.0013342687": 255905,
    "0.0024838854": 132259,
    "0.0036335021000000003": 1294,
    "0.0047831188": 1458,
    "0.0059327354999999995": 40,
    "0.007082352200000001": 203,
    "0.0082319689": 192,
    "0.0093815856": 234,
    "0.0105312023": 0,
    "0.011680819": 50
  },
  "latencyPercentiles": {
    "p10": 0.000954955,
    "p25": 0.001144435,
    "p50": 0.001290462,
    "p75": 0.001362198,
    "p90": 0.001436937,
    "p95": 0.001531736,
    "p99": 0.002151921
  },
  "rps": {
    "mean": 39163.66596937562,
    "stddev": 4740.781542781607,
    "max": 54695.51879004423,
    "percentiles": {
      "p10": 33773.205959505955,
      "p25": 38824.24962631609,
      "p50": 40329.37995329917,
      "p75": 41326.92871904605,
      "p90": 42466.49509005212,
      "p95": 43261.483219952934,
      "p99": 45204.92733708288
    }
  },
  "details": {
    "DNSDialup": {
      "average": 0.0007514505200000003,
      "fastest": 0.000077645,
      "slowest": 0.00226024
    },
    "DNSLookup": {
      "average": 0.000006542999999999999,
      "fastest": 0.000003196,
      "slowest": 0.000026099
    }
  },
  "statusCodeDistribution": {
    "200": 391636
  },
  "errorDistribution": {}
}