{
  "summary": {
    "successRate": 1,
    "total": 10.000431219,
    "slowest": 0.011418438,
    "fastest": 0.000301692,
    "average": 0.0012475614615219447,
    "requestsPerSec": 40019.77427129585,
    "totalData": 5202795,
    "sizePerRequest": 13,
    "sizePerSec": 520257.0655268461
  },
  "responseTimeHistogram": {
    "0.000301692": 1,
    "0.0014133665999999999": 370328,
    "0.0025250412": 27678,
    "0.0036367158": 620,
    "0.0047483904": 138,
    "0.005860065": 100,
    "0.0069717396": 1183,
    "0.0080834142": 67,
    "0.009195088799999999": 50,
    "0.010306763399999998": 3,
    "0.011418438": 47
  },
  "latencyPercentiles": {
    "p10": 0.000914829,
    "p25": 0.001134249,
    "p50": 0.001252285,
    "p75": 0.001315098,
    "p90": 0.001382297,
    "p95": 0.001504559,
    "p99": 0.002340268
  },
  "rps": {
    "mean": 40021.9829942683,
    "stddev": 4772.220231001157,
    "max": 49634.14829402618,
    "percentiles": {
      "p10": 36567.54055555871,
      "p25": 38780.422840887906,
      "p50": 41328.32162748897,
      "p75": 42512.04366197002,
      "p90": 43399.614644176356,
      "p95": 43965.63836499691,
      "p99": 44908.52363778267
    }
  },
  "details": {
    "DNSDialup": {
      "average": 0.0008471790800000001,
      "fastest": 0.000099195,
      "slowest": 0.001839985
    },
    "DNSLookup": {
      "average": 0.000041367,
      "fastest": 0.000003246,
      "slowest": 0.001747699
    }
  },
  "statusCodeDistribution": {
    "200": 400215
  },
  "errorDistribution": {}
}