{
  "summary": {
    "successRate": 1,
    "total": 10.000928305,
    "slowest": 0.010713181,
    "fastest": 0.000518984,
    "average": 0.0016856514098083652,
    "requestsPerSec": 29629.149511236297,
    "totalData": 3852147,
    "sizePerRequest": 13,
    "sizePerSec": 385178.9436460718
  },
  "responseTimeHistogram": {
    "0.000518984": 1,
    "0.0015384037": 84749,
    "0.0025578234": 203223,
    "0.0035772431": 7096,
    "0.0045966628": 107,
    "0.005616082499999999": 174,
    "0.0066355022": 482,
    "0.0076549219": 252,
    "0.0086743416": 185,
    "0.0096937613": 0,
    "0.010713180999999999": 50
  },
  "latencyPercentiles": {
    "p10": 0.001105403,
    "p25": 0.001473964,
    "p50": 0.001686408,
    "p75": 0.001923099,
    "p90": 0.002016892,
    "p95": 0.002207595,
    "p99": 0.002772775
  },
  "rps": {
    "mean": 29647.043409908245,
    "stddev": 3773.128066514937,
    "max": 39793.36717740832,
    "percentiles": {
      "p10": 26059.684495399404,
      "p25": 27613.884261006922,
      "p50": 29930.19991283231,
      "p75": 32408.03071000946,
      "p90": 33746.197185611476,
      "p95": 34381.34543692727,
      "p99": 35395.29938218931
    }
  },
  "details": {
    "DNSDialup": {
      "average": 0.00078802186,
      "fastest": 0.000094029,
      "slowest": 0.001650753
    },
    "DNSLookup": {
      "average": 0.000006587280000000001,
      "fastest": 0.000003186,
      "slowest": 0.000031709
    }
  },
  "statusCodeDistribution": {
    "200": 296319
  },
  "errorDistribution": {}
}