{
  "summary": {
    "successRate": 1,
    "total": 10.00125636,
    "slowest": 0.010678996,
    "fastest": 0.000290846,
    "average": 0.0016239783918494506,
    "requestsPerSec": 30744.93732905373,
    "totalData": 3997344,
    "sizePerRequest": 13,
    "sizePerSec": 399684.1852776985
  },
  "responseTimeHistogram": {
    "0.000290846": 1,
    "0.0013296609999999998": 60207,
    "0.0023684759999999996": 238310,
    "0.0034072909999999994": 7579,
    "0.004446105999999999": 810,
    "0.005484920999999999": 37,
    "0.006523735999999999": 52,
    "0.007562550999999998": 181,
    "0.008601366": 261,
    "0.009640180999999998": 0,
    "0.010678996": 50
  },
  "latencyPercentiles": {
    "p10": 0.001107119,
    "p25": 0.001451801,
    "p50": 0.001682724,
    "p75": 0.001755392,
    "p90": 0.001832103,
    "p95": 0.001983287,
    "p99": 0.003040629
  },
  "rps": {
    "mean": 30741.581410088835,
    "stddev": 3394.1103807685245,
    "max": 36538.120770522415,
    "percentiles": {
      "p10": 27196.879235081116,
      "p25": 30202.92364300976,
      "p50": 31624.42037741432,
      "p75": 32594.880499535986,
      "p90": 33368.037491403345,
      "p95": 33829.19908849072,
      "p99": 34809.53540767951
    }
  },
  "details": {
    "DNSDialup": {
      "average": 0.0007955895200000001,
      "fastest": 0.000092715,
      "slowest": 0.001738797
    },
    "DNSLookup": {
      "average": 0.000007166659999999998,
      "fastest": 0.000003306,
      "slowest": 0.000034484
    }
  },
  "statusCodeDistribution": {
    "200": 307488
  },
  "errorDistribution": {}
}