{
  "summary": {
    "successRate": 1,
    "total": 10.000415441,
    "slowest": 0.010868412,
    "fastest": 0.000364858,
    "average": 0.0015404733546573119,
    "requestsPerSec": 32417.553241926365,
    "totalData": 4214457,
    "sizePerRequest": 13,
    "sizePerSec": 421428.1921450427
  },
  "responseTimeHistogram": {
    "0.000364858": 1,
    "0.0014152134": 112523,
    "0.0024655688": 207125,
    "0.0035159241999999998": 3589,
    "0.0045662796": 351,
    "0.005616634999999999": 75,
    "0.0066669903999999995": 245,
    "0.0077173458": 229,
    "0.008767701199999998": 1,
    "0.0098180566": 0,
    "0.010868411999999997": 50
  },
  "latencyPercentiles": {
    "p10": 0.001051284,
    "p25": 0.001280681,
    "p50": 0.001585302,
    "p75": 0.001702644,
    "p90": 0.001919613,
    "p95": 0.002144506,
    "p99": 0.002596626
  },
  "rps": {
    "mean": 32427.288481961292,
    "stddev": 3959.6661335279346,
    "max": 42287.75555031592,
    "percentiles": {
      "p10": 28388.821054128202,
      "p25": 30728.026135084343,
      "p50": 32846.12939062382,
      "p75": 34398.611934107095,
      "p90": 36838.24915409831,
      "p95": 38473.85531793435,
      "p99": 40514.71089152649
    }
  },
  "details": {
    "DNSDialup": {
      "average": 0.0007713181400000001,
      "fastest": 0.000067817,
      "slowest": 0.001719178
    },
    "DNSLookup": {
      "average": 0.000008053579999999997,
      "fastest": 0.000003506,
      "slowest": 0.000041117
    }
  },
  "statusCodeDistribution": {
    "200": 324189
  },
  "errorDistribution": {}
}