{
  "summary": {
    "successRate": 1,
    "total": 10.000462965,
    "slowest": 0.010264385,
    "fastest": 0.000477607,
    "average": 0.0015288079460491993,
    "requestsPerSec": 32665.287711507463,
    "totalData": 4246684,
    "sizePerRequest": 13,
    "sizePerSec": 424648.740249597
  },
  "responseTimeHistogram": {
    "0.000477607": 1,
    "0.0014562847999999998": 94081,
    "0.0024349626": 229777,
    "0.0034136403999999996": 1435,
    "0.004392318199999999": 99,
    "0.005370995999999999": 312,
    "0.006349673799999999": 830,
    "0.007328351599999999": 83,
    "0.008307029399999999": 0,
    "0.009285707199999998": 0,
    "0.010264385": 50
  },
  "latencyPercentiles": {
    "p10": 0.001039342,
    "p25": 0.001358779,
    "p50": 0.001580014,
    "p75": 0.001658321,
    "p90": 0.001752852,
    "p95": 0.002059234,
    "p99": 0.002343577
  },
  "rps": {
    "mean": 32670.57551238287,
    "stddev": 3225.4671747771868,
    "max": 37407.625214931766,
    "percentiles": {
      "p10": 30693.317276182308,
      "p25": 32233.14856998872,
      "p50": 33321.593403521154,
      "p75": 34252.05296945085,
      "p90": 35036.325662447125,
      "p95": 35537.09571217976,
      "p99": 36406.48399479997
    }
  },
  "details": {
    "DNSDialup": {
      "average": 0.0005802184199999998,
      "fastest": 0.000069343,
      "slowest": 0.001507142
    },
    "DNSLookup": {
      "average": 0.00000751472,
      "fastest": 0.000003607,
      "slowest": 0.000030958
    }
  },
  "statusCodeDistribution": {
    "200": 326668
  },
  "errorDistribution": {}
}