{
  "summary": {
    "successRate": 1,
    "total": 10.000990064,
    "slowest": 0.013991386,
    "fastest": 0.000530268,
    "average": 0.0015305284544997676,
    "requestsPerSec": 32625.169899378874,
    "totalData": 4241692,
    "sizePerRequest": 13,
    "sizePerSec": 424127.2086919254
  },
  "responseTimeHistogram": {
    "0.000530268": 1,
    "0.0018763798": 310285,
    "0.0032224916": 12766,
    "0.004568603399999999": 2558,
    "0.0059147152": 287,
    "0.007260826999999999": 200,
    "0.0086069388": 87,
    "0.009953050599999999": 5,
    "0.0112991624": 45,
    "0.0126452742": 0,
    "0.013991386": 50
  },
  "latencyPercentiles": {
    "p10": 0.001038374,
    "p25": 0.001360064,
    "p50": 0.001578461,
    "p75": 0.001656069,
    "p90": 0.001732953,
    "p95": 0.001867707,
    "p99": 0.003219823
  },
  "rps": {
    "mean": 32636.761310126945,
    "stddev": 3644.777198014453,
    "max": 40675.257361169955,
    "percentiles": {
      "p10": 28325.022324722144,
      "p25": 32338.903701152267,
      "p50": 33601.801056537144,
      "p75": 34614.174504458715,
      "p90": 35374.74668413771,
      "p95": 35895.17466877472,
      "p99": 36866.97411928331
    }
  },
  "details": {
    "DNSDialup": {
      "average": 0.00072198328,
      "fastest": 0.000075855,
      "slowest": 0.001034341
    },
    "DNSLookup": {
      "average": 0.000007543959999999999,
      "fastest": 0.000003286,
      "slowest": 0.00003236
    }
  },
  "statusCodeDistribution": {
    "200": 326284
  },
  "errorDistribution": {}
}