{
  "summary": {
    "successRate": 1,
    "total": 10.000636284,
    "slowest": 0.012107005,
    "fastest": 0.000199915,
    "average": 0.0016880233712628261,
    "requestsPerSec": 29579.317915327956,
    "totalData": 3845556,
    "sizePerRequest": 13,
    "sizePerSec": 384531.1328992634
  },
  "responseTimeHistogram": {
    "0.000199915": 1,
    "0.001390624": 60765,
    "0.0025813330000000003": 227067,
    "0.0037720420000000006": 6447,
    "0.0049627510000000005": 858,
    "0.00615346": 98,
    "0.007344169000000001": 71,
    "0.008534878000000001": 152,
    "0.009725587": 261,
    "0.010916296": 42,
    "0.012107005": 50
  },
  "latencyPercentiles": {
    "p10": 0.001146023,
    "p25": 0.001503196,
    "p50": 0.001730107,
    "p75": 0.001811161,
    "p90": 0.001905436,
    "p95": 0.002146588,
    "p99": 0.003431965
  },
  "rps": {
    "mean": 29576.910248146163,
    "stddev": 3899.036195351698,
    "max": 34426.70843344994,
    "percentiles": {
      "p10": 25022.50774571742,
      "p25": 29441.279618153658,
      "p50": 30624.281691900596,
      "p75": 31511.161253310893,
      "p90": 32537.241840519844,
      "p95": 33082.753734447324,
      "p99": 33845.776010133595
    }
  },
  "details": {
    "DNSDialup": {
      "average": 0.0006687879600000001,
      "fastest": 0.000095838,
      "slowest": 0.001356466
    },
    "DNSLookup": {
      "average": 0.0000070583,
      "fastest": 0.000002965,
      "slowest": 0.000040254
    }
  },
  "statusCodeDistribution": {
    "200": 295812
  },
  "errorDistribution": {}
}