{
  "summary": {
    "successRate": 1,
    "total": 10.000720735,
    "slowest": 0.01087625,
    "fastest": 0.000344475,
    "average": 0.0015152327583182793,
    "requestsPerSec": 32952.12502501701,
    "totalData": 4284085,
    "sizePerRequest": 13,
    "sizePerSec": 428377.6253252211
  },
  "responseTimeHistogram": {
    "0.000344475": 1,
    "0.0013976524999999998": 113590,
    "0.0024508299999999998": 208798,
    "0.0035040074999999997": 5818,
    "0.004557185": 710,
    "0.0056103625": 72,
    "0.00666354": 122,
    "0.007716717499999999": 148,
    "0.008769895": 132,
    "0.0098230725": 104,
    "0.01087625": 50
  },
  "latencyPercentiles": {
    "p10": 0.0010314,
    "p25": 0.001274619,
    "p50": 0.001565546,
    "p75": 0.001669613,
    "p90": 0.001807541,
    "p95": 0.00192428,
    "p99": 0.003044866
  },
  "rps": {
    "mean": 32949.42058462222,
    "stddev": 4454.083425628525,
    "max": 43369.04152891288,
    "percentiles": {
      "p10": 28624.316356744068,
      "p25": 31410.792748389264,
      "p50": 33612.2180412576,
      "p75": 34919.94976730345,
      "p90": 36997.08921196174,
      "p95": 39732.75966034109,
      "p99": 42066.42564958863
    }
  },
  "details": {
    "DNSDialup": {
      "average": 0.00115803286,
      "fastest": 0.000148404,
      "slowest": 0.00200405
    },
    "DNSLookup": {
      "average": 0.00000591074,
      "fastest": 0.000003075,
      "slowest": 0.000030237
    }
  },
  "statusCodeDistribution": {
    "200": 329545
  },
  "errorDistribution": {}
}