{
  "summary": {
    "successRate": 1,
    "total": 10.000761597,
    "slowest": 0.010707666,
    "fastest": 0.000218789,
    "average": 0.0016626721397674533,
    "requestsPerSec": 30028.3130526864,
    "totalData": 3903978,
    "sizePerRequest": 13,
    "sizePerSec": 390368.0696849232
  },
  "responseTimeHistogram": {
    "0.000218789": 1,
    "0.0012676767": 46080,
    "0.0023165644": 243861,
    "0.0033654520999999997": 8908,
    "0.004414339799999999": 884,
    "0.005463227499999999": 24,
    "0.006512115199999999": 92,
    "0.007561002899999999": 141,
    "0.0086098906": 263,
    "0.0096587783": 2,
    "0.010707666": 50
  },
  "latencyPercentiles": {
    "p10": 0.00113346,
    "p25": 0.00149732,
    "p50": 0.00172317,
    "p75": 0.001797088,
    "p90": 0.00186638,
    "p95": 0.0020216,
    "p99": 0.003166672
  },
  "rps": {
    "mean": 30049.35346322386,
    "stddev": 3365.2431487571303,
    "max": 35971.48180922272,
    "percentiles": {
      "p10": 26425.412988015938,
      "p25": 29624.831533791847,
      "p50": 30819.75979745536,
      "p75": 31684.9746621105,
      "p90": 32797.92542188998,
      "p95": 33303.94666616948,
      "p99": 34050.69911053021
    }
  },
  "details": {
    "DNSDialup": {
      "average": 0.0007421588599999998,
      "fastest": 0.000072125,
      "slowest": 0.001658482
    },
    "DNSLookup": {
      "average": 0.000007625719999999998,
      "fastest": 0.000003687,
      "slowest": 0.000035036
    }
  },
  "statusCodeDistribution": {
    "200": 300306
  },
  "errorDistribution": {}
}