{
  "summary": {
    "successRate": 1,
    "total": 10.001652121,
    "slowest": 0.010580179,
    "fastest": 0.0002698,
    "average": 0.001630584944598734,
    "requestsPerSec": 30627.839910249964,
    "totalData": 3982277,
    "sizePerRequest": 13,
    "sizePerSec": 398161.91883324954
  },
  "responseTimeHistogram": {
    "0.0002698": 1,
    "0.0013008378999999999": 57418,
    "0.0023318758": 239441,
    "0.0033629136999999997": 7619,
    "0.0043939515999999994": 1249,
    "0.0054249895": 89,
    "0.006456027399999999": 241,
    "0.007487065299999999": 152,
    "0.0085181032": 19,
    "0.0095491411": 0,
    "0.010580179": 100
  },
  "latencyPercentiles": {
    "p10": 0.001088148,
    "p25": 0.001419695,
    "p50": 0.00168104,
    "p75": 0.001768918,
    "p90": 0.00192322,
    "p95": 0.002099337,
    "p99": 0.003218173
  },
  "rps": {
    "mean": 30620.945439266565,
    "stddev": 3663.189206180886,
    "max": 40630.37180396058,
    "percentiles": {
      "p10": 26722.2159408764,
      "p25": 29432.74392761978,
      "p50": 31670.152554923763,
      "p75": 32692.512703883713,
      "p90": 33476.40071945978,
      "p95": 34205.82820760258,
      "p99": 37144.35799528806
    }
  },
  "details": {
    "DNSDialup": {
      "average": 0.00092303336,
      "fastest": 0.000127376,
      "slowest": 0.001926855
    },
    "DNSLookup": {
      "average": 0.0000057318200000000005,
      "fastest": 0.000002474,
      "slowest": 0.000031909
    }
  },
  "statusCodeDistribution": {
    "200": 306329
  },
  "errorDistribution": {}
}