{
  "summary": {
    "successRate": 1,
    "total": 10.001100519,
    "slowest": 0.011665633,
    "fastest": 0.000516466,
    "average": 0.001536686116663705,
    "requestsPerSec": 32495.823772851734,
    "totalData": 4224922,
    "sizePerRequest": 13,
    "sizePerSec": 422445.70904707257
  },
  "responseTimeHistogram": {
    "0.000516466": 1,
    "0.0016313827": 210812,
    "0.0027462994": 108982,
    "0.0038612161": 4474,
    "0.0049761328": 175,
    "0.006091049499999999": 7,
    "0.0072059661999999995": 88,
    "0.0083208829": 309,
    "0.0094357996": 46,
    "0.010550716299999999": 10,
    "0.011665632999999998": 90
  },
  "latencyPercentiles": {
    "p10": 0.001038832,
    "p25": 0.001369736,
    "p50": 0.001591923,
    "p75": 0.001659018,
    "p90": 0.001726753,
    "p95": 0.001887386,
    "p99": 0.003090201
  },
  "rps": {
    "mean": 32495.78077594174,
    "stddev": 3738.556370557814,
    "max": 37515.9054745853,
    "percentiles": {
      "p10": 28539.221452042813,
      "p25": 32228.017712764875,
      "p50": 33540.153994578526,
      "p75": 34314.635705241635,
      "p90": 35221.816393071545,
      "p95": 35621.07748213609,
      "p99": 36233.99748016705
    }
  },
  "details": {
    "DNSDialup": {
      "average": 0.0007392217199999999,
      "fastest": 0.000085811,
      "slowest": 0.001558489
    },
    "DNSLookup": {
      "average": 0.000007048,
      "fastest": 0.000003366,
      "slowest": 0.000030187
    }
  },
  "statusCodeDistribution": {
    "200": 324994
  },
  "errorDistribution": {}
}