{
  "summary": {
    "successRate": 1,
    "total": 10.000669618,
    "slowest": 0.010668044,
    "fastest": 0.000208878,
    "average": 0.0016783082533385224,
    "requestsPerSec": 29757.00741722073,
    "totalData": 3868670,
    "sizePerRequest": 13,
    "sizePerSec": 386841.0964238695
  },
  "responseTimeHistogram": {
    "0.000208878": 1,
    "0.0012547946": 45383,
    "0.0023007112": 241985,
    "0.0033466278": 7555,
    "0.0043925444": 2010,
    "0.005438461": 98,
    "0.0064843776": 44,
    "0.0075302942": 103,
    "0.0085762108": 198,
    "0.0096221274": 84,
    "0.010668044": 129
  },
  "latencyPercentiles": {
    "p10": 0.001132052,
    "p25": 0.001408437,
    "p50": 0.001732731,
    "p75": 0.001850599,
    "p90": 0.002009156,
    "p95": 0.002088782,
    "p99": 0.003298057
  },
  "rps": {
    "mean": 29758.183164961363,
    "stddev": 4056.544152544697,
    "max": 39868.39402859909,
    "percentiles": {
      "p10": 25509.729410798507,
      "p25": 27937.786368591365,
      "p50": 30316.383259717,
      "p75": 31595.573246704073,
      "p90": 33530.10905175067,
      "p95": 36550.082116203776,
      "p99": 38480.13176917723
    }
  },
  "details": {
    "DNSDialup": {
      "average": 0.0008014587799999999,
      "fastest": 0.000081533,
      "slowest": 0.001575076
    },
    "DNSLookup": {
      "average": 0.000007054640000000001,
      "fastest": 0.000003086,
      "slowest": 0.000036007
    }
  },
  "statusCodeDistribution": {
    "200": 297590
  },
  "errorDistribution": {}
}