{
  "summary": {
    "successRate": 1,
    "total": 10.000199043,
    "slowest": 0.010517403,
    "fastest": 0.000416102,
    "average": 0.0016177604698382614,
    "requestsPerSec": 30871.28552867145,
    "totalData": 4013347,
    "sizePerRequest": 13,
    "sizePerSec": 401326.71187272883
  },
  "responseTimeHistogram": {
    "0.000416102": 1,
    "0.0014262321": 90498,
    "0.0024363622": 211399,
    "0.0034464922999999995": 5372,
    "0.0044566224": 209,
    "0.0054667525": 95,
    "0.006476882599999999": 659,
    "0.007487012699999999": 344,
    "0.0084971428": 76,
    "0.009507272899999999": 16,
    "0.010517403": 50
  },
  "latencyPercentiles": {
    "p10": 0.001086193,
    "p25": 0.001345932,
    "p50": 0.001653042,
    "p75": 0.00177018,
    "p90": 0.001986707,
    "p95": 0.002225396,
    "p99": 0.002767975
  },
  "rps": {
    "mean": 30883.409916476252,
    "stddev": 4026.3948496082476,
    "max": 41704.69526417242,
    "percentiles": {
      "p10": 26707.627698471388,
      "p25": 29486.569619747264,
      "p50": 31325.07817837158,
      "p75": 33054.6599741918,
      "p90": 34671.44371177793,
      "p95": 35903.372991512144,
      "p99": 38946.68098994687
    }
  },
  "details": {
    "DNSDialup": {
      "average": 0.0008206916199999999,
      "fastest": 0.000101353,
      "slowest": 0.001284195
    },
    "DNSLookup": {
      "average": 0.000006665580000000002,
      "fastest": 0.000003446,
      "slowest": 0.000029465
    }
  },
  "statusCodeDistribution": {
    "200": 308719
  },
  "errorDistribution": {}
}