{
  "summary": {
    "successRate": 1,
    "total": 10.000635052,
    "slowest": 0.01177414,
    "fastest": 0.00027888,
    "average": 0.0016333975945153846,
    "requestsPerSec": 30570.858591510976,
    "totalData": 3974464,
    "sizePerRequest": 13,
    "sizePerSec": 397421.1616896427
  },
  "responseTimeHistogram": {
    "0.00027888": 1,
    "0.0014284060000000001": 72890,
    "0.0025779320000000002": 225720,
    "0.0037274580000000003": 5951,
    "0.004876984000000001": 528,
    "0.0060265100000000005": 69,
    "0.007176036": 113,
    "0.008325562000000002": 314,
    "0.009475088000000001": 92,
    "0.010624614000000001": 0,
    "0.01177414": 50
  },
  "latencyPercentiles": {
    "p10": 0.001121139,
    "p25": 0.001457,
    "p50": 0.001683102,
    "p75": 0.001758553,
    "p90": 0.001837569,
    "p95": 0.002019051,
    "p99": 0.003184825
  },
  "rps": {
    "mean": 30573.922831867963,
    "stddev": 3533.638519088939,
    "max": 35559.28200195143,
    "percentiles": {
      "p10": 26853.451795798435,
      "p25": 29852.59131011074,
      "p50": 31574.19841268567,
      "p75": 32529.627985170966,
      "p90": 33258.29109633402,
      "p95": 33716.68085703826,
      "p99": 34700.99938877953
    }
  },
  "details": {
    "DNSDialup": {
      "average": 0.00065392948,
      "fastest": 0.000083665,
      "slowest": 0.001038767
    },
    "DNSLookup": {
      "average": 0.000005791220000000002,
      "fastest": 0.000003185,
      "slowest": 0.000028813
    }
  },
  "statusCodeDistribution": {
    "200": 305728
  },
  "errorDistribution": {}
}