{
  "summary": {
    "successRate": 1,
    "total": 10.00063554,
    "slowest": 0.010795186,
    "fastest": 0.000219638,
    "average": 0.0016136246453457958,
    "requestsPerSec": 30944.233370192393,
    "totalData": 4023006,
    "sizePerRequest": 13,
    "sizePerSec": 402275.0338125011
  },
  "responseTimeHistogram": {
    "0.000219638": 1,
    "0.0012771928000000002": 53965,
    "0.0023347476": 247222,
    "0.0033923024000000004": 7113,
    "0.004449857200000001": 449,
    "0.005507412000000001": 79,
    "0.006564966800000001": 291,
    "0.007622521600000001": 265,
    "0.0086800764": 27,
    "0.009737631200000001": 0,
    "0.010795186": 50
  },
  "latencyPercentiles": {
    "p10": 0.001110951,
    "p25": 0.001422117,
    "p50": 0.001680816,
    "p75": 0.001756798,
    "p90": 0.001840233,
    "p95": 0.002016465,
    "p99": 0.002554355
  },
  "rps": {
    "mean": 30941.376113399892,
    "stddev": 3185.59491084214,
    "max": 41106.420822931635,
    "percentiles": {
      "p10": 29000.07733353968,
      "p25": 30203.62561913771,
      "p50": 31451.99807107882,
      "p75": 32469.194455149092,
      "p90": 33333.93163467154,
      "p95": 33938.731827420794,
      "p99": 36682.01075524533
    }
  },
  "details": {
    "DNSDialup": {
      "average": 0.0007057963600000002,
      "fastest": 0.000077164,
      "slowest": 0.000983794
    },
    "DNSLookup": {
      "average": 0.000005841899999999999,
      "fastest": 0.000003166,
      "slowest": 0.00002704
    }
  },
  "statusCodeDistribution": {
    "200": 309462
  },
  "errorDistribution": {}
}