{
  "summary": {
    "successRate": 1,
    "total": 10.000798588,
    "slowest": 0.011371976,
    "fastest": 0.000563254,
    "average": 0.0015488549599882377,
    "requestsPerSec": 32240.42531832259,
    "totalData": 4191590,
    "sizePerRequest": 13,
    "sizePerSec": 419125.52913819364
  },
  "responseTimeHistogram": {
    "0.000563254": 1,
    "0.0016441262": 207777,
    "0.0027249984": 112868,
    "0.0038058705999999996": 1075,
    "0.0048867428": 112,
    "0.005967615": 407,
    "0.007048487199999999": 140,
    "0.0081293594": 0,
    "0.0092102316": 0,
    "0.0102911038": 0,
    "0.011371975999999999": 50
  },
  "latencyPercentiles": {
    "p10": 0.001056974,
    "p25": 0.001402483,
    "p50": 0.001604932,
    "p75": 0.001675217,
    "p90": 0.001763339,
    "p95": 0.002109739,
    "p99": 0.002392817
  },
  "rps": {
    "mean": 32240.61192041734,
    "stddev": 2980.356889025465,
    "max": 36640.912056961126,
    "percentiles": {
      "p10": 30209.29842205425,
      "p25": 31455.3173210366,
      "p50": 32809.83638895094,
      "p75": 33726.26627950183,
      "p90": 34599.97486205846,
      "p95": 35243.78335205994,
      "p99": 35943.90810839958
    }
  },
  "details": {
    "DNSDialup": {
      "average": 0.0007343741399999999,
      "fastest": 0.000069216,
      "slowest": 0.001275069
    },
    "DNSLookup": {
      "average": 0.000006915220000000001,
      "fastest": 0.000003046,
      "slowest": 0.000031028
    }
  },
  "statusCodeDistribution": {
    "200": 322430
  },
  "errorDistribution": {}
}