{
  "summary": {
    "successRate": 1,
    "total": 10.00104898,
    "slowest": 0.010632847,
    "fastest": 0.000412829,
    "average": 0.001554802189975991,
    "requestsPerSec": 32117.530935239956,
    "totalData": 4175717,
    "sizePerRequest": 13,
    "sizePerSec": 417527.9021581194
  },
  "responseTimeHistogram": {
    "0.000412829": 1,
    "0.0014348308": 100672,
    "0.0024568326": 216194,
    "0.0034788344000000002": 2881,
    "0.0045008362": 203,
    "0.005522838": 284,
    "0.0065448398000000005": 709,
    "0.007566841600000001": 122,
    "0.0085888434": 43,
    "0.0096108452": 15,
    "0.010632847": 85
  },
  "latencyPercentiles": {
    "p10": 0.001051879,
    "p25": 0.001309596,
    "p50": 0.001599789,
    "p75": 0.001692401,
    "p90": 0.001884616,
    "p95": 0.002141378,
    "p99": 0.002611814
  },
  "rps": {
    "mean": 32107.714335689667,
    "stddev": 3949.1914215431266,
    "max": 42048.41408234625,
    "percentiles": {
      "p10": 28925.199834961702,
      "p25": 31041.272746166727,
      "p50": 32748.946575552174,
      "p75": 33994.690952586956,
      "p90": 35575.672671647386,
      "p95": 36776.593705031475,
      "p99": 39664.60498191281
    }
  },
  "details": {
    "DNSDialup": {
      "average": 0.0006070115400000001,
      "fastest": 0.000063409,
      "slowest": 0.001188834
    },
    "DNSLookup": {
      "average": 0.000007189839999999999,
      "fastest": 0.000003426,
      "slowest": 0.000034375
    }
  },
  "statusCodeDistribution": {
    "200": 321209
  },
  "errorDistribution": {}
}