{
  "summary": {
    "successRate": 1,
    "total": 10.000746115,
    "slowest": 0.014259786,
    "fastest": 0.000541073,
    "average": 0.0017325736247962198,
    "requestsPerSec": 28825.649275069114,
    "totalData": 3747614,
    "sizePerRequest": 13,
    "sizePerSec": 374733.44057589845
  },
  "responseTimeHistogram": {
    "0.000541073": 1,
    "0.0019129443": 224258,
    "0.0032848156": 59465,
    "0.0046566869": 3743,
    "0.006028558200000001": 294,
    "0.0074004295": 187,
    "0.0087723008": 101,
    "0.0101441721": 93,
    "0.0115160434": 36,
    "0.012887914700000001": 50,
    "0.014259786": 50
  },
  "latencyPercentiles": {
    "p10": 0.001135877,
    "p25": 0.001448682,
    "p50": 0.001753877,
    "p75": 0.001883065,
    "p90": 0.002148573,
    "p95": 0.002345291,
    "p99": 0.003653249
  },
  "rps": {
    "mean": 28837.68216963786,
    "stddev": 4450.219894241926,
    "max": 39368.875008321746,
    "percentiles": {
      "p10": 23716.89800481858,
      "p25": 26469.239813535372,
      "p50": 29927.742256198737,
      "p75": 31229.131839927813,
      "p90": 33188.47776999183,
      "p95": 34705.46958200938,
      "p99": 37320.571098788736
    }
  },
  "details": {
    "DNSDialup": {
      "average": 0.00077009952,
      "fastest": 0.00006934,
      "slowest": 0.001680635
    },
    "DNSLookup": {
      "average": 0.000007156980000000001,
      "fastest": 0.000003416,
      "slowest": 0.000029636
    }
  },
  "statusCodeDistribution": {
    "200": 288278
  },
  "errorDistribution": {}
}