{
  "summary": {
    "successRate": 1,
    "total": 10.000952551,
    "slowest": 0.010964235,
    "fastest": 0.000500405,
    "average": 0.00165281734564561,
    "requestsPerSec": 30216.22175077551,
    "totalData": 3928483,
    "sizePerRequest": 13,
    "sizePerSec": 392810.8827600816
  },
  "responseTimeHistogram": {
    "0.000500405": 1,
    "0.001546788": 81909,
    "0.002593171": 213487,
    "0.0036395539999999997": 5714,
    "0.004685936999999999": 484,
    "0.005732319999999999": 195,
    "0.006778703": 205,
    "0.007825086": 95,
    "0.008871469": 0,
    "0.009917852": 1,
    "0.010964235": 100
  },
  "latencyPercentiles": {
    "p10": 0.001098132,
    "p25": 0.001462172,
    "p50": 0.001716846,
    "p75": 0.001797399,
    "p90": 0.00188426,
    "p95": 0.002075649,
    "p99": 0.003271761
  },
  "rps": {
    "mean": 30216.869539542553,
    "stddev": 3364.677614978118,
    "max": 39207.64941240032,
    "percentiles": {
      "p10": 26349.851606084034,
      "p25": 29431.444555363036,
      "p50": 31029.479747765745,
      "p75": 32005.524153468974,
      "p90": 33115.623676169955,
      "p95": 33561.669361551634,
      "p99": 34511.042400369115
    }
  },
  "details": {
    "DNSDialup": {
      "average": 0.0007607677799999999,
      "fastest": 0.000092914,
      "slowest": 0.001111737
    },
    "DNSLookup": {
      "average": 0.0000059277200000000006,
      "fastest": 0.000002775,
      "slowest": 0.000034705
    }
  },
  "statusCodeDistribution": {
    "200": 302191
  },
  "errorDistribution": {}
}