{
  "summary": {
    "successRate": 1,
    "total": 10.000929554,
    "slowest": 0.010559712,
    "fastest": 0.000428357,
    "average": 0.0015895144052373961,
    "requestsPerSec": 31413.479947406093,
    "totalData": 4084132,
    "sizePerRequest": 13,
    "sizePerSec": 408375.23931627924
  },
  "responseTimeHistogram": {
    "0.000428357": 1,
    "0.0014414925000000001": 85239,
    "0.002454628": 225056,
    "0.0034677635": 3005,
    "0.004480899": 262,
    "0.0054940345": 108,
    "0.0065071700000000005": 324,
    "0.0075203055": 119,
    "0.008533441000000001": 0,
    "0.0095465765": 0,
    "0.010559712": 50
  },
  "latencyPercentiles": {
    "p10": 0.001083071,
    "p25": 0.001375751,
    "p50": 0.001639915,
    "p75": 0.001723921,
    "p90": 0.001896339,
    "p95": 0.002198103,
    "p99": 0.002526885
  },
  "rps": {
    "mean": 31423.432740155844,
    "stddev": 3202.6399544199303,
    "max": 42042.73566606236,
    "percentiles": {
      "p10": 28721.27859364629,
      "p25": 30269.607216356508,
      "p50": 31754.31893797471,
      "p75": 33097.49222054275,
      "p90": 34039.58378099082,
      "p95": 34916.8581307928,
      "p99": 39133.774896107396
    }
  },
  "details": {
    "DNSDialup": {
      "average": 0.0009008234199999999,
      "fastest": 0.000120333,
      "slowest": 0.001256799
    },
    "DNSLookup": {
      "average": 0.00000610654,
      "fastest": 0.000002645,
      "slowest": 0.000030917
    }
  },
  "statusCodeDistribution": {
    "200": 314164
  },
  "errorDistribution": {}
}