{
  "summary": {
    "successRate": 1,
    "total": 10.000692736,
    "slowest": 0.013495366,
    "fastest": 0.000384435,
    "average": 0.0015282782397291637,
    "requestsPerSec": 32677.536309420717,
    "totalData": 4248374,
    "sizePerRequest": 13,
    "sizePerSec": 424807.97202246933
  },
  "responseTimeHistogram": {
    "0.000384435": 1,
    "0.0016955281": 273858,
    "0.0030066211999999998": 48848,
    "0.0043177143": 3491,
    "0.0056288074": 30,
    "0.0069399004999999995": 114,
    "0.008250993600000001": 357,
    "0.0095620867": 49,
    "0.0108731798": 0,
    "0.012184272900000001": 0,
    "0.013495366": 50
  },
  "latencyPercentiles": {
    "p10": 0.001032608,
    "p25": 0.001323826,
    "p50": 0.001583882,
    "p75": 0.001660954,
    "p90": 0.001736536,
    "p95": 0.001873078,
    "p99": 0.003104721
  },
  "rps": {
    "mean": 32702.215570671422,
    "stddev": 3814.1818802406865,
    "max": 41909.102657099276,
    "percentiles": {
      "p10": 28248.30404115128,
      "p25": 32411.35369720033,
      "p50": 33602.520189014496,
      "p75": 34410.23016142454,
      "p90": 35352.87224358555,
      "p95": 36119.42476641237,
      "p99": 40590.87860665126
    }
  },
  "details": {
    "DNSDialup": {
      "average": 0.0007265882399999998,
      "fastest": 0.000104745,
      "slowest": 0.001367614
    },
    "DNSLookup": {
      "average": 0.000007531599999999999,
      "fastest": 0.000003116,
      "slowest": 0.000033181
    }
  },
  "statusCodeDistribution": {
    "200": 326798
  },
  "errorDistribution": {}
}