{
  "summary": {
    "successRate": 1,
    "total": 10.001169799,
    "slowest": 0.011211106,
    "fastest": 0.00031138,
    "average": 0.0016651352345004615,
    "requestsPerSec": 29992.59146964914,
    "totalData": 3899493,
    "sizePerRequest": 13,
    "sizePerSec": 389903.6891054388
  },
  "responseTimeHistogram": {
    "0.00031138": 1,
    "0.0014013526": 81537,
    "0.0024913252": 210185,
    "0.0035812978": 5958,
    "0.0046712704": 1683,
    "0.005761243": 50,
    "0.0068512156": 56,
    "0.007941188200000001": 97,
    "0.0090311608": 224,
    "0.0101211334": 120,
    "0.011211106": 50
  },
  "latencyPercentiles": {
    "p10": 0.001135697,
    "p25": 0.001378797,
    "p50": 0.001714148,
    "p75": 0.00184925,
    "p90": 0.002003216,
    "p95": 0.002077233,
    "p99": 0.003454391
  },
  "rps": {
    "mean": 29991.96034646374,
    "stddev": 4394.125845084747,
    "max": 40971.16464027949,
    "percentiles": {
      "p10": 25303.76773101279,
      "p25": 27909.80471439617,
      "p50": 30419.626743174133,
      "p75": 32168.786405390772,
      "p90": 34804.54935500792,
      "p95": 36961.95299440928,
      "p99": 39313.52778491007
    }
  },
  "details": {
    "DNSDialup": {
      "average": 0.00055288914,
      "fastest": 0.000072004,
      "slowest": 0.000977888
    },
    "DNSLookup": {
      "average": 0.000006869080000000002,
      "fastest": 0.000003767,
      "slowest": 0.000039283
    }
  },
  "statusCodeDistribution": {
    "200": 299961
  },
  "errorDistribution": {}
}