{
  "summary": {
    "successRate": 1,
    "total": 10.000823879,
    "slowest": 0.011575324,
    "fastest": 0.000317511,
    "average": 0.0016886755776335666,
    "requestsPerSec": 29565.964122304485,
    "totalData": 3843892,
    "sizePerRequest": 13,
    "sizePerSec": 384357.53358995833
  },
  "responseTimeHistogram": {
    "0.000317511": 1,
    "0.0014432923": 66052,
    "0.0025690736": 222536,
    "0.0036948549000000003": 6006,
    "0.004820636200000001": 528,
    "0.0059464175000000005": 4,
    "0.007072198800000001": 98,
    "0.0081979801": 332,
    "0.0093237614": 77,
    "0.0104495427": 0,
    "0.011575324": 50
  },
  "latencyPercentiles": {
    "p10": 0.001156774,
    "p25": 0.001510116,
    "p50": 0.001746803,
    "p75": 0.001822647,
    "p90": 0.001901066,
    "p95": 0.002063979,
    "p99": 0.003305886
  },
  "rps": {
    "mean": 29581.37993065518,
    "stddev": 3341.907434083897,
    "max": 34093.41722202543,
    "percentiles": {
      "p10": 25412.360572183115,
      "p25": 29603.389588110218,
      "p50": 30501.836975752387,
      "p75": 31102.50997255456,
      "p90": 31941.54614091565,
      "p95": 32507.877064962486,
      "p99": 33309.01166170865
    }
  },
  "details": {
    "DNSDialup": {
      "average": 0.0009334315199999998,
      "fastest": 0.000106238,
      "slowest": 0.001827839
    },
    "DNSLookup": {
      "average": 0.000005897380000000002,
      "fastest": 0.000002485,
      "slowest": 0.000034605
    }
  },
  "statusCodeDistribution": {
    "200": 295684
  },
  "errorDistribution": {}
}