{
  "summary": {
    "successRate": 1,
    "total": 10.001144737,
    "slowest": 0.012869325,
    "fastest": 0.000512791,
    "average": 0.0016612804411462122,
    "requestsPerSec": 30049.860081332004,
    "totalData": 3906929,
    "sizePerRequest": 13,
    "sizePerSec": 390648.1810573161
  },
  "responseTimeHistogram": {
    "0.000512791": 1,
    "0.0017484443999999997": 175394,
    "0.0029840977999999996": 122974,
    "0.0042197512": 1415,
    "0.0054554046": 502,
    "0.006691058": 180,
    "0.0079267114": 17,
    "0.0091623648": 0,
    "0.0103980182": 0,
    "0.0116336716": 0,
    "0.012869325": 50
  },
  "latencyPercentiles": {
    "p10": 0.001151499,
    "p25": 0.001491371,
    "p50": 0.001717629,
    "p75": 0.001804337,
    "p90": 0.001882526,
    "p95": 0.002016783,
    "p99": 0.0028756
  },
  "rps": {
    "mean": 30031.897065358044,
    "stddev": 3090.6584132680478,
    "max": 35718.488996230146,
    "percentiles": {
      "p10": 27515.083768919503,
      "p25": 29269.535635810982,
      "p50": 30700.482311062977,
      "p75": 31653.592788967922,
      "p90": 32613.71406676498,
      "p95": 33021.68683706516,
      "p99": 33817.52835834133
    }
  },
  "details": {
    "DNSDialup": {
      "average": 0.0008914370799999999,
      "fastest": 0.000101169,
      "slowest": 0.001657447
    },
    "DNSLookup": {
      "average": 0.0000068665599999999985,
      "fastest": 0.000003537,
      "slowest": 0.00002656
    }
  },
  "statusCodeDistribution": {
    "200": 300533
  },
  "errorDistribution": {}
}