{
  "summary": {
    "successRate": 1,
    "total": 10.000735531,
    "slowest": 0.011018194,
    "fastest": 0.000556596,
    "average": 0.001587516152959342,
    "requestsPerSec": 31457.686189661923,
    "totalData": 4089800,
    "sizePerRequest": 13,
    "sizePerSec": 408949.920465605
  },
  "responseTimeHistogram": {
    "0.000556596": 1,
    "0.0016027558000000003": 129026,
    "0.0026489156": 183048,
    "0.0036950754000000005": 1144,
    "0.004741235200000001": 187,
    "0.005787395000000001": 449,
    "0.0068335548000000015": 644,
    "0.0078797146": 51,
    "0.0089258744": 0,
    "0.0099720342": 0,
    "0.011018194": 50
  },
  "latencyPercentiles": {
    "p10": 0.001062591,
    "p25": 0.001430701,
    "p50": 0.001635742,
    "p75": 0.001715238,
    "p90": 0.001819623,
    "p95": 0.002176682,
    "p99": 0.002522697
  },
  "rps": {
    "mean": 31465.405106889833,
    "stddev": 3296.1750292869006,
    "max": 36871.412633699605,
    "percentiles": {
      "p10": 29217.94566222681,
      "p25": 30699.396891497498,
      "p50": 32170.104180555976,
      "p75": 33225.223824741064,
      "p90": 34014.248994081696,
      "p95": 34646.9803882805,
      "p99": 35794.83492665839
    }
  },
  "details": {
    "DNSDialup": {
      "average": 0.00082532294,
      "fastest": 0.000080487,
      "slowest": 0.001253346
    },
    "DNSLookup": {
      "average": 0.000006807539999999998,
      "fastest": 0.000003277,
      "slowest": 0.000032611
    }
  },
  "statusCodeDistribution": {
    "200": 314600
  },
  "errorDistribution": {}
}