{
  "summary": {
    "successRate": 1,
    "total": 10.000630371,
    "slowest": 0.015041415,
    "fastest": 0.000462154,
    "average": 0.0014964807262669853,
    "requestsPerSec": 33370.19643959002,
    "totalData": 4338399,
    "sizePerRequest": 13,
    "sizePerSec": 433812.55371467024
  },
  "responseTimeHistogram": {
    "0.000462154": 1,
    "0.0019200801": 319561,
    "0.0033780062000000003": 13408,
    "0.004835932300000001": 203,
    "0.0062938584": 18,
    "0.0077517845": 348,
    "0.0092097106": 84,
    "0.0106676367": 50,
    "0.0121255628": 0,
    "0.0135834889": 0,
    "0.015041414999999999": 50
  },
  "latencyPercentiles": {
    "p10": 0.001016007,
    "p25": 0.001333571,
    "p50": 0.001545179,
    "p75": 0.001617467,
    "p90": 0.001689018,
    "p95": 0.001828196,
    "p99": 0.003061818
  },
  "rps": {
    "mean": 33386.05088913503,
    "stddev": 3732.0204240946064,
    "max": 41328.44636963417,
    "percentiles": {
      "p10": 29068.961369102373,
      "p25": 33218.62568342239,
      "p50": 34543.93074182809,
      "p75": 35235.29134003673,
      "p90": 35808.82832899864,
      "p95": 36307.862699093566,
      "p99": 37375.27030329663
    }
  },
  "details": {
    "DNSDialup": {
      "average": 0.000546989,
      "fastest": 0.000073246,
      "slowest": 0.000959986
    },
    "DNSLookup": {
      "average": 0.000005570319999999998,
      "fastest": 0.000002725,
      "slowest": 0.00002701
    }
  },
  "statusCodeDistribution": {
    "200": 333723
  },
  "errorDistribution": {}
}