{
  "summary": {
    "successRate": 1,
    "total": 10.000928911,
    "slowest": 0.009875646,
    "fastest": 0.000241243,
    "average": 0.0013318135671356152,
    "requestsPerSec": 37493.01723238696,
    "totalData": 4874545,
    "sizePerRequest": 13,
    "sizePerSec": 487409.2240210305
  },
  "responseTimeHistogram": {
    "0.000241243": 1,
    "0.0012046833": 94811,
    "0.0021681236": 269660,
    "0.0031315639": 9485,
    "0.0040950042": 371,
    "0.0050584445": 37,
    "0.0060218848": 22,
    "0.0069853251": 255,
    "0.0079487654": 273,
    "0.0089122057": 0,
    "0.009875646": 50
  },
  "latencyPercentiles": {
    "p10": 0.000832859,
    "p25": 0.00117405,
    "p50": 0.001399867,
    "p75": 0.001447801,
    "p90": 0.001504304,
    "p95": 0.001625541,
    "p99": 0.00231354
  },
  "rps": {
    "mean": 37507.61444063047,
    "stddev": 3698.7677496591496,
    "max": 42609.2761574814,
    "percentiles": {
      "p10": 34907.251020934054,
      "p25": 36209.53397029928,
      "p50": 38605.29278564077,
      "p75": 39280.40780318248,
      "p90": 40048.01136396394,
      "p95": 40920.15650581665,
      "p99": 41845.105774126365
    }
  },
  "details": {
    "DNSDialup": {
      "average": 0.00053474014,
      "fastest": 0.000068373,
      "slowest": 0.001193622
    },
    "DNSLookup": {
      "average": 0.00000541478,
      "fastest": 0.000003039,
      "slowest": 0.000029992
    }
  },
  "statusCodeDistribution": {
    "200": 374965
  },
  "errorDistribution": {}
}