{
  "summary": {
    "successRate": 1,
    "total": 10.00082872,
    "slowest": 0.008708242,
    "fastest": 0.000216743,
    "average": 0.0015933632850736337,
    "requestsPerSec": 31350.701904631762,
    "totalData": 4075929,
    "sizePerRequest": 13,
    "sizePerSec": 407559.1247602129
  },
  "responseTimeHistogram": {
    "0.000216743": 1,
    "0.0010658929": 24191,
    "0.0019150427999999999": 270417,
    "0.0027641927": 16104,
    "0.0036133426": 1692,
    "0.0044624925": 618,
    "0.0053116424": 241,
    "0.0061607923": 114,
    "0.0070099422": 71,
    "0.0078590921": 34,
    "0.008708242": 50
  },
  "latencyPercentiles": {
    "p10": 0.001117588,
    "p25": 0.001421677,
    "p50": 0.001640935,
    "p75": 0.001733569,
    "p90": 0.001820279,
    "p95": 0.002000938,
    "p99": 0.002723558
  },
  "rps": {
    "mean": 31349.891128155712,
    "stddev": 3039.3217990532075,
    "max": 36570.47285517798,
    "percentiles": {
      "p10": 29199.135868362908,
      "p25": 30421.256843147705,
      "p50": 32126.601390476015,
      "p75": 32952.37699750546,
      "p90": 33575.213078718174,
      "p95": 34110.25928773701,
      "p99": 35218.64231822146
    }
  },
  "details": {
    "DNSDialup": {
      "average": 0.0009658152999999999,
      "fastest": 0.000076261,
      "slowest": 0.001867642
    },
    "DNSLookup": {
      "average": 0.00000892546,
      "fastest": 0.000003105,
      "slowest": 0.000147726
    }
  },
  "statusCodeDistribution": {
    "200": 313533
  },
  "errorDistribution": {}
}