{
  "summary": {
    "successRate": 1,
    "total": 10.000879072,
    "slowest": 0.010336233,
    "fastest": 0.0005236,
    "average": 0.0015232971337886547,
    "requestsPerSec": 32780.91832125695,
    "totalData": 4261894,
    "sizePerRequest": 13,
    "sizePerSec": 426151.93817634037
  },
  "responseTimeHistogram": {
    "0.0005236": 1,
    "0.0015048633": 106772,
    "0.0024861265999999997": 215058,
    "0.0034673898999999994": 5092,
    "0.0044486531999999995": 289,
    "0.0054299165": 4,
    "0.006411179799999999": 58,
    "0.007392443099999999": 233,
    "0.0083737064": 170,
    "0.0093549697": 40,
    "0.010336233": 121
  },
  "latencyPercentiles": {
    "p10": 0.001028792,
    "p25": 0.001363159,
    "p50": 0.001578064,
    "p75": 0.001648493,
    "p90": 0.001718783,
    "p95": 0.001867748,
    "p99": 0.002956063
  },
  "rps": {
    "mean": 32797.499454680576,
    "stddev": 3710.837801750431,
    "max": 44881.12566720309,
    "percentiles": {
      "p10": 29106.409231311114,
      "p25": 32600.17930098721,
      "p50": 33775.273403800325,
      "p75": 34599.685183330745,
      "p90": 35417.96753493307,
      "p95": 35844.15493973917,
      "p99": 36843.6634255264
    }
  },
  "details": {
    "DNSDialup": {
      "average": 0.00079468656,
      "fastest": 0.000096367,
      "slowest": 0.00131733
    },
    "DNSLookup": {
      "average": 0.00000757058,
      "fastest": 0.000003246,
      "slowest": 0.000040456
    }
  },
  "statusCodeDistribution": {
    "200": 327838
  },
  "errorDistribution": {}
}