{
  "summary": {
    "successRate": 1,
    "total": 10.00078173,
    "slowest": 0.011355689,
    "fastest": 0.000366372,
    "average": 0.0015046413191013978,
    "requestsPerSec": 33188.10558622201,
    "totalData": 4314791,
    "sizePerRequest": 13,
    "sizePerSec": 431445.37262088613
  },
  "responseTimeHistogram": {
    "0.000366372": 1,
    "0.0014653037": 108648,
    "0.0025642354": 217325,
    "0.0036631671000000006": 5093,
    "0.0047620988000000005": 217,
    "0.0058610305": 28,
    "0.006959962200000001": 180,
    "0.008058893900000001": 277,
    "0.0091578256": 87,
    "0.0102567573": 1,
    "0.011355689": 50
  },
  "latencyPercentiles": {
    "p10": 0.001022324,
    "p25": 0.001300233,
    "p50": 0.001555827,
    "p75": 0.001633377,
    "p90": 0.001719179,
    "p95": 0.001865762,
    "p99": 0.002996247
  },
  "rps": {
    "mean": 33178.11720896283,
    "stddev": 3972.4007209780125,
    "max": 43928.86465950152,
    "percentiles": {
      "p10": 29121.161335030993,
      "p25": 32592.753544461913,
      "p50": 34152.62602833293,
      "p75": 35062.02970977973,
      "p90": 36051.15264724568,
      "p95": 36707.113838661215,
      "p99": 40676.71221155651
    }
  },
  "details": {
    "DNSDialup": {
      "average": 0.00070968316,
      "fastest": 0.000084046,
      "slowest": 0.001619211
    },
    "DNSLookup": {
      "average": 0.00000637424,
      "fastest": 0.000003316,
      "slowest": 0.000024977
    }
  },
  "statusCodeDistribution": {
    "200": 331907
  },
  "errorDistribution": {}
}