{
  "summary": {
    "successRate": 1,
    "total": 10.000626426,
    "slowest": 0.013648346,
    "fastest": 0.000200922,
    "average": 0.001623501285912146,
    "requestsPerSec": 30755.773378390568,
    "totalData": 3998501,
    "sizePerRequest": 13,
    "sizePerSec": 399825.0539190774
  },
  "responseTimeHistogram": {
    "0.000200922": 1,
    "0.0015456644000000001": 86757,
    "0.0028904068": 219193,
    "0.004235149200000001": 934,
    "0.0055798916": 139,
    "0.006924634": 139,
    "0.0082693764": 364,
    "0.0096141188": 0,
    "0.0109588612": 0,
    "0.012303603599999999": 0,
    "0.013648345999999999": 50
  },
  "latencyPercentiles": {
    "p10": 0.001119969,
    "p25": 0.001458118,
    "p50": 0.001682489,
    "p75": 0.001759036,
    "p90": 0.001835223,
    "p95": 0.001994183,
    "p99": 0.002643914
  },
  "rps": {
    "mean": 30772.373278946383,
    "stddev": 3086.455439800637,
    "max": 36133.47251731229,
    "percentiles": {
      "p10": 28450.907208267385,
      "p25": 29970.577713457427,
      "p50": 31404.201882211517,
      "p75": 32415.165282173686,
      "p90": 33120.83300396008,
      "p95": 33582.46926113357,
      "p99": 34410.55951569667
    }
  },
  "details": {
    "DNSDialup": {
      "average": 0.00067899634,
      "fastest": 0.000068638,
      "slowest": 0.001690256
    },
    "DNSLookup": {
      "average": 0.000007808999999999996,
      "fastest": 0.000002565,
      "slowest": 0.000033743
    }
  },
  "statusCodeDistribution": {
    "200": 307577
  },
  "errorDistribution": {}
}