{
  "summary": {
    "successRate": 1,
    "total": 10.001038163,
    "slowest": 0.014694966,
    "fastest": 0.000284771,
    "average": 0.0016550255820746572,
    "requestsPerSec": 30167.568114698333,
    "totalData": 3922191,
    "sizePerRequest": 13,
    "sizePerSec": 392178.3854910783
  },
  "responseTimeHistogram": {
    "0.000284771": 1,
    "0.0017257905000000002": 161081,
    "0.0031668100000000004": 139194,
    "0.0046078295000000005": 869,
    "0.006048849": 39,
    "0.0074898685": 412,
    "0.008930888000000001": 61,
    "0.010371907500000001": 0,
    "0.011812927": 0,
    "0.0132539465": 0,
    "0.014694966": 50
  },
  "latencyPercentiles": {
    "p10": 0.001141514,
    "p25": 0.001486563,
    "p50": 0.001714699,
    "p75": 0.001792587,
    "p90": 0.001874197,
    "p95": 0.002047287,
    "p99": 0.002676691
  },
  "rps": {
    "mean": 30181.51889988802,
    "stddev": 3022.77626631872,
    "max": 34799.31380296631,
    "percentiles": {
      "p10": 27909.553440142543,
      "p25": 29456.969779553405,
      "p50": 30720.040768267223,
      "p75": 31721.996032049166,
      "p90": 32663.489062495828,
      "p95": 33227.61036932733,
      "p99": 34018.30865371929
    }
  },
  "details": {
    "DNSDialup": {
      "average": 0.0007802048800000003,
      "fastest": 0.000090268,
      "slowest": 0.001234802
    },
    "DNSLookup": {
      "average": 0.00000904398,
      "fastest": 0.000002605,
      "slowest": 0.000165128
    }
  },
  "statusCodeDistribution": {
    "200": 301707
  },
  "errorDistribution": {}
}