{
  "summary": {
    "successRate": 1,
    "total": 10.000639368,
    "slowest": 0.011004375,
    "fastest": 0.000216957,
    "average": 0.001662049019986481,
    "requestsPerSec": 30043.379122477723,
    "totalData": 3905889,
    "sizePerRequest": 13,
    "sizePerSec": 390563.9285922104
  },
  "responseTimeHistogram": {
    "0.000216957": 1,
    "0.0012956988000000001": 52491,
    "0.0023744406": 238174,
    "0.0034531824": 7323,
    "0.004531924200000001": 1914,
    "0.005610666": 0,
    "0.006689407800000001": 76,
    "0.007768149600000001": 129,
    "0.008846891400000001": 225,
    "0.0099256332": 64,
    "0.011004375": 56
  },
  "latencyPercentiles": {
    "p10": 0.001131795,
    "p25": 0.001401836,
    "p50": 0.001718064,
    "p75": 0.001817354,
    "p90": 0.001952266,
    "p95": 0.00208797,
    "p99": 0.003355139
  },
  "rps": {
    "mean": 30052.228465527674,
    "stddev": 4007.4908584601535,
    "max": 42498.626121999565,
    "percentiles": {
      "p10": 25743.238343120902,
      "p25": 28828.690312598694,
      "p50": 30605.66761317501,
      "p75": 31839.251684188108,
      "p90": 33423.14816082658,
      "p95": 35387.25850896383,
      "p99": 39005.81571646856
    }
  },
  "details": {
    "DNSDialup": {
      "average": 0.0007745233200000003,
      "fastest": 0.00007488,
      "slowest": 0.001727853
    },
    "DNSLookup": {
      "average": 0.000008564179999999999,
      "fastest": 0.000003396,
      "slowest": 0.000036237
    }
  },
  "statusCodeDistribution": {
    "200": 300453
  },
  "errorDistribution": {}
}