{
  "summary": {
    "successRate": 1,
    "total": 10.000688421,
    "slowest": 0.010695125,
    "fastest": 0.00050111,
    "average": 0.001525384430421621,
    "requestsPerSec": 32735.646409356323,
    "totalData": 4255927,
    "sizePerRequest": 13,
    "sizePerSec": 425563.4033216322
  },
  "responseTimeHistogram": {
    "0.00050111": 1,
    "0.0015205114999999997": 116518,
    "0.0025399129999999995": 204400,
    "0.0035593144999999994": 5618,
    "0.004578715999999999": 224,
    "0.0055981174999999985": 18,
    "0.006617518999999999": 21,
    "0.007636920499999999": 244,
    "0.008656322": 285,
    "0.009675723499999999": 0,
    "0.010695124999999998": 50
  },
  "latencyPercentiles": {
    "p10": 0.001028715,
    "p25": 0.001366078,
    "p50": 0.001575299,
    "p75": 0.001649051,
    "p90": 0.001724337,
    "p95": 0.00187258,
    "p99": 0.003025158
  },
  "rps": {
    "mean": 32734.992407925096,
    "stddev": 3761.5779903278244,
    "max": 38121.990164117466,
    "percentiles": {
      "p10": 28778.966029309326,
      "p25": 32440.160919216632,
      "p50": 33715.02895654314,
      "p75": 34673.737210957006,
      "p90": 35510.44065782835,
      "p95": 35933.578211659,
      "p99": 36604.685399732734
    }
  },
  "details": {
    "DNSDialup": {
      "average": 0.00067906358,
      "fastest": 0.000098976,
      "slowest": 0.001055369
    },
    "DNSLookup": {
      "average": 0.000006556240000000001,
      "fastest": 0.000003526,
      "slowest": 0.000034585
    }
  },
  "statusCodeDistribution": {
    "200": 327379
  },
  "errorDistribution": {}
}