{
  "summary": {
    "successRate": 1,
    "total": 10.000699391,
    "slowest": 0.010963224,
    "fastest": 0.000331511,
    "average": 0.001509766194385437,
    "requestsPerSec": 33075.78670924577,
    "totalData": 4300153,
    "sizePerRequest": 13,
    "sizePerSec": 429985.22722019494
  },
  "responseTimeHistogram": {
    "0.000331511": 1,
    "0.0013946823": 102861,
    "0.0024578536": 219945,
    "0.0035210249": 6460,
    "0.0045841962": 842,
    "0.0056473675": 158,
    "0.0067105388": 179,
    "0.007773710099999999": 197,
    "0.0088368814": 38,
    "0.0099000527": 0,
    "0.010963224": 100
  },
  "latencyPercentiles": {
    "p10": 0.001026387,
    "p25": 0.00128324,
    "p50": 0.001549145,
    "p75": 0.00164015,
    "p90": 0.001776417,
    "p95": 0.001925123,
    "p99": 0.003268316
  },
  "rps": {
    "mean": 33072.89036803512,
    "stddev": 4250.366441777081,
    "max": 42777.08859135043,
    "percentiles": {
      "p10": 28107.38099824982,
      "p25": 31868.220623795565,
      "p50": 34135.03961816957,
      "p75": 35165.15149842444,
      "p90": 36390.04892278531,
      "p95": 38190.43494996221,
      "p99": 41109.55797222428
    }
  },
  "details": {
    "DNSDialup": {
      "average": 0.00082874744,
      "fastest": 0.000076124,
      "slowest": 0.001827721
    },
    "DNSLookup": {
      "average": 0.0000073745400000000005,
      "fastest": 0.000003456,
      "slowest": 0.000034213
    }
  },
  "statusCodeDistribution": {
    "200": 330781
  },
  "errorDistribution": {}
}