{
  "summary": {
    "successRate": 1,
    "total": 10.000771273,
    "slowest": 0.011131865,
    "fastest": 0.00029004,
    "average": 0.0016695017790143314,
    "requestsPerSec": 29910.49308442673,
    "totalData": 3888664,
    "sizePerRequest": 13,
    "sizePerSec": 388836.4100975475
  },
  "responseTimeHistogram": {
    "0.00029004": 1,
    "0.0013742224999999998": 66458,
    "0.002458405": 223893,
    "0.0035425874999999996": 7024,
    "0.00462677": 1173,
    "0.0057109525": 36,
    "0.006795134999999999": 84,
    "0.007879317499999998": 141,
    "0.0089635": 180,
    "0.010047682499999998": 88,
    "0.011131865": 50
  },
  "latencyPercentiles": {
    "p10": 0.00113178,
    "p25": 0.001404972,
    "p50": 0.001727616,
    "p75": 0.001841169,
    "p90": 0.002000518,
    "p95": 0.002113531,
    "p99": 0.003334086
  },
  "rps": {
    "mean": 29905.80171264949,
    "stddev": 3979.013907427803,
    "max": 39883.29721002492,
    "percentiles": {
      "p10": 25573.601277552505,
      "p25": 28413.20730812025,
      "p50": 30459.97705557783,
      "p75": 31609.106583605688,
      "p90": 33927.22659934847,
      "p95": 36069.878174988335,
      "p99": 38310.26204219223
    }
  },
  "details": {
    "DNSDialup": {
      "average": 0.0005200341000000002,
      "fastest": 0.000070873,
      "slowest": 0.000958284
    },
    "DNSLookup": {
      "average": 0.00000644672,
      "fastest": 0.000003617,
      "slowest": 0.000030337
    }
  },
  "statusCodeDistribution": {
    "200": 299128
  },
  "errorDistribution": {}
}