{
  "summary": {
    "successRate": 1,
    "total": 10.000122033,
    "slowest": 0.011079372,
    "fastest": 0.000425852,
    "average": 0.0015340301726529519,
    "requestsPerSec": 32551.602763026,
    "totalData": 4231760,
    "sizePerRequest": 13,
    "sizePerSec": 423170.835919338
  },
  "responseTimeHistogram": {
    "0.000425852": 1,
    "0.0014912039999999999": 92887,
    "0.0025565559999999998": 230478,
    "0.0036219079999999996": 1362,
    "0.0046872599999999995": 195,
    "0.005752612": 246,
    "0.006817963999999999": 301,
    "0.007883315999999998": 0,
    "0.008948668": 0,
    "0.010014019999999998": 0,
    "0.011079372": 50
  },
  "latencyPercentiles": {
    "p10": 0.001046861,
    "p25": 0.001399507,
    "p50": 0.001591329,
    "p75": 0.001660506,
    "p90": 0.001746307,
    "p95": 0.002073564,
    "p99": 0.002334003
  },
  "rps": {
    "mean": 32554.777145063916,
    "stddev": 2892.6236989729664,
    "max": 37339.769325818124,
    "percentiles": {
      "p10": 30604.07340217046,
      "p25": 31867.934423682258,
      "p50": 33080.299670759574,
      "p75": 33961.7911325145,
      "p90": 34812.96998844325,
      "p95": 35408.57949881244,
      "p99": 36252.17700758207
    }
  },
  "details": {
    "DNSDialup": {
      "average": 0.0009589783599999998,
      "fastest": 0.000586432,
      "slowest": 0.001494335
    },
    "DNSLookup": {
      "average": 0.0000057342,
      "fastest": 0.000002604,
      "slowest": 0.000024376
    }
  },
  "statusCodeDistribution": {
    "200": 325520
  },
  "errorDistribution": {}
}