{
  "summary": {
    "successRate": 1,
    "total": 10.001946455,
    "slowest": 0.00971671,
    "fastest": 0.000333422,
    "average": 0.0016678386506109217,
    "requestsPerSec": 29931.57395382197,
    "totalData": 3891862,
    "sizePerRequest": 13,
    "sizePerSec": 389110.4613996856
  },
  "responseTimeHistogram": {
    "0.000333422": 1,
    "0.0012717508000000001": 44608,
    "0.0022100796": 241784,
    "0.0031484084000000002": 11470,
    "0.0040867372": 667,
    "0.005025066": 349,
    "0.005963394800000001": 44,
    "0.0069017236000000004": 17,
    "0.0078400524": 109,
    "0.008778381200000001": 237,
    "0.00971671": 88
  },
  "latencyPercentiles": {
    "p10": 0.001160657,
    "p25": 0.001485816,
    "p50": 0.001722793,
    "p75": 0.001810764,
    "p90": 0.001895442,
    "p95": 0.002051325,
    "p99": 0.002797484
  },
  "rps": {
    "mean": 29933.822732735298,
    "stddev": 3209.003217490214,
    "max": 36420.98577200511,
    "percentiles": {
      "p10": 27429.306062009135,
      "p25": 29107.493975252008,
      "p50": 30540.154194735438,
      "p75": 31554.257186661685,
      "p90": 32590.045906205964,
      "p95": 33152.84573717778,
      "p99": 33769.55048456247
    }
  },
  "details": {
    "DNSDialup": {
      "average": 0.0010350320800000005,
      "fastest": 0.000102241,
      "slowest": 0.001462034
    },
    "DNSLookup": {
      "average": 0.000006888359999999999,
      "fastest": 0.000003356,
      "slowest": 0.000036307
    }
  },
  "statusCodeDistribution": {
    "200": 299374
  },
  "errorDistribution": {}
}