{
  "summary": {
    "successRate": 1,
    "total": 10.000681975,
    "slowest": 0.010349408,
    "fastest": 0.000160294,
    "average": 0.0016573324366812732,
    "requestsPerSec": 30128.84528807347,
    "totalData": 3917017,
    "sizePerRequest": 13,
    "sizePerSec": 391674.9887449551
  },
  "responseTimeHistogram": {
    "0.000160294": 1,
    "0.0011792054": 33728,
    "0.0021981168": 253670,
    "0.0032170281999999994": 11836,
    "0.0042359395999999995": 1278,
    "0.005254851": 507,
    "0.006273762399999999": 106,
    "0.007292673799999999": 119,
    "0.008311585199999999": 0,
    "0.009330496599999998": 40,
    "0.010349408": 24
  },
  "latencyPercentiles": {
    "p10": 0.001151418,
    "p25": 0.001468502,
    "p50": 0.001701849,
    "p75": 0.00180241,
    "p90": 0.00189891,
    "p95": 0.002120484,
    "p99": 0.002977389
  },
  "rps": {
    "mean": 30116.771080784343,
    "stddev": 3096.147929795528,
    "max": 35931.55404724028,
    "percentiles": {
      "p10": 27273.589599456798,
      "p25": 29304.09964354161,
      "p50": 30787.806825065327,
      "p75": 31809.314898872934,
      "p90": 32717.75592614055,
      "p95": 33324.356501157126,
      "p99": 34456.60112777539
    }
  },
  "details": {
    "DNSDialup": {
      "average": 0.0009278078200000001,
      "fastest": 0.000099787,
      "slowest": 0.001792727
    },
    "DNSLookup": {
      "average": 0.000006677319999999999,
      "fastest": 0.000003727,
      "slowest": 0.000025148
    }
  },
  "statusCodeDistribution": {
    "200": 301309
  },
  "errorDistribution": {}
}