{
  "summary": {
    "successRate": 0.7939460212466452,
    "total": 10.001353349,
    "slowest": 0.014479179,
    "fastest": 0.000123077,
    "average": 0.0013869132163135537,
    "requestsPerSec": 41055.04381975016,
    "totalData": 4237987,
    "sizePerRequest": 13,
    "sizePerSec": 423741.353006365
  },
  "responseTimeHistogram": {
    "0.000123077": 1,
    "0.0015586872": 276909,
    "0.0029942974": 47392,
    "0.0044299076000000005": 1547,
    "0.0058655178": 68,
    "0.007301128": 29,
    "0.0087367382": 2,
    "0.0101723484": 1,
    "0.0116079586": 0,
    "0.013043568799999999": 0,
    "0.014479178999999998": 50
  },
  "latencyPercentiles": {
    "p10": 0.001117399,
    "p25": 0.001219339,
    "p50": 0.00133842,
    "p75": 0.001465267,
    "p90": 0.001670178,
    "p95": 0.001951782,
    "p99": 0.002697129
  },
  "rps": {
    "mean": 35835.49240524477,
    "stddev": 4519.520224686813,
    "max": 48646.931825948115,
    "percentiles": {
      "p10": 30270.37375116828,
      "p25": 34139.521396042546,
      "p50": 37371.270750447664,
      "p75": 38915.83874636766,
      "p90": 39613.38140024026,
      "p95": 40006.264297462185,
      "p99": 41426.52701571501
    }
  },
  "details": {
    "DNSDialup": {
      "average": 0.00054309014,
      "fastest": 0.000073136,
      "slowest": 0.001119951
    },
    "DNSLookup": {
      "average": 0.00001799262,
      "fastest": 0.000004198,
      "slowest": 0.000507211
    }
  },
  "statusCodeDistribution": {
    "200": 325999
  },
  "errorDistribution": {
    "Connection refused (os error 111)": 84607
  }
}