{
  "summary": {
    "successRate": 0.5067318469282295,
    "total": 10.000503769,
    "slowest": 0.015146723,
    "fastest": 0.000138765,
    "average": 0.0009167787561817502,
    "requestsPerSec": 64147.068469546415,
    "totalData": 4225910,
    "sizePerRequest": 13,
    "sizePerSec": 422569.71224786306
  },
  "responseTimeHistogram": {
    "0.000138765": 1,
    "0.0016395607999999998": 324187,
    "0.0031403565999999997": 630,
    "0.0046411524": 152,
    "0.0061419482": 50,
    "0.007642743999999999": 0,
    "0.009143539800000001": 0,
    "0.0106443356": 0,
    "0.0121451314": 0,
    "0.0136459272": 0,
    "0.015146722999999999": 50
  },
  "latencyPercentiles": {
    "p10": 0.00061267,
    "p25": 0.000743398,
    "p50": 0.000955449,
    "p75": 0.001060291,
    "p90": 0.001122646,
    "p95": 0.001171519,
    "p99": 0.00131199
  },
  "rps": {
    "mean": 54448.16193785489,
    "stddev": 8619.411570238382,
    "max": 79931.67692356781,
    "percentiles": {
      "p10": 47721.660861865545,
      "p25": 48990.75537433086,
      "p50": 51930.852119242605,
      "p75": 59030.33307239086,
      "p90": 66342.90792307015,
      "p95": 71218.88012512244,
      "p99": 75614.87344560325
    }
  },
  "details": {
    "DNSDialup": {
      "average": 0.00088977568,
      "fastest": 0.000080179,
      "slowest": 0.001724169
    },
    "DNSLookup": {
      "average": 0.00000621306,
      "fastest": 0.000003747,
      "slowest": 0.000008746
    }
  },
  "statusCodeDistribution": {
    "200": 325070
  },
  "errorDistribution": {
    "Connection refused (os error 111)": 316433
  }
}