{
  "summary": {
    "successRate": 1,
    "total": 10.000614646,
    "slowest": 0.015138647,
    "fastest": 0.000116819,
    "average": 0.001339577528236192,
    "requestsPerSec": 37207.013085823484,
    "totalData": 4837209,
    "sizePerRequest": 13,
    "sizePerSec": 483691.1701157053
  },
  "responseTimeHistogram": {
    "0.000116819": 1,
    "0.0016190018": 344925,
    "0.0031211846": 26277,
    "0.0046233674": 734,
    "0.0061255502": 96,
    "0.007627732999999999": 8,
    "0.009129915800000001": 1,
    "0.0106320986": 1,
    "0.0121342814": 0,
    "0.0136364642": 0,
    "0.015138647": 50
  },
  "latencyPercentiles": {
    "p10": 0.0011119,
    "p25": 0.00119731,
    "p50": 0.001315742,
    "p75": 0.001413614,
    "p90": 0.001564179,
    "p95": 0.00171623,
    "p99": 0.002414357
  },
  "rps": {
    "mean": 37200.602862102045,
    "stddev": 4134.0538757485765,
    "max": 52460.947054014556,
    "percentiles": {
      "p10": 32985.98125874909,
      "p25": 35739.767508796656,
      "p50": 38534.07953994555,
      "p75": 39501.805232501974,
      "p90": 40416.21094220854,
      "p95": 41512.034338755926,
      "p99": 43578.69877211477
    }
  },
  "details": {
    "DNSDialup": {
      "average": 0.0006028950199999999,
      "fastest": 0.000065958,
      "slowest": 0.000880991
    },
    "DNSLookup": {
      "average": 0.000005837100000000002,
      "fastest": 0.000003026,
      "slowest": 0.00002657
    }
  },
  "statusCodeDistribution": {
    "200": 372093
  },
  "errorDistribution": {}
}