{
  "summary": {
    "successRate": 1,
    "total": 10.000729385,
    "slowest": 0.013557079,
    "fastest": 0.00011843,
    "average": 0.0013211938133189005,
    "requestsPerSec": 37670.052402882815,
    "totalData": 4897464,
    "sizePerRequest": 13,
    "sizePerSec": 489710.6812374766
  },
  "responseTimeHistogram": {
    "0.00011843": 1,
    "0.0014622949000000001": 316726,
    "0.0028061598": 58614,
    "0.0041500247": 1065,
    "0.0054938896": 180,
    "0.0068377545": 80,
    "0.0081816194": 9,
    "0.0095254843": 3,
    "0.0108693492": 0,
    "0.0122132141": 0,
    "0.013557079": 50
  },
  "latencyPercentiles": {
    "p10": 0.001102022,
    "p25": 0.001182394,
    "p50": 0.001298048,
    "p75": 0.001394619,
    "p90": 0.001526005,
    "p95": 0.001660379,
    "p99": 0.00232592
  },
  "rps": {
    "mean": 37666.172951852495,
    "stddev": 4110.864926582986,
    "max": 50534.340490759445,
    "percentiles": {
      "p10": 33799.409757683396,
      "p25": 35403.065905507145,
      "p50": 39003.21776546598,
      "p75": 40206.58181744615,
      "p90": 40887.67853323269,
      "p95": 41625.49561606421,
      "p99": 43725.88572434777
    }
  },
  "details": {
    "DNSDialup": {
      "average": 0.0007674447,
      "fastest": 0.000111533,
      "slowest": 0.00121508
    },
    "DNSLookup": {
      "average": 0.00000623602,
      "fastest": 0.000003276,
      "slowest": 0.000024165
    }
  },
  "statusCodeDistribution": {
    "200": 376728
  },
  "errorDistribution": {}
}