{
  "summary": {
    "successRate": 0.70097423482217,
    "total": 10.00064986,
    "slowest": 0.015733305,
    "fastest": 0.000110791,
    "average": 0.0013431731332367812,
    "requestsPerSec": 42748.72193155656,
    "totalData": 3895801,
    "sizePerRequest": 13,
    "sizePerSec": 389554.7843927815
  },
  "responseTimeHistogram": {
    "0.000110791": 1,
    "0.0016730424": 281115,
    "0.0032352937999999996": 17864,
    "0.0047975451999999995": 553,
    "0.006359796599999999": 77,
    "0.007922048": 17,
    "0.0094842994": 0,
    "0.0110465508": 0,
    "0.0126088022": 0,
    "0.014171053599999999": 0,
    "0.015733305": 50
  },
  "latencyPercentiles": {
    "p10": 0.001111532,
    "p25": 0.001196782,
    "p50": 0.001319501,
    "p75": 0.001413355,
    "p90": 0.001557899,
    "p95": 0.001749296,
    "p99": 0.002471088
  },
  "rps": {
    "mean": 37087.070320348255,
    "stddev": 4336.646714956488,
    "max": 49319.05194976866,
    "percentiles": {
      "p10": 32939.15147544374,
      "p25": 35525.1838027998,
      "p50": 38333.9025033727,
      "p75": 39364.05803772401,
      "p90": 40107.90241139695,
      "p95": 40952.341661954124,
      "p99": 45530.38831792794
    }
  },
  "details": {
    "DNSDialup": {
      "average": 0.0009035312399999999,
      "fastest": 0.000093338,
      "slowest": 0.001359428
    },
    "DNSLookup": {
      "average": 0.000007309759999999999,
      "fastest": 0.000004328,
      "slowest": 0.000044283
    }
  },
  "statusCodeDistribution": {
    "200": 299677
  },
  "errorDistribution": {
    "Connection refused (os error 111)": 127838
  }
}