{
  "summary": {
    "successRate": 0.8490751037063539,
    "total": 10.000433257,
    "slowest": 0.01482618,
    "fastest": 0.000371158,
    "average": 0.0009940640266784195,
    "requestsPerSec": 51706.259790100215,
    "totalData": 5707572,
    "sizePerRequest": 13,
    "sizePerSec": 570732.4726161113
  },
  "responseTimeHistogram": {
    "0.000371158": 1,
    "0.0018166602": 438590,
    "0.0032621624": 340,
    "0.0047076646": 18,
    "0.0061531668": 45,
    "0.007598669000000001": 0,
    "0.0090441712": 0,
    "0.0104896734": 0,
    "0.0119351756": 0,
    "0.0133806778": 0,
    "0.014826180000000001": 50
  },
  "latencyPercentiles": {
    "p10": 0.000867575,
    "p25": 0.000926818,
    "p50": 0.001003292,
    "p75": 0.001062259,
    "p90": 0.00110851,
    "p95": 0.001147757,
    "p99": 0.001272009
  },
  "rps": {
    "mean": 50197.53297845619,
    "stddev": 3794.2543261802075,
    "max": 66706.6106251133,
    "percentiles": {
      "p10": 48048.65887684306,
      "p25": 49000.30818879482,
      "p50": 49899.647953926484,
      "p75": 50957.719236807825,
      "p90": 53814.89596320309,
      "p95": 55809.16386471256,
      "p99": 59501.7572115152
    }
  },
  "details": {
    "DNSDialup": {
      "average": 0.00105945838,
      "fastest": 0.000081972,
      "slowest": 0.001414432
    },
    "DNSLookup": {
      "average": 0.000006785220000000001,
      "fastest": 0.000004449,
      "slowest": 0.000017192
    }
  },
  "statusCodeDistribution": {
    "200": 439044
  },
  "errorDistribution": {
    "Connection refused (os error 111)": 78041
  }
}