{
  "summary": {
    "successRate": 0.7315811968066863,
    "total": 10.000648134,
    "slowest": 0.014335388,
    "fastest": 0.000230559,
    "average": 0.0009174194403654376,
    "requestsPerSec": 56852.615188710726,
    "totalData": 5407350,
    "sizePerRequest": 13,
    "sizePerSec": 540699.9553975108
  },
  "responseTimeHistogram": {
    "0.000230559": 1,
    "0.0016410418999999999": 415400,
    "0.0030515247999999997": 398,
    "0.004462007699999999": 51,
    "0.0058724905999999995": 49,
    "0.0072829735": 1,
    "0.008693456399999999": 0,
    "0.0101039393": 0,
    "0.011514422199999999": 0,
    "0.012924905099999998": 0,
    "0.014335388": 50
  },
  "latencyPercentiles": {
    "p10": 0.000627821,
    "p25": 0.000737106,
    "p50": 0.000958268,
    "p75": 0.00106671,
    "p90": 0.001123547,
    "p95": 0.00116354,
    "p99": 0.001271558
  },
  "rps": {
    "mean": 54306.521544597534,
    "stddev": 8612.948532412827,
    "max": 77417.06272062403,
    "percentiles": {
      "p10": 47356.51881625418,
      "p25": 48256.33444483415,
      "p50": 51544.60662202935,
      "p75": 59621.33847703908,
      "p90": 67820.88283469192,
      "p95": 71108.27700344115,
      "p99": 73833.73048462962
    }
  },
  "details": {
    "DNSDialup": {
      "average": 0.0009190615200000001,
      "fastest": 0.000089865,
      "slowest": 0.001355136
    },
    "DNSLookup": {
      "average": 0.000006215779999999999,
      "fastest": 0.000003847,
      "slowest": 0.000009147
    }
  },
  "statusCodeDistribution": {
    "200": 415950
  },
  "errorDistribution": {
    "Connection refused (os error 111)": 152613
  }
}