{
  "summary": {
    "successRate": 0.7987602510031974,
    "total": 10.000607087,
    "slowest": 0.015089716,
    "fastest": 0.000130242,
    "average": 0.0009049424922862555,
    "requestsPerSec": 57637.20092046048,
    "totalData": 5985343,
    "sizePerRequest": 13,
    "sizePerSec": 598497.9659665335
  },
  "responseTimeHistogram": {
    "0.000130242": 1,
    "0.0016261894": 459657,
    "0.0031221368": 501,
    "0.0046180842": 152,
    "0.0061140316": 50,
    "0.007609979": 0,
    "0.009105926399999999": 0,
    "0.0106018738": 0,
    "0.012097821199999999": 0,
    "0.013593768599999998": 0,
    "0.015089716": 50
  },
  "latencyPercentiles": {
    "p10": 0.000607517,
    "p25": 0.000770192,
    "p50": 0.000943457,
    "p75": 0.001038466,
    "p90": 0.001093624,
    "p95": 0.001136843,
    "p99": 0.001274583
  },
  "rps": {
    "mean": 55146.017397330506,
    "stddev": 7779.87866268939,
    "max": 80108.41138319563,
    "percentiles": {
      "p10": 49100.24550122706,
      "p25": 50152.680375469805,
      "p50": 52520.89281115944,
      "p75": 59662.88037369912,
      "p90": 65900.94238347352,
      "p95": 69952.28933628254,
      "p99": 76106.38532572477
    }
  },
  "details": {
    "DNSDialup": {
      "average": 0.0008545957199999999,
      "fastest": 0.000103618,
      "slowest": 0.001621831
    },
    "DNSLookup": {
      "average": 0.000006468,
      "fastest": 0.000004247,
      "slowest": 0.000009367
    }
  },
  "statusCodeDistribution": {
    "200": 460411
  },
  "errorDistribution": {
    "Connection refused (os error 111)": 115996
  }
}