{
  "summary": {
    "successRate": 1,
    "total": 10.000937517,
    "slowest": 0.01623168,
    "fastest": 0.000118565,
    "average": 0.0013518889997123733,
    "requestsPerSec": 36856.3446550328,
    "totalData": 4791774,
    "sizePerRequest": 13,
    "sizePerSec": 479132.48051542643
  },
  "responseTimeHistogram": {
    "0.000118565": 1,
    "0.0017298764999999997": 349927,
    "0.0033411879999999997": 17927,
    "0.0049524995": 639,
    "0.006563810999999999": 49,
    "0.008175122499999998": 3,
    "0.009786433999999998": 2,
    "0.011397745499999997": 0,
    "0.013009056999999997": 0,
    "0.014620368499999998": 0,
    "0.01623168": 50
  },
  "latencyPercentiles": {
    "p10": 0.001136434,
    "p25": 0.001209511,
    "p50": 0.00132669,
    "p75": 0.001412773,
    "p90": 0.001563744,
    "p95": 0.001734222,
    "p99": 0.00241771
  },
  "rps": {
    "mean": 36865.056551490634,
    "stddev": 3937.787819485985,
    "max": 45440.43289719254,
    "percentiles": {
      "p10": 32642.461313676922,
      "p25": 36235.201168295214,
      "p50": 38221.55411259548,
      "p75": 38986.62253839034,
      "p90": 39498.16082929432,
      "p95": 39843.97180728767,
      "p99": 41941.370968323696
    }
  },
  "details": {
    "DNSDialup": {
      "average": 0.0006479690400000004,
      "fastest": 0.00009106,
      "slowest": 0.001157279
    },
    "DNSLookup": {
      "average": 0.000007168619999999999,
      "fastest": 0.000003526,
      "slowest": 0.000029706
    }
  },
  "statusCodeDistribution": {
    "200": 368598
  },
  "errorDistribution": {}
}