{
  "summary": {
    "successRate": 0.873676785527847,
    "total": 10.000490589,
    "slowest": 0.014299248,
    "fastest": 0.000101068,
    "average": 0.0013329064675743167,
    "requestsPerSec": 39267.97355641209,
    "totalData": 4460196,
    "sizePerRequest": 13,
    "sizePerSec": 445997.71984246204
  },
  "responseTimeHistogram": {
    "0.000101068": 1,
    "0.0015208860000000002": 301752,
    "0.0029407040000000006": 40216,
    "0.004360522000000001": 944,
    "0.005780340000000001": 51,
    "0.007200158000000001": 68,
    "0.008619976000000001": 6,
    "0.010039794000000001": 2,
    "0.011459612000000001": 2,
    "0.01287943": 0,
    "0.014299248": 50
  },
  "latencyPercentiles": {
    "p10": 0.001111234,
    "p25": 0.001193437,
    "p50": 0.001309594,
    "p75": 0.001404293,
    "p90": 0.001548422,
    "p95": 0.001689857,
    "p99": 0.002354033
  },
  "rps": {
    "mean": 37385.649950475345,
    "stddev": 4118.03026232065,
    "max": 52001.11282381524,
    "percentiles": {
      "p10": 33105.087087640226,
      "p25": 35724.46378895429,
      "p50": 38714.870381713816,
      "p75": 39613.95691118889,
      "p90": 40372.33511281927,
      "p95": 41349.32147065174,
      "p99": 43115.00402139917
    }
  },
  "details": {
    "DNSDialup": {
      "average": 0.0007765014799999999,
      "fastest": 0.000105017,
      "slowest": 0.001170977
    },
    "DNSLookup": {
      "average": 0.00000630984,
      "fastest": 0.000003727,
      "slowest": 0.00002161
    }
  },
  "statusCodeDistribution": {
    "200": 343092
  },
  "errorDistribution": {
    "Connection refused (os error 111)": 49607
  }
}