{
  "summary": {
    "successRate": 0.5155200251062266,
    "total": 10.000827188,
    "slowest": 0.014661635,
    "fastest": 0.000099195,
    "average": 0.0013752381614454943,
    "requestsPerSec": 48430.19391247579,
    "totalData": 3245944,
    "sizePerRequest": 13,
    "sizePerSec": 324567.5521615662
  },
  "responseTimeHistogram": {
    "0.000099195": 1,
    "0.001555439": 219037,
    "0.003011683": 29197,
    "0.004467927": 1172,
    "0.005924171": 204,
    "0.0073804149999999995": 18,
    "0.008836659": 7,
    "0.010292902999999999": 1,
    "0.011749147": 1,
    "0.013205391": 0,
    "0.014661635": 50
  },
  "latencyPercentiles": {
    "p10": 0.001133843,
    "p25": 0.001216354,
    "p50": 0.001337132,
    "p75": 0.001431165,
    "p90": 0.001611373,
    "p95": 0.001856944,
    "p99": 0.002645651
  },
  "rps": {
    "mean": 36239.38527169886,
    "stddev": 4556.973751216065,
    "max": 49129.08894173605,
    "percentiles": {
      "p10": 30973.546686605314,
      "p25": 35694.405521120796,
      "p50": 37742.5005852078,
      "p75": 38449.3693139827,
      "p90": 39014.96857535026,
      "p95": 39362.29082522902,
      "p99": 42825.70430942161
    }
  },
  "details": {
    "DNSDialup": {
      "average": 0.0009407246399999997,
      "fastest": 0.000083075,
      "slowest": 0.001748641
    },
    "DNSLookup": {
      "average": 0.000021430159999999997,
      "fastest": 0.000004118,
      "slowest": 0.00071264
    }
  },
  "statusCodeDistribution": {
    "200": 249688
  },
  "errorDistribution": {
    "Connection refused (os error 111)": 234654
  }
}