{
  "summary": {
    "successRate": 0.5353638609696144,
    "total": 10.000652325,
    "slowest": 0.007237931,
    "fastest": 0.000138077,
    "average": 0.0008606519364984719,
    "requestsPerSec": 63581.952390290695,
    "totalData": 4425421,
    "sizePerRequest": 13,
    "sizePerSec": 442513.233755479
  },
  "responseTimeHistogram": {
    "0.000138077": 1,
    "0.0008480624": 165551,
    "0.0015580478000000002": 173992,
    "0.0022680332": 592,
    "0.0029780186": 175,
    "0.003688004": 16,
    "0.004397989400000001": 40,
    "0.005107974800000001": 0,
    "0.0058179602000000006": 0,
    "0.0065279456000000005": 22,
    "0.007237931": 28
  },
  "latencyPercentiles": {
    "p10": 0.000617719,
    "p25": 0.0006762,
    "p50": 0.000860974,
    "p75": 0.001022523,
    "p90": 0.001104206,
    "p95": 0.001147607,
    "p99": 0.001311076
  },
  "rps": {
    "mean": 57945.1289216872,
    "stddev": 9490.71173887697,
    "max": 77446.7414813666,
    "percentiles": {
      "p10": 47724.47580515351,
      "p25": 49772.52151407323,
      "p50": 57800.30056156335,
      "p75": 65608.34562196385,
      "p90": 70694.27081012841,
      "p95": 72568.38118559158,
      "p99": 76313.69830884277
    }
  },
  "details": {
    "DNSDialup": {
      "average": 0.0009535765799999999,
      "fastest": 0.000080639,
      "slowest": 0.001885264
    },
    "DNSLookup": {
      "average": 0.000006324240000000001,
      "fastest": 0.000004047,
      "slowest": 0.000012433
    }
  },
  "statusCodeDistribution": {
    "200": 340417
  },
  "errorDistribution": {
    "Connection refused (os error 111)": 295444
  }
}