{
  "summary": {
    "successRate": 0.798788034934954,
    "total": 10.000789469,
    "slowest": 0.013930703,
    "fastest": 0.000266349,
    "average": 0.0008758291985616378,
    "requestsPerSec": 57439.36534016842,
    "totalData": 5965115,
    "sizePerRequest": 13,
    "sizePerSec": 596464.4109837925
  },
  "responseTimeHistogram": {
    "0.000266349": 1,
    "0.0016327843999999997": 458038,
    "0.0029992197999999994": 715,
    "0.0043656552": 1,
    "0.005732090599999999": 49,
    "0.007098525999999998": 1,
    "0.0084649614": 0,
    "0.0098313968": 0,
    "0.011197832199999999": 0,
    "0.012564267599999998": 0,
    "0.013930702999999997": 50
  },
  "latencyPercentiles": {
    "p10": 0.00062682,
    "p25": 0.000684423,
    "p50": 0.000868035,
    "p75": 0.001048075,
    "p90": 0.001133982,
    "p95": 0.001177585,
    "p99": 0.001306525
  },
  "rps": {
    "mean": 56976.858902598746,
    "stddev": 9533.953176540705,
    "max": 76834.39107344592,
    "percentiles": {
      "p10": 46327.8138055095,
      "p25": 48254.06073972146,
      "p50": 56741.15435925632,
      "p75": 65300.4079969483,
      "p90": 69398.78222661669,
      "p95": 71705.89119712396,
      "p99": 74907.55817262118
    }
  },
  "details": {
    "DNSDialup": {
      "average": 0.0009425524399999998,
      "fastest": 0.000089541,
      "slowest": 0.00141664
    },
    "DNSLookup": {
      "average": 0.000021659900000000002,
      "fastest": 0.000003938,
      "slowest": 0.000745706
    }
  },
  "statusCodeDistribution": {
    "200": 458855
  },
  "errorDistribution": {
    "Connection refused (os error 111)": 115584
  }
}