{
  "summary": {
    "successRate": 0.708963791503646,
    "total": 10.000685248,
    "slowest": 0.012044306,
    "fastest": 0.000264229,
    "average": 0.0008732388620421274,
    "requestsPerSec": 57222.97880682186,
    "totalData": 5274334,
    "sizePerRequest": 13,
    "sizePerSec": 527397.2602082237
  },
  "responseTimeHistogram": {
    "0.000264229": 1,
    "0.0014422367": 404823,
    "0.0026202444": 643,
    "0.0037982521000000003": 151,
    "0.0049762598000000005": 3,
    "0.0061542675": 47,
    "0.007332275200000001": 0,
    "0.008510282899999999": 0,
    "0.0096882906": 0,
    "0.0108662983": 0,
    "0.012044306": 50
  },
  "latencyPercentiles": {
    "p10": 0.00060293,
    "p25": 0.00074866,
    "p50": 0.000902258,
    "p75": 0.000995104,
    "p90": 0.001066334,
    "p95": 0.00111364,
    "p99": 0.001228233
  },
  "rps": {
    "mean": 57153.91264438361,
    "stddev": 7803.857131405211,
    "max": 89972.12080096593,
    "percentiles": {
      "p10": 50200.35050064837,
      "p25": 52342.644173902554,
      "p50": 55318.365697409194,
      "p75": 61880.65264668932,
      "p90": 67388.49910970991,
      "p95": 70321.24404783103,
      "p99": 77724.18758642182
    }
  },
  "details": {
    "DNSDialup": {
      "average": 0.0007784258999999999,
      "fastest": 0.000077254,
      "slowest": 0.001577068
    },
    "DNSLookup": {
      "average": 0.00000721234,
      "fastest": 0.000004288,
      "slowest": 0.000016691
    }
  },
  "statusCodeDistribution": {
    "200": 405718
  },
  "errorDistribution": {
    "Connection refused (os error 111)": 166551
  }
}