{
  "summary": {
    "successRate": 0.41347880808218246,
    "total": 10.000612631,
    "slowest": 0.013598703,
    "fastest": 0.000273537,
    "average": 0.0008509455379521027,
    "requestsPerSec": 58792.39819543012,
    "totalData": 3160417,
    "sizePerRequest": 13,
    "sizePerSec": 316022.3394918135
  },
  "responseTimeHistogram": {
    "0.000273537": 1,
    "0.0016060535999999999": 242604,
    "0.0029385702": 356,
    "0.0042710868": 48,
    "0.0056036034": 50,
    "0.00693612": 0,
    "0.0082686366": 0,
    "0.0096011532": 0,
    "0.0109336698": 0,
    "0.0122661864": 0,
    "0.013598703": 50
  },
  "latencyPercentiles": {
    "p10": 0.000595626,
    "p25": 0.000662963,
    "p50": 0.000868812,
    "p75": 0.001009787,
    "p90": 0.001083259,
    "p95": 0.001131657,
    "p99": 0.001246947
  },
  "rps": {
    "mean": 58630.45771290972,
    "stddev": 10581.183032260175,
    "max": 80667.62732959125,
    "percentiles": {
      "p10": 48901.60174335037,
      "p25": 49918.3000487968,
      "p50": 57252.59583672223,
      "p75": 67091.47251362714,
      "p90": 73022.58588581692,
      "p95": 75632.6430487419,
      "p99": 79407.86137827973
    }
  },
  "details": {
    "DNSDialup": {
      "average": 0.0009308793199999997,
      "fastest": 0.000108186,
      "slowest": 0.001440332
    },
    "DNSLookup": {
      "average": 0.0000156106,
      "fastest": 0.000003947,
      "slowest": 0.000280107
    }
  },
  "statusCodeDistribution": {
    "200": 243109
  },
  "errorDistribution": {
    "Connection refused (os error 111)": 344851
  }
}