{
  "summary": {
    "successRate": 0.6914113025291025,
    "total": 10.000631286,
    "slowest": 0.01603161,
    "fastest": 0.000126968,
    "average": 0.0009058536183849418,
    "requestsPerSec": 58135.52998538176,
    "totalData": 5225753,
    "sizePerRequest": 13,
    "sizePerSec": 522542.3126353625
  },
  "responseTimeHistogram": {
    "0.000126968": 1,
    "0.0017174322000000001": 401342,
    "0.0033078964": 338,
    "0.0048983606": 203,
    "0.0064888248": 47,
    "0.008079289": 0,
    "0.0096697532": 0,
    "0.0112602174": 0,
    "0.0128506816": 0,
    "0.014441145800000001": 0,
    "0.01603161": 50
  },
  "latencyPercentiles": {
    "p10": 0.000613239,
    "p25": 0.000753659,
    "p50": 0.000939727,
    "p75": 0.001041884,
    "p90": 0.001106036,
    "p95": 0.001158239,
    "p99": 0.001300019
  },
  "rps": {
    "mean": 55064.908027519756,
    "stddev": 7921.544080883215,
    "max": 79378.50847983776,
    "percentiles": {
      "p10": 48800.21960099008,
      "p25": 49991.73984178264,
      "p50": 53262.06628584196,
      "p75": 59716.941696351445,
      "p90": 65612.65011894204,
      "p95": 68726.93861537421,
      "p99": 76873.45895092895
    }
  },
  "details": {
    "DNSDialup": {
      "average": 0.0007900917799999998,
      "fastest": 0.000081219,
      "slowest": 0.00149373
    },
    "DNSLookup": {
      "average": 0.00000906562,
      "fastest": 0.000003617,
      "slowest": 0.000129683
    }
  },
  "statusCodeDistribution": {
    "200": 401981
  },
  "errorDistribution": {
    "Connection refused (os error 111)": 179411
  }
}