{
  "summary": {
    "successRate": 0.6255027406193271,
    "total": 10.000316402,
    "slowest": 0.014276025,
    "fastest": 0.00024421,
    "average": 0.0009820791455802216,
    "requestsPerSec": 56737.20482349195,
    "totalData": 4613752,
    "sizePerRequest": 13,
    "sizePerSec": 461360.60245826613
  },
  "responseTimeHistogram": {
    "0.00024421": 1,
    "0.0016473915": 354202,
    "0.003050573": 551,
    "0.0044537545000000005": 50,
    "0.005856936": 49,
    "0.0072601175": 0,
    "0.008663299000000001": 1,
    "0.0100664805": 0,
    "0.011469662": 0,
    "0.0128728435": 0,
    "0.014276025": 50
  },
  "latencyPercentiles": {
    "p10": 0.00086173,
    "p25": 0.000913347,
    "p50": 0.000987108,
    "p75": 0.00104183,
    "p90": 0.001086145,
    "p95": 0.001124172,
    "p99": 0.001234121
  },
  "rps": {
    "mean": 50790.82822797421,
    "stddev": 3670.2014788908514,
    "max": 59445.916025537,
    "percentiles": {
      "p10": 49135.092282906575,
      "p25": 50081.66233230235,
      "p50": 50936.78382730767,
      "p75": 51873.130739714885,
      "p90": 53205.2623551521,
      "p95": 54523.523041453904,
      "p99": 56455.38665901094
    }
  },
  "details": {
    "DNSDialup": {
      "average": 0.0009873919,
      "fastest": 0.000054545,
      "slowest": 0.003999948
    },
    "DNSLookup": {
      "average": 0.000007400120000000002,
      "fastest": 0.000004228,
      "slowest": 0.000027542
    }
  },
  "statusCodeDistribution": {
    "200": 354904
  },
  "errorDistribution": {
    "Connection refused (os error 111)": 212486
  }
}