{
  "summary": {
    "successRate": 0.8261857268567703,
    "total": 10.000932808,
    "slowest": 0.005883852,
    "fastest": 0.000249914,
    "average": 0.0008474037467239332,
    "requestsPerSec": 59200.77770409514,
    "totalData": 6359002,
    "sizePerRequest": 13,
    "sizePerSec": 635840.888253271
  },
  "responseTimeHistogram": {
    "0.000249914": 1,
    "0.0008133077999999999": 235292,
    "0.0013767016": 250785,
    "0.0019400953999999999": 2661,
    "0.0025034892": 231,
    "0.003066883": 84,
    "0.0036302768": 0,
    "0.0041936706": 5,
    "0.0047570644": 45,
    "0.0053204582": 17,
    "0.005883852": 33
  },
  "latencyPercentiles": {
    "p10": 0.000611705,
    "p25": 0.000669387,
    "p50": 0.000831752,
    "p75": 0.001007552,
    "p90": 0.001097919,
    "p95": 0.001142164,
    "p99": 0.001299978
  },
  "rps": {
    "mean": 58847.02914836488,
    "stddev": 9548.29542385312,
    "max": 78130.49198108552,
    "percentiles": {
      "p10": 47864.16974911931,
      "p25": 50337.10821535995,
      "p50": 58857.76300861397,
      "p75": 66956.48301120012,
      "p90": 71212.64024365334,
      "p95": 72991.18058278377,
      "p99": 75713.48457160323
    }
  },
  "details": {
    "DNSDialup": {
      "average": 0.0006240877399999999,
      "fastest": 0.000070281,
      "slowest": 0.00129271
    },
    "DNSLookup": {
      "average": 0.000012625640000000001,
      "fastest": 0.000003938,
      "slowest": 0.000315784
    }
  },
  "statusCodeDistribution": {
    "200": 489154
  },
  "errorDistribution": {
    "Connection refused (os error 111)": 102909
  }
}