{
  "summary": {
    "successRate": 0.9784227379795997,
    "total": 10.000660521,
    "slowest": 0.016714247,
    "fastest": 0.000110763,
    "average": 0.0008824331037271927,
    "requestsPerSec": 56926.539882495024,
    "totalData": 7241247,
    "sizePerRequest": 13,
    "sizePerSec": 724076.8732019636
  },
  "responseTimeHistogram": {
    "0.000110763": 1,
    "0.0017711114000000003": 556475,
    "0.0034314598000000003": 312,
    "0.005091808200000001": 166,
    "0.006752156600000001": 15,
    "0.008412505": 0,
    "0.010072853400000002": 0,
    "0.0117332018": 0,
    "0.013393550200000002": 0,
    "0.015053898600000002": 0,
    "0.016714247": 50
  },
  "latencyPercentiles": {
    "p10": 0.000594034,
    "p25": 0.000710693,
    "p50": 0.000920534,
    "p75": 0.001025255,
    "p90": 0.001088016,
    "p95": 0.001136693,
    "p99": 0.001271352
  },
  "rps": {
    "mean": 56591.839300577136,
    "stddev": 8544.623883903389,
    "max": 86874.88188063778,
    "percentiles": {
      "p10": 49142.262345616764,
      "p25": 50703.75207765454,
      "p50": 54397.16665583087,
      "p75": 61404.72844641095,
      "p90": 68920.43196585284,
      "p95": 73258.3629251495,
      "p99": 78584.32594971705
    }
  },
  "details": {
    "DNSDialup": {
      "average": 0.0007803330799999998,
      "fastest": 0.000058147,
      "slowest": 0.001626302
    },
    "DNSLookup": {
      "average": 0.000007590280000000002,
      "fastest": 0.000003997,
      "slowest": 0.000034385
    }
  },
  "statusCodeDistribution": {
    "200": 557019
  },
  "errorDistribution": {
    "Connection refused (os error 111)": 12284
  }
}