{
  "summary": {
    "successRate": 1,
    "total": 10.000638012,
    "slowest": 0.014094134,
    "fastest": 0.000126697,
    "average": 0.0013787788218786819,
    "requestsPerSec": 36089.397453135214,
    "totalData": 4691921,
    "sizePerRequest": 13,
    "sizePerSec": 469162.1668907578
  },
  "responseTimeHistogram": {
    "0.000126697": 1,
    "0.0015234407": 300183,
    "0.0029201844": 58349,
    "0.004316928100000001": 2084,
    "0.0057136718": 215,
    "0.0071104155": 33,
    "0.008507159200000001": 1,
    "0.0099039029": 0,
    "0.0113006466": 1,
    "0.0126973903": 0,
    "0.014094134": 50
  },
  "latencyPercentiles": {
    "p10": 0.001119011,
    "p25": 0.001216809,
    "p50": 0.001334777,
    "p75": 0.001453509,
    "p90": 0.001630611,
    "p95": 0.001883464,
    "p99": 0.002684422
  },
  "rps": {
    "mean": 36073.137418444465,
    "stddev": 4500.605150485102,
    "max": 51721.053266043134,
    "percentiles": {
      "p10": 30707.746217718515,
      "p25": 34021.94415397944,
      "p50": 37856.88375352813,
      "p75": 39030.14297942195,
      "p90": 39720.84152554858,
      "p95": 40008.66587702903,
      "p99": 41630.86007533403
    }
  },
  "details": {
    "DNSDialup": {
      "average": 0.0005037959199999999,
      "fastest": 0.000072065,
      "slowest": 0.000822088
    },
    "DNSLookup": {
      "average": 0.00000623316,
      "fastest": 0.000003396,
      "slowest": 0.000032049
    }
  },
  "statusCodeDistribution": {
    "200": 360917
  },
  "errorDistribution": {}
}