{
  "summary": {
    "successRate": 1,
    "total": 10.00263949,
    "slowest": 0.013924505,
    "fastest": 0.000126156,
    "average": 0.0013705150172565518,
    "requestsPerSec": 36295.419860223315,
    "totalData": 4719650,
    "sizePerRequest": 13,
    "sizePerSec": 471840.45818290306
  },
  "responseTimeHistogram": {
    "0.000126156": 1,
    "0.0015059909": 293694,
    "0.0028858258": 67358,
    "0.0042656607": 1702,
    "0.0056454956": 162,
    "0.0070253304999999995": 29,
    "0.008405165400000001": 51,
    "0.0097850003": 1,
    "0.0111648352": 1,
    "0.0125446701": 0,
    "0.013924505": 51
  },
  "latencyPercentiles": {
    "p10": 0.001108464,
    "p25": 0.001211341,
    "p50": 0.001332409,
    "p75": 0.001460529,
    "p90": 0.001624751,
    "p95": 0.00184673,
    "p99": 0.00253228
  },
  "rps": {
    "mean": 36300.09339909173,
    "stddev": 4525.926648981705,
    "max": 49504.950494442215,
    "percentiles": {
      "p10": 31466.096939303516,
      "p25": 34316.653872125156,
      "p50": 37621.90723658619,
      "p75": 39311.813687601214,
      "p90": 39969.91759030603,
      "p95": 40420.11194533948,
      "p99": 43143.00903399032
    }
  },
  "details": {
    "DNSDialup": {
      "average": 0.0005867349799999999,
      "fastest": 0.000084976,
      "slowest": 0.000875145
    },
    "DNSLookup": {
      "average": 0.000006204539999999998,
      "fastest": 0.000003487,
      "slowest": 0.000024826
    }
  },
  "statusCodeDistribution": {
    "200": 363050
  },
  "errorDistribution": {}
}