{
  "summary": {
    "successRate": 1,
    "total": 10.00073497,
    "slowest": 0.004237624,
    "fastest": 0.000044673,
    "average": 0.0005739151623665852,
    "requestsPerSec": 86933.91061837129,
    "totalData": 11302239,
    "sizePerRequest": 13,
    "sizePerSec": 1130140.8380388266
  },
  "responseTimeHistogram": {
    "0.000044673": 1,
    "0.00046396809999999997": 145465,
    "0.0008832631999999999": 720082,
    "0.0013025583": 3275,
    "0.0017218533999999999": 348,
    "0.0021411484999999996": 34,
    "0.0025604435999999997": 61,
    "0.0029797386999999994": 18,
    "0.0033990337999999995": 37,
    "0.0038183288999999996": 42,
    "0.004237624": 40
  },
  "latencyPercentiles": {
    "p10": 0.000424381,
    "p25": 0.000507692,
    "p50": 0.000589185,
    "p75": 0.000645626,
    "p90": 0.000680394,
    "p95": 0.00071233,
    "p99": 0.000809709
  },
  "rps": {
    "mean": 86927.44942740253,
    "stddev": 7592.029290796689,
    "max": 114531.69091887731,
    "percentiles": {
      "p10": 80112.12096390317,
      "p25": 81713.31184954215,
      "p50": 85729.29692562505,
      "p75": 91651.16201011102,
      "p90": 96500.30880099005,
      "p95": 99708.23590028702,
      "p99": 105640.85057522773
    }
  },
  "details": {
    "DNSDialup": {
      "average": 0.00048723724,
      "fastest": 0.000051715,
      "slowest": 0.001031817
    },
    "DNSLookup": {
      "average": 0.000005632180000000001,
      "fastest": 0.000003046,
      "slowest": 0.000031685
    }
  },
  "statusCodeDistribution": {
    "200": 869403
  },
  "errorDistribution": {}
}