{
  "summary": {
    "successRate": 0.8584089808997983,
    "total": 10.002141437,
    "slowest": 0.015319564,
    "fastest": 0.000125176,
    "average": 0.0013728296916412851,
    "requestsPerSec": 38624.82873626255,
    "totalData": 4311190,
    "sizePerRequest": 13,
    "sizePerSec": 431026.69834801694
  },
  "responseTimeHistogram": {
    "0.000125176": 1,
    "0.0016446148000000002": 303193,
    "0.0031640536": 27345,
    "0.004683492400000001": 934,
    "0.006202931200000001": 91,
    "0.007722370000000001": 13,
    "0.009241808800000001": 1,
    "0.010761247600000001": 1,
    "0.0122806864": 0,
    "0.0138001252": 0,
    "0.015319564": 51
  },
  "latencyPercentiles": {
    "p10": 0.001126625,
    "p25": 0.001218974,
    "p50": 0.001335352,
    "p75": 0.001447551,
    "p90": 0.001605496,
    "p95": 0.001821375,
    "p99": 0.002594474
  },
  "rps": {
    "mean": 36238.80459167185,
    "stddev": 4335.340505451917,
    "max": 47922.19348507832,
    "percentiles": {
      "p10": 31408.28487940534,
      "p25": 34111.864106336914,
      "p50": 37929.586432044955,
      "p75": 38997.43230050959,
      "p90": 39527.27006632226,
      "p95": 39877.99348035207,
      "p99": 42690.49673124387
    }
  },
  "details": {
    "DNSDialup": {
      "average": 0.0010258656199999998,
      "fastest": 0.000071944,
      "slowest": 0.001757759
    },
    "DNSLookup": {
      "average": 0.000006241280000000001,
      "fastest": 0.000003456,
      "slowest": 0.000013224
    }
  },
  "statusCodeDistribution": {
    "200": 331630
  },
  "errorDistribution": {
    "Connection refused (os error 111)": 54701
  }
}