{
  "summary": {
    "successRate": 0.7629470169899045,
    "total": 10.00058179,
    "slowest": 0.013536766,
    "fastest": 0.000249203,
    "average": 0.0009208008625761467,
    "requestsPerSec": 55229.586797869684,
    "totalData": 5478161,
    "sizePerRequest": 13,
    "sizePerSec": 547784.230461256
  },
  "responseTimeHistogram": {
    "0.000249203": 1,
    "0.0015779593": 420827,
    "0.0029067156": 371,
    "0.0042354719": 98,
    "0.0055642282": 50,
    "0.0068929845": 0,
    "0.0082217408": 0,
    "0.0095504971": 0,
    "0.0108792534": 0,
    "0.012208009700000001": 0,
    "0.013536766": 50
  },
  "latencyPercentiles": {
    "p10": 0.000639207,
    "p25": 0.000793244,
    "p50": 0.000954975,
    "p75": 0.001052279,
    "p90": 0.001104911,
    "p95": 0.001143527,
    "p99": 0.001249681
  },
  "rps": {
    "mean": 54195.99389269359,
    "stddev": 6821.014054124481,
    "max": 78430.47546842169,
    "percentiles": {
      "p10": 48288.59992313679,
      "p25": 49573.09934830268,
      "p50": 52804.127194905894,
      "p75": 58321.56731559712,
      "p90": 62665.228236070456,
      "p95": 65827.83859294213,
      "p99": 70795.28547645579
    }
  },
  "details": {
    "DNSDialup": {
      "average": 0.0009758227599999999,
      "fastest": 0.000084399,
      "slowest": 0.001462708
    },
    "DNSLookup": {
      "average": 0.000019075399999999997,
      "fastest": 0.000004128,
      "slowest": 0.000552977
    }
  },
  "statusCodeDistribution": {
    "200": 421397
  },
  "errorDistribution": {
    "Connection refused (os error 111)": 130931
  }
}