{
  "summary": {
    "successRate": 0.6397034122407915,
    "total": 10.000218559,
    "slowest": 0.014227679,
    "fastest": 0.00024449,
    "average": 0.0009409129554517605,
    "requestsPerSec": 58045.631360485546,
    "totalData": 4827264,
    "sizePerRequest": 13,
    "sizePerSec": 482715.8498106581
  },
  "responseTimeHistogram": {
    "0.00024449": 1,
    "0.0016428089": 370687,
    "0.0030411278": 517,
    "0.0044394467": 23,
    "0.0058377656": 50,
    "0.0072360845": 0,
    "0.0086344034": 0,
    "0.0100327223": 0,
    "0.0114310412": 0,
    "0.012829360100000001": 0,
    "0.014227679": 50
  },
  "latencyPercentiles": {
    "p10": 0.000786546,
    "p25": 0.000880309,
    "p50": 0.00095534,
    "p75": 0.001019317,
    "p90": 0.001060393,
    "p95": 0.001090845,
    "p99": 0.001195648
  },
  "rps": {
    "mean": 53021.7599132547,
    "stddev": 4378.249256639084,
    "max": 66904.52493931053,
    "percentiles": {
      "p10": 50422.38249559322,
      "p25": 51400.570546335715,
      "p50": 52445.65732408385,
      "p75": 54861.53818738082,
      "p90": 57102.85938059864,
      "p95": 58856.09482213095,
      "p99": 62751.17494512335
    }
  },
  "details": {
    "DNSDialup": {
      "average": 0.0010479935999999999,
      "fastest": 0.000094946,
      "slowest": 0.001743144
    },
    "DNSLookup": {
      "average": 0.000005977760000000001,
      "fastest": 0.000004839,
      "slowest": 0.000009418
    }
  },
  "statusCodeDistribution": {
    "200": 371328
  },
  "errorDistribution": {
    "Connection refused (os error 111)": 209141
  }
}