{
  "summary": {
    "successRate": 1,
    "total": 10.000873988,
    "slowest": 0.016940014,
    "fastest": 0.000112024,
    "average": 0.0013413686409787387,
    "requestsPerSec": 37151.65299011065,
    "totalData": 4830137,
    "sizePerRequest": 13,
    "sizePerSec": 482971.4888714384
  },
  "responseTimeHistogram": {
    "0.000112024": 1,
    "0.001794823": 356596,
    "0.003477622": 14389,
    "0.005160420999999999": 395,
    "0.00684322": 67,
    "0.008526019000000001": 12,
    "0.010208818": 12,
    "0.011891617": 15,
    "0.013574416": 12,
    "0.015257215000000001": 0,
    "0.016940014": 50
  },
  "latencyPercentiles": {
    "p10": 0.001118665,
    "p25": 0.001198144,
    "p50": 0.001318058,
    "p75": 0.001407655,
    "p90": 0.001543008,
    "p95": 0.001713868,
    "p99": 0.002436483
  },
  "rps": {
    "mean": 37158.534984608996,
    "stddev": 4110.67157238288,
    "max": 47806.27334564366,
    "percentiles": {
      "p10": 32979.64009962124,
      "p25": 35559.1163780577,
      "p50": 38517.178661683014,
      "p75": 39406.77402445262,
      "p90": 40014.728653659564,
      "p95": 40963.60829095433,
      "p99": 43086.046669550866
    }
  },
  "details": {
    "DNSDialup": {
      "average": 0.00082826282,
      "fastest": 0.000104964,
      "slowest": 0.001225282
    },
    "DNSLookup": {
      "average": 0.000005911299999999999,
      "fastest": 0.000003236,
      "slowest": 0.000025668
    }
  },
  "statusCodeDistribution": {
    "200": 371549
  },
  "errorDistribution": {}
}