{
  "summary": {
    "successRate": 1,
    "total": 10.000657482,
    "slowest": 0.007063129,
    "fastest": 0.000143978,
    "average": 0.0008417637461366771,
    "requestsPerSec": 59304.00086869009,
    "totalData": 7710027,
    "sizePerRequest": 13,
    "sizePerSec": 770952.0112929712
  },
  "responseTimeHistogram": {
    "0.000143978": 1,
    "0.0008358930999999999": 244912,
    "0.0015278082": 346780,
    "0.0022197232999999995": 1062,
    "0.0029116383999999995": 137,
    "0.0036035534999999995": 61,
    "0.0042954685999999995": 74,
    "0.0049873836999999996": 6,
    "0.0056792987999999996": 13,
    "0.0063712139": 5,
    "0.007063129": 28
  },
  "latencyPercentiles": {
    "p10": 0.000561685,
    "p25": 0.00065532,
    "p50": 0.000890572,
    "p75": 0.000998333,
    "p90": 0.001057509,
    "p95": 0.001098196,
    "p99": 0.001225763
  },
  "rps": {
    "mean": 59297.703981135186,
    "stddev": 8975.554671959546,
    "max": 86124.82932763101,
    "percentiles": {
      "p10": 50921.15670815677,
      "p25": 52411.06921781875,
      "p50": 57188.787793397925,
      "p75": 64414.41659057491,
      "p90": 72300.55340048448,
      "p95": 77405.093255133,
      "p99": 84972.26041025251
    }
  },
  "details": {
    "DNSDialup": {
      "average": 0.0008987560400000001,
      "fastest": 0.000110639,
      "slowest": 0.001299298
    },
    "DNSLookup": {
      "average": 0.000007898359999999996,
      "fastest": 0.000003436,
      "slowest": 0.000056625
    }
  },
  "statusCodeDistribution": {
    "200": 593079
  },
  "errorDistribution": {}
}