{
  "summary": {
    "successRate": 0.6710163214983554,
    "total": 10.000621942,
    "slowest": 0.016711482,
    "fastest": 0.000092941,
    "average": 0.000623658916771257,
    "requestsPerSec": 89863.61100460445,
    "totalData": 7839481,
    "sizePerRequest": 13,
    "sizePerSec": 783899.3460072945
  },
  "responseTimeHistogram": {
    "0.000092941": 1,
    "0.0017547951": 602550,
    "0.0034166492": 331,
    "0.0050785032999999995": 105,
    "0.0067403574": 0,
    "0.0084022115": 0,
    "0.010064065599999998": 0,
    "0.011725919699999999": 0,
    "0.013387773799999999": 0,
    "0.0150496279": 0,
    "0.016711482": 50
  },
  "latencyPercentiles": {
    "p10": 0.000440417,
    "p25": 0.000506885,
    "p50": 0.000641921,
    "p75": 0.000715439,
    "p90": 0.000758299,
    "p95": 0.00079727,
    "p99": 0.000920906
  },
  "rps": {
    "mean": 79983.61220949728,
    "stddev": 12063.888075222807,
    "max": 112751.70793327282,
    "percentiles": {
      "p10": 70402.83019377498,
      "p25": 72803.77047317493,
      "p50": 76234.98423426333,
      "p75": 85590.69607084422,
      "p90": 97561.84445319684,
      "p95": 103712.27953390178,
      "p99": 109029.96143340418
    }
  },
  "details": {
    "DNSDialup": {
      "average": 0.0004719495200000002,
      "fastest": 0.000034049,
      "slowest": 0.000957839
    },
    "DNSLookup": {
      "average": 0.000004408379999999999,
      "fastest": 0.000003257,
      "slowest": 0.000015358
    }
  },
  "statusCodeDistribution": {
    "200": 603037
  },
  "errorDistribution": {
    "Connection refused (os error 111)": 295655
  }
}