{
  "summary": {
    "successRate": 1,
    "total": 10.000676895,
    "slowest": 0.00875331,
    "fastest": 0.00010966,
    "average": 0.0009272718073054133,
    "requestsPerSec": 53827.656432849886,
    "totalData": 6998069,
    "sizePerRequest": 13,
    "sizePerSec": 699759.5336270486
  },
  "responseTimeHistogram": {
    "0.00010966": 1,
    "0.0009740250000000001": 334209,
    "0.00183839": 203693,
    "0.0027027550000000003": 305,
    "0.0035671200000000004": 24,
    "0.004431485000000001": 31,
    "0.00529585": 0,
    "0.006160215000000001": 0,
    "0.007024580000000001": 0,
    "0.007888945": 0,
    "0.00875331": 50
  },
  "latencyPercentiles": {
    "p10": 0.000779555,
    "p25": 0.000867832,
    "p50": 0.000941277,
    "p75": 0.001003543,
    "p90": 0.001051098,
    "p95": 0.001090966,
    "p99": 0.001195151
  },
  "rps": {
    "mean": 53821.59314573457,
    "stddev": 3664.383758530731,
    "max": 70915.77418356632,
    "percentiles": {
      "p10": 51221.51815977708,
      "p25": 52163.50929453813,
      "p50": 53206.53517329918,
      "p75": 55205.266582432516,
      "p90": 58005.44368042831,
      "p95": 59601.548596731795,
      "p99": 63729.449378550584
    }
  },
  "details": {
    "DNSDialup": {
      "average": 0.00069991596,
      "fastest": 0.000069199,
      "slowest": 0.001568979
    },
    "DNSLookup": {
      "average": 0.000006176339999999999,
      "fastest": 0.000003206,
      "slowest": 0.000035496
    }
  },
  "statusCodeDistribution": {
    "200": 538313
  },
  "errorDistribution": {}
}