{
  "summary": {
    "successRate": 0.6327748886099348,
    "total": 10.000687207,
    "slowest": 0.014645125,
    "fastest": 0.000184011,
    "average": 0.0009336104710606087,
    "requestsPerSec": 57990.41485809766,
    "totalData": 4770662,
    "sizePerRequest": 13,
    "sizePerSec": 477033.41792959644
  },
  "responseTimeHistogram": {
    "0.000184011": 1,
    "0.0016301224": 365674,
    "0.0030762338": 1197,
    "0.004522345200000001": 2,
    "0.005968456600000001": 45,
    "0.007414568000000001": 5,
    "0.0088606794": 0,
    "0.0103067908": 0,
    "0.0117529022": 0,
    "0.0131990136": 0,
    "0.014645125": 50
  },
  "latencyPercentiles": {
    "p10": 0.000643035,
    "p25": 0.000790467,
    "p50": 0.000965999,
    "p75": 0.001068094,
    "p90": 0.001126109,
    "p95": 0.001169453,
    "p99": 0.001320562
  },
  "rps": {
    "mean": 53417.067561726355,
    "stddev": 7311.737618221812,
    "max": 74923.10549919303,
    "percentiles": {
      "p10": 47354.72785899025,
      "p25": 48701.640323356725,
      "p50": 52175.801003696455,
      "p75": 57972.15794499295,
      "p90": 63183.00325060636,
      "p95": 65707.5695120052,
      "p99": 71027.167039869
    }
  },
  "details": {
    "DNSDialup": {
      "average": 0.0008408486200000001,
      "fastest": 0.000098814,
      "slowest": 0.00122892
    },
    "DNSLookup": {
      "average": 0.000005983279999999999,
      "fastest": 0.000003456,
      "slowest": 0.000017963
    }
  },
  "statusCodeDistribution": {
    "200": 366974
  },
  "errorDistribution": {
    "Connection refused (os error 111)": 212970
  }
}