{
  "summary": {
    "successRate": 0.9755116087247063,
    "total": 10.000615128,
    "slowest": 0.014248224,
    "fastest": 0.000245174,
    "average": 0.0009126672566458407,
    "requestsPerSec": 54916.521930969764,
    "totalData": 6964750,
    "sizePerRequest": 13,
    "sizePerSec": 696432.1605077971
  },
  "responseTimeHistogram": {
    "0.000245174": 1,
    "0.001645479": 535054,
    "0.0030457839999999997": 518,
    "0.004446088999999999": 77,
    "0.0058463939999999995": 50,
    "0.007246699": 0,
    "0.008647004": 0,
    "0.010047309": 0,
    "0.011447614": 0,
    "0.012847919": 0,
    "0.014248224": 50
  },
  "latencyPercentiles": {
    "p10": 0.000638829,
    "p25": 0.000733658,
    "p50": 0.000949126,
    "p75": 0.001061242,
    "p90": 0.001120009,
    "p95": 0.001157905,
    "p99": 0.001265555
  },
  "rps": {
    "mean": 54663.13667634407,
    "stddev": 8146.04649571243,
    "max": 77148.35658990988,
    "percentiles": {
      "p10": 47336.76320076347,
      "p25": 48635.19729227792,
      "p50": 52116.823310564716,
      "p75": 60659.797523029585,
      "p90": 66712.2901267429,
      "p95": 69379.05743594683,
      "p99": 73178.92680435741
    }
  },
  "details": {
    "DNSDialup": {
      "average": 0.0008595158199999998,
      "fastest": 0.000263941,
      "slowest": 0.001306203
    },
    "DNSLookup": {
      "average": 0.000005996200000000001,
      "fastest": 0.000003466,
      "slowest": 0.000009528
    }
  },
  "statusCodeDistribution": {
    "200": 535750
  },
  "errorDistribution": {
    "Connection refused (os error 111)": 13449
  }
}