{
  "summary": {
    "successRate": 0.6060697311022853,
    "total": 10.000673657,
    "slowest": 0.015422105,
    "fastest": 0.000153906,
    "average": 0.000891836929847336,
    "requestsPerSec": 61431.86159964104,
    "totalData": 4840485,
    "sizePerRequest": 13,
    "sizePerSec": 484015.89393049426
  },
  "responseTimeHistogram": {
    "0.000153906": 1,
    "0.0016807259": 371708,
    "0.0032075458": 436,
    "0.004734365699999999": 102,
    "0.006261185599999999": 48,
    "0.0077880054999999995": 0,
    "0.009314825399999999": 0,
    "0.0108416453": 0,
    "0.0123684652": 0,
    "0.0138952851": 0,
    "0.015422105": 50
  },
  "latencyPercentiles": {
    "p10": 0.000607408,
    "p25": 0.000754312,
    "p50": 0.000923117,
    "p75": 0.001019884,
    "p90": 0.001079831,
    "p95": 0.001131988,
    "p99": 0.001277569
  },
  "rps": {
    "mean": 55955.63364831611,
    "stddev": 8017.1146379489755,
    "max": 82163.40875693625,
    "percentiles": {
      "p10": 49692.129207548045,
      "p25": 50978.42448570335,
      "p50": 53851.12086903898,
      "p75": 60304.10670966522,
      "p90": 67741.26014624009,
      "p95": 70824.4344298823,
      "p99": 77051.88674053492
    }
  },
  "details": {
    "DNSDialup": {
      "average": 0.00071077202,
      "fastest": 0.000090824,
      "slowest": 0.00160694
    },
    "DNSLookup": {
      "average": 0.00001850446,
      "fastest": 0.000004137,
      "slowest": 0.000411148
    }
  },
  "statusCodeDistribution": {
    "200": 372345
  },
  "errorDistribution": {
    "Connection refused (os error 111)": 242015
  }
}