{
  "summary": {
    "successRate": 1,
    "total": 10.000880874,
    "slowest": 0.006109969,
    "fastest": 0.000151313,
    "average": 0.0008789194355984583,
    "requestsPerSec": 56808.09592253123,
    "totalData": 7385703,
    "sizePerRequest": 13,
    "sizePerSec": 738505.2469929061
  },
  "responseTimeHistogram": {
    "0.000151313": 1,
    "0.0007471786": 164412,
    "0.0013430442": 401011,
    "0.0019389098": 2349,
    "0.0025347754": 223,
    "0.003130641": 18,
    "0.0037265066000000003": 61,
    "0.0043223722": 55,
    "0.0049182378": 0,
    "0.0055141034": 0,
    "0.006109969": 1
  },
  "latencyPercentiles": {
    "p10": 0.000576157,
    "p25": 0.000697917,
    "p50": 0.000933545,
    "p75": 0.001034472,
    "p90": 0.001091021,
    "p95": 0.001128237,
    "p99": 0.001240829
  },
  "rps": {
    "mean": 56805.92951424479,
    "stddev": 8172.978451277574,
    "max": 85644.98748670577,
    "percentiles": {
      "p10": 49533.09305947578,
      "p25": 50635.78044807852,
      "p50": 54632.94366502991,
      "p75": 61144.02369706106,
      "p90": 68541.72878997015,
      "p95": 73121.8780659171,
      "p99": 81415.99010045719
    }
  },
  "details": {
    "DNSDialup": {
      "average": 0.0007540256000000002,
      "fastest": 0.000282037,
      "slowest": 0.001174666
    },
    "DNSLookup": {
      "average": 0.000005997020000000001,
      "fastest": 0.000003056,
      "slowest": 0.000024987
    }
  },
  "statusCodeDistribution": {
    "200": 568131
  },
  "errorDistribution": {}
}