{
  "summary": {
    "successRate": 0.6541581234838859,
    "total": 10.000191032,
    "slowest": 0.016077967,
    "fastest": 0.000301193,
    "average": 0.0009831791939188734,
    "requestsPerSec": 55403.741611243255,
    "totalData": 4711655,
    "sizePerRequest": 13,
    "sizePerSec": 471156.4994031606
  },
  "responseTimeHistogram": {
    "0.000301193": 1,
    "0.0018788703999999996": 361988,
    "0.0034565477999999993": 316,
    "0.005034225199999999": 33,
    "0.006611902599999999": 46,
    "0.008189579999999998": 0,
    "0.009767257399999998": 1,
    "0.011344934799999998": 0,
    "0.012922612199999997": 0,
    "0.014500289599999997": 0,
    "0.016077967": 50
  },
  "latencyPercentiles": {
    "p10": 0.000861427,
    "p25": 0.000915063,
    "p50": 0.000989772,
    "p75": 0.001045016,
    "p90": 0.001090227,
    "p95": 0.001131392,
    "p99": 0.001246834
  },
  "rps": {
    "mean": 50749.300681140885,
    "stddev": 3837.7685369666133,
    "max": 71542.15426052378,
    "percentiles": {
      "p10": 49038.647357982445,
      "p25": 49984.74914216932,
      "p50": 50845.18054510829,
      "p75": 51704.54659321093,
      "p90": 53017.76407558527,
      "p95": 54034.17225311899,
      "p99": 58710.53266956282
    }
  },
  "details": {
    "DNSDialup": {
      "average": 0.00080161716,
      "fastest": 0.000076563,
      "slowest": 0.003651479
    },
    "DNSLookup": {
      "average": 0.000029160580000000005,
      "fastest": 0.000003847,
      "slowest": 0.001116891
    }
  },
  "statusCodeDistribution": {
    "200": 362435
  },
  "errorDistribution": {
    "Connection refused (os error 111)": 191613
  }
}