{
  "summary": {
    "successRate": 0.9154880352048538,
    "total": 10.000750838,
    "slowest": 0.015128648,
    "fastest": 0.000108102,
    "average": 0.0008757058386567034,
    "requestsPerSec": 58078.539242575214,
    "totalData": 6912646,
    "sizePerRequest": 13,
    "sizePerSec": 691212.7011237914
  },
  "responseTimeHistogram": {
    "0.000108102": 1,
    "0.0016101566": 531016,
    "0.0031122111999999998": 511,
    "0.004614265799999999": 94,
    "0.006116320399999999": 70,
    "0.007618374999999999": 0,
    "0.009120429599999999": 0,
    "0.010622484199999999": 0,
    "0.0121245388": 0,
    "0.0136265934": 0,
    "0.015128648": 50
  },
  "latencyPercentiles": {
    "p10": 0.000598924,
    "p25": 0.000714209,
    "p50": 0.000911228,
    "p75": 0.001012611,
    "p90": 0.001072785,
    "p95": 0.001119262,
    "p99": 0.001246814
  },
  "rps": {
    "mean": 56983.45072655767,
    "stddev": 8084.791211161064,
    "max": 81805.05405040839,
    "percentiles": {
      "p10": 49908.99859244712,
      "p25": 51388.44465208876,
      "p50": 55057.281595771994,
      "p75": 61649.251587095525,
      "p90": 68155.67637202977,
      "p95": 72553.34903951238,
      "p99": 77276.79768153446
    }
  },
  "details": {
    "DNSDialup": {
      "average": 0.0012202902600000002,
      "fastest": 0.000086807,
      "slowest": 0.001984838
    },
    "DNSLookup": {
      "average": 0.000009970359999999997,
      "fastest": 0.000003798,
      "slowest": 0.000191476
    }
  },
  "statusCodeDistribution": {
    "200": 531742
  },
  "errorDistribution": {
    "Connection refused (os error 111)": 49087
  }
}