{
  "summary": {
    "successRate": 0.7063941391620491,
    "total": 10.000262134,
    "slowest": 0.014640478,
    "fastest": 0.000197237,
    "average": 0.0009682173334392578,
    "requestsPerSec": 54789.363784491376,
    "totalData": 5031507,
    "sizePerRequest": 13,
    "sizePerSec": 503137.5110551677
  },
  "responseTimeHistogram": {
    "0.000197237": 1,
    "0.0016415611000000002": 386397,
    "0.0030858852": 489,
    "0.004530209300000001": 52,
    "0.005974533400000001": 29,
    "0.007418857500000001": 21,
    "0.0088631816": 0,
    "0.0103075057": 0,
    "0.0117518298": 0,
    "0.0131961539": 0,
    "0.014640478": 50
  },
  "latencyPercentiles": {
    "p10": 0.000815167,
    "p25": 0.000903248,
    "p50": 0.000980885,
    "p75": 0.001046045,
    "p90": 0.001090515,
    "p95": 0.001124696,
    "p99": 0.001240247
  },
  "rps": {
    "mean": 51528.08825033307,
    "stddev": 4259.103780950751,
    "max": 67218.97419826203,
    "percentiles": {
      "p10": 48989.66641269744,
      "p25": 49933.25055154038,
      "p50": 51080.906300454604,
      "p75": 53073.31547800186,
      "p90": 55502.55342019986,
      "p95": 57564.18077939309,
      "p99": 61052.94768794878
    }
  },
  "details": {
    "DNSDialup": {
      "average": 0.0010030209799999999,
      "fastest": 0.000086144,
      "slowest": 0.00167692
    },
    "DNSLookup": {
      "average": 0.000006459480000000001,
      "fastest": 0.000004127,
      "slowest": 0.000009508
    }
  },
  "statusCodeDistribution": {
    "200": 387039
  },
  "errorDistribution": {
    "Connection refused (os error 111)": 160869
  }
}