{
  "summary": {
    "successRate": 1,
    "total": 10.000576128,
    "slowest": 0.016798348,
    "fastest": 0.000181675,
    "average": 0.0009649214515452674,
    "requestsPerSec": 51726.71987883296,
    "totalData": 6724861,
    "sizePerRequest": 13,
    "sizePerSec": 672447.3584248285
  },
  "responseTimeHistogram": {
    "0.000181675": 1,
    "0.0018433423000000003": 516722,
    "0.0035050096000000005": 366,
    "0.005166676900000001": 158,
    "0.006828344200000001": 0,
    "0.0084900115": 0,
    "0.010151678800000001": 0,
    "0.0118133461": 0,
    "0.013475013400000001": 0,
    "0.015136680700000002": 0,
    "0.016798348": 50
  },
  "latencyPercentiles": {
    "p10": 0.000828605,
    "p25": 0.000899909,
    "p50": 0.000973984,
    "p75": 0.001034971,
    "p90": 0.001080651,
    "p95": 0.00112005,
    "p99": 0.001249165
  },
  "rps": {
    "mean": 51747.91509020794,
    "stddev": 3700.0301235736124,
    "max": 65217.58354482776,
    "percentiles": {
      "p10": 49604.08737679986,
      "p25": 50693.430924377455,
      "p50": 51708.27576394743,
      "p75": 53068.261705028934,
      "p90": 55168.49561931784,
      "p95": 56416.21284254189,
      "p99": 59905.96786894822
    }
  },
  "details": {
    "DNSDialup": {
      "average": 0.0008052651799999998,
      "fastest": 0.000074092,
      "slowest": 0.001385268
    },
    "DNSLookup": {
      "average": 0.0000086323,
      "fastest": 0.000003917,
      "slowest": 0.000030006
    }
  },
  "statusCodeDistribution": {
    "200": 517297
  },
  "errorDistribution": {}
}