{
  "summary": {
    "successRate": 1,
    "total": 10.002920253,
    "slowest": 0.013886062,
    "fastest": 0.000124153,
    "average": 0.001377011672880103,
    "requestsPerSec": 36131.54867365911,
    "totalData": 4698473,
    "sizePerRequest": 13,
    "sizePerSec": 469710.13275756844
  },
  "responseTimeHistogram": {
    "0.000124153": 1,
    "0.0015003438999999998": 292161,
    "0.0028765348": 67425,
    "0.0042527256999999995": 1487,
    "0.0056289166": 279,
    "0.0070051075": 16,
    "0.008381298399999999": 2,
    "0.0097574893": 0,
    "0.0111336802": 0,
    "0.012509871099999998": 0,
    "0.013886062": 50
  },
  "latencyPercentiles": {
    "p10": 0.001125234,
    "p25": 0.001222534,
    "p50": 0.001340528,
    "p75": 0.001459191,
    "p90": 0.001616918,
    "p95": 0.00184162,
    "p99": 0.002534311
  },
  "rps": {
    "mean": 36119.295239989784,
    "stddev": 4201.740026820873,
    "max": 45446.67459759548,
    "percentiles": {
      "p10": 31249.219401578055,
      "p25": 34403.05305404281,
      "p50": 37105.25410398162,
      "p75": 39030.87732705416,
      "p90": 39859.1723101972,
      "p95": 40408.02907537492,
      "p99": 42570.60923077573
    }
  },
  "details": {
    "DNSDialup": {
      "average": 0.0007632506400000001,
      "fastest": 0.000108924,
      "slowest": 0.001264157
    },
    "DNSLookup": {
      "average": 0.0000067409200000000015,
      "fastest": 0.000003015,
      "slowest": 0.000030869
    }
  },
  "statusCodeDistribution": {
    "200": 361421
  },
  "errorDistribution": {}
}