{
  "summary": {
    "successRate": 0.8960964869721173,
    "total": 10.000674901,
    "slowest": 0.01468335,
    "fastest": 0.000106028,
    "average": 0.0008600554842507365,
    "requestsPerSec": 59767.76626747783,
    "totalData": 6962969,
    "sizePerRequest": 13,
    "sizePerSec": 696249.9100239475
  },
  "responseTimeHistogram": {
    "0.000106028": 1,
    "0.0015637602": 534713,
    "0.0030214924000000003": 699,
    "0.004479224600000001": 100,
    "0.0059369568000000005": 50,
    "0.007394689": 0,
    "0.0088524212": 0,
    "0.010310153399999999": 0,
    "0.0117678856": 0,
    "0.0132256178": 0,
    "0.01468335": 50
  },
  "latencyPercentiles": {
    "p10": 0.000585552,
    "p25": 0.000694035,
    "p50": 0.000896463,
    "p75": 0.000997879,
    "p90": 0.001055558,
    "p95": 0.001103217,
    "p99": 0.001232138
  },
  "rps": {
    "mean": 58013.20753624536,
    "stddev": 8409.379281154597,
    "max": 85190.5746189325,
    "percentiles": {
      "p10": 50660.49635330922,
      "p25": 52045.46691990152,
      "p50": 56020.23233939854,
      "p75": 62638.34932214675,
      "p90": 70027.79403145096,
      "p95": 73814.1354069346,
      "p99": 80451.82063071374
    }
  },
  "details": {
    "DNSDialup": {
      "average": 0.00078376262,
      "fastest": 0.000094497,
      "slowest": 0.001145153
    },
    "DNSLookup": {
      "average": 0.00000864818,
      "fastest": 0.000003276,
      "slowest": 0.000073908
    }
  },
  "statusCodeDistribution": {
    "200": 535613
  },
  "errorDistribution": {
    "Connection refused (os error 111)": 62105
  }
}