{
  "summary": {
    "successRate": 0.849635694637703,
    "total": 10.000659148,
    "slowest": 0.01505382,
    "fastest": 0.000270394,
    "average": 0.0008535675256947792,
    "requestsPerSec": 58998.81110516576,
    "totalData": 6517004,
    "sizePerRequest": 13,
    "sizePerSec": 651657.4461297698
  },
  "responseTimeHistogram": {
    "0.000270394": 1,
    "0.0017487366": 500573,
    "0.0032270792": 581,
    "0.004705421800000001": 53,
    "0.006183764400000001": 50,
    "0.0076621070000000005": 0,
    "0.009140449600000001": 0,
    "0.010618792200000001": 0,
    "0.012097134800000001": 0,
    "0.0135754774": 0,
    "0.01505382": 50
  },
  "latencyPercentiles": {
    "p10": 0.000610255,
    "p25": 0.00067142,
    "p50": 0.000851244,
    "p75": 0.001015494,
    "p90": 0.001099537,
    "p95": 0.001142233,
    "p99": 0.001265904
  },
  "rps": {
    "mean": 58466.54289060763,
    "stddev": 9540.080538703449,
    "max": 78939.44604118502,
    "percentiles": {
      "p10": 47845.49628241526,
      "p25": 49748.40945508336,
      "p50": 58143.648436881944,
      "p75": 66468.55875790774,
      "p90": 71015.72998419518,
      "p95": 72677.08858786747,
      "p99": 76254.75854211046
    }
  },
  "details": {
    "DNSDialup": {
      "average": 0.0009796316400000002,
      "fastest": 0.000053781,
      "slowest": 0.001289281
    },
    "DNSLookup": {
      "average": 0.000026713200000000004,
      "fastest": 0.000004118,
      "slowest": 0.001010553
    }
  },
  "statusCodeDistribution": {
    "200": 501308
  },
  "errorDistribution": {
    "Connection refused (os error 111)": 88719
  }
}