{
  "summary": {
    "successRate": 1,
    "total": 10.00064698,
    "slowest": 0.004739209,
    "fastest": 0.00019572,
    "average": 0.0009930781557803074,
    "requestsPerSec": 50247.64907759997,
    "totalData": 6532617,
    "sizePerRequest": 13,
    "sizePerSec": 653219.4380087997
  },
  "responseTimeHistogram": {
    "0.00019572": 1,
    "0.0006500689": 20532,
    "0.0011044178": 397384,
    "0.0015587666999999999": 83318,
    "0.0020131156": 955,
    "0.0024674645": 143,
    "0.0029218134": 50,
    "0.0033761623": 17,
    "0.0038305112": 39,
    "0.0042848601": 21,
    "0.004739209": 49
  },
  "latencyPercentiles": {
    "p10": 0.00082194,
    "p25": 0.00093194,
    "p50": 0.001012557,
    "p75": 0.00108185,
    "p90": 0.00113021,
    "p95": 0.001166287,
    "p99": 0.001273165
  },
  "rps": {
    "mean": 50242.82418780857,
    "stddev": 4026.4925837796845,
    "max": 75213.40674456402,
    "percentiles": {
      "p10": 47487.062780903296,
      "p25": 48361.77249200464,
      "p50": 49434.564647604224,
      "p75": 51489.07302505564,
      "p90": 55098.77740144543,
      "p95": 57808.94882528045,
      "p99": 63976.817054771556
    }
  },
  "details": {
    "DNSDialup": {
      "average": 0.0007737781600000002,
      "fastest": 0.000087283,
      "slowest": 0.00150743
    },
    "DNSLookup": {
      "average": 0.000006460920000000001,
      "fastest": 0.000003075,
      "slowest": 0.000026349
    }
  },
  "statusCodeDistribution": {
    "200": 502509
  },
  "errorDistribution": {}
}