{
  "summary": {
    "successRate": 0.9074563131431166,
    "total": 10.001051322,
    "slowest": 0.017534948,
    "fastest": 0.000129603,
    "average": 0.0008541554622304162,
    "requestsPerSec": 59897.30286477576,
    "totalData": 7066787,
    "sizePerRequest": 13,
    "sizePerSec": 706604.4131235186
  },
  "responseTimeHistogram": {
    "0.000129603": 1,
    "0.0018701375000000004": 543180,
    "0.0036106720000000005": 248,
    "0.005351206500000001": 92,
    "0.007091741000000001": 28,
    "0.008832275500000002": 0,
    "0.010572810000000004": 0,
    "0.012313344500000004": 0,
    "0.014053879000000003": 0,
    "0.015794413500000003": 0,
    "0.017534948": 50
  },
  "latencyPercentiles": {
    "p10": 0.000580026,
    "p25": 0.000686448,
    "p50": 0.000891105,
    "p75": 0.000990399,
    "p90": 0.001047459,
    "p95": 0.001093298,
    "p99": 0.001229751
  },
  "rps": {
    "mean": 58452.84864211267,
    "stddev": 8740.89175422582,
    "max": 84341.90949482152,
    "percentiles": {
      "p10": 50906.26173073587,
      "p25": 52361.17355906719,
      "p50": 56553.321710488446,
      "p75": 63934.06406933945,
      "p90": 70733.9246783891,
      "p95": 75079.6882178102,
      "p99": 81114.85212942713
    }
  },
  "details": {
    "DNSDialup": {
      "average": 0.00085054336,
      "fastest": 0.000096133,
      "slowest": 0.001255325
    },
    "DNSLookup": {
      "average": 0.000006691039999999999,
      "fastest": 0.000003406,
      "slowest": 0.000012874
    }
  },
  "statusCodeDistribution": {
    "200": 543599
  },
  "errorDistribution": {
    "Connection refused (os error 111)": 55437
  }
}