{
  "summary": {
    "successRate": 1,
    "total": 10.000604452,
    "slowest": 0.006036178,
    "fastest": 0.000083379,
    "average": 0.0009398990498091637,
    "requestsPerSec": 53101.49026980035,
    "totalData": 6903611,
    "sizePerRequest": 13,
    "sizePerSec": 690319.3735074045
  },
  "responseTimeHistogram": {
    "0.000083379": 1,
    "0.0006786588999999999": 31085,
    "0.0012739388": 496786,
    "0.0018692186999999998": 2829,
    "0.0024644986": 243,
    "0.0030597785": 5,
    "0.0036550584": 17,
    "0.0042503383": 31,
    "0.0048456181999999995": 0,
    "0.005440898099999999": 0,
    "0.006036178": 50
  },
  "latencyPercentiles": {
    "p10": 0.000776589,
    "p25": 0.000879225,
    "p50": 0.000957223,
    "p75": 0.001022347,
    "p90": 0.001070884,
    "p95": 0.001113567,
    "p99": 0.001224456
  },
  "rps": {
    "mean": 53101.58648647277,
    "stddev": 3772.211407631128,
    "max": 69677.9401149726,
    "percentiles": {
      "p10": 50422.27652158966,
      "p25": 51361.28942667233,
      "p50": 52306.62724967379,
      "p75": 54512.03080519792,
      "p90": 57314.84174841045,
      "p95": 59507.723115699584,
      "p99": 65710.63041737149
    }
  },
  "details": {
    "DNSDialup": {
      "average": 0.0006696919999999997,
      "fastest": 0.000065716,
      "slowest": 0.001081903
    },
    "DNSLookup": {
      "average": 0.0000067761400000000005,
      "fastest": 0.000003447,
      "slowest": 0.000036959
    }
  },
  "statusCodeDistribution": {
    "200": 531047
  },
  "errorDistribution": {}
}