{
  "summary": {
    "successRate": 0.9029392923804245,
    "total": 10.000746899,
    "slowest": 0.014855346,
    "fastest": 0.000118942,
    "average": 0.0008818566139041041,
    "requestsPerSec": 57910.974635095605,
    "totalData": 6798220,
    "sizePerRequest": 13,
    "sizePerSec": 679771.2279549612
  },
  "responseTimeHistogram": {
    "0.000118942": 1,
    "0.0015925823999999999": 522023,
    "0.0030662228": 677,
    "0.0045398632": 139,
    "0.0060135036": 50,
    "0.007487144": 0,
    "0.0089607844": 0,
    "0.0104344248": 0,
    "0.0119080652": 0,
    "0.0133817056": 0,
    "0.014855346": 50
  },
  "latencyPercentiles": {
    "p10": 0.000598826,
    "p25": 0.000725121,
    "p50": 0.000917901,
    "p75": 0.001016675,
    "p90": 0.001074849,
    "p95": 0.001122132,
    "p99": 0.001262674
  },
  "rps": {
    "mean": 56606.401492975296,
    "stddev": 8120.129078733721,
    "max": 83092.64164798537,
    "percentiles": {
      "p10": 49901.174631565525,
      "p25": 51142.696293385336,
      "p50": 54543.02353696628,
      "p75": 60973.19832458918,
      "p90": 67846.87540621734,
      "p95": 72604.8632039268,
      "p99": 77326.09755792336
    }
  },
  "details": {
    "DNSDialup": {
      "average": 0.0007582663800000001,
      "fastest": 0.000076452,
      "slowest": 0.001313388
    },
    "DNSLookup": {
      "average": 0.000006711700000000002,
      "fastest": 0.000004018,
      "slowest": 0.000010429
    }
  },
  "statusCodeDistribution": {
    "200": 522940
  },
  "errorDistribution": {
    "Connection refused (os error 111)": 56213
  }
}