{
  "summary": {
    "successRate": 1,
    "total": 10.000372457,
    "slowest": 0.014303254,
    "fastest": 0.000183431,
    "average": 0.0009427304899275672,
    "requestsPerSec": 52944.6280402674,
    "totalData": 6883058,
    "sizePerRequest": 13,
    "sizePerSec": 688280.1645234763
  },
  "responseTimeHistogram": {
    "0.000183431": 1,
    "0.0015954133": 528854,
    "0.0030073956": 462,
    "0.004419377900000001": 86,
    "0.005831360200000001": 13,
    "0.0072433425000000004": 0,
    "0.008655324800000001": 0,
    "0.0100673071": 0,
    "0.0114792894": 0,
    "0.0128912717": 0,
    "0.014303254": 50
  },
  "latencyPercentiles": {
    "p10": 0.000749503,
    "p25": 0.00088186,
    "p50": 0.000961507,
    "p75": 0.001032479,
    "p90": 0.001076694,
    "p95": 0.001106491,
    "p99": 0.001216194
  },
  "rps": {
    "mean": 52943.62044606247,
    "stddev": 4108.198073249601,
    "max": 70363.75659985725,
    "percentiles": {
      "p10": 49718.515175051056,
      "p25": 50858.68074584496,
      "p50": 52511.74687777018,
      "p75": 54840.63142382163,
      "p90": 57771.64806637079,
      "p95": 59223.984808893976,
      "p99": 62356.97686928993
    }
  },
  "details": {
    "DNSDialup": {
      "average": 0.0008165424399999998,
      "fastest": 0.000076072,
      "slowest": 0.001790333
    },
    "DNSLookup": {
      "average": 0.00004046692,
      "fastest": 0.000003026,
      "slowest": 0.001706104
    }
  },
  "statusCodeDistribution": {
    "200": 529466
  },
  "errorDistribution": {}
}