{
  "summary": {
    "successRate": 0.6242448280013881,
    "total": 10.000436971,
    "slowest": 0.015306413,
    "fastest": 0.000306642,
    "average": 0.0009715451151902144,
    "requestsPerSec": 56474.7322179788,
    "totalData": 4583228,
    "sizePerRequest": 13,
    "sizePerSec": 458302.77349787625
  },
  "responseTimeHistogram": {
    "0.000306642": 1,
    "0.0018066191": 351977,
    "0.0033065962000000003": 411,
    "0.0048065733": 81,
    "0.0063065504": 36,
    "0.0078065275": 0,
    "0.0093065046": 0,
    "0.010806481699999999": 0,
    "0.0123064588": 0,
    "0.0138064359": 0,
    "0.015306413": 50
  },
  "latencyPercentiles": {
    "p10": 0.000812926,
    "p25": 0.000906959,
    "p50": 0.000986259,
    "p75": 0.001050842,
    "p90": 0.001098548,
    "p95": 0.001137792,
    "p99": 0.001262334
  },
  "rps": {
    "mean": 51345.640624030646,
    "stddev": 4751.870616772187,
    "max": 65422.49225283952,
    "percentiles": {
      "p10": 48491.43839389152,
      "p25": 49701.77435334661,
      "p50": 50806.45711914839,
      "p75": 52970.30482705106,
      "p90": 56813.13519686064,
      "p95": 58544.28724442514,
      "p99": 62831.95081225195
    }
  },
  "details": {
    "DNSDialup": {
      "average": 0.0012584385000000001,
      "fastest": 0.000081876,
      "slowest": 0.002125166
    },
    "DNSLookup": {
      "average": 0.0000067634,
      "fastest": 0.000003486,
      "slowest": 0.000011852
    }
  },
  "statusCodeDistribution": {
    "200": 352556
  },
  "errorDistribution": {
    "Connection refused (os error 111)": 212216
  }
}