{
  "summary": {
    "successRate": 0.8528262879318927,
    "total": 10.00426824,
    "slowest": 0.018403491,
    "fastest": 0.000078086,
    "average": 0.0013480989046800796,
    "requestsPerSec": 39356.40174318237,
    "totalData": 4365205,
    "sizePerRequest": 13,
    "sizePerSec": 436334.2620649284
  },
  "responseTimeHistogram": {
    "0.000078086": 1,
    "0.0019106264999999999": 326886,
    "0.0037431669999999995": 8528,
    "0.005575707499999999": 211,
    "0.007408247999999999": 89,
    "0.0092407885": 19,
    "0.011073328999999998": 1,
    "0.012905869499999998": 0,
    "0.014738409999999999": 0,
    "0.0165709505": 0,
    "0.018403491": 50
  },
  "latencyPercentiles": {
    "p10": 0.001125013,
    "p25": 0.00120793,
    "p50": 0.001327111,
    "p75": 0.001421177,
    "p90": 0.001558664,
    "p95": 0.001685945,
    "p99": 0.002377264
  },
  "rps": {
    "mean": 36984.2795999429,
    "stddev": 4225.986298881381,
    "max": 52530.16893784194,
    "percentiles": {
      "p10": 33206.372302844946,
      "p25": 35394.03132301634,
      "p50": 38235.986285223844,
      "p75": 39022.29734070062,
      "p90": 39969.303574963735,
      "p95": 41138.58321334544,
      "p99": 44681.50521046388
    }
  },
  "details": {
    "DNSDialup": {
      "average": 0.00088799552,
      "fastest": 0.000099536,
      "slowest": 0.001430013
    },
    "DNSLookup": {
      "average": 0.000012038919999999999,
      "fastest": 0.000004208,
      "slowest": 0.000291455
    }
  },
  "statusCodeDistribution": {
    "200": 335785
  },
  "errorDistribution": {
    "Connection refused (os error 111)": 57947
  }
}