{
  "summary": {
    "successRate": 0.5871740138298901,
    "total": 10.000690069,
    "slowest": 0.01450119,
    "fastest": 0.000132636,
    "average": 0.0009115457338632601,
    "requestsPerSec": 61037.48799216988,
    "totalData": 4659473,
    "sizePerRequest": 13,
    "sizePerSec": 465915.14863992936
  },
  "responseTimeHistogram": {
    "0.000132636": 1,
    "0.0015694914": 357621,
    "0.0030063468000000003": 641,
    "0.0044432022": 58,
    "0.0058800576": 50,
    "0.007316913": 0,
    "0.0087537684": 0,
    "0.010190623800000001": 0,
    "0.0116274792": 0,
    "0.0130643346": 0,
    "0.01450119": 50
  },
  "latencyPercentiles": {
    "p10": 0.000627098,
    "p25": 0.000788702,
    "p50": 0.000943462,
    "p75": 0.001037309,
    "p90": 0.001095214,
    "p95": 0.001143718,
    "p99": 0.001271693
  },
  "rps": {
    "mean": 54719.59402107816,
    "stddev": 7379.427317517146,
    "max": 81510.32611358636,
    "percentiles": {
      "p10": 49030.80605544702,
      "p25": 50226.167833439395,
      "p50": 52576.28311011331,
      "p75": 58940.40364669894,
      "p90": 64608.15354897676,
      "p95": 67873.23729136672,
      "p99": 73651.18357351635
    }
  },
  "details": {
    "DNSDialup": {
      "average": 0.0008925548999999998,
      "fastest": 0.000066492,
      "slowest": 0.001694899
    },
    "DNSLookup": {
      "average": 0.000007349979999999998,
      "fastest": 0.000003837,
      "slowest": 0.000019156
    }
  },
  "statusCodeDistribution": {
    "200": 358421
  },
  "errorDistribution": {
    "Connection refused (os error 111)": 251996
  }
}