{
  "summary": {
    "successRate": 1,
    "total": 10.000613835,
    "slowest": 0.003926695,
    "fastest": 0.000127189,
    "average": 0.0008538174608286071,
    "requestsPerSec": 58447.21230554345,
    "totalData": 7598604,
    "sizePerRequest": 13,
    "sizePerSec": 759813.7599720648
  },
  "responseTimeHistogram": {
    "0.000127189": 1,
    "0.0005071396": 13611,
    "0.0008870902000000001": 296163,
    "0.0012670408000000001": 272371,
    "0.0016469914000000001": 2157,
    "0.0020269420000000003": 96,
    "0.0024068926": 44,
    "0.0027868432": 23,
    "0.0031667938000000005": 15,
    "0.0035467444000000002": 5,
    "0.003926695": 22
  },
  "latencyPercentiles": {
    "p10": 0.000615321,
    "p25": 0.000790562,
    "p50": 0.000878139,
    "p75": 0.00094714,
    "p90": 0.001004284,
    "p95": 0.001052864,
    "p99": 0.001169821
  },
  "rps": {
    "mean": 58444.467798257996,
    "stddev": 5581.067005166307,
    "max": 80800.12751801779,
    "percentiles": {
      "p10": 54165.040375566285,
      "p25": 55138.845125911736,
      "p50": 56589.46794882739,
      "p75": 60442.43663476287,
      "p90": 66345.7121957034,
      "p95": 70146.86063992431,
      "p99": 77014.4864248929
    }
  },
  "details": {
    "DNSDialup": {
      "average": 0.00072197542,
      "fastest": 0.00009153,
      "slowest": 0.001613131
    },
    "DNSLookup": {
      "average": 0.00000638514,
      "fastest": 0.000003105,
      "slowest": 0.000027941
    }
  },
  "statusCodeDistribution": {
    "200": 584508
  },
  "errorDistribution": {}
}