{
  "summary": {
    "successRate": 1,
    "total": 10.000675974,
    "slowest": 0.004165846,
    "fastest": 0.000112729,
    "average": 0.0008136717250737905,
    "requestsPerSec": 61327.95438973593,
    "totalData": 7973173,
    "sizePerRequest": 13,
    "sizePerSec": 797263.4070665672
  },
  "responseTimeHistogram": {
    "0.000112729": 1,
    "0.0005180407": 28941,
    "0.0009233524": 409533,
    "0.0013286641": 174026,
    "0.0017339758": 701,
    "0.0021392875": 57,
    "0.0025445992": 12,
    "0.0029499109": 0,
    "0.0033552226": 9,
    "0.0037605343": 16,
    "0.004165846": 25
  },
  "latencyPercentiles": {
    "p10": 0.000554336,
    "p25": 0.000684982,
    "p50": 0.000845175,
    "p75": 0.000935215,
    "p90": 0.001000142,
    "p95": 0.00105761,
    "p99": 0.001173006
  },
  "rps": {
    "mean": 61325.57202970905,
    "stddev": 7894.630871926165,
    "max": 86872.6672406696,
    "percentiles": {
      "p10": 54138.09156122101,
      "p25": 55315.488336734066,
      "p50": 58141.35823914698,
      "p75": 66507.2559416225,
      "p90": 73302.18440509528,
      "p95": 76730.05744736824,
      "p99": 80919.41256707287
    }
  },
  "details": {
    "DNSDialup": {
      "average": 0.0006821705600000001,
      "fastest": 0.000116139,
      "slowest": 0.001012579
    },
    "DNSLookup": {
      "average": 0.00000782494,
      "fastest": 0.000003246,
      "slowest": 0.000029946
    }
  },
  "statusCodeDistribution": {
    "200": 613321
  },
  "errorDistribution": {}
}