{
  "summary": {
    "successRate": 1,
    "total": 10.000655169,
    "slowest": 0.004147048,
    "fastest": 0.000147214,
    "average": 0.0008706147816253,
    "requestsPerSec": 57320.644529064455,
    "totalData": 7452172,
    "sizePerRequest": 13,
    "sizePerSec": 745168.3788778379
  },
  "responseTimeHistogram": {
    "0.000147214": 1,
    "0.0005471974000000001": 20902,
    "0.0009471808000000001": 367588,
    "0.0013471642000000002": 183939,
    "0.0017471476000000003": 682,
    "0.0021471310000000005": 33,
    "0.0025471144": 47,
    "0.0029470978000000004": 8,
    "0.0033470812000000005": 0,
    "0.0037470646000000007": 21,
    "0.004147048": 23
  },
  "latencyPercentiles": {
    "p10": 0.000632709,
    "p25": 0.000803417,
    "p50": 0.000894515,
    "p75": 0.000967094,
    "p90": 0.001025331,
    "p95": 0.001072928,
    "p99": 0.001174088
  },
  "rps": {
    "mean": 57319.07780263891,
    "stddev": 5653.40511399518,
    "max": 81019.85329453793,
    "percentiles": {
      "p10": 53047.67943477918,
      "p25": 54004.19028431806,
      "p50": 55157.175888415804,
      "p75": 59455.64142141824,
      "p90": 65535.89523235353,
      "p95": 69249.85989913336,
      "p99": 75009.17729732938
    }
  },
  "details": {
    "DNSDialup": {
      "average": 0.0007373660000000001,
      "fastest": 0.000166598,
      "slowest": 0.001071599
    },
    "DNSLookup": {
      "average": 0.0000066754000000000005,
      "fastest": 0.000003467,
      "slowest": 0.000031619
    }
  },
  "statusCodeDistribution": {
    "200": 573244
  },
  "errorDistribution": {}
}