{
  "summary": {
    "successRate": 1,
    "total": 10.000661368,
    "slowest": 0.005016171,
    "fastest": 0.00008491,
    "average": 0.0008399941151965882,
    "requestsPerSec": 59406.67103287924,
    "totalData": 7723378,
    "sizePerRequest": 13,
    "sizePerSec": 772286.72342743
  },
  "responseTimeHistogram": {
    "0.00008491": 1,
    "0.0005780361": 59937,
    "0.0010711622000000001": 510916,
    "0.0015642883000000002": 22993,
    "0.0020574144": 146,
    "0.0025505405": 64,
    "0.0030436666": 5,
    "0.0035367927": 12,
    "0.0040299188": 19,
    "0.004523044899999999": 10,
    "0.005016171": 3
  },
  "latencyPercentiles": {
    "p10": 0.000576759,
    "p25": 0.000768675,
    "p50": 0.000867711,
    "p75": 0.000941778,
    "p90": 0.001002638,
    "p95": 0.001053172,
    "p99": 0.001169309
  },
  "rps": {
    "mean": 59405.70590739568,
    "stddev": 6345.5438030851665,
    "max": 87063.91523321044,
    "percentiles": {
      "p10": 54604.062542253385,
      "p25": 55620.3451967903,
      "p50": 57206.4128388801,
      "p75": 61722.03048481376,
      "p90": 68615.81181962434,
      "p95": 72700.35557083116,
      "p99": 80177.41931608996
    }
  },
  "details": {
    "DNSDialup": {
      "average": 0.0007907509200000001,
      "fastest": 0.000072471,
      "slowest": 0.001723383
    },
    "DNSLookup": {
      "average": 0.000006621660000000004,
      "fastest": 0.000003236,
      "slowest": 0.000029345
    }
  },
  "statusCodeDistribution": {
    "200": 594106
  },
  "errorDistribution": {}
}