{
  "summary": {
    "successRate": 1,
    "total": 10.000434091,
    "slowest": 0.004331837,
    "fastest": 0.000098565,
    "average": 0.0008583217475228041,
    "requestsPerSec": 58148.07584436086,
    "totalData": 7559578,
    "sizePerRequest": 13,
    "sizePerSec": 755924.9859766912
  },
  "responseTimeHistogram": {
    "0.000098565": 1,
    "0.0005218922": 17573,
    "0.0009452194": 408165,
    "0.0013685466000000002": 155290,
    "0.0017918738": 332,
    "0.002215201": 45,
    "0.0026385282000000003": 7,
    "0.0030618554": 40,
    "0.0034851826": 22,
    "0.0039085097999999995": 30,
    "0.004331837": 1
  },
  "latencyPercentiles": {
    "p10": 0.000604354,
    "p25": 0.00079706,
    "p50": 0.000881757,
    "p75": 0.000950233,
    "p90": 0.001015937,
    "p95": 0.001067394,
    "p99": 0.001163845
  },
  "rps": {
    "mean": 58146.70721796024,
    "stddev": 6624.0253297266845,
    "max": 91444.71646635025,
    "percentiles": {
      "p10": 54213.34732611214,
      "p25": 55079.14873673915,
      "p50": 56036.06481131157,
      "p75": 57635.872567086015,
      "p90": 67319.5549944584,
      "p95": 73836.30962307115,
      "p99": 83627.53854845148
    }
  },
  "details": {
    "DNSDialup": {
      "average": 0.00064418436,
      "fastest": 0.000102769,
      "slowest": 0.001290294
    },
    "DNSLookup": {
      "average": 0.00003092666,
      "fastest": 0.000003046,
      "slowest": 0.001207033
    }
  },
  "statusCodeDistribution": {
    "200": 581506
  },
  "errorDistribution": {}
}