{
  "summary": {
    "successRate": 1,
    "total": 10.000634814,
    "slowest": 0.004979894,
    "fastest": 0.000177512,
    "average": 0.0008624373891497298,
    "requestsPerSec": 57869.42636779698,
    "totalData": 7523503,
    "sizePerRequest": 13,
    "sizePerSec": 752302.5427813607
  },
  "responseTimeHistogram": {
    "0.000177512": 1,
    "0.0006577502": 77504,
    "0.0011379884": 490186,
    "0.0016182265999999997": 10810,
    "0.0020984648": 122,
    "0.002578703": 57,
    "0.0030589411999999996": 2,
    "0.0035391793999999996": 25,
    "0.0040194176": 17,
    "0.0044996558": 2,
    "0.004979894": 5
  },
  "latencyPercentiles": {
    "p10": 0.000612061,
    "p25": 0.000785289,
    "p50": 0.000887505,
    "p75": 0.000965131,
    "p90": 0.00102814,
    "p95": 0.001077933,
    "p99": 0.001177077
  },
  "rps": {
    "mean": 57866.7378449518,
    "stddev": 6024.328468405808,
    "max": 84219.52208520572,
    "percentiles": {
      "p10": 53323.59650486189,
      "p25": 54137.6317206713,
      "p50": 55331.71715268122,
      "p75": 60726.409915671684,
      "p90": 67107.64356059169,
      "p95": 70462.07003750144,
      "p99": 75800.39416205022
    }
  },
  "details": {
    "DNSDialup": {
      "average": 0.00072052638,
      "fastest": 0.000083388,
      "slowest": 0.00164329
    },
    "DNSLookup": {
      "average": 0.0000071457200000000014,
      "fastest": 0.000003536,
      "slowest": 0.000034414
    }
  },
  "statusCodeDistribution": {
    "200": 578731
  },
  "errorDistribution": {}
}