{
  "summary": {
    "successRate": 1,
    "total": 10.0009118,
    "slowest": 0.004424877,
    "fastest": 0.000089386,
    "average": 0.000842981042022803,
    "requestsPerSec": 59195.80252672561,
    "totalData": 7696156,
    "sizePerRequest": 13,
    "sizePerSec": 769545.4328474329
  },
  "responseTimeHistogram": {
    "0.000089386": 1,
    "0.0005229351": 25657,
    "0.0009564841999999999": 459223,
    "0.0013900332999999998": 106221,
    "0.0018235824": 768,
    "0.0022571314999999996": 76,
    "0.0026906805999999998": 13,
    "0.0031242296999999994": 10,
    "0.0035577787999999996": 5,
    "0.0039913279": 20,
    "0.004424877": 18
  },
  "latencyPercentiles": {
    "p10": 0.000601037,
    "p25": 0.000780823,
    "p50": 0.000867459,
    "p75": 0.000935762,
    "p90": 0.000993026,
    "p95": 0.00104157,
    "p99": 0.001163816
  },
  "rps": {
    "mean": 59194.3737939412,
    "stddev": 5408.757137013335,
    "max": 88189.91260249185,
    "percentiles": {
      "p10": 55007.09976535352,
      "p25": 56017.58651586394,
      "p50": 57399.979283915985,
      "p75": 61144.966008009455,
      "p90": 66715.44373971898,
      "p95": 70350.72643138008,
      "p99": 76904.43154741
    }
  },
  "details": {
    "DNSDialup": {
      "average": 0.0007001954000000001,
      "fastest": 0.000082514,
      "slowest": 0.001636752
    },
    "DNSLookup": {
      "average": 0.000006718420000000001,
      "fastest": 0.000003186,
      "slowest": 0.000032932
    }
  },
  "statusCodeDistribution": {
    "200": 592012
  },
  "errorDistribution": {}
}