{
  "summary": {
    "successRate": 1,
    "total": 10.000666837,
    "slowest": 0.004216222,
    "fastest": 0.000093506,
    "average": 0.0008487177269047663,
    "requestsPerSec": 58798.279113195094,
    "totalData": 7644286,
    "sizePerRequest": 13,
    "sizePerSec": 764377.6284715362
  },
  "responseTimeHistogram": {
    "0.000093506": 1,
    "0.0005057776": 13967,
    "0.0009180492000000001": 374384,
    "0.0013303208": 198092,
    "0.0017425924": 1383,
    "0.0021548640000000003": 102,
    "0.0025671356": 44,
    "0.0029794072000000004": 1,
    "0.0033916788000000002": 10,
    "0.0038039504": 3,
    "0.004216222": 35
  },
  "latencyPercentiles": {
    "p10": 0.00061018,
    "p25": 0.00078333,
    "p50": 0.00087209,
    "p75": 0.000941735,
    "p90": 0.001000212,
    "p95": 0.001051963,
    "p99": 0.001173583
  },
  "rps": {
    "mean": 58803.394793764215,
    "stddev": 5479.798354676308,
    "max": 81871.84080666563,
    "percentiles": {
      "p10": 54762.49675662593,
      "p25": 55699.73036722238,
      "p50": 56987.16757151701,
      "p75": 60705.3602833157,
      "p90": 66802.48168715845,
      "p95": 70200.47736324342,
      "p99": 76671.6496566027
    }
  },
  "details": {
    "DNSDialup": {
      "average": 0.0007353808599999999,
      "fastest": 0.000110258,
      "slowest": 0.001722949
    },
    "DNSLookup": {
      "average": 0.000006652959999999999,
      "fastest": 0.000003216,
      "slowest": 0.00003183
    }
  },
  "statusCodeDistribution": {
    "200": 588022
  },
  "errorDistribution": {}
}