{
  "summary": {
    "successRate": 1,
    "total": 10.000906387,
    "slowest": 0.004767768,
    "fastest": 0.000098873,
    "average": 0.0008525684836772749,
    "requestsPerSec": 58535.79439169286,
    "totalData": 7610343,
    "sizePerRequest": 13,
    "sizePerSec": 760965.3270920073
  },
  "responseTimeHistogram": {
    "0.000098873": 1,
    "0.0005657625": 35761,
    "0.001032652": 513603,
    "0.0014995415": 35683,
    "0.0019664310000000003": 189,
    "0.0024333205000000003": 75,
    "0.0029002100000000003": 3,
    "0.0033670995000000003": 16,
    "0.0038339890000000003": 30,
    "0.0043008785": 0,
    "0.004767768": 50
  },
  "latencyPercentiles": {
    "p10": 0.000621923,
    "p25": 0.000788703,
    "p50": 0.000875554,
    "p75": 0.000944483,
    "p90": 0.00099991,
    "p95": 0.001047557,
    "p99": 0.001160473
  },
  "rps": {
    "mean": 58533.18853086002,
    "stddev": 5234.897550923518,
    "max": 83400.60615120018,
    "percentiles": {
      "p10": 54417.62481281808,
      "p25": 55490.16597068554,
      "p50": 56931.16981547031,
      "p75": 60618.6462956021,
      "p90": 66204.81546384298,
      "p95": 69306.31380518831,
      "p99": 73886.8435038493
    }
  },
  "details": {
    "DNSDialup": {
      "average": 0.0007214844400000001,
      "fastest": 0.000095905,
      "slowest": 0.001074406
    },
    "DNSLookup": {
      "average": 0.00000710492,
      "fastest": 0.000003667,
      "slowest": 0.00002616
    }
  },
  "statusCodeDistribution": {
    "200": 585411
  },
  "errorDistribution": {}
}