{
  "summary": {
    "successRate": 1,
    "total": 10.000242549,
    "slowest": 0.00474894,
    "fastest": 0.000059321,
    "average": 0.0007859767602373902,
    "requestsPerSec": 63503.35973236003,
    "totalData": 8255637,
    "sizePerRequest": 13,
    "sizePerSec": 825543.6765206804
  },
  "responseTimeHistogram": {
    "0.000059321": 1,
    "0.0005282829": 67900,
    "0.0009972448": 513278,
    "0.0014662066999999999": 53450,
    "0.0019351686": 297,
    "0.0024041305": 76,
    "0.0028730924": 0,
    "0.0033420543000000002": 18,
    "0.0038110162": 20,
    "0.0042799781": 7,
    "0.00474894": 2
  },
  "latencyPercentiles": {
    "p10": 0.000525955,
    "p25": 0.000590535,
    "p50": 0.000830045,
    "p75": 0.000923879,
    "p90": 0.000986458,
    "p95": 0.001033544,
    "p99": 0.001135074
  },
  "rps": {
    "mean": 63504.11458937625,
    "stddev": 10855.867209878938,
    "max": 92477.19155614272,
    "percentiles": {
      "p10": 54585.989800390875,
      "p25": 55726.26378812354,
      "p50": 57615.84624478785,
      "p75": 71328.68126273781,
      "p90": 81623.66269981887,
      "p95": 85257.12888854257,
      "p99": 89803.9154507125
    }
  },
  "details": {
    "DNSDialup": {
      "average": 0.0007948961799999999,
      "fastest": 0.000088613,
      "slowest": 0.001654298
    },
    "DNSLookup": {
      "average": 0.00000979454,
      "fastest": 0.000003196,
      "slowest": 0.000170617
    }
  },
  "statusCodeDistribution": {
    "200": 635049
  },
  "errorDistribution": {}
}