{
  "summary": {
    "successRate": 1,
    "total": 10.000713468,
    "slowest": 0.004289325,
    "fastest": 0.000069795,
    "average": 0.0008332845838447226,
    "requestsPerSec": 59882.02760895259,
    "totalData": 7785219,
    "sizePerRequest": 13,
    "sizePerSec": 778466.3589163836
  },
  "responseTimeHistogram": {
    "0.000069795": 1,
    "0.000491748": 15860,
    "0.0009137009999999999": 379463,
    "0.001335654": 202008,
    "0.001757607": 1369,
    "0.00217956": 78,
    "0.0026015129999999997": 36,
    "0.003023466": 2,
    "0.003445419": 10,
    "0.003867372": 19,
    "0.004289325": 17
  },
  "latencyPercentiles": {
    "p10": 0.0005748,
    "p25": 0.000747814,
    "p50": 0.000862164,
    "p75": 0.000939463,
    "p90": 0.001000034,
    "p95": 0.00105664,
    "p99": 0.001180978
  },
  "rps": {
    "mean": 59875.99749450547,
    "stddev": 6752.768506801562,
    "max": 92140.15467941109,
    "percentiles": {
      "p10": 54534.78228414033,
      "p25": 55730.941818895124,
      "p50": 57442.382433334096,
      "p75": 62640.169908202595,
      "p90": 69218.40414446096,
      "p95": 72817.28682390101,
      "p99": 83230.73223590992
    }
  },
  "details": {
    "DNSDialup": {
      "average": 0.0006805663600000001,
      "fastest": 0.000067935,
      "slowest": 0.001523184
    },
    "DNSLookup": {
      "average": 0.000006970260000000002,
      "fastest": 0.000003095,
      "slowest": 0.000029074
    }
  },
  "statusCodeDistribution": {
    "200": 598863
  },
  "errorDistribution": {}
}