{
  "summary": {
    "successRate": 1,
    "total": 10.000665475,
    "slowest": 0.004165563,
    "fastest": 0.00010426,
    "average": 0.0008541891309041416,
    "requestsPerSec": 58423.61205467679,
    "totalData": 7595575,
    "sizePerRequest": 13,
    "sizePerSec": 759506.9567107983
  },
  "responseTimeHistogram": {
    "0.00010426": 1,
    "0.0005103903": 10582,
    "0.0009165206": 375427,
    "0.0013226509": 196588,
    "0.0017287811999999998": 1494,
    "0.0021349115": 111,
    "0.0025410418000000002": 23,
    "0.0029471721": 1,
    "0.0033533024": 4,
    "0.0037594327": 11,
    "0.004165563": 33
  },
  "latencyPercentiles": {
    "p10": 0.000649182,
    "p25": 0.000791856,
    "p50": 0.000872605,
    "p75": 0.000939399,
    "p90": 0.000996365,
    "p95": 0.001046994,
    "p99": 0.001168248
  },
  "rps": {
    "mean": 58423.56787924243,
    "stddev": 4520.9302995103835,
    "max": 78249.81383148707,
    "percentiles": {
      "p10": 54814.94255333974,
      "p25": 55734.832580212664,
      "p50": 57178.408068861216,
      "p75": 60501.3059954379,
      "p90": 64335.9571244196,
      "p95": 67235.32858196908,
      "p99": 71704.66797388517
    }
  },
  "details": {
    "DNSDialup": {
      "average": 0.0007240399200000001,
      "fastest": 0.000069109,
      "slowest": 0.001391134
    },
    "DNSLookup": {
      "average": 0.000006938140000000001,
      "fastest": 0.000003617,
      "slowest": 0.000029775
    }
  },
  "statusCodeDistribution": {
    "200": 584275
  },
  "errorDistribution": {}
}