{
  "summary": {
    "successRate": 1,
    "total": 10.000596616,
    "slowest": 0.008180536,
    "fastest": 0.000098073,
    "average": 0.0008443827633528271,
    "requestsPerSec": 59100.07399502534,
    "totalData": 7683468,
    "sizePerRequest": 13,
    "sizePerSec": 768300.9619353295
  },
  "responseTimeHistogram": {
    "0.000098073": 1,
    "0.0009063192999999999": 364195,
    "0.0017145656": 226699,
    "0.0025228119": 27,
    "0.0033310582": 12,
    "0.0041393045": 2,
    "0.0049475508": 8,
    "0.0057557971": 6,
    "0.0065640434": 44,
    "0.0073722896999999996": 35,
    "0.008180536": 7
  },
  "latencyPercentiles": {
    "p10": 0.00058509,
    "p25": 0.000775414,
    "p50": 0.000871273,
    "p75": 0.000943327,
    "p90": 0.001001625,
    "p95": 0.001050076,
    "p99": 0.001167945
  },
  "rps": {
    "mean": 59099.10877331687,
    "stddev": 6141.2901582248405,
    "max": 84423.57106104276,
    "percentiles": {
      "p10": 54421.028285330416,
      "p25": 55511.357623770265,
      "p50": 57014.299186235294,
      "p75": 61617.54867786101,
      "p90": 67616.18731523881,
      "p95": 71314.2628525677,
      "p99": 77563.27612065384
    }
  },
  "details": {
    "DNSDialup": {
      "average": 0.0006954851000000001,
      "fastest": 0.000085636,
      "slowest": 0.001556733
    },
    "DNSLookup": {
      "average": 0.00000697138,
      "fastest": 0.000003316,
      "slowest": 0.000031238
    }
  },
  "statusCodeDistribution": {
    "200": 591036
  },
  "errorDistribution": {}
}