{
  "summary": {
    "successRate": 1,
    "total": 10.000728254,
    "slowest": 0.004224596,
    "fastest": 0.000057373,
    "average": 0.000571321705474412,
    "requestsPerSec": 87305.2419608321,
    "totalData": 11350508,
    "sizePerRequest": 13,
    "sizePerSec": 1134968.1454908173
  },
  "responseTimeHistogram": {
    "0.000057373": 1,
    "0.00047409529999999995": 169852,
    "0.0008908175999999999": 695728,
    "0.0013075399": 6718,
    "0.0017242622": 355,
    "0.0021409844999999996": 141,
    "0.0025577067999999997": 106,
    "0.0029744290999999994": 56,
    "0.0033911513999999995": 24,
    "0.0038078736999999996": 29,
    "0.004224596": 106
  },
  "latencyPercentiles": {
    "p10": 0.000413206,
    "p25": 0.000495637,
    "p50": 0.000579849,
    "p75": 0.000643576,
    "p90": 0.00069593,
    "p95": 0.000753295,
    "p99": 0.000872922
  },
  "rps": {
    "mean": 87297.06813509685,
    "stddev": 7235.124238468182,
    "max": 106713.12571447069,
    "percentiles": {
      "p10": 80127.45968042886,
      "p25": 82724.0892547911,
      "p50": 87138.2536933652,
      "p75": 92029.19165959225,
      "p90": 96175.92221153772,
      "p95": 98356.36923565899,
      "p99": 102246.44120248622
    }
  },
  "details": {
    "DNSDialup": {
      "average": 0.0005105934399999999,
      "fastest": 0.00006458,
      "slowest": 0.001127285
    },
    "DNSLookup": {
      "average": 0.00000519672,
      "fastest": 0.000002972,
      "slowest": 0.000025431
    }
  },
  "statusCodeDistribution": {
    "200": 873116
  },
  "errorDistribution": {}
}