{
  "summary": {
    "successRate": 1,
    "total": 10.000655789,
    "slowest": 0.00444437,
    "fastest": 0.000209512,
    "average": 0.0008538097184330911,
    "requestsPerSec": 58449.76692857957,
    "totalData": 7598968,
    "sizePerRequest": 13,
    "sizePerSec": 759846.9700715344
  },
  "responseTimeHistogram": {
    "0.000209512": 1,
    "0.0006329977999999999": 72931,
    "0.0010564835999999998": 479766,
    "0.0014799693999999997": 31553,
    "0.0019034551999999997": 169,
    "0.0023269409999999995": 61,
    "0.0027504267999999992": 5,
    "0.0031739125999999994": 5,
    "0.003597398399999999": 1,
    "0.004020884199999999": 22,
    "0.00444437": 22
  },
  "latencyPercentiles": {
    "p10": 0.000607577,
    "p25": 0.000768155,
    "p50": 0.000879966,
    "p75": 0.000960654,
    "p90": 0.001017539,
    "p95": 0.001062117,
    "p99": 0.001161153
  },
  "rps": {
    "mean": 58447.35603100242,
    "stddev": 5780.630410795014,
    "max": 79377.65509977202,
    "percentiles": {
      "p10": 52923.85278044803,
      "p25": 54134.10642183896,
      "p50": 56986.68815001051,
      "p75": 62129.18207682038,
      "p90": 66912.44571490008,
      "p95": 69287.23463115378,
      "p99": 73386.99740809546
    }
  },
  "details": {
    "DNSDialup": {
      "average": 0.00062444276,
      "fastest": 0.000071134,
      "slowest": 0.001127698
    },
    "DNSLookup": {
      "average": 0.0000067119399999999995,
      "fastest": 0.000003366,
      "slowest": 0.000031679
    }
  },
  "statusCodeDistribution": {
    "200": 584536
  },
  "errorDistribution": {}
}