{
  "summary": {
    "successRate": 1,
    "total": 10.000707723,
    "slowest": 0.006575177,
    "fastest": 0.000102612,
    "average": 0.000864864805747378,
    "requestsPerSec": 57705.81602667642,
    "totalData": 7502287,
    "sizePerRequest": 13,
    "sizePerSec": 750175.6083467935
  },
  "responseTimeHistogram": {
    "0.000102612": 1,
    "0.0007498685": 101924,
    "0.001397125": 473907,
    "0.0020443815000000002": 1160,
    "0.002691638": 7,
    "0.0033388945": 5,
    "0.003986151": 29,
    "0.0046334075": 9,
    "0.005280664": 7,
    "0.0059279205": 0,
    "0.006575177": 50
  },
  "latencyPercentiles": {
    "p10": 0.000639859,
    "p25": 0.000799811,
    "p50": 0.000885034,
    "p75": 0.000954483,
    "p90": 0.001015883,
    "p95": 0.001067143,
    "p99": 0.001184762
  },
  "rps": {
    "mean": 57704.883211316876,
    "stddev": 5091.405020641533,
    "max": 78814.01313153391,
    "percentiles": {
      "p10": 53831.17901888682,
      "p25": 55016.79515443275,
      "p50": 56301.31336888679,
      "p75": 59338.88477118898,
      "p90": 64706.744519412314,
      "p95": 67842.37366415485,
      "p99": 73276.38330195437
    }
  },
  "details": {
    "DNSDialup": {
      "average": 0.0007839971999999999,
      "fastest": 0.000086502,
      "slowest": 0.001383558
    },
    "DNSLookup": {
      "average": 0.000007581460000000001,
      "fastest": 0.000003557,
      "slowest": 0.000039413
    }
  },
  "statusCodeDistribution": {
    "200": 577099
  },
  "errorDistribution": {}
}