{
  "summary": {
    "successRate": 1,
    "total": 10.000289694,
    "slowest": 0.00475031,
    "fastest": 0.000222407,
    "average": 0.0008147471584645026,
    "requestsPerSec": 61258.62537437808,
    "totalData": 7963852,
    "sizePerRequest": 13,
    "sizePerSec": 796362.129866915
  },
  "responseTimeHistogram": {
    "0.000222407": 1,
    "0.0006751973": 149587,
    "0.0011279876": 454886,
    "0.0015807779": 7890,
    "0.0020335682": 85,
    "0.0024863585": 95,
    "0.0029391488": 20,
    "0.0033919391": 18,
    "0.0038447294": 10,
    "0.0042975197": 11,
    "0.00475031": 1
  },
  "latencyPercentiles": {
    "p10": 0.000542619,
    "p25": 0.000685838,
    "p50": 0.000853362,
    "p75": 0.000937542,
    "p90": 0.001000288,
    "p95": 0.001047414,
    "p99": 0.001144909
  },
  "rps": {
    "mean": 61254.36753066809,
    "stddev": 9184.849524550742,
    "max": 91947.14129934301,
    "percentiles": {
      "p10": 54219.33132631387,
      "p25": 55206.89534123103,
      "p50": 56728.94489173745,
      "p75": 66726.86779373292,
      "p90": 76428.40079373097,
      "p95": 81061.19309466706,
      "p99": 86405.34031599153
    }
  },
  "details": {
    "DNSDialup": {
      "average": 0.0007671951799999999,
      "fastest": 0.00008004,
      "slowest": 0.001671881
    },
    "DNSLookup": {
      "average": 0.0000065404,
      "fastest": 0.000003175,
      "slowest": 0.00003746
    }
  },
  "statusCodeDistribution": {
    "200": 612604
  },
  "errorDistribution": {}
}