{
  "summary": {
    "successRate": 1,
    "total": 10.000632941,
    "slowest": 0.004373674,
    "fastest": 0.000088942,
    "average": 0.0009362605287590648,
    "requestsPerSec": 53303.32621394029,
    "totalData": 6929871,
    "sizePerRequest": 13,
    "sizePerSec": 692943.2407812238
  },
  "responseTimeHistogram": {
    "0.000088942": 1,
    "0.0005174152000000001": 1926,
    "0.0009458884000000001": 260672,
    "0.0013743616000000001": 269487,
    "0.0018028348000000002": 752,
    "0.002231308": 110,
    "0.0026597812": 44,
    "0.0030882544": 18,
    "0.0035167276": 11,
    "0.0039452008000000005": 26,
    "0.004373674": 20
  },
  "latencyPercentiles": {
    "p10": 0.000792426,
    "p25": 0.000873253,
    "p50": 0.000947872,
    "p75": 0.001010785,
    "p90": 0.001065143,
    "p95": 0.001111811,
    "p99": 0.001209863
  },
  "rps": {
    "mean": 53306.85691303761,
    "stddev": 3379.2952364954203,
    "max": 72502.0445576564,
    "percentiles": {
      "p10": 51006.94714619733,
      "p25": 51871.383049595446,
      "p50": 52677.00851875407,
      "p75": 53726.053584603345,
      "p90": 56485.75250097962,
      "p95": 59637.917788127226,
      "p99": 65984.20623766011
    }
  },
  "details": {
    "DNSDialup": {
      "average": 0.0006789031200000001,
      "fastest": 0.000094247,
      "slowest": 0.000966246
    },
    "DNSLookup": {
      "average": 0.0000060876399999999985,
      "fastest": 0.000003346,
      "slowest": 0.000029204
    }
  },
  "statusCodeDistribution": {
    "200": 533067
  },
  "errorDistribution": {}
}