{
  "summary": {
    "successRate": 1,
    "total": 10.000607646,
    "slowest": 0.00411348,
    "fastest": 0.00024233,
    "average": 0.0008975338235710115,
    "requestsPerSec": 55599.721505162626,
    "totalData": 7228403,
    "sizePerRequest": 13,
    "sizePerSec": 722796.379567114
  },
  "responseTimeHistogram": {
    "0.00024233": 1,
    "0.0006294450000000001": 36647,
    "0.0010165600000000001": 430544,
    "0.0014036750000000003": 88108,
    "0.0017907900000000002": 572,
    "0.002177905": 63,
    "0.0025650200000000003": 46,
    "0.0029521350000000003": 7,
    "0.00333925": 1,
    "0.003726365": 20,
    "0.00411348": 22
  },
  "latencyPercentiles": {
    "p10": 0.000689326,
    "p25": 0.000831531,
    "p50": 0.000917241,
    "p75": 0.000988459,
    "p90": 0.001045151,
    "p95": 0.001091959,
    "p99": 0.00119022
  },
  "rps": {
    "mean": 55598.11694501899,
    "stddev": 4478.792120931925,
    "max": 74500.31467370552,
    "percentiles": {
      "p10": 52041.18434439807,
      "p25": 52995.15810589482,
      "p50": 54240.44710140311,
      "p75": 57446.03150504606,
      "p90": 61746.35120161674,
      "p95": 64280.90575306066,
      "p99": 69132.18103027197
    }
  },
  "details": {
    "DNSDialup": {
      "average": 0.0007372489200000001,
      "fastest": 0.00020221,
      "slowest": 0.00144367
    },
    "DNSLookup": {
      "average": 0.00000656528,
      "fastest": 0.000003096,
      "slowest": 0.000036088
    }
  },
  "statusCodeDistribution": {
    "200": 556031
  },
  "errorDistribution": {}
}