{
  "summary": {
    "successRate": 1,
    "total": 10.000704636,
    "slowest": 0.003927236,
    "fastest": 0.000163573,
    "average": 0.0008601063386891628,
    "requestsPerSec": 58019.91170814936,
    "totalData": 7543120,
    "sizePerRequest": 13,
    "sizePerSec": 754258.8522059417
  },
  "responseTimeHistogram": {
    "0.000163573": 1,
    "0.0005399392999999999": 21782,
    "0.0009163055999999998": 319547,
    "0.0012926718999999997": 237496,
    "0.0016690381999999997": 1196,
    "0.0020454045": 100,
    "0.0024217707999999996": 44,
    "0.0027981370999999996": 25,
    "0.0031745033999999997": 6,
    "0.0035508696999999997": 11,
    "0.003927236": 32
  },
  "latencyPercentiles": {
    "p10": 0.000611646,
    "p25": 0.000780397,
    "p50": 0.000886958,
    "p75": 0.000964886,
    "p90": 0.00102476,
    "p95": 0.001073832,
    "p99": 0.001169773
  },
  "rps": {
    "mean": 58018.960849407486,
    "stddev": 6018.572546854573,
    "max": 85929.63713184326,
    "percentiles": {
      "p10": 53260.189339973156,
      "p25": 54103.88465891912,
      "p50": 55658.96510763577,
      "p75": 61317.93692630007,
      "p90": 66743.59797522277,
      "p95": 70122.4111225946,
      "p99": 75631.44755589098
    }
  },
  "details": {
    "DNSDialup": {
      "average": 0.0007594450399999999,
      "fastest": 0.000068449,
      "slowest": 0.001778072
    },
    "DNSLookup": {
      "average": 0.0000065250800000000016,
      "fastest": 0.000003206,
      "slowest": 0.000032451
    }
  },
  "statusCodeDistribution": {
    "200": 580240
  },
  "errorDistribution": {}
}