{
  "summary": {
    "successRate": 1,
    "total": 10.000629797,
    "slowest": 0.005709389,
    "fastest": 0.000084279,
    "average": 0.0008750063559853761,
    "requestsPerSec": 57034.707971202384,
    "totalData": 7414979,
    "sizePerRequest": 13,
    "sizePerSec": 741451.203625631
  },
  "responseTimeHistogram": {
    "0.000084279": 1,
    "0.0006467900000000001": 54271,
    "0.001209301": 512192,
    "0.0017718120000000002": 3799,
    "0.002334323": 19,
    "0.002896834": 0,
    "0.0034593450000000004": 1,
    "0.004021856": 4,
    "0.004584367": 29,
    "0.005146878": 17,
    "0.005709389": 50
  },
  "latencyPercentiles": {
    "p10": 0.000657106,
    "p25": 0.000813209,
    "p50": 0.000897664,
    "p75": 0.000966996,
    "p90": 0.001019517,
    "p95": 0.001061225,
    "p99": 0.001171487
  },
  "rps": {
    "mean": 57034.908949948,
    "stddev": 4828.014625403736,
    "max": 82112.87529884548,
    "percentiles": {
      "p10": 53323.42498059388,
      "p25": 54652.62501262588,
      "p50": 55843.798290999,
      "p75": 58501.78430442208,
      "p90": 62822.553296637256,
      "p95": 66725.28888448607,
      "p99": 73168.5799062604
    }
  },
  "details": {
    "DNSDialup": {
      "average": 0.00056831774,
      "fastest": 0.000082275,
      "slowest": 0.000968027
    },
    "DNSLookup": {
      "average": 0.000006075759999999999,
      "fastest": 0.000003186,
      "slowest": 0.000030508
    }
  },
  "statusCodeDistribution": {
    "200": 570383
  },
  "errorDistribution": {}
}