{
  "summary": {
    "successRate": 1,
    "total": 10.000649024,
    "slowest": 0.005598675,
    "fastest": 0.000069903,
    "average": 0.000850310474412926,
    "requestsPerSec": 58691.890755429435,
    "totalData": 7630441,
    "sizePerRequest": 13,
    "sizePerSec": 762994.5798205826
  },
  "responseTimeHistogram": {
    "0.000069903": 1,
    "0.0006227802": 74900,
    "0.0011756574000000002": 506477,
    "0.0017285346000000003": 5430,
    "0.0022814118000000004": 47,
    "0.0028342890000000007": 1,
    "0.0033871662000000006": 6,
    "0.0039400434": 20,
    "0.0044929206": 24,
    "0.005045797800000001": 1,
    "0.005598675000000001": 50
  },
  "latencyPercentiles": {
    "p10": 0.000584421,
    "p25": 0.000776481,
    "p50": 0.000880007,
    "p75": 0.000955754,
    "p90": 0.001010885,
    "p95": 0.00105597,
    "p99": 0.001171015
  },
  "rps": {
    "mean": 58710.50555491267,
    "stddev": 6077.949939221497,
    "max": 86999.57100901539,
    "percentiles": {
      "p10": 53914.56232328344,
      "p25": 54941.95875126964,
      "p50": 56520.35297910627,
      "p75": 61311.40896122345,
      "p90": 67292.73686391,
      "p95": 70895.18387386887,
      "p99": 76947.36960226492
    }
  },
  "details": {
    "DNSDialup": {
      "average": 0.0006564821200000002,
      "fastest": 0.000109006,
      "slowest": 0.001061022
    },
    "DNSLookup": {
      "average": 0.000005728120000000002,
      "fastest": 0.000002505,
      "slowest": 0.000029384
    }
  },
  "statusCodeDistribution": {
    "200": 586957
  },
  "errorDistribution": {}
}