{
  "summary": {
    "successRate": 1,
    "total": 10.000443947,
    "slowest": 0.00511576,
    "fastest": 0.000149247,
    "average": 0.0008046288922634511,
    "requestsPerSec": 62030.04619470819,
    "totalData": 8064264,
    "sizePerRequest": 13,
    "sizePerSec": 806390.6005312066
  },
  "responseTimeHistogram": {
    "0.000149247": 1,
    "0.0006458983": 167436,
    "0.0011425495999999999": 444393,
    "0.0016392008999999998": 8245,
    "0.0021358522": 139,
    "0.0026325034999999997": 58,
    "0.0031291547999999997": 15,
    "0.0036258060999999997": 16,
    "0.0041224574": 11,
    "0.004619108699999999": 13,
    "0.00511576": 1
  },
  "latencyPercentiles": {
    "p10": 0.000529221,
    "p25": 0.000614271,
    "p50": 0.000849605,
    "p75": 0.000939699,
    "p90": 0.001007192,
    "p95": 0.00105724,
    "p99": 0.001160712
  },
  "rps": {
    "mean": 62022.11786742788,
    "stddev": 10823.449597076211,
    "max": 92705.13586452566,
    "percentiles": {
      "p10": 53657.76115302672,
      "p25": 54822.76683073806,
      "p50": 56400.360962306164,
      "p75": 68612.36281935363,
      "p90": 80805.29274666958,
      "p95": 84610.16168041874,
      "p99": 88760.23269390929
    }
  },
  "details": {
    "DNSDialup": {
      "average": 0.00084849478,
      "fastest": 0.00007553,
      "slowest": 0.001868083
    },
    "DNSLookup": {
      "average": 0.00004193784,
      "fastest": 0.000003065,
      "slowest": 0.001771181
    }
  },
  "statusCodeDistribution": {
    "200": 620328
  },
  "errorDistribution": {}
}