{
  "summary": {
    "successRate": 1,
    "total": 10.000674206,
    "slowest": 0.004911876,
    "fastest": 0.000223387,
    "average": 0.0008894781996075491,
    "requestsPerSec": 56103.31748067347,
    "totalData": 7293923,
    "sizePerRequest": 13,
    "sizePerSec": 729343.1272487551
  },
  "responseTimeHistogram": {
    "0.000223387": 1,
    "0.0006922359": 59473,
    "0.0011610848": 492659,
    "0.0016299337": 8674,
    "0.0020987825999999998": 198,
    "0.0025676314999999996": 13,
    "0.0030364804": 5,
    "0.0035053293": 11,
    "0.0039741782": 17,
    "0.0044430271": 11,
    "0.004911876": 9
  },
  "latencyPercentiles": {
    "p10": 0.000682034,
    "p25": 0.000823579,
    "p50": 0.000908204,
    "p75": 0.000979688,
    "p90": 0.001033868,
    "p95": 0.001085356,
    "p99": 0.001187385
  },
  "rps": {
    "mean": 56103.54142678705,
    "stddev": 4492.235026772093,
    "max": 77171.78439205619,
    "percentiles": {
      "p10": 52548.06571570946,
      "p25": 53388.36834670067,
      "p50": 54711.96550685623,
      "p75": 58265.61290670089,
      "p90": 62585.32257026145,
      "p95": 65038.09931858057,
      "p99": 68807.11465565885
    }
  },
  "details": {
    "DNSDialup": {
      "average": 0.00074981326,
      "fastest": 0.000178684,
      "slowest": 0.001165696
    },
    "DNSLookup": {
      "average": 0.0000063731200000000006,
      "fastest": 0.000003326,
      "slowest": 0.000033733
    }
  },
  "statusCodeDistribution": {
    "200": 561071
  },
  "errorDistribution": {}
}