{
  "summary": {
    "successRate": 1,
    "total": 10.001129007,
    "slowest": 0.005424989,
    "fastest": 0.000110735,
    "average": 0.0007889268894461358,
    "requestsPerSec": 63259.757929047984,
    "totalData": 8224697,
    "sizePerRequest": 13,
    "sizePerSec": 822376.8530776238
  },
  "responseTimeHistogram": {
    "0.000110735": 1,
    "0.0006421604": 164169,
    "0.0011735858": 462347,
    "0.0017050112": 5872,
    "0.0022364366": 179,
    "0.002767862": 1,
    "0.0032992874": 3,
    "0.0038307128": 22,
    "0.0043621382": 14,
    "0.0048935636": 11,
    "0.005424989": 50
  },
  "latencyPercentiles": {
    "p10": 0.000523441,
    "p25": 0.000633464,
    "p50": 0.000825242,
    "p75": 0.000922122,
    "p90": 0.000988457,
    "p95": 0.001040264,
    "p99": 0.001170869
  },
  "rps": {
    "mean": 63259.24441208134,
    "stddev": 9267.777512072353,
    "max": 93632.61942991901,
    "percentiles": {
      "p10": 55091.14278662588,
      "p25": 56314.793896356394,
      "p50": 60158.89166466317,
      "p75": 68328.9099618072,
      "p90": 76726.96952979441,
      "p95": 83859.62100065069,
      "p99": 89049.99266589232
    }
  },
  "details": {
    "DNSDialup": {
      "average": 0.00072050574,
      "fastest": 0.000102273,
      "slowest": 0.001201026
    },
    "DNSLookup": {
      "average": 0.000005432319999999999,
      "fastest": 0.000002635,
      "slowest": 0.000029224
    }
  },
  "statusCodeDistribution": {
    "200": 632669
  },
  "errorDistribution": {}
}