{
  "summary": {
    "successRate": 1,
    "total": 10.000745115,
    "slowest": 0.005793527,
    "fastest": 0.000149641,
    "average": 0.0008869637214113615,
    "requestsPerSec": 56259.408027118785,
    "totalData": 7314268,
    "sizePerRequest": 13,
    "sizePerSec": 731372.3043525441
  },
  "responseTimeHistogram": {
    "0.000149641": 1,
    "0.0007140295999999999": 85540,
    "0.0012784182": 473971,
    "0.0018428067999999998": 2866,
    "0.0024071953999999997": 121,
    "0.0029715839999999998": 21,
    "0.0035359725999999994": 19,
    "0.0041003611999999995": 23,
    "0.0046647497999999996": 23,
    "0.0052291384": 1,
    "0.005793527": 50
  },
  "latencyPercentiles": {
    "p10": 0.000635094,
    "p25": 0.000812862,
    "p50": 0.000912326,
    "p75": 0.000988363,
    "p90": 0.001047195,
    "p95": 0.001096426,
    "p99": 0.001217155
  },
  "rps": {
    "mean": 56258.200483561384,
    "stddev": 5287.275512666759,
    "max": 81328.45829988222,
    "percentiles": {
      "p10": 52007.90000000883,
      "p25": 53256.36653834403,
      "p50": 54736.82145979557,
      "p75": 58253.236815359094,
      "p90": 63403.15693633491,
      "p95": 67124.87647922011,
      "p99": 72504.71280633108
    }
  },
  "details": {
    "DNSDialup": {
      "average": 0.0007526482200000001,
      "fastest": 0.000111825,
      "slowest": 0.001580905
    },
    "DNSLookup": {
      "average": 0.000024175959999999997,
      "fastest": 0.000003085,
      "slowest": 0.000888026
    }
  },
  "statusCodeDistribution": {
    "200": 562636
  },
  "errorDistribution": {}
}