{
  "summary": {
    "successRate": 1,
    "total": 10.00067251,
    "slowest": 0.004169323,
    "fastest": 0.000150807,
    "average": 0.0008518830493251044,
    "requestsPerSec": 58580.86037855868,
    "totalData": 7616024,
    "sizePerRequest": 13,
    "sizePerSec": 761551.1849212629
  },
  "responseTimeHistogram": {
    "0.000150807": 1,
    "0.0005526586": 30223,
    "0.0009545102": 430475,
    "0.0013563618": 124370,
    "0.0017582134": 681,
    "0.002160065": 46,
    "0.0025619166000000002": 2,
    "0.0029637682": 1,
    "0.0033656198": 10,
    "0.0037674714000000002": 17,
    "0.004169323": 22
  },
  "latencyPercentiles": {
    "p10": 0.000623687,
    "p25": 0.000782993,
    "p50": 0.000871947,
    "p75": 0.00094348,
    "p90": 0.001011102,
    "p95": 0.001068082,
    "p99": 0.001171293
  },
  "rps": {
    "mean": 58578.13519100099,
    "stddev": 5813.178282962925,
    "max": 84486.7495111148,
    "percentiles": {
      "p10": 54635.70443284698,
      "p25": 55593.73659927493,
      "p50": 56614.20885916573,
      "p75": 59508.374524235325,
      "p90": 66924.55196945296,
      "p95": 71410.07415615093,
      "p99": 79243.10825088156
    }
  },
  "details": {
    "DNSDialup": {
      "average": 0.0006604262600000001,
      "fastest": 0.000176067,
      "slowest": 0.00100426
    },
    "DNSLookup": {
      "average": 0.000007139439999999999,
      "fastest": 0.000003206,
      "slowest": 0.000027831
    }
  },
  "statusCodeDistribution": {
    "200": 585848
  },
  "errorDistribution": {}
}