{
  "summary": {
    "successRate": 1,
    "total": 10.000592478,
    "slowest": 0.006935925,
    "fastest": 0.000080801,
    "average": 0.0008086940724613849,
    "requestsPerSec": 61713.34362015986,
    "totalData": 8023210,
    "sizePerRequest": 13,
    "sizePerSec": 802273.4670620782
  },
  "responseTimeHistogram": {
    "0.000080801": 1,
    "0.0007663134": 239562,
    "0.0014518258": 375582,
    "0.0021373382": 1483,
    "0.0028228506": 210,
    "0.0035083630000000005": 127,
    "0.0041938754": 92,
    "0.0048793878": 13,
    "0.0055649002": 25,
    "0.0062504126000000005": 36,
    "0.006935925000000001": 39
  },
  "latencyPercentiles": {
    "p10": 0.0005424,
    "p25": 0.000647436,
    "p50": 0.000840364,
    "p75": 0.000947567,
    "p90": 0.001019813,
    "p95": 0.001075777,
    "p99": 0.001228792
  },
  "rps": {
    "mean": 61717.42316030752,
    "stddev": 7703.701374412039,
    "max": 90725.65097418072,
    "percentiles": {
      "p10": 53701.40697686111,
      "p25": 55994.03588122006,
      "p50": 61273.692536237766,
      "p75": 66177.85961550225,
      "p90": 71804.81810328674,
      "p95": 75355.76850425507,
      "p99": 82716.79344996615
    }
  },
  "details": {
    "DNSDialup": {
      "average": 0.0007217227800000001,
      "fastest": 0.000098041,
      "slowest": 0.001205782
    },
    "DNSLookup": {
      "average": 0.000007086439999999999,
      "fastest": 0.000004168,
      "slowest": 0.000036748
    }
  },
  "statusCodeDistribution": {
    "200": 617170
  },
  "errorDistribution": {}
}