{
  "summary": {
    "successRate": 1,
    "total": 10.000618768,
    "slowest": 0.00572767,
    "fastest": 0.000102413,
    "average": 0.0009046208321138515,
    "requestsPerSec": 55156.58708689214,
    "totalData": 7170800,
    "sizePerRequest": 13,
    "sizePerSec": 717035.6321295978
  },
  "responseTimeHistogram": {
    "0.000102413": 1,
    "0.0006649386999999999": 63143,
    "0.0012274643999999999": 482952,
    "0.0017899900999999998": 5283,
    "0.0023525157999999997": 112,
    "0.0029150415": 6,
    "0.0034775671999999996": 1,
    "0.004040092899999999": 1,
    "0.0046026185999999995": 23,
    "0.0051651443": 22,
    "0.00572767": 56
  },
  "latencyPercentiles": {
    "p10": 0.000641231,
    "p25": 0.000835703,
    "p50": 0.000933773,
    "p75": 0.001009749,
    "p90": 0.001063787,
    "p95": 0.00110403,
    "p99": 0.001227283
  },
  "rps": {
    "mean": 55143.51667730012,
    "stddev": 5319.502132974876,
    "max": 79201.29801905176,
    "percentiles": {
      "p10": 50990.39066554023,
      "p25": 51984.75167577938,
      "p50": 53507.716383850384,
      "p75": 57307.2321726992,
      "p90": 62394.50238227619,
      "p95": 65328.038794250184,
      "p99": 71356.60548900072
    }
  },
  "details": {
    "DNSDialup": {
      "average": 0.0006953268,
      "fastest": 0.000093434,
      "slowest": 0.001074865
    },
    "DNSLookup": {
      "average": 0.0000056295,
      "fastest": 0.000002525,
      "slowest": 0.000038011
    }
  },
  "statusCodeDistribution": {
    "200": 551600
  },
  "errorDistribution": {}
}