{
  "summary": {
    "successRate": 1,
    "total": 10.000687744,
    "slowest": 0.007835059,
    "fastest": 0.000074451,
    "average": 0.0008700763310707509,
    "requestsPerSec": 57363.854835302016,
    "totalData": 7457814,
    "sizePerRequest": 13,
    "sizePerSec": 745730.1128589262
  },
  "responseTimeHistogram": {
    "0.000074451": 1,
    "0.0008505118": 229045,
    "0.0016265726": 344367,
    "0.0024026334": 134,
    "0.0031786942": 17,
    "0.003954755": 11,
    "0.0047308158": 8,
    "0.0055068766": 8,
    "0.0062829374": 4,
    "0.0070589981999999996": 76,
    "0.007835059": 7
  },
  "latencyPercentiles": {
    "p10": 0.000747774,
    "p25": 0.000811941,
    "p50": 0.000876749,
    "p75": 0.000932322,
    "p90": 0.000974476,
    "p95": 0.001014104,
    "p99": 0.001118241
  },
  "rps": {
    "mean": 57361.34892951859,
    "stddev": 2875.8760521487056,
    "max": 67951.57712398737,
    "percentiles": {
      "p10": 55745.14363046956,
      "p25": 56425.98416570946,
      "p50": 57350.53155335191,
      "p75": 58456.827978096866,
      "p90": 59842.29653518403,
      "p95": 60710.44219606026,
      "p99": 63279.5303555786
    }
  },
  "details": {
    "DNSDialup": {
      "average": 0.0007543256400000001,
      "fastest": 0.000091628,
      "slowest": 0.001604452
    },
    "DNSLookup": {
      "average": 0.000008310040000000003,
      "fastest": 0.000002704,
      "slowest": 0.00017947
    }
  },
  "statusCodeDistribution": {
    "200": 573678
  },
  "errorDistribution": {}
}