{
  "summary": {
    "successRate": 1,
    "total": 10.000710396,
    "slowest": 0.00442792,
    "fastest": 0.000103136,
    "average": 0.0008582707840774652,
    "requestsPerSec": 58139.8697669077,
    "totalData": 7558720,
    "sizePerRequest": 13,
    "sizePerSec": 755818.3069698001
  },
  "responseTimeHistogram": {
    "0.000103136": 1,
    "0.0005356144": 25956,
    "0.0009680928": 437633,
    "0.0014005712": 116870,
    "0.0018330496": 808,
    "0.002265528": 111,
    "0.0026980064000000003": 13,
    "0.0031304848": 7,
    "0.0035629632000000002": 7,
    "0.0039954416": 18,
    "0.00442792": 16
  },
  "latencyPercentiles": {
    "p10": 0.000613683,
    "p25": 0.000790774,
    "p50": 0.0008823,
    "p75": 0.000953884,
    "p90": 0.001015345,
    "p95": 0.00106906,
    "p99": 0.001194121
  },
  "rps": {
    "mean": 58139.22634200399,
    "stddev": 5374.715195246106,
    "max": 79825.63999556631,
    "percentiles": {
      "p10": 53900.45967674555,
      "p25": 55012.98306400355,
      "p50": 56439.46247215851,
      "p75": 60413.28488134054,
      "p90": 65801.97405922288,
      "p95": 69161.5676274991,
      "p99": 74832.33505197446
    }
  },
  "details": {
    "DNSDialup": {
      "average": 0.0007703760600000002,
      "fastest": 0.000097667,
      "slowest": 0.00104508
    },
    "DNSLookup": {
      "average": 0.000006717000000000001,
      "fastest": 0.000003326,
      "slowest": 0.000025538
    }
  },
  "statusCodeDistribution": {
    "200": 581440
  },
  "errorDistribution": {}
}