{
  "summary": {
    "successRate": 1,
    "total": 10.000743429,
    "slowest": 0.00614648,
    "fastest": 0.000096909,
    "average": 0.00087022839545655,
    "requestsPerSec": 57344.13687056705,
    "totalData": 7455292,
    "sizePerRequest": 13,
    "sizePerSec": 745473.7793173715
  },
  "responseTimeHistogram": {
    "0.000096909": 1,
    "0.0007018661": 84694,
    "0.0013068232": 486558,
    "0.0019117803": 2124,
    "0.0025167374": 6,
    "0.0031216945": 6,
    "0.0037266516": 21,
    "0.0043316087": 21,
    "0.0049365658": 3,
    "0.0055415229": 0,
    "0.00614648": 50
  },
  "latencyPercentiles": {
    "p10": 0.000616873,
    "p25": 0.000803435,
    "p50": 0.000896838,
    "p75": 0.000970374,
    "p90": 0.00102741,
    "p95": 0.00107362,
    "p99": 0.001184312
  },
  "rps": {
    "mean": 57343.659538960914,
    "stddev": 5703.187790690088,
    "max": 91952.35767246016,
    "percentiles": {
      "p10": 53070.55624311408,
      "p25": 54178.00182499566,
      "p50": 55718.7772279267,
      "p75": 59138.179608764156,
      "p90": 64650.847891872254,
      "p95": 68746.91215126122,
      "p99": 75712.40926387784
    }
  },
  "details": {
    "DNSDialup": {
      "average": 0.0007632897400000002,
      "fastest": 0.000084916,
      "slowest": 0.00104345
    },
    "DNSLookup": {
      "average": 0.0000065633,
      "fastest": 0.000002655,
      "slowest": 0.000030537
    }
  },
  "statusCodeDistribution": {
    "200": 573484
  },
  "errorDistribution": {}
}