{
  "summary": {
    "successRate": 1,
    "total": 10.000921261,
    "slowest": 0.004873977,
    "fastest": 0.000082027,
    "average": 0.0008542520092598962,
    "requestsPerSec": 58418.51812975692,
    "totalData": 7595107,
    "sizePerRequest": 13,
    "sizePerSec": 759440.73568684
  },
  "responseTimeHistogram": {
    "0.000082027": 1,
    "0.000561222": 35293,
    "0.0010404169999999999": 516361,
    "0.0015196119999999998": 32271,
    "0.001998807": 218,
    "0.002478002": 45,
    "0.002957197": 0,
    "0.003436392": 0,
    "0.003915587": 8,
    "0.004394782": 25,
    "0.004873977": 17
  },
  "latencyPercentiles": {
    "p10": 0.000628799,
    "p25": 0.000793109,
    "p50": 0.000876624,
    "p75": 0.000943932,
    "p90": 0.000999275,
    "p95": 0.001048387,
    "p99": 0.001168143
  },
  "rps": {
    "mean": 58418.69196611258,
    "stddev": 5376.632734815906,
    "max": 85639.56218081099,
    "percentiles": {
      "p10": 54808.18145848449,
      "p25": 55584.25067413448,
      "p50": 56808.81672835659,
      "p75": 59489.76043784344,
      "p90": 65408.58427517074,
      "p95": 69215.49734985859,
      "p99": 78521.60129251918
    }
  },
  "details": {
    "DNSDialup": {
      "average": 0.00068764792,
      "fastest": 0.000077961,
      "slowest": 0.001128111
    },
    "DNSLookup": {
      "average": 0.00000669606,
      "fastest": 0.000003777,
      "slowest": 0.000033753
    }
  },
  "statusCodeDistribution": {
    "200": 584239
  },
  "errorDistribution": {}
}