{
  "summary": {
    "successRate": 1,
    "total": 10.000813095,
    "slowest": 0.004265778,
    "fastest": 0.000162336,
    "average": 0.0008702631040279394,
    "requestsPerSec": 57342.43751507687,
    "totalData": 7455123,
    "sizePerRequest": 13,
    "sizePerSec": 745451.6876959993
  },
  "responseTimeHistogram": {
    "0.000162336": 1,
    "0.0005726802": 25857,
    "0.0009830244": 454245,
    "0.0013933685999999996": 92788,
    "0.0018037127999999997": 395,
    "0.0022140569999999997": 111,
    "0.0026244011999999994": 26,
    "0.0030347453999999994": 11,
    "0.0034450895999999995": 8,
    "0.0038554337999999995": 18,
    "0.004265778": 11
  },
  "latencyPercentiles": {
    "p10": 0.000675516,
    "p25": 0.000806485,
    "p50": 0.000887274,
    "p75": 0.000954118,
    "p90": 0.001018699,
    "p95": 0.001071158,
    "p99": 0.001174248
  },
  "rps": {
    "mean": 57341.49580608258,
    "stddev": 4850.814120158503,
    "max": 80145.17783674208,
    "percentiles": {
      "p10": 54049.1975468819,
      "p25": 54923.35340987156,
      "p50": 55925.51881423651,
      "p75": 57727.0913239554,
      "p90": 64201.46399369563,
      "p95": 68316.29903140751,
      "p99": 74043.65208941596
    }
  },
  "details": {
    "DNSDialup": {
      "average": 0.0007950057799999998,
      "fastest": 0.00017068,
      "slowest": 0.001747326
    },
    "DNSLookup": {
      "average": 0.0000071113800000000005,
      "fastest": 0.000003597,
      "slowest": 0.00003187
    }
  },
  "statusCodeDistribution": {
    "200": 573471
  },
  "errorDistribution": {}
}