{
  "summary": {
    "successRate": 1,
    "total": 10.000642548,
    "slowest": 0.006506494,
    "fastest": 0.000093687,
    "average": 0.0008655628545753585,
    "requestsPerSec": 57656.39529985128,
    "totalData": 7495813,
    "sizePerRequest": 13,
    "sizePerSec": 749533.1388980667
  },
  "responseTimeHistogram": {
    "0.000093687": 1,
    "0.0007349676999999999": 111578,
    "0.0013762484": 463440,
    "0.0020175290999999997": 1458,
    "0.0026588097999999997": 27,
    "0.0033000904999999996": 3,
    "0.0039413712": 29,
    "0.0045826519": 14,
    "0.0052239326": 1,
    "0.0058652133": 0,
    "0.006506494": 50
  },
  "latencyPercentiles": {
    "p10": 0.000582237,
    "p25": 0.000790765,
    "p50": 0.000896163,
    "p75": 0.000973878,
    "p90": 0.001035132,
    "p95": 0.00108442,
    "p99": 0.001208275
  },
  "rps": {
    "mean": 57655.16031672497,
    "stddev": 6383.786284316326,
    "max": 87449.56356449076,
    "percentiles": {
      "p10": 52789.521704684885,
      "p25": 53924.564271882045,
      "p50": 55408.98607276996,
      "p75": 59871.900164907864,
      "p90": 66845.04018807833,
      "p95": 71739.15402456876,
      "p99": 77005.68301939992
    }
  },
  "details": {
    "DNSDialup": {
      "average": 0.0008326665600000001,
      "fastest": 0.000098241,
      "slowest": 0.001484478
    },
    "DNSLookup": {
      "average": 0.0000072912399999999975,
      "fastest": 0.000003546,
      "slowest": 0.000038532
    }
  },
  "statusCodeDistribution": {
    "200": 576601
  },
  "errorDistribution": {}
}