{
  "summary": {
    "successRate": 1,
    "total": 10.000452542,
    "slowest": 0.003883741,
    "fastest": 0.000132877,
    "average": 0.0008024058976213998,
    "requestsPerSec": 62202.58507177464,
    "totalData": 8086702,
    "sizePerRequest": 13,
    "sizePerSec": 808633.6059330704
  },
  "responseTimeHistogram": {
    "0.000132877": 1,
    "0.0005079634": 22955,
    "0.0008830498": 357268,
    "0.0012581362": 240623,
    "0.0016332226": 975,
    "0.002008309": 97,
    "0.0023833954": 60,
    "0.0027584818": 25,
    "0.0031335682": 9,
    "0.0035086545999999997": 20,
    "0.0038837409999999996": 21
  },
  "latencyPercentiles": {
    "p10": 0.00053909,
    "p25": 0.000644575,
    "p50": 0.000842593,
    "p75": 0.000927978,
    "p90": 0.000987238,
    "p95": 0.001032975,
    "p99": 0.001130877
  },
  "rps": {
    "mean": 62195.76661504336,
    "stddev": 9272.639211029242,
    "max": 92174.245873099,
    "percentiles": {
      "p10": 54744.99199052997,
      "p25": 55840.5178797745,
      "p50": 57654.92207877048,
      "p75": 67671.10639251783,
      "p90": 77522.0541719677,
      "p95": 82118.41916141931,
      "p99": 86790.43563393009
    }
  },
  "details": {
    "DNSDialup": {
      "average": 0.0007752115400000002,
      "fastest": 0.000074568,
      "slowest": 0.001381708
    },
    "DNSLookup": {
      "average": 0.000006644900000000001,
      "fastest": 0.000003056,
      "slowest": 0.000035937
    }
  },
  "statusCodeDistribution": {
    "200": 622054
  },
  "errorDistribution": {}
}