{
  "summary": {
    "successRate": 1,
    "total": 10.000703308,
    "slowest": 0.004363014,
    "fastest": 0.000086279,
    "average": 0.0008454627444171683,
    "requestsPerSec": 59029.54840463706,
    "totalData": 7674381,
    "sizePerRequest": 13,
    "sizePerSec": 767384.1292602818
  },
  "responseTimeHistogram": {
    "0.000086279": 1,
    "0.0005139525": 15272,
    "0.000941626": 446384,
    "0.0013692995": 127763,
    "0.001796973": 764,
    "0.0022246465": 95,
    "0.0026523199999999997": 10,
    "0.0030799935": 10,
    "0.003507667": 1,
    "0.0039353405000000004": 21,
    "0.004363014": 16
  },
  "latencyPercentiles": {
    "p10": 0.000627799,
    "p25": 0.000784356,
    "p50": 0.000866433,
    "p75": 0.000932927,
    "p90": 0.000989031,
    "p95": 0.001038877,
    "p99": 0.001155795
  },
  "rps": {
    "mean": 59029.076914525016,
    "stddev": 4932.742972411983,
    "max": 88485.78024389294,
    "percentiles": {
      "p10": 55225.94591251229,
      "p25": 56402.764399016654,
      "p50": 57630.53265620017,
      "p75": 60471.74580526154,
      "p90": 65224.03505691862,
      "p95": 68441.31802368865,
      "p99": 75477.86296343476
    }
  },
  "details": {
    "DNSDialup": {
      "average": 0.0006933187399999999,
      "fastest": 0.000067948,
      "slowest": 0.00118421
    },
    "DNSLookup": {
      "average": 0.000006509919999999998,
      "fastest": 0.000003266,
      "slowest": 0.000029145
    }
  },
  "statusCodeDistribution": {
    "200": 590337
  },
  "errorDistribution": {}
}