{
  "summary": {
    "successRate": 1,
    "total": 10.000647606,
    "slowest": 0.34964282,
    "fastest": 0.001323187,
    "average": 0.007826520112512744,
    "requestsPerSec": 6381.086756992965,
    "totalData": 829595,
    "sizePerRequest": 13,
    "sizePerSec": 82954.12784090855
  },
  "responseTimeHistogram": {
    "0.001323187": 1,
    "0.03615515030000001": 63775,
    "0.07098711360000001": 7,
    "0.10581907690000002": 6,
    "0.14065104020000002": 5,
    "0.1754830035": 4,
    "0.21031496680000003": 4,
    "0.24514693010000005": 3,
    "0.27997889340000004": 4,
    "0.31481085670000003": 2,
    "0.34964282": 4
  },
  "latencyPercentiles": {
    "p10": 0.007002606,
    "p25": 0.007205854,
    "p50": 0.007388645,
    "p75": 0.007969385,
    "p90": 0.008996493,
    "p95": 0.009952385,
    "p99": 0.011491551
  },
  "rps": {
    "mean": 6379.282930695091,
    "stddev": 934.4680779814031,
    "max": 8397.451585909364,
    "percentiles": {
      "p10": 5115.594377901618,
      "p25": 5958.108839702622,
      "p50": 6711.479986517354,
      "p75": 6907.254689600286,
      "p90": 7032.555810613307,
      "p95": 7508.97998916892,
      "p99": 8201.845415218311
    }
  },
  "details": {
    "DNSDialup": {
      "average": 0.00070638426,
      "fastest": 0.00007487,
      "slowest": 0.001091014
    },
    "DNSLookup": {
      "average": 0.000006522179999999999,
      "fastest": 0.000003196,
      "slowest": 0.000033482
    }
  },
  "statusCodeDistribution": {
    "200": 63815
  },
  "errorDistribution": {}
}