{
  "summary": {
    "successRate": 1,
    "total": 10.000663267,
    "slowest": 0.355604174,
    "fastest": 0.001289422,
    "average": 0.007564641181089873,
    "requestsPerSec": 6602.362087110557,
    "totalData": 858364,
    "sizePerRequest": 13,
    "sizePerSec": 85830.70713243724
  },
  "responseTimeHistogram": {
    "0.001289422": 1,
    "0.0367208972": 65988,
    "0.0721523724": 7,
    "0.10758384759999999": 6,
    "0.1430153228": 5,
    "0.17844679800000002": 4,
    "0.2138782732": 4,
    "0.2493097484": 3,
    "0.2847412236": 4,
    "0.3201726988": 2,
    "0.355604174": 4
  },
  "latencyPercentiles": {
    "p10": 0.006281783,
    "p25": 0.007167108,
    "p50": 0.007326736,
    "p75": 0.007521393,
    "p90": 0.008721059,
    "p95": 0.009741287,
    "p99": 0.011196208
  },
  "rps": {
    "mean": 6601.123323291518,
    "stddev": 964.9213503934368,
    "max": 8508.689925020164,
    "percentiles": {
      "p10": 5222.629654292047,
      "p25": 6556.478819849953,
      "p50": 6791.983837106258,
      "p75": 6942.6284328406055,
      "p90": 7546.764279534449,
      "p95": 8073.0815709209855,
      "p99": 8423.439906226706
    }
  },
  "details": {
    "DNSDialup": {
      "average": 0.00048707067999999987,
      "fastest": 0.000070402,
      "slowest": 0.000834959
    },
    "DNSLookup": {
      "average": 0.000006577839999999999,
      "fastest": 0.000003196,
      "slowest": 0.000035536
    }
  },
  "statusCodeDistribution": {
    "200": 66028
  },
  "errorDistribution": {}
}