{
  "summary": {
    "successRate": 1,
    "total": 10.000635694,
    "slowest": 0.345620105,
    "fastest": 0.001325923,
    "average": 0.007449011842831353,
    "requestsPerSec": 6704.473800623179,
    "totalData": 871637,
    "sizePerRequest": 13,
    "sizePerSec": 87158.15940810133
  },
  "responseTimeHistogram": {
    "0.001325923": 1,
    "0.0357553412": 67009,
    "0.0701847594": 7,
    "0.1046141776": 6,
    "0.1390435958": 5,
    "0.173473014": 4,
    "0.2079024322": 4,
    "0.2423318504": 3,
    "0.2767612686": 4,
    "0.3111906868": 3,
    "0.345620105": 3
  },
  "latencyPercentiles": {
    "p10": 0.006210721,
    "p25": 0.007111063,
    "p50": 0.007209849,
    "p75": 0.007398119,
    "p90": 0.008487341,
    "p95": 0.009515301,
    "p99": 0.011293279
  },
  "rps": {
    "mean": 6702.3827664367755,
    "stddev": 945.5777273261599,
    "max": 8475.775124770242,
    "percentiles": {
      "p10": 5435.563259739618,
      "p25": 6652.516964674443,
      "p50": 6905.116000445001,
      "p75": 7002.651873818416,
      "p90": 7647.250833449889,
      "p95": 8167.009496215286,
      "p99": 8405.778314307367
    }
  },
  "details": {
    "DNSDialup": {
      "average": 0.00072668414,
      "fastest": 0.000072684,
      "slowest": 0.001458253
    },
    "DNSLookup": {
      "average": 0.000006746940000000002,
      "fastest": 0.000003186,
      "slowest": 0.000031169
    }
  },
  "statusCodeDistribution": {
    "200": 67049
  },
  "errorDistribution": {}
}