{
  "summary": {
    "successRate": 1,
    "total": 10.000704411,
    "slowest": 0.351685997,
    "fastest": 0.001338139,
    "average": 0.007554703453676459,
    "requestsPerSec": 6610.634339645419,
    "totalData": 859443,
    "sizePerRequest": 13,
    "sizePerSec": 85938.24641539043
  },
  "responseTimeHistogram": {
    "0.001338139": 1,
    "0.0363729248": 66071,
    "0.0714077106": 7,
    "0.10644249639999999": 6,
    "0.14147728219999997": 4,
    "0.17651206799999997": 5,
    "0.21154685379999996": 4,
    "0.24658163959999996": 3,
    "0.2816164254": 4,
    "0.31665121119999995": 2,
    "0.351685997": 4
  },
  "latencyPercentiles": {
    "p10": 0.006383861,
    "p25": 0.007158191,
    "p50": 0.007288966,
    "p75": 0.007462633,
    "p90": 0.008700865,
    "p95": 0.00972588,
    "p99": 0.011487375
  },
  "rps": {
    "mean": 6608.997752265762,
    "stddev": 929.2245214862414,
    "max": 8343.116391198088,
    "percentiles": {
      "p10": 5237.960020061597,
      "p25": 6598.660532822406,
      "p50": 6829.547353670983,
      "p75": 6949.135950478154,
      "p90": 7413.489585649938,
      "p95": 7968.300285901471,
      "p99": 8251.78241015839
    }
  },
  "details": {
    "DNSDialup": {
      "average": 0.0008999358799999999,
      "fastest": 0.000120987,
      "slowest": 0.001404204
    },
    "DNSLookup": {
      "average": 0.0000073792000000000004,
      "fastest": 0.000003717,
      "slowest": 0.000032841
    }
  },
  "statusCodeDistribution": {
    "200": 66111
  },
  "errorDistribution": {}
}