{
  "summary": {
    "successRate": 1,
    "total": 10.000522367,
    "slowest": 0.362345801,
    "fastest": 0.001357064,
    "average": 0.007797075150328612,
    "requestsPerSec": 6404.9654257425445,
    "totalData": 832689,
    "sizePerRequest": 13,
    "sizePerSec": 83264.55053465308
  },
  "responseTimeHistogram": {
    "0.001357064": 1,
    "0.0374559377": 64013,
    "0.0735548114": 7,
    "0.1096536851": 6,
    "0.1457525588": 5,
    "0.1818514325": 4,
    "0.21795030619999997": 4,
    "0.25404917990000003": 3,
    "0.2901480536": 4,
    "0.3262469273": 3,
    "0.362345801": 3
  },
  "latencyPercentiles": {
    "p10": 0.006359,
    "p25": 0.007375139,
    "p50": 0.007573701,
    "p75": 0.007755147,
    "p90": 0.009116224,
    "p95": 0.010195309,
    "p99": 0.011892239
  },
  "rps": {
    "mean": 6404.115658665169,
    "stddev": 961.2598808178433,
    "max": 8291.082516088847,
    "percentiles": {
      "p10": 5035.916154010503,
      "p25": 6351.056780564782,
      "p50": 6573.245011842561,
      "p75": 6719.178551339225,
      "p90": 7453.152154590467,
      "p95": 7924.442944261525,
      "p99": 8125.803488979219
    }
  },
  "details": {
    "DNSDialup": {
      "average": 0.00077012678,
      "fastest": 0.00009638,
      "slowest": 0.001721207
    },
    "DNSLookup": {
      "average": 0.000007729720000000003,
      "fastest": 0.000003106,
      "slowest": 0.000038953
    }
  },
  "statusCodeDistribution": {
    "200": 64053
  },
  "errorDistribution": {}
}