{
  "summary": {
    "successRate": 1,
    "total": 10.000690978,
    "slowest": 0.354356871,
    "fastest": 0.001304288,
    "average": 0.007813574066297294,
    "requestsPerSec": 6390.458433381262,
    "totalData": 830817,
    "sizePerRequest": 13,
    "sizePerSec": 83075.9596339564
  },
  "responseTimeHistogram": {
    "0.001304288": 1,
    "0.036609546300000004": 63869,
    "0.0719148046": 7,
    "0.10722006290000001": 6,
    "0.1425253212": 5,
    "0.1778305795": 4,
    "0.2131358378": 3,
    "0.2484410961": 4,
    "0.2837463544": 3,
    "0.3190516127": 3,
    "0.354356871": 4
  },
  "latencyPercentiles": {
    "p10": 0.006913563,
    "p25": 0.00727837,
    "p50": 0.007486665,
    "p75": 0.007934171,
    "p90": 0.008934762,
    "p95": 0.009897676,
    "p99": 0.011253329
  },
  "rps": {
    "mean": 6385.956518769487,
    "stddev": 915.8860763340957,
    "max": 8416.936559745334,
    "percentiles": {
      "p10": 5127.0616568377,
      "p25": 6181.583300077747,
      "p50": 6607.529279613984,
      "p75": 6838.513138292343,
      "p90": 7001.909288742272,
      "p95": 7702.588069591553,
      "p99": 8158.936896566441
    }
  },
  "details": {
    "DNSDialup": {
      "average": 0.0006822258600000002,
      "fastest": 0.000084357,
      "slowest": 0.001465859
    },
    "DNSLookup": {
      "average": 0.00000689344,
      "fastest": 0.000003436,
      "slowest": 0.000030647
    }
  },
  "statusCodeDistribution": {
    "200": 63909
  },
  "errorDistribution": {}
}