{
  "summary": {
    "successRate": 1,
    "total": 10.000667727,
    "slowest": 0.346427768,
    "fastest": 0.001322583,
    "average": 0.0077074850237808315,
    "requestsPerSec": 6479.567341793757,
    "totalData": 842400,
    "sizePerRequest": 13,
    "sizePerSec": 84234.37544331884
  },
  "responseTimeHistogram": {
    "0.001322583": 1,
    "0.035833101500000006": 64760,
    "0.07034362000000001": 7,
    "0.10485413850000001": 6,
    "0.139364657": 5,
    "0.1738751755": 4,
    "0.208385694": 4,
    "0.2428962125": 3,
    "0.277406731": 4,
    "0.3119172495": 2,
    "0.346427768": 4
  },
  "latencyPercentiles": {
    "p10": 0.006706643,
    "p25": 0.007205308,
    "p50": 0.007391628,
    "p75": 0.00785042,
    "p90": 0.008768273,
    "p95": 0.009653262,
    "p99": 0.011226214
  },
  "rps": {
    "mean": 6478.098937167327,
    "stddev": 889.1599860833128,
    "max": 8426.80144198632,
    "percentiles": {
      "p10": 5270.744993451104,
      "p25": 6263.755636748794,
      "p50": 6712.330551222621,
      "p75": 6901.614287581948,
      "p90": 7123.018747383865,
      "p95": 7779.858693517239,
      "p99": 8208.655206049618
    }
  },
  "details": {
    "DNSDialup": {
      "average": 0.00070639566,
      "fastest": 0.000067307,
      "slowest": 0.001625659
    },
    "DNSLookup": {
      "average": 0.000007266219999999999,
      "fastest": 0.000003366,
      "slowest": 0.00003725
    }
  },
  "statusCodeDistribution": {
    "200": 64800
  },
  "errorDistribution": {}
}