{
  "summary": {
    "successRate": 1,
    "total": 10.000565788,
    "slowest": 0.356760007,
    "fastest": 0.001349903,
    "average": 0.007917807331594579,
    "requestsPerSec": 6307.043155066738,
    "totalData": 819962,
    "sizePerRequest": 13,
    "sizePerSec": 81991.5610158676
  },
  "responseTimeHistogram": {
    "0.001349903": 1,
    "0.0368909134": 63034,
    "0.0724319238": 8,
    "0.10797293420000001": 5,
    "0.14351394460000003": 5,
    "0.17905495500000004": 4,
    "0.21459596540000003": 4,
    "0.2501369758": 4,
    "0.2856779862": 3,
    "0.32121899660000003": 3,
    "0.35676000700000005": 3
  },
  "latencyPercentiles": {
    "p10": 0.006794488,
    "p25": 0.007326447,
    "p50": 0.007552879,
    "p75": 0.008006922,
    "p90": 0.009167942,
    "p95": 0.010406528,
    "p99": 0.012030182
  },
  "rps": {
    "mean": 6305.25375582459,
    "stddev": 949.523609253237,
    "max": 8318.96224253539,
    "percentiles": {
      "p10": 4853.622824970388,
      "p25": 6084.549068491091,
      "p50": 6565.135333699625,
      "p75": 6773.296996924532,
      "p90": 7078.124086795529,
      "p95": 7625.227302006132,
      "p99": 8075.917664000797
    }
  },
  "details": {
    "DNSDialup": {
      "average": 0.0007361471199999999,
      "fastest": 0.000099052,
      "slowest": 0.001314727
    },
    "DNSLookup": {
      "average": 0.000007068999999999998,
      "fastest": 0.000003106,
      "slowest": 0.000034244
    }
  },
  "statusCodeDistribution": {
    "200": 63074
  },
  "errorDistribution": {}
}