{
  "summary": {
    "successRate": 1,
    "total": 10.000637232,
    "slowest": 0.356951996,
    "fastest": 0.00128098,
    "average": 0.007791431355976144,
    "requestsPerSec": 6409.291579430826,
    "totalData": 833261,
    "sizePerRequest": 13,
    "sizePerSec": 83320.79053260073
  },
  "responseTimeHistogram": {
    "0.00128098": 1,
    "0.0368480816": 64057,
    "0.0724151832": 7,
    "0.1079822848": 6,
    "0.14354938639999998": 5,
    "0.17911648799999996": 4,
    "0.21468358959999997": 4,
    "0.2502506912": 4,
    "0.28581779279999997": 3,
    "0.32138489439999995": 3,
    "0.35695199599999994": 3
  },
  "latencyPercentiles": {
    "p10": 0.006570244,
    "p25": 0.007330687,
    "p50": 0.007486526,
    "p75": 0.007744744,
    "p90": 0.009131898,
    "p95": 0.009912563,
    "p99": 0.011934434
  },
  "rps": {
    "mean": 6408.2587321211895,
    "stddev": 946.0028264554368,
    "max": 8371.524743253569,
    "percentiles": {
      "p10": 5212.626022752403,
      "p25": 6288.681094185322,
      "p50": 6622.299268326311,
      "p75": 6783.513874361502,
      "p90": 7208.395618376238,
      "p95": 7971.325829254848,
      "p99": 8224.041340049373
    }
  },
  "details": {
    "DNSDialup": {
      "average": 0.00082073852,
      "fastest": 0.000093112,
      "slowest": 0.00165906
    },
    "DNSLookup": {
      "average": 0.000009669720000000001,
      "fastest": 0.000003036,
      "slowest": 0.000173611
    }
  },
  "statusCodeDistribution": {
    "200": 64097
  },
  "errorDistribution": {}
}