{
  "summary": {
    "successRate": 1,
    "total": 10.000628896,
    "slowest": 0.351719702,
    "fastest": 0.001283652,
    "average": 0.0075686600134872535,
    "requestsPerSec": 6598.385030204804,
    "totalData": 857844,
    "sizePerRequest": 13,
    "sizePerSec": 85779.00539266245
  },
  "responseTimeHistogram": {
    "0.001283652": 1,
    "0.036327257": 65948,
    "0.071370862": 7,
    "0.10641446699999998": 6,
    "0.141458072": 5,
    "0.176501677": 4,
    "0.21154528199999997": 4,
    "0.24658888699999998": 4,
    "0.281632492": 3,
    "0.316676097": 3,
    "0.351719702": 3
  },
  "latencyPercentiles": {
    "p10": 0.006335375,
    "p25": 0.007197734,
    "p50": 0.007318722,
    "p75": 0.007528851,
    "p90": 0.008681955,
    "p95": 0.009594917,
    "p99": 0.011284299
  },
  "rps": {
    "mean": 6595.606878016046,
    "stddev": 934.3146792612898,
    "max": 8506.8429044324,
    "percentiles": {
      "p10": 5314.691934383164,
      "p25": 6548.310158192018,
      "p50": 6805.500205265979,
      "p75": 6918.963495147191,
      "p90": 7415.980696803666,
      "p95": 8048.710797747341,
      "p99": 8383.279498538852
    }
  },
  "details": {
    "DNSDialup": {
      "average": 0.0005077799799999999,
      "fastest": 0.000076744,
      "slowest": 0.000863964
    },
    "DNSLookup": {
      "average": 0.00000644726,
      "fastest": 0.000003166,
      "slowest": 0.000028263
    }
  },
  "statusCodeDistribution": {
    "200": 65988
  },
  "errorDistribution": {}
}