{
  "summary": {
    "successRate": 1,
    "total": 10.000586333,
    "slowest": 0.354571985,
    "fastest": 0.001307275,
    "average": 0.007783249730325686,
    "requestsPerSec": 6416.62377217338,
    "totalData": 834210,
    "sizePerRequest": 13,
    "sizePerSec": 83416.10903825393
  },
  "responseTimeHistogram": {
    "0.001307275": 1,
    "0.036633745999999995": 64130,
    "0.07196021699999999": 7,
    "0.10728668799999999": 6,
    "0.142613159": 4,
    "0.17793963": 5,
    "0.21326610099999999": 4,
    "0.24859257199999998": 4,
    "0.283919043": 3,
    "0.31924551399999995": 3,
    "0.354571985": 3
  },
  "latencyPercentiles": {
    "p10": 0.006679622,
    "p25": 0.007222932,
    "p50": 0.007404371,
    "p75": 0.007954653,
    "p90": 0.008972038,
    "p95": 0.009901841,
    "p99": 0.0116504
  },
  "rps": {
    "mean": 6415.432735760409,
    "stddev": 962.3237307305423,
    "max": 8493.016364525107,
    "percentiles": {
      "p10": 5125.021379377656,
      "p25": 6140.137464592208,
      "p50": 6693.124113034351,
      "p75": 6894.175121578042,
      "p90": 7100.317384186998,
      "p95": 7971.612180865545,
      "p99": 8389.943550841761
    }
  },
  "details": {
    "DNSDialup": {
      "average": 0.0007227928200000001,
      "fastest": 0.000071563,
      "slowest": 0.001645872
    },
    "DNSLookup": {
      "average": 0.000008145980000000003,
      "fastest": 0.000003437,
      "slowest": 0.000054932
    }
  },
  "statusCodeDistribution": {
    "200": 64170
  },
  "errorDistribution": {}
}