{
  "summary": {
    "successRate": 1,
    "total": 10.000604296,
    "slowest": 0.358681519,
    "fastest": 0.001326847,
    "average": 0.00815303218162224,
    "requestsPerSec": 6124.429903150724,
    "totalData": 796224,
    "sizePerRequest": 13,
    "sizePerSec": 79617.58874095941
  },
  "responseTimeHistogram": {
    "0.001326847": 1,
    "0.037062314199999995": 61208,
    "0.0727977814": 7,
    "0.10853324859999999": 6,
    "0.14426871579999997": 5,
    "0.18000418299999996": 4,
    "0.21573965019999997": 4,
    "0.2514751174": 3,
    "0.2872105846": 4,
    "0.32294605179999997": 2,
    "0.35868151899999995": 4
  },
  "latencyPercentiles": {
    "p10": 0.006687354,
    "p25": 0.007620627,
    "p50": 0.007788451,
    "p75": 0.00820374,
    "p90": 0.009669968,
    "p95": 0.010541086,
    "p99": 0.012262557
  },
  "rps": {
    "mean": 6122.4538179475885,
    "stddev": 968.3772245663862,
    "max": 8322.506554474892,
    "percentiles": {
      "p10": 4806.7502318494335,
      "p25": 5847.69025308984,
      "p50": 6382.345015388488,
      "p75": 6516.0340048761245,
      "p90": 7013.068853808903,
      "p95": 7707.872445664461,
      "p99": 8175.26228209549
    }
  },
  "details": {
    "DNSDialup": {
      "average": 0.0005241004200000001,
      "fastest": 0.000074629,
      "slowest": 0.000814033
    },
    "DNSLookup": {
      "average": 0.00000679738,
      "fastest": 0.000003255,
      "slowest": 0.000026499
    }
  },
  "statusCodeDistribution": {
    "200": 61248
  },
  "errorDistribution": {}
}