{
  "summary": {
    "successRate": 1,
    "total": 10.000632186,
    "slowest": 0.35440732,
    "fastest": 0.001308165,
    "average": 0.0078037647555429844,
    "requestsPerSec": 6399.495432858028,
    "totalData": 831987,
    "sizePerRequest": 13,
    "sizePerSec": 83193.44062715436
  },
  "responseTimeHistogram": {
    "0.001308165": 1,
    "0.0366180805": 63959,
    "0.071927996": 7,
    "0.10723791149999999": 6,
    "0.142547827": 5,
    "0.1778577425": 4,
    "0.21316765799999998": 4,
    "0.24847757349999997": 3,
    "0.28378748899999995": 4,
    "0.3190974045": 2,
    "0.35440731999999997": 4
  },
  "latencyPercentiles": {
    "p10": 0.006975873,
    "p25": 0.007227225,
    "p50": 0.007398413,
    "p75": 0.007934785,
    "p90": 0.008944062,
    "p95": 0.009866788,
    "p99": 0.011641188
  },
  "rps": {
    "mean": 6396.9011214224365,
    "stddev": 913.1932241364827,
    "max": 8409.715744599727,
    "percentiles": {
      "p10": 5151.217005318828,
      "p25": 6122.5081768104,
      "p50": 6707.863791337242,
      "p75": 6890.652738360555,
      "p90": 7028.497746965721,
      "p95": 7551.664714141532,
      "p99": 8163.679146446604
    }
  },
  "details": {
    "DNSDialup": {
      "average": 0.00101134608,
      "fastest": 0.000128851,
      "slowest": 0.001829524
    },
    "DNSLookup": {
      "average": 0.00001092438,
      "fastest": 0.000003577,
      "slowest": 0.000154758
    }
  },
  "statusCodeDistribution": {
    "200": 63999
  },
  "errorDistribution": {}
}