{
  "summary": {
    "successRate": 1,
    "total": 10.000642893,
    "slowest": 0.35805051,
    "fastest": 0.001339921,
    "average": 0.007995453014376933,
    "requestsPerSec": 6245.698468417454,
    "totalData": 811993,
    "sizePerRequest": 13,
    "sizePerSec": 81194.0800894269
  },
  "responseTimeHistogram": {
    "0.001339921": 1,
    "0.0370109799": 62421,
    "0.07268203879999999": 7,
    "0.10835309769999998": 6,
    "0.14402415659999998": 4,
    "0.17969521549999998": 5,
    "0.21536627439999997": 3,
    "0.2510373333": 4,
    "0.2867083922": 4,
    "0.3223794511": 2,
    "0.35805051": 4
  },
  "latencyPercentiles": {
    "p10": 0.006429918,
    "p25": 0.007504864,
    "p50": 0.00772229,
    "p75": 0.008068418,
    "p90": 0.009385093,
    "p95": 0.010388119,
    "p99": 0.012179467
  },
  "rps": {
    "mean": 6245.152262752796,
    "stddev": 971.5535222232912,
    "max": 8167.639489669002,
    "percentiles": {
      "p10": 4848.5911256842455,
      "p25": 6068.409790408232,
      "p50": 6419.5327121832115,
      "p75": 6592.23927110518,
      "p90": 7328.475524497965,
      "p95": 7835.401125826551,
      "p99": 8062.758090145789
    }
  },
  "details": {
    "DNSDialup": {
      "average": 0.00052477254,
      "fastest": 0.00007472,
      "slowest": 0.000907696
    },
    "DNSLookup": {
      "average": 0.000007036579999999997,
      "fastest": 0.000003186,
      "slowest": 0.000060583
    }
  },
  "statusCodeDistribution": {
    "200": 62461
  },
  "errorDistribution": {}
}