{
  "summary": {
    "successRate": 1,
    "total": 10.000675634,
    "slowest": 0.362566152,
    "fastest": 0.001374668,
    "average": 0.007848836288861984,
    "requestsPerSec": 6362.470129885626,
    "totalData": 827177,
    "sizePerRequest": 13,
    "sizePerSec": 82712.11168851315
  },
  "responseTimeHistogram": {
    "0.001374668": 1,
    "0.0374938164": 63589,
    "0.07361296479999999": 7,
    "0.10973211319999998": 6,
    "0.14585126159999998": 5,
    "0.18197040999999997": 4,
    "0.21808955839999997": 4,
    "0.2542087068": 3,
    "0.2903278552": 4,
    "0.32644700359999995": 3,
    "0.362566152": 3
  },
  "latencyPercentiles": {
    "p10": 0.006389085,
    "p25": 0.007481394,
    "p50": 0.007634508,
    "p75": 0.007843726,
    "p90": 0.00901049,
    "p95": 0.010056835,
    "p99": 0.012053459
  },
  "rps": {
    "mean": 6361.302988254942,
    "stddev": 926.3560987747896,
    "max": 8134.381590669081,
    "percentiles": {
      "p10": 5057.915151652542,
      "p25": 6273.8437685400695,
      "p50": 6516.972803970621,
      "p75": 6633.356496478636,
      "p90": 7490.917262818664,
      "p95": 7843.672785703273,
      "p99": 8009.856127965135
    }
  },
  "details": {
    "DNSDialup": {
      "average": 0.0007923584400000001,
      "fastest": 0.000088094,
      "slowest": 0.001567143
    },
    "DNSLookup": {
      "average": 0.000006480839999999999,
      "fastest": 0.000003346,
      "slowest": 0.000031199
    }
  },
  "statusCodeDistribution": {
    "200": 63629
  },
  "errorDistribution": {}
}