{
  "summary": {
    "successRate": 1,
    "total": 10.000601972,
    "slowest": 0.362024414,
    "fastest": 0.001348314,
    "average": 0.007768245107191732,
    "requestsPerSec": 6429.212979380438,
    "totalData": 835848,
    "sizePerRequest": 13,
    "sizePerSec": 83579.76873194569
  },
  "responseTimeHistogram": {
    "0.001348314": 1,
    "0.037415924": 64256,
    "0.073483534": 7,
    "0.109551144": 5,
    "0.145618754": 5,
    "0.181686364": 5,
    "0.217753974": 3,
    "0.253821584": 4,
    "0.289889194": 4,
    "0.32595680400000004": 3,
    "0.362024414": 3
  },
  "latencyPercentiles": {
    "p10": 0.006321622,
    "p25": 0.007233106,
    "p50": 0.007577724,
    "p75": 0.007795575,
    "p90": 0.009059279,
    "p95": 0.010245135,
    "p99": 0.011521107
  },
  "rps": {
    "mean": 6426.773385618579,
    "stddev": 1016.6292027487717,
    "max": 8170.406846921901,
    "percentiles": {
      "p10": 4909.150656824187,
      "p25": 6299.4417272174405,
      "p50": 6565.577646086964,
      "p75": 6744.864817305745,
      "p90": 7753.556138314108,
      "p95": 7927.540274914721,
      "p99": 8064.771405062318
    }
  },
  "details": {
    "DNSDialup": {
      "average": 0.0008012062000000001,
      "fastest": 0.000171289,
      "slowest": 0.001098795
    },
    "DNSLookup": {
      "average": 0.000007762160000000002,
      "fastest": 0.000003647,
      "slowest": 0.000044203
    }
  },
  "statusCodeDistribution": {
    "200": 64296
  },
  "errorDistribution": {}
}