{
  "summary": {
    "successRate": 1,
    "total": 10.000747195,
    "slowest": 0.345315425,
    "fastest": 0.001326229,
    "average": 0.007719366967836663,
    "requestsPerSec": 6469.616593482943,
    "totalData": 841113,
    "sizePerRequest": 13,
    "sizePerSec": 84105.01571527826
  },
  "responseTimeHistogram": {
    "0.001326229": 1,
    "0.0357251486": 64661,
    "0.0701240682": 7,
    "0.10452298780000001": 6,
    "0.13892190740000002": 5,
    "0.173320827": 4,
    "0.20771974660000003": 4,
    "0.24211866620000003": 3,
    "0.2765175858": 4,
    "0.31091650540000004": 3,
    "0.345315425": 3
  },
  "latencyPercentiles": {
    "p10": 0.006976099,
    "p25": 0.0071395,
    "p50": 0.007273393,
    "p75": 0.007861981,
    "p90": 0.008920498,
    "p95": 0.009604866,
    "p99": 0.011276889
  },
  "rps": {
    "mean": 6467.606551282817,
    "stddev": 922.5763495044154,
    "max": 8494.308055182695,
    "percentiles": {
      "p10": 5267.4038060639305,
      "p25": 6073.848891750363,
      "p50": 6801.879359266971,
      "p75": 6985.611462719624,
      "p90": 7040.061469793774,
      "p95": 7635.778969517342,
      "p99": 8394.45355192102
    }
  },
  "details": {
    "DNSDialup": {
      "average": 0.0007888751400000002,
      "fastest": 0.000073487,
      "slowest": 0.001332611
    },
    "DNSLookup": {
      "average": 0.0000064767,
      "fastest": 0.000003266,
      "slowest": 0.000031769
    }
  },
  "statusCodeDistribution": {
    "200": 64701
  },
  "errorDistribution": {}
}