{
  "summary": {
    "successRate": 1,
    "total": 10.000656548,
    "slowest": 0.362931644,
    "fastest": 0.001339833,
    "average": 0.007731346369293686,
    "requestsPerSec": 6459.475904401392,
    "totalData": 839787,
    "sizePerRequest": 13,
    "sizePerSec": 83973.18675721809
  },
  "responseTimeHistogram": {
    "0.001339833": 1,
    "0.0374990141": 64559,
    "0.0736581952": 7,
    "0.1098173763": 6,
    "0.1459765574": 4,
    "0.1821357385": 5,
    "0.21829491960000003": 3,
    "0.2544541007": 4,
    "0.2906132818": 4,
    "0.3267724629": 2,
    "0.362931644": 4
  },
  "latencyPercentiles": {
    "p10": 0.006504232,
    "p25": 0.007309623,
    "p50": 0.007449275,
    "p75": 0.007644893,
    "p90": 0.009012153,
    "p95": 0.009970085,
    "p99": 0.011361275
  },
  "rps": {
    "mean": 6458.9268952618395,
    "stddev": 949.3280846167104,
    "max": 8287.10995630532,
    "percentiles": {
      "p10": 5055.225303303918,
      "p25": 6434.693292355011,
      "p50": 6686.239789427884,
      "p75": 6810.35923743622,
      "p90": 7382.386697303573,
      "p95": 7810.21145589635,
      "p99": 8101.875411992753
    }
  },
  "details": {
    "DNSDialup": {
      "average": 0.0005621546000000001,
      "fastest": 0.00008528,
      "slowest": 0.000929558
    },
    "DNSLookup": {
      "average": 0.000006308600000000001,
      "fastest": 0.000003246,
      "slowest": 0.000033152
    }
  },
  "statusCodeDistribution": {
    "200": 64599
  },
  "errorDistribution": {}
}