{
  "summary": {
    "successRate": 1,
    "total": 10.000323572,
    "slowest": 0.03315001,
    "fastest": 0.005955556,
    "average": 0.007892751694811816,
    "requestsPerSec": 6327.695253499144,
    "totalData": 822627,
    "sizePerRequest": 13,
    "sizePerSec": 82260.03829548888
  },
  "responseTimeHistogram": {
    "0.005955556": 1,
    "0.0086750014": 52642,
    "0.0113944468": 8720,
    "0.014113892200000002": 1608,
    "0.0168333376": 233,
    "0.019552783": 27,
    "0.022272228400000003": 15,
    "0.024991673800000003": 7,
    "0.027711119200000002": 9,
    "0.0304305646": 9,
    "0.03315001": 8
  },
  "latencyPercentiles": {
    "p10": 0.006369876,
    "p25": 0.00733453,
    "p50": 0.007561804,
    "p75": 0.008156849,
    "p90": 0.00924074,
    "p95": 0.010576986,
    "p99": 0.0130271
  },
  "rps": {
    "mean": 6328.818051877955,
    "stddev": 944.4902624550529,
    "max": 8036.312883395373,
    "percentiles": {
      "p10": 5006.677405655781,
      "p25": 6012.844036145704,
      "p50": 6500.782767641732,
      "p75": 6774.586846259758,
      "p90": 7586.150602082409,
      "p95": 7849.941326720535,
      "p99": 8004.829313524322
    }
  },
  "details": {
    "DNSDialup": {
      "average": 0.0007058081599999999,
      "fastest": 0.00008044,
      "slowest": 0.001447461
    },
    "DNSLookup": {
      "average": 0.00002364392,
      "fastest": 0.000002535,
      "slowest": 0.000923725
    }
  },
  "statusCodeDistribution": {
    "200": 63279
  },
  "errorDistribution": {}
}