{
  "summary": {
    "successRate": 1,
    "total": 10.000686348,
    "slowest": 0.352318475,
    "fastest": 0.001264431,
    "average": 0.007869196085218657,
    "requestsPerSec": 6346.76439109537,
    "totalData": 825136,
    "sizePerRequest": 13,
    "sizePerSec": 82507.9370842398
  },
  "responseTimeHistogram": {
    "0.001264431": 1,
    "0.0363698354": 63432,
    "0.07147523979999999": 8,
    "0.10658064419999999": 5,
    "0.1416860486": 5,
    "0.176791453": 4,
    "0.2118968574": 4,
    "0.2470022618": 4,
    "0.2821076662": 3,
    "0.3172130706": 3,
    "0.35231847499999996": 3
  },
  "latencyPercentiles": {
    "p10": 0.006666187,
    "p25": 0.007311515,
    "p50": 0.007536724,
    "p75": 0.00800258,
    "p90": 0.009109139,
    "p95": 0.010023668,
    "p99": 0.012013587
  },
  "rps": {
    "mean": 6343.739424720064,
    "stddev": 939.9370914617168,
    "max": 8515.012819101887,
    "percentiles": {
      "p10": 5043.859383656448,
      "p25": 6068.9180262133905,
      "p50": 6576.719404873571,
      "p75": 6803.210140397924,
      "p90": 7170.8248024084005,
      "p95": 7736.713801673727,
      "p99": 8197.724251024354
    }
  },
  "details": {
    "DNSDialup": {
      "average": 0.0008260103400000001,
      "fastest": 0.000095377,
      "slowest": 0.001098563
    },
    "DNSLookup": {
      "average": 0.000006421939999999999,
      "fastest": 0.000003396,
      "slowest": 0.000029635
    }
  },
  "statusCodeDistribution": {
    "200": 63472
  },
  "errorDistribution": {}
}