{
  "summary": {
    "successRate": 1,
    "total": 10.000627993,
    "slowest": 0.352564463,
    "fastest": 0.001301929,
    "average": 0.0076682295006141425,
    "requestsPerSec": 6513.190976165931,
    "totalData": 846768,
    "sizePerRequest": 13,
    "sizePerSec": 84671.48269015709
  },
  "responseTimeHistogram": {
    "0.001301929": 1,
    "0.0364281824": 65096,
    "0.0715544358": 7,
    "0.1066806892": 6,
    "0.1418069426": 5,
    "0.17693319600000001": 4,
    "0.21205944940000002": 3,
    "0.24718570280000002": 4,
    "0.2823119562": 3,
    "0.31743820959999997": 4,
    "0.352564463": 3
  },
  "latencyPercentiles": {
    "p10": 0.00666743,
    "p25": 0.007246092,
    "p50": 0.007388208,
    "p75": 0.007570236,
    "p90": 0.008855805,
    "p95": 0.009852022,
    "p99": 0.011026714
  },
  "rps": {
    "mean": 6512.41341719332,
    "stddev": 905.3805508285291,
    "max": 8316.25745169333,
    "percentiles": {
      "p10": 5242.616220675231,
      "p25": 6466.240164242084,
      "p50": 6741.247672131327,
      "p75": 6865.4711929372115,
      "p90": 7154.615472672192,
      "p95": 7821.55192696507,
      "p99": 8182.921636402736
    }
  },
  "details": {
    "DNSDialup": {
      "average": 0.0008413668400000002,
      "fastest": 0.000121547,
      "slowest": 0.001167637
    },
    "DNSLookup": {
      "average": 0.000007053300000000001,
      "fastest": 0.000003056,
      "slowest": 0.000029846
    }
  },
  "statusCodeDistribution": {
    "200": 65136
  },
  "errorDistribution": {}
}