{
  "summary": {
    "successRate": 1,
    "total": 10.003345141,
    "slowest": 0.359345721,
    "fastest": 0.001321075,
    "average": 0.007740184636431233,
    "requestsPerSec": 6451.641834838097,
    "totalData": 838994,
    "sizePerRequest": 13,
    "sizePerSec": 83871.34385289525
  },
  "responseTimeHistogram": {
    "0.001321075": 1,
    "0.0371235396": 64498,
    "0.0729260042": 7,
    "0.1087284688": 6,
    "0.1445309334": 4,
    "0.180333398": 5,
    "0.2161358626": 4,
    "0.2519383272": 3,
    "0.2877407918": 4,
    "0.32354325640000003": 3,
    "0.359345721": 3
  },
  "latencyPercentiles": {
    "p10": 0.006429945,
    "p25": 0.00712928,
    "p50": 0.00744201,
    "p75": 0.007878567,
    "p90": 0.008961725,
    "p95": 0.010126498,
    "p99": 0.011778914
  },
  "rps": {
    "mean": 6448.530314587769,
    "stddev": 1001.2405803528391,
    "max": 8461.58425637658,
    "percentiles": {
      "p10": 5044.206925070382,
      "p25": 6209.514839588807,
      "p50": 6615.665233706962,
      "p75": 6968.795249827167,
      "p90": 7519.29375584784,
      "p95": 7865.297701518119,
      "p99": 8329.847509596204
    }
  },
  "details": {
    "DNSDialup": {
      "average": 0.00075431946,
      "fastest": 0.00011736,
      "slowest": 0.001181055
    },
    "DNSLookup": {
      "average": 0.00000650628,
      "fastest": 0.000003216,
      "slowest": 0.000029836
    }
  },
  "statusCodeDistribution": {
    "200": 64538
  },
  "errorDistribution": {}
}