{
  "summary": {
    "successRate": 1,
    "total": 10.000614619,
    "slowest": 0.352579844,
    "fastest": 0.001319112,
    "average": 0.007712861903435971,
    "requestsPerSec": 6475.1020279266695,
    "totalData": 841815,
    "sizePerRequest": 13,
    "sizePerSec": 84176.32636304671
  },
  "responseTimeHistogram": {
    "0.001319112": 1,
    "0.036445185199999994": 64715,
    "0.07157125839999999": 7,
    "0.10669733159999999": 6,
    "0.1418234048": 5,
    "0.176949478": 4,
    "0.2120755512": 4,
    "0.2472016244": 3,
    "0.2823276976": 4,
    "0.3174537708": 3,
    "0.352579844": 3
  },
  "latencyPercentiles": {
    "p10": 0.006399564,
    "p25": 0.007196134,
    "p50": 0.00736597,
    "p75": 0.007888251,
    "p90": 0.008962418,
    "p95": 0.009614281,
    "p99": 0.011466129
  },
  "rps": {
    "mean": 6473.167594872373,
    "stddev": 948.5647214912102,
    "max": 8403.311745159046,
    "percentiles": {
      "p10": 5276.151218147458,
      "p25": 6218.7732326349405,
      "p50": 6730.366065614429,
      "p75": 6903.387197688601,
      "p90": 7277.080289845883,
      "p95": 8059.37421578456,
      "p99": 8336.518117614209
    }
  },
  "details": {
    "DNSDialup": {
      "average": 0.0006407825199999998,
      "fastest": 0.000084958,
      "slowest": 0.001011357
    },
    "DNSLookup": {
      "average": 0.0000066295,
      "fastest": 0.000003166,
      "slowest": 0.000033432
    }
  },
  "statusCodeDistribution": {
    "200": 64755
  },
  "errorDistribution": {}
}