{
  "summary": {
    "successRate": 1,
    "total": 10.000644864,
    "slowest": 0.356038775,
    "fastest": 0.001343515,
    "average": 0.007526581634996477,
    "requestsPerSec": 6635.672089395374,
    "totalData": 862693,
    "sizePerRequest": 13,
    "sizePerSec": 86263.73716213986
  },
  "responseTimeHistogram": {
    "0.001343515": 1,
    "0.03681304099999999": 66321,
    "0.07228256699999999": 7,
    "0.10775209299999998": 6,
    "0.14322161899999997": 5,
    "0.17869114499999997": 4,
    "0.21416067099999994": 4,
    "0.24963019699999994": 3,
    "0.28509972299999997": 4,
    "0.32056924899999995": 3,
    "0.356038775": 3
  },
  "latencyPercentiles": {
    "p10": 0.006303146,
    "p25": 0.007151221,
    "p50": 0.007290832,
    "p75": 0.007477199,
    "p90": 0.008617796,
    "p95": 0.009492204,
    "p99": 0.011535654
  },
  "rps": {
    "mean": 6633.843917190216,
    "stddev": 932.0965784025566,
    "max": 8460.30420232405,
    "percentiles": {
      "p10": 5476.512354099123,
      "p25": 6596.218377855955,
      "p50": 6828.133274718197,
      "p75": 6958.3471323748045,
      "p90": 7568.8737233329675,
      "p95": 8029.29488237842,
      "p99": 8275.477318430292
    }
  },
  "details": {
    "DNSDialup": {
      "average": 0.00071546554,
      "fastest": 0.000084053,
      "slowest": 0.001554185
    },
    "DNSLookup": {
      "average": 0.0000062781999999999995,
      "fastest": 0.000003547,
      "slowest": 0.000024205
    }
  },
  "statusCodeDistribution": {
    "200": 66361
  },
  "errorDistribution": {}
}