{
  "summary": {
    "successRate": 1,
    "total": 10.000665727,
    "slowest": 0.359300176,
    "fastest": 0.001314191,
    "average": 0.00794307953376385,
    "requestsPerSec": 6287.38143204214,
    "totalData": 817414,
    "sizePerRequest": 13,
    "sizePerSec": 81735.95861654781
  },
  "responseTimeHistogram": {
    "0.001314191": 1,
    "0.0371127895": 62838,
    "0.07291138800000001": 7,
    "0.10870998650000001": 6,
    "0.144508585": 5,
    "0.1803071835": 4,
    "0.216105782": 4,
    "0.2519043805": 4,
    "0.287702979": 3,
    "0.3235015775": 3,
    "0.359300176": 3
  },
  "latencyPercentiles": {
    "p10": 0.006893182,
    "p25": 0.007291253,
    "p50": 0.007489774,
    "p75": 0.008145675,
    "p90": 0.009171611,
    "p95": 0.010105772,
    "p99": 0.011896206
  },
  "rps": {
    "mean": 6286.444842000799,
    "stddev": 963.4951448717823,
    "max": 8337.498168098677,
    "percentiles": {
      "p10": 5012.818780184699,
      "p25": 5744.797355297157,
      "p50": 6604.315259590869,
      "p75": 6817.0104862662565,
      "p90": 7012.274936462599,
      "p95": 7697.911273064438,
      "p99": 8158.714186644047
    }
  },
  "details": {
    "DNSDialup": {
      "average": 0.0006062795200000001,
      "fastest": 0.000075561,
      "slowest": 0.001021826
    },
    "DNSLookup": {
      "average": 0.00000604522,
      "fastest": 0.000003086,
      "slowest": 0.000030186
    }
  },
  "statusCodeDistribution": {
    "200": 62878
  },
  "errorDistribution": {}
}