{
  "summary": {
    "successRate": 1,
    "total": 10.000626538,
    "slowest": 0.355649556,
    "fastest": 0.001312195,
    "average": 0.007772392886296718,
    "requestsPerSec": 6425.097443229811,
    "totalData": 835315,
    "sizePerRequest": 13,
    "sizePerSec": 83526.26676198754
  },
  "responseTimeHistogram": {
    "0.001312195": 1,
    "0.0367459311": 64215,
    "0.07217966719999999": 7,
    "0.10761340329999998": 6,
    "0.14304713939999997": 5,
    "0.17848087549999997": 4,
    "0.21391461159999994": 4,
    "0.24934834769999994": 3,
    "0.2847820838": 4,
    "0.3202158199": 3,
    "0.355649556": 3
  },
  "latencyPercentiles": {
    "p10": 0.006276463,
    "p25": 0.0072,
    "p50": 0.007630266,
    "p75": 0.007793068,
    "p90": 0.009011325,
    "p95": 0.010025602,
    "p99": 0.012468309
  },
  "rps": {
    "mean": 6423.47671007044,
    "stddev": 966.7667520055481,
    "max": 8325.128568069938,
    "percentiles": {
      "p10": 5087.790330939456,
      "p25": 6348.13025395961,
      "p50": 6522.3390111131375,
      "p75": 6812.479099214363,
      "p90": 7512.6129258407,
      "p95": 7914.412144514202,
      "p99": 8193.128008824424
    }
  },
  "details": {
    "DNSDialup": {
      "average": 0.0007849935600000001,
      "fastest": 0.000078095,
      "slowest": 0.001567492
    },
    "DNSLookup": {
      "average": 0.0000071998399999999995,
      "fastest": 0.000003095,
      "slowest": 0.000050093
    }
  },
  "statusCodeDistribution": {
    "200": 64255
  },
  "errorDistribution": {}
}