{
  "summary": {
    "successRate": 1,
    "total": 10.000715707,
    "slowest": 0.352902802,
    "fastest": 0.001331065,
    "average": 0.007510825272619248,
    "requestsPerSec": 6648.724146158753,
    "totalData": 864396,
    "sizePerRequest": 13,
    "sizePerSec": 86433.41390006378
  },
  "responseTimeHistogram": {
    "0.001331065": 1,
    "0.0364882387": 66452,
    "0.07164541240000001": 7,
    "0.10680258610000001": 6,
    "0.1419597598": 5,
    "0.1771169335": 4,
    "0.2122741072": 4,
    "0.24743128090000002": 4,
    "0.28258845460000004": 3,
    "0.3177456283": 3,
    "0.352902802": 3
  },
  "latencyPercentiles": {
    "p10": 0.006236489,
    "p25": 0.007128425,
    "p50": 0.007247848,
    "p75": 0.007464393,
    "p90": 0.008602293,
    "p95": 0.009561918,
    "p99": 0.011640213
  },
  "rps": {
    "mean": 6645.172672552896,
    "stddev": 957.3708932155582,
    "max": 8450.340367637951,
    "percentiles": {
      "p10": 5318.618355414993,
      "p25": 6578.230288055102,
      "p50": 6873.658815229933,
      "p75": 6990.401975467104,
      "p90": 7472.139018944515,
      "p95": 8146.427303846899,
      "p99": 8374.707414966273
    }
  },
  "details": {
    "DNSDialup": {
      "average": 0.00092313134,
      "fastest": 0.000103542,
      "slowest": 0.001381731
    },
    "DNSLookup": {
      "average": 0.000007576980000000002,
      "fastest": 0.000003807,
      "slowest": 0.000032901
    }
  },
  "statusCodeDistribution": {
    "200": 66492
  },
  "errorDistribution": {}
}