{
  "summary": {
    "successRate": 1,
    "total": 10.000719375,
    "slowest": 0.352832288,
    "fastest": 0.001278536,
    "average": 0.007646574188811866,
    "requestsPerSec": 6531.430145243927,
    "totalData": 849147,
    "sizePerRequest": 13,
    "sizePerSec": 84908.59188817105
  },
  "responseTimeHistogram": {
    "0.001278536": 1,
    "0.036433911199999995": 65279,
    "0.0715892864": 8,
    "0.10674466159999998": 5,
    "0.1419000368": 5,
    "0.177055412": 4,
    "0.21221078719999997": 4,
    "0.24736616239999998": 4,
    "0.2825215376": 3,
    "0.3176769128": 3,
    "0.352832288": 3
  },
  "latencyPercentiles": {
    "p10": 0.006298736,
    "p25": 0.007233672,
    "p50": 0.007404233,
    "p75": 0.007625947,
    "p90": 0.008952547,
    "p95": 0.009939747,
    "p99": 0.011408173
  },
  "rps": {
    "mean": 6528.846466109281,
    "stddev": 963.095753174032,
    "max": 8376.211800689198,
    "percentiles": {
      "p10": 5045.61997298578,
      "p25": 6436.866509244898,
      "p50": 6725.42682118299,
      "p75": 6874.317559705852,
      "p90": 7652.709567688444,
      "p95": 8005.9163721988225,
      "p99": 8164.1753164928
    }
  },
  "details": {
    "DNSDialup": {
      "average": 0.00078635156,
      "fastest": 0.000110758,
      "slowest": 0.001094398
    },
    "DNSLookup": {
      "average": 0.000006242839999999998,
      "fastest": 0.000003086,
      "slowest": 0.000029735
    }
  },
  "statusCodeDistribution": {
    "200": 65319
  },
  "errorDistribution": {}
}