{
  "summary": {
    "successRate": 1,
    "total": 10.000650939,
    "slowest": 0.349088118,
    "fastest": 0.001324021,
    "average": 0.007744700614945649,
    "requestsPerSec": 6448.280256289825,
    "totalData": 838331,
    "sizePerRequest": 13,
    "sizePerSec": 83827.64333176773
  },
  "responseTimeHistogram": {
    "0.001324021": 1,
    "0.0361004307": 64447,
    "0.07087684039999999": 7,
    "0.10565325009999998": 6,
    "0.1404296598": 4,
    "0.1752060695": 5,
    "0.2099824792": 4,
    "0.24475888889999997": 3,
    "0.2795352986": 4,
    "0.3143117083": 2,
    "0.349088118": 4
  },
  "latencyPercentiles": {
    "p10": 0.006816246,
    "p25": 0.007232625,
    "p50": 0.007469073,
    "p75": 0.007780885,
    "p90": 0.008857934,
    "p95": 0.009702503,
    "p99": 0.011200904
  },
  "rps": {
    "mean": 6445.836473190398,
    "stddev": 905.1581897038199,
    "max": 8345.080122823942,
    "percentiles": {
      "p10": 5265.472997439384,
      "p25": 6305.983747978575,
      "p50": 6623.419085201514,
      "p75": 6879.497408200076,
      "p90": 7027.094367753816,
      "p95": 7847.8925490697875,
      "p99": 8274.464387360995
    }
  },
  "details": {
    "DNSDialup": {
      "average": 0.0007004036200000001,
      "fastest": 0.000101319,
      "slowest": 0.0016228
    },
    "DNSLookup": {
      "average": 0.000006960620000000002,
      "fastest": 0.000003166,
      "slowest": 0.000039925
    }
  },
  "statusCodeDistribution": {
    "200": 64487
  },
  "errorDistribution": {}
}