{
  "summary": {
    "successRate": 1,
    "total": 10.000779678,
    "slowest": 0.34366801,
    "fastest": 0.001349918,
    "average": 0.0077402201698127246,
    "requestsPerSec": 6451.896959788218,
    "totalData": 838812,
    "sizePerRequest": 13,
    "sizePerSec": 83874.66047724684
  },
  "responseTimeHistogram": {
    "0.001349918": 1,
    "0.0355817272": 64484,
    "0.06981353640000001": 7,
    "0.10404534560000002": 6,
    "0.13827715480000002": 4,
    "0.17250896400000004": 5,
    "0.20674077320000003": 3,
    "0.24097258240000002": 4,
    "0.27520439160000004": 4,
    "0.30943620080000006": 2,
    "0.3436680100000001": 4
  },
  "latencyPercentiles": {
    "p10": 0.006604072,
    "p25": 0.007152506,
    "p50": 0.007332171,
    "p75": 0.007913676,
    "p90": 0.008915867,
    "p95": 0.009953233,
    "p99": 0.011442855
  },
  "rps": {
    "mean": 6450.815402615968,
    "stddev": 963.1299103735997,
    "max": 8436.284459460092,
    "percentiles": {
      "p10": 5147.63414734595,
      "p25": 6018.660857990512,
      "p50": 6744.210321923295,
      "p75": 6965.711738254202,
      "p90": 7204.449467991482,
      "p95": 7895.653473130923,
      "p99": 8336.031663261187
    }
  },
  "details": {
    "DNSDialup": {
      "average": 0.0007468191200000001,
      "fastest": 0.000072596,
      "slowest": 0.001222297
    },
    "DNSLookup": {
      "average": 0.000006338819999999999,
      "fastest": 0.000003366,
      "slowest": 0.000030808
    }
  },
  "statusCodeDistribution": {
    "200": 64524
  },
  "errorDistribution": {}
}