{
  "summary": {
    "successRate": 1,
    "total": 10.000648812,
    "slowest": 0.346934465,
    "fastest": 0.001324567,
    "average": 0.007697738182840901,
    "requestsPerSec": 6488.279032670425,
    "totalData": 843531,
    "sizePerRequest": 13,
    "sizePerSec": 84347.62742471554
  },
  "responseTimeHistogram": {
    "0.001324567": 1,
    "0.0358855568": 64847,
    "0.0704465466": 7,
    "0.10500753640000002": 6,
    "0.13956852620000001": 5,
    "0.174129516": 4,
    "0.20869050580000004": 4,
    "0.24325149560000003": 3,
    "0.27781248540000003": 4,
    "0.31237347520000003": 2,
    "0.346934465": 4
  },
  "latencyPercentiles": {
    "p10": 0.006813307,
    "p25": 0.007159391,
    "p50": 0.007302698,
    "p75": 0.007848824,
    "p90": 0.008847051,
    "p95": 0.009684455,
    "p99": 0.011351511
  },
  "rps": {
    "mean": 6486.7718088837955,
    "stddev": 928.0027507880166,
    "max": 8550.516451193635,
    "percentiles": {
      "p10": 5277.216227845854,
      "p25": 6207.6577666205885,
      "p50": 6798.008244462013,
      "p75": 6963.628765115371,
      "p90": 7059.897583074255,
      "p95": 7807.156820657645,
      "p99": 8401.413957969144
    }
  },
  "details": {
    "DNSDialup": {
      "average": 0.0007161238600000002,
      "fastest": 0.000094636,
      "slowest": 0.001622366
    },
    "DNSLookup": {
      "average": 0.000006365399999999999,
      "fastest": 0.000003115,
      "slowest": 0.000029274
    }
  },
  "statusCodeDistribution": {
    "200": 64887
  },
  "errorDistribution": {}
}