{
  "summary": {
    "successRate": 1,
    "total": 10.000701068,
    "slowest": 0.349707033,
    "fastest": 0.001270789,
    "average": 0.007580395976294166,
    "requestsPerSec": 6588.638091667035,
    "totalData": 856583,
    "sizePerRequest": 13,
    "sizePerSec": 85652.29519167145
  },
  "responseTimeHistogram": {
    "0.001270789": 1,
    "0.0361144134": 65851,
    "0.0709580378": 8,
    "0.10580166220000001": 5,
    "0.1406452866": 5,
    "0.175488911": 4,
    "0.21033253540000002": 4,
    "0.24517615980000002": 3,
    "0.2800197842": 4,
    "0.3148634086": 3,
    "0.349707033": 3
  },
  "latencyPercentiles": {
    "p10": 0.006648682,
    "p25": 0.007152431,
    "p50": 0.007278047,
    "p75": 0.007539148,
    "p90": 0.008656094,
    "p95": 0.009675159,
    "p99": 0.011012553
  },
  "rps": {
    "mean": 6587.877841492476,
    "stddev": 902.9411109402424,
    "max": 8424.923451044939,
    "percentiles": {
      "p10": 5354.394220002116,
      "p25": 6502.09458881465,
      "p50": 6846.546244644088,
      "p75": 6966.828606727025,
      "p90": 7244.61669638632,
      "p95": 7758.616346497812,
      "p99": 8281.349350943658
    }
  },
  "details": {
    "DNSDialup": {
      "average": 0.0006957813599999999,
      "fastest": 0.000072643,
      "slowest": 0.001352569
    },
    "DNSLookup": {
      "average": 0.000006664259999999999,
      "fastest": 0.000003376,
      "slowest": 0.000025818
    }
  },
  "statusCodeDistribution": {
    "200": 65891
  },
  "errorDistribution": {}
}