{
  "summary": {
    "successRate": 1,
    "total": 10.000603828,
    "slowest": 0.350922545,
    "fastest": 0.001292548,
    "average": 0.00764486754783956,
    "requestsPerSec": 6532.905524872273,
    "totalData": 849329,
    "sizePerRequest": 13,
    "sizePerSec": 84927.77182333956
  },
  "responseTimeHistogram": {
    "0.001292548": 1,
    "0.036255547699999995": 65293,
    "0.0712185474": 7,
    "0.1061815471": 6,
    "0.1411445468": 5,
    "0.1761075465": 4,
    "0.2110705462": 4,
    "0.24603354589999998": 3,
    "0.2809965456": 4,
    "0.3159595453": 3,
    "0.350922545": 3
  },
  "latencyPercentiles": {
    "p10": 0.006514462,
    "p25": 0.007245339,
    "p50": 0.007373839,
    "p75": 0.007571539,
    "p90": 0.008698315,
    "p95": 0.00970238,
    "p99": 0.011631009
  },
  "rps": {
    "mean": 6530.156899574853,
    "stddev": 914.8440473302825,
    "max": 8369.98141460763,
    "percentiles": {
      "p10": 5265.8446480642015,
      "p25": 6462.683506131511,
      "p50": 6757.361893642866,
      "p75": 6876.68396590904,
      "p90": 7367.318876231563,
      "p95": 7842.571044141817,
      "p99": 8192.486619949912
    }
  },
  "details": {
    "DNSDialup": {
      "average": 0.0008027771199999999,
      "fastest": 0.000099767,
      "slowest": 0.001019787
    },
    "DNSLookup": {
      "average": 0.000006360859999999998,
      "fastest": 0.000003336,
      "slowest": 0.000029826
    }
  },
  "statusCodeDistribution": {
    "200": 65333
  },
  "errorDistribution": {}
}