{
  "summary": {
    "successRate": 1,
    "total": 10.000651416,
    "slowest": 0.352211061,
    "fastest": 0.001368588,
    "average": 0.007820725347526437,
    "requestsPerSec": 6385.284052380373,
    "totalData": 830141,
    "sizePerRequest": 13,
    "sizePerSec": 83008.69268094485
  },
  "responseTimeHistogram": {
    "0.001368588": 1,
    "0.03645283529999999": 63817,
    "0.0715370826": 7,
    "0.10662132989999999": 6,
    "0.1417055772": 4,
    "0.17678982449999997": 5,
    "0.21187407179999998": 4,
    "0.2469583191": 3,
    "0.28204256639999997": 4,
    "0.31712681369999995": 2,
    "0.35221106099999994": 4
  },
  "latencyPercentiles": {
    "p10": 0.006377974,
    "p25": 0.007255,
    "p50": 0.007468299,
    "p75": 0.007971144,
    "p90": 0.009141774,
    "p95": 0.009971222,
    "p99": 0.011720728
  },
  "rps": {
    "mean": 6382.548914260042,
    "stddev": 978.8385873473162,
    "max": 8403.308382510195,
    "percentiles": {
      "p10": 5144.615650304191,
      "p25": 5963.41254362373,
      "p50": 6638.996135500774,
      "p75": 6844.744092130218,
      "p90": 7453.382616978901,
      "p95": 7937.528635387917,
      "p99": 8207.514800551522
    }
  },
  "details": {
    "DNSDialup": {
      "average": 0.0008614148200000002,
      "fastest": 0.000395889,
      "slowest": 0.001592225
    },
    "DNSLookup": {
      "average": 0.00002267138,
      "fastest": 0.000003497,
      "slowest": 0.000817583
    }
  },
  "statusCodeDistribution": {
    "200": 63857
  },
  "errorDistribution": {}
}