{
  "summary": {
    "successRate": 1,
    "total": 10.000692379,
    "slowest": 0.346898952,
    "fastest": 0.0013054,
    "average": 0.007498661770252799,
    "requestsPerSec": 6660.338852124591,
    "totalData": 865904,
    "sizePerRequest": 13,
    "sizePerSec": 86584.40507761968
  },
  "responseTimeHistogram": {
    "0.0013054": 1,
    "0.035864755199999994": 66568,
    "0.07042411039999999": 7,
    "0.10498346559999998": 6,
    "0.1395428208": 5,
    "0.174102176": 4,
    "0.20866153119999997": 4,
    "0.24322088639999997": 3,
    "0.2777802416": 4,
    "0.31233959679999995": 3,
    "0.346898952": 3
  },
  "latencyPercentiles": {
    "p10": 0.006536536,
    "p25": 0.007062592,
    "p50": 0.007250041,
    "p75": 0.007474709,
    "p90": 0.008474818,
    "p95": 0.009392297,
    "p99": 0.010891802
  },
  "rps": {
    "mean": 6659.254887194073,
    "stddev": 905.9890554144863,
    "max": 8811.103752949632,
    "percentiles": {
      "p10": 5456.4987708731915,
      "p25": 6514.755922163558,
      "p50": 6866.212951354828,
      "p75": 7022.9883477586,
      "p90": 7422.6598961310065,
      "p95": 7881.607742891405,
      "p99": 8324.687693825486
    }
  },
  "details": {
    "DNSDialup": {
      "average": 0.0007156001799999999,
      "fastest": 0.000067426,
      "slowest": 0.001358459
    },
    "DNSLookup": {
      "average": 0.0000065863200000000005,
      "fastest": 0.000003246,
      "slowest": 0.000034213
    }
  },
  "statusCodeDistribution": {
    "200": 66608
  },
  "errorDistribution": {}
}