{
  "summary": {
    "successRate": 1,
    "total": 10.000233785,
    "slowest": 0.03198525,
    "fastest": 0.006089951,
    "average": 0.00776691938044659,
    "requestsPerSec": 6430.449665732489,
    "totalData": 835978,
    "sizePerRequest": 13,
    "sizePerSec": 83595.84565452236
  },
  "responseTimeHistogram": {
    "0.006089951": 1,
    "0.0086794809": 56020,
    "0.0112690108": 6215,
    "0.0138585407": 1748,
    "0.0164480706": 257,
    "0.0190376005": 15,
    "0.0216271304": 15,
    "0.0242166603": 8,
    "0.0268061902": 8,
    "0.029395720099999998": 9,
    "0.03198525": 10
  },
  "latencyPercentiles": {
    "p10": 0.006301313,
    "p25": 0.007333979,
    "p50": 0.007519886,
    "p75": 0.007998081,
    "p90": 0.009202757,
    "p95": 0.010378307,
    "p99": 0.013240805
  },
  "rps": {
    "mean": 6429.994877785783,
    "stddev": 955.9883943803079,
    "max": 8030.314437001772,
    "percentiles": {
      "p10": 5080.5970677028945,
      "p25": 6149.815349273869,
      "p50": 6609.550138995406,
      "p75": 6756.8242159737265,
      "p90": 7777.689002135947,
      "p95": 7855.382805392942,
      "p99": 7954.795014498511
    }
  },
  "details": {
    "DNSDialup": {
      "average": 0.0007351397400000002,
      "fastest": 0.000068218,
      "slowest": 0.00169569
    },
    "DNSLookup": {
      "average": 0.00000659018,
      "fastest": 0.000003336,
      "slowest": 0.000027131
    }
  },
  "statusCodeDistribution": {
    "200": 64306
  },
  "errorDistribution": {}
}