{
  "summary": {
    "successRate": 1,
    "total": 10.000685745,
    "slowest": 0.356761541,
    "fastest": 0.001305781,
    "average": 0.007596154218009558,
    "requestsPerSec": 6574.949126151148,
    "totalData": 854802,
    "sizePerRequest": 13,
    "sizePerSec": 85474.33863996493
  },
  "responseTimeHistogram": {
    "0.001305781": 1,
    "0.036851357": 65714,
    "0.07239693300000001": 7,
    "0.10794250900000002": 6,
    "0.14348808500000002": 5,
    "0.179033661": 4,
    "0.21457923700000003": 4,
    "0.250124813": 3,
    "0.285670389": 4,
    "0.32121596500000005": 3,
    "0.356761541": 3
  },
  "latencyPercentiles": {
    "p10": 0.00654904,
    "p25": 0.007143892,
    "p50": 0.007272058,
    "p75": 0.007545694,
    "p90": 0.008836708,
    "p95": 0.009765653,
    "p99": 0.011358949
  },
  "rps": {
    "mean": 6574.047228035706,
    "stddev": 940.4089424068162,
    "max": 8443.678303497043,
    "percentiles": {
      "p10": 5201.677541007286,
      "p25": 6472.50500102143,
      "p50": 6839.284164310842,
      "p75": 6979.505642626903,
      "p90": 7229.327937576807,
      "p95": 8006.167951790717,
      "p99": 8236.663861848212
    }
  },
  "details": {
    "DNSDialup": {
      "average": 0.00070891566,
      "fastest": 0.000073057,
      "slowest": 0.001569323
    },
    "DNSLookup": {
      "average": 0.0000063079200000000024,
      "fastest": 0.000003386,
      "slowest": 0.000028032
    }
  },
  "statusCodeDistribution": {
    "200": 65754
  },
  "errorDistribution": {}
}