{
  "summary": {
    "successRate": 1,
    "total": 10.00060168,
    "slowest": 0.381216088,
    "fastest": 0.00088188,
    "average": 0.008168120747133934,
    "requestsPerSec": 6113.932136931185,
    "totalData": 794859,
    "sizePerRequest": 13,
    "sizePerSec": 79481.1177801054
  },
  "responseTimeHistogram": {
    "0.00088188": 1,
    "0.038915300800000004": 61104,
    "0.0769487216": 7,
    "0.11498214240000001": 5,
    "0.1530155632": 5,
    "0.191048984": 4,
    "0.22908240480000003": 4,
    "0.2671158256": 3,
    "0.3051492464": 4,
    "0.3431826672": 3,
    "0.381216088": 3
  },
  "latencyPercentiles": {
    "p10": 0.006620379,
    "p25": 0.007302639,
    "p50": 0.007890538,
    "p75": 0.008367428,
    "p90": 0.009872485,
    "p95": 0.011098291,
    "p99": 0.013162044
  },
  "rps": {
    "mean": 6112.351304456349,
    "stddev": 1080.8939260959285,
    "max": 8316.339111452642,
    "percentiles": {
      "p10": 4429.698916384893,
      "p25": 5831.46577941977,
      "p50": 6260.197432491181,
      "p75": 6683.470531818794,
      "p90": 7402.067397424383,
      "p95": 7608.468611060562,
      "p99": 7997.1064646685745
    }
  },
  "details": {
    "DNSDialup": {
      "average": 0.0009116296800000003,
      "fastest": 0.000109523,
      "slowest": 0.001840075
    },
    "DNSLookup": {
      "average": 0.000013120520000000004,
      "fastest": 0.000003537,
      "slowest": 0.00021981
    }
  },
  "statusCodeDistribution": {
    "200": 61143
  },
  "errorDistribution": {}
}