{
  "summary": {
    "successRate": 1,
    "total": 10.000676283,
    "slowest": 0.319310313,
    "fastest": 0.000332138,
    "average": 0.006638956455188422,
    "requestsPerSec": 7522.0912937533585,
    "totalData": 977938,
    "sizePerRequest": 13,
    "sizePerSec": 97787.18681879365
  },
  "responseTimeHistogram": {
    "0.000332138": 1,
    "0.032229955500000004": 75185,
    "0.064127773": 8,
    "0.0960255905": 5,
    "0.12792340800000002": 5,
    "0.15982122550000002": 4,
    "0.191719043": 4,
    "0.22361686050000001": 4,
    "0.255514678": 3,
    "0.2874124955": 3,
    "0.319310313": 4
  },
  "latencyPercentiles": {
    "p10": 0.005040353,
    "p25": 0.005603424,
    "p50": 0.006349587,
    "p75": 0.006944107,
    "p90": 0.008620287,
    "p95": 0.009939936,
    "p99": 0.012047875
  },
  "rps": {
    "mean": 7517.47356002671,
    "stddev": 1654.908647261433,
    "max": 11342.51059546041,
    "percentiles": {
      "p10": 5002.613365221945,
      "p25": 6870.048387367122,
      "p50": 7675.4791266356115,
      "p75": 8592.787497231086,
      "p90": 9425.4411507539,
      "p95": 9964.587466582521,
      "p99": 11045.621731437275
    }
  },
  "details": {
    "DNSDialup": {
      "average": 0.0005902032,
      "fastest": 0.000079755,
      "slowest": 0.001110722
    },
    "DNSLookup": {
      "average": 0.000005991760000000001,
      "fastest": 0.000003034,
      "slowest": 0.000038792
    }
  },
  "statusCodeDistribution": {
    "200": 75226
  },
  "errorDistribution": {}
}