{
  "summary": {
    "successRate": 1,
    "total": 10.000561687,
    "slowest": 0.353813723,
    "fastest": 0.001311574,
    "average": 0.007817893560341366,
    "requestsPerSec": 6386.641270662461,
    "totalData": 830310,
    "sizePerRequest": 13,
    "sizePerSec": 83026.33651861199
  },
  "responseTimeHistogram": {
    "0.001311574": 1,
    "0.03656178890000001": 63830,
    "0.07181200380000001": 7,
    "0.10706221870000002": 6,
    "0.14231243360000004": 5,
    "0.17756264850000006": 4,
    "0.21281286340000005": 4,
    "0.24806307830000004": 3,
    "0.28331329320000004": 4,
    "0.31856350810000006": 3,
    "0.3538137230000001": 3
  },
  "latencyPercentiles": {
    "p10": 0.006242865,
    "p25": 0.007377636,
    "p50": 0.007619683,
    "p75": 0.007956924,
    "p90": 0.008930913,
    "p95": 0.009909081,
    "p99": 0.011867596
  },
  "rps": {
    "mean": 6384.632461130628,
    "stddev": 957.4411850740264,
    "max": 8413.349461590982,
    "percentiles": {
      "p10": 5110.690030336597,
      "p25": 6182.357659322964,
      "p50": 6502.852801524127,
      "p75": 6711.1122596788255,
      "p90": 7445.889763199324,
      "p95": 8046.448121783172,
      "p99": 8304.793202546989
    }
  },
  "details": {
    "DNSDialup": {
      "average": 0.00057144542,
      "fastest": 0.000078419,
      "slowest": 0.001011344
    },
    "DNSLookup": {
      "average": 0.000006682119999999998,
      "fastest": 0.000003086,
      "slowest": 0.00003222
    }
  },
  "statusCodeDistribution": {
    "200": 63870
  },
  "errorDistribution": {}
}