{
  "summary": {
    "successRate": 1,
    "total": 10.000532643,
    "slowest": 0.031408789,
    "fastest": 0.004264615,
    "average": 0.007928463158236499,
    "requestsPerSec": 6298.464516696444,
    "totalData": 818844,
    "sizePerRequest": 13,
    "sizePerSec": 81880.03871705377
  },
  "responseTimeHistogram": {
    "0.004264615": 1,
    "0.0069790324": 11621,
    "0.0096934498": 45522,
    "0.012407867199999999": 4576,
    "0.0151222846": 1135,
    "0.017836702": 72,
    "0.020551119399999998": 20,
    "0.0232655368": 11,
    "0.0259799542": 8,
    "0.028694371599999997": 9,
    "0.031408789": 13
  },
  "latencyPercentiles": {
    "p10": 0.006355934,
    "p25": 0.007347227,
    "p50": 0.007628263,
    "p75": 0.008155029,
    "p90": 0.009557741,
    "p95": 0.010856865,
    "p99": 0.01353341
  },
  "rps": {
    "mean": 6298.302866669131,
    "stddev": 984.4267717233126,
    "max": 8064.126742267333,
    "percentiles": {
      "p10": 4871.250317011822,
      "p25": 6005.96752933707,
      "p50": 6473.260478135093,
      "p75": 6737.580201087774,
      "p90": 7605.220984205499,
      "p95": 7802.73563911497,
      "p99": 7986.50422319295
    }
  },
  "details": {
    "DNSDialup": {
      "average": 0.00063962968,
      "fastest": 0.000085187,
      "slowest": 0.001070862
    },
    "DNSLookup": {
      "average": 0.000006964599999999998,
      "fastest": 0.000003216,
      "slowest": 0.000029645
    }
  },
  "statusCodeDistribution": {
    "200": 62988
  },
  "errorDistribution": {}
}