{
  "summary": {
    "successRate": 1,
    "total": 10.000452363,
    "slowest": 0.036218541,
    "fastest": 0.005825702,
    "average": 0.008058333491650043,
    "requestsPerSec": 6197.419651665411,
    "totalData": 805701,
    "sizePerRequest": 13,
    "sizePerSec": 80566.45547165035
  },
  "responseTimeHistogram": {
    "0.005825702": 1,
    "0.0088649859": 52411,
    "0.011904269799999999": 8050,
    "0.014943553699999999": 1295,
    "0.0179828376": 157,
    "0.021022121499999998": 20,
    "0.0240614054": 6,
    "0.0271006893": 7,
    "0.030139973199999996": 9,
    "0.0331792571": 10,
    "0.036218541": 11
  },
  "latencyPercentiles": {
    "p10": 0.006518891,
    "p25": 0.007514091,
    "p50": 0.007739635,
    "p75": 0.008253946,
    "p90": 0.009558298,
    "p95": 0.010924545,
    "p99": 0.013985503
  },
  "rps": {
    "mean": 6199.588683847768,
    "stddev": 935.3318612346237,
    "max": 7900.9915744427,
    "percentiles": {
      "p10": 4909.717312504915,
      "p25": 5947.632207295261,
      "p50": 6408.536170178733,
      "p75": 6613.871934995946,
      "p90": 7278.665634578779,
      "p95": 7686.087251653584,
      "p99": 7830.190866925681
    }
  },
  "details": {
    "DNSDialup": {
      "average": 0.0008298254000000001,
      "fastest": 0.000100067,
      "slowest": 0.001204655
    },
    "DNSLookup": {
      "average": 0.0000063147199999999996,
      "fastest": 0.000003316,
      "slowest": 0.000035286
    }
  },
  "statusCodeDistribution": {
    "200": 61977
  },
  "errorDistribution": {}
}