{
  "summary": {
    "successRate": 1,
    "total": 10.000457575,
    "slowest": 0.033115572,
    "fastest": 0.005979186,
    "average": 0.00781431031153776,
    "requestsPerSec": 6390.907568046955,
    "totalData": 830856,
    "sizePerRequest": 13,
    "sizePerSec": 83081.79838461042
  },
  "responseTimeHistogram": {
    "0.005979186": 1,
    "0.0086928246": 54377,
    "0.011406463200000001": 7511,
    "0.0141201018": 1647,
    "0.0168337404": 307,
    "0.019547379": 24,
    "0.022261017600000002": 9,
    "0.024974656200000004": 7,
    "0.027688294800000002": 9,
    "0.0304019334": 10,
    "0.033115572": 10
  },
  "latencyPercentiles": {
    "p10": 0.006261341,
    "p25": 0.007274477,
    "p50": 0.007542006,
    "p75": 0.008099206,
    "p90": 0.009366255,
    "p95": 0.01064102,
    "p99": 0.013472121
  },
  "rps": {
    "mean": 6391.342002427031,
    "stddev": 982.0743314102425,
    "max": 8105.942466421541,
    "percentiles": {
      "p10": 5083.014780797258,
      "p25": 6064.855134870312,
      "p50": 6547.0932416874875,
      "p75": 6777.033866253928,
      "p90": 7790.737157526342,
      "p95": 7913.305431751955,
      "p99": 8011.965068633107
    }
  },
  "details": {
    "DNSDialup": {
      "average": 0.0007703923200000002,
      "fastest": 0.000093545,
      "slowest": 0.001608066
    },
    "DNSLookup": {
      "average": 0.000009156219999999999,
      "fastest": 0.000003286,
      "slowest": 0.000153082
    }
  },
  "statusCodeDistribution": {
    "200": 63912
  },
  "errorDistribution": {}
}