{
  "summary": {
    "successRate": 1,
    "total": 10.000629076,
    "slowest": 0.351727773,
    "fastest": 0.001316947,
    "average": 0.007632414934811504,
    "requestsPerSec": 6543.688352270611,
    "totalData": 850733,
    "sizePerRequest": 13,
    "sizePerSec": 85067.94857951795
  },
  "responseTimeHistogram": {
    "0.001316947": 1,
    "0.0363580296": 65401,
    "0.0713991122": 7,
    "0.10644019480000001": 6,
    "0.14148127740000002": 5,
    "0.17652236000000002": 4,
    "0.21156344260000004": 4,
    "0.24660452520000004": 3,
    "0.28164560780000003": 4,
    "0.3166866904": 2,
    "0.351727773": 4
  },
  "latencyPercentiles": {
    "p10": 0.006353452,
    "p25": 0.00720266,
    "p50": 0.007395239,
    "p75": 0.007631693,
    "p90": 0.008804728,
    "p95": 0.009756295,
    "p99": 0.011187957
  },
  "rps": {
    "mean": 6541.929863475758,
    "stddev": 934.1392909009809,
    "max": 8340.802371118836,
    "percentiles": {
      "p10": 5240.083494684223,
      "p25": 6442.650993843976,
      "p50": 6725.7103730426525,
      "p75": 6905.370997562406,
      "p90": 7506.606574590475,
      "p95": 7921.644777199011,
      "p99": 8170.611239391945
    }
  },
  "details": {
    "DNSDialup": {
      "average": 0.0007770910600000001,
      "fastest": 0.000081075,
      "slowest": 0.00143557
    },
    "DNSLookup": {
      "average": 0.000006812920000000001,
      "fastest": 0.000003597,
      "slowest": 0.00002601
    }
  },
  "statusCodeDistribution": {
    "200": 65441
  },
  "errorDistribution": {}
}