{
  "summary": {
    "successRate": 1,
    "total": 10.000538817,
    "slowest": 0.004732807,
    "fastest": 0.00003901,
    "average": 0.0006910688462646406,
    "requestsPerSec": 72179.91082369897,
    "totalData": 9383894,
    "sizePerRequest": 13,
    "sizePerSec": 938338.8407080865
  },
  "responseTimeHistogram": {
    "0.00003901": 1,
    "0.0005083897000000001": 234816,
    "0.0009777694": 393855,
    "0.0014471491": 78228,
    "0.0019165288": 13781,
    "0.0023859085": 1049,
    "0.0028552882": 53,
    "0.0033246679": 14,
    "0.0037940476000000002": 12,
    "0.0042634273": 13,
    "0.004732807": 16
  },
  "latencyPercentiles": {
    "p10": 0.000371748,
    "p25": 0.000460693,
    "p50": 0.000659245,
    "p75": 0.000875038,
    "p90": 0.001011347,
    "p95": 0.001175732,
    "p99": 0.001623685
  },
  "rps": {
    "mean": 72192.34724415524,
    "stddev": 12034.132517027465,
    "max": 101206.17357659775,
    "percentiles": {
      "p10": 56993.474998345366,
      "p25": 62718.56945555506,
      "p50": 71314.84061833331,
      "p75": 81119.80134350533,
      "p90": 89585.11358248816,
      "p95": 92955.76416292209,
      "p99": 97082.0469794633
    }
  },
  "details": {
    "DNSDialup": {
      "average": 0.0005848803800000001,
      "fastest": 0.000073127,
      "slowest": 0.00105317
    },
    "DNSLookup": {
      "average": 0.000007511280000000001,
      "fastest": 0.000003467,
      "slowest": 0.000029986
    }
  },
  "statusCodeDistribution": {
    "200": 721838
  },
  "errorDistribution": {}
}