{
  "summary": {
    "successRate": 1,
    "total": 10.000711413,
    "slowest": 0.004044525,
    "fastest": 0.000037291,
    "average": 0.0006146569959843148,
    "requestsPerSec": 81151.02681045637,
    "totalData": 10550384,
    "sizePerRequest": 13,
    "sizePerSec": 1054963.3485359328
  },
  "responseTimeHistogram": {
    "0.000037291": 1,
    "0.0004380144": 212556,
    "0.0008387377999999999": 456327,
    "0.0012394612": 123323,
    "0.0016401846": 15892,
    "0.002040908": 3270,
    "0.0024416314": 126,
    "0.0028423548": 25,
    "0.0032430782": 22,
    "0.0036438016": 14,
    "0.004044525": 12
  },
  "latencyPercentiles": {
    "p10": 0.000345606,
    "p25": 0.000431955,
    "p50": 0.00056752,
    "p75": 0.00075326,
    "p90": 0.000935044,
    "p95": 0.001047143,
    "p99": 0.001446922
  },
  "rps": {
    "mean": 81149.79415743709,
    "stddev": 12988.76708169139,
    "max": 102964.57697414783,
    "percentiles": {
      "p10": 60051.476125328154,
      "p25": 72339.28022916499,
      "p50": 83716.6344952749,
      "p75": 91717.98589703479,
      "p90": 95559.12242905199,
      "p95": 97813.4493492884,
      "p99": 100898.89100307458
    }
  },
  "details": {
    "DNSDialup": {
      "average": 0.0007530005400000003,
      "fastest": 0.000075183,
      "slowest": 0.001718868
    },
    "DNSLookup": {
      "average": 0.000006679619999999999,
      "fastest": 0.000003146,
      "slowest": 0.00003169
    }
  },
  "statusCodeDistribution": {
    "200": 811568
  },
  "errorDistribution": {}
}