{
  "summary": {
    "successRate": 1,
    "total": 10.000732578,
    "slowest": 0.002973989,
    "fastest": 0.000021235,
    "average": 0.00047579163352044296,
    "requestsPerSec": 104816.72135759014,
    "totalData": 13627172,
    "sizePerRequest": 13,
    "sizePerSec": 1362617.3776486719
  },
  "responseTimeHistogram": {
    "0.000021235": 1,
    "0.00031651039999999996": 179162,
    "0.0006117857999999999": 707073,
    "0.0009070612": 138056,
    "0.0012023366": 22498,
    "0.001497612": 1278,
    "0.0017928874": 124,
    "0.0020881628": 7,
    "0.0023834382": 6,
    "0.0026787136": 25,
    "0.002973989": 14
  },
  "latencyPercentiles": {
    "p10": 0.000277197,
    "p25": 0.000355393,
    "p50": 0.000468352,
    "p75": 0.000563743,
    "p90": 0.000664374,
    "p95": 0.000775903,
    "p99": 0.001015437
  },
  "rps": {
    "mean": 104815.84597284412,
    "stddev": 11111.011298648576,
    "max": 140783.69187383485,
    "percentiles": {
      "p10": 92096.77529147638,
      "p25": 96510.51964663962,
      "p50": 103929.98810523367,
      "p75": 111774.5789690411,
      "p90": 120054.45670156305,
      "p95": 125085.94655385854,
      "p99": 133404.70918623576
    }
  },
  "details": {
    "DNSDialup": {
      "average": 0.00045120165999999994,
      "fastest": 0.000073833,
      "slowest": 0.000724423
    },
    "DNSLookup": {
      "average": 0.0000062805800000000025,
      "fastest": 0.000002944,
      "slowest": 0.000032845
    }
  },
  "statusCodeDistribution": {
    "200": 1048244
  },
  "errorDistribution": {}
}