{
  "summary": {
    "successRate": 1,
    "total": 10.000608956,
    "slowest": 0.003970716,
    "fastest": 0.000048448,
    "average": 0.0007595277571277124,
    "requestsPerSec": 65662.20146084472,
    "totalData": 8536606,
    "sizePerRequest": 13,
    "sizePerSec": 853608.6189909814
  },
  "responseTimeHistogram": {
    "0.000048448": 1,
    "0.00044067479999999995": 78344,
    "0.0008329015999999999": 334097,
    "0.0012251284": 202319,
    "0.0016173551999999999": 30373,
    "0.0020095819999999998": 9607,
    "0.0024018088": 1671,
    "0.0027940355999999996": 163,
    "0.0031862623999999997": 49,
    "0.0035784892": 22,
    "0.003970716": 16
  },
  "latencyPercentiles": {
    "p10": 0.000424726,
    "p25": 0.000529879,
    "p50": 0.000710664,
    "p75": 0.000948416,
    "p90": 0.001096009,
    "p95": 0.001315291,
    "p99": 0.001761975
  },
  "rps": {
    "mean": 65655.39635573949,
    "stddev": 9573.4153300517,
    "max": 94499.88593803994,
    "percentiles": {
      "p10": 54086.10507928288,
      "p25": 58494.40997770298,
      "p50": 65169.08574780009,
      "p75": 72331.29178261654,
      "p90": 77723.59606246286,
      "p95": 82011.76563420476,
      "p99": 88619.61152002956
    }
  },
  "details": {
    "DNSDialup": {
      "average": 0.0007372418799999999,
      "fastest": 0.000135704,
      "slowest": 0.001305716
    },
    "DNSLookup": {
      "average": 0.000007173619999999999,
      "fastest": 0.000003216,
      "slowest": 0.000046838
    }
  },
  "statusCodeDistribution": {
    "200": 656662
  },
  "errorDistribution": {}
}