{
  "summary": {
    "successRate": 1,
    "total": 10.000634184,
    "slowest": 0.004002784,
    "fastest": 0.000050149,
    "average": 0.0006733213417769755,
    "requestsPerSec": 74102.10056334562,
    "totalData": 9633884,
    "sizePerRequest": 13,
    "sizePerSec": 963327.3073234932
  },
  "responseTimeHistogram": {
    "0.000050149": 1,
    "0.0004454124999999999": 152475,
    "0.0008406759999999998": 401371,
    "0.0012359394999999997": 156052,
    "0.0016312029999999997": 26009,
    "0.0020264665": 4636,
    "0.0024217299999999995": 430,
    "0.0028169934999999996": 45,
    "0.0032122569999999996": 19,
    "0.0036075204999999996": 15,
    "0.004002784": 15
  },
  "latencyPercentiles": {
    "p10": 0.000386985,
    "p25": 0.000465392,
    "p50": 0.00061403,
    "p75": 0.000843107,
    "p90": 0.000989972,
    "p95": 0.0011819,
    "p99": 0.001552686
  },
  "rps": {
    "mean": 74061.88699742629,
    "stddev": 10736.222450966618,
    "max": 102094.07176431488,
    "percentiles": {
      "p10": 60108.35506135742,
      "p25": 66609.99626160003,
      "p50": 73837.81973126237,
      "p75": 81506.89629449022,
      "p90": 88553.20276422068,
      "p95": 91908.61183692527,
      "p99": 97326.15153692276
    }
  },
  "details": {
    "DNSDialup": {
      "average": 0.00076546238,
      "fastest": 0.000072194,
      "slowest": 0.00164787
    },
    "DNSLookup": {
      "average": 0.00000756818,
      "fastest": 0.000003667,
      "slowest": 0.000054182
    }
  },
  "statusCodeDistribution": {
    "200": 741068
  },
  "errorDistribution": {}
}