{
  "summary": {
    "successRate": 1,
    "total": 10.000840168,
    "slowest": 0.003956964,
    "fastest": 0.000036897,
    "average": 0.0007036998870506746,
    "requestsPerSec": 70896.64349088316,
    "totalData": 9217338,
    "sizePerRequest": 13,
    "sizePerSec": 921656.365381481
  },
  "responseTimeHistogram": {
    "0.000036897": 1,
    "0.0004289037": 104316,
    "0.0008209104": 394545,
    "0.0012129170999999998": 164275,
    "0.0016049238": 39138,
    "0.0019969305000000002": 5805,
    "0.0023889372": 822,
    "0.0027809439": 66,
    "0.0031729506": 30,
    "0.0035649573": 16,
    "0.003956964": 12
  },
  "latencyPercentiles": {
    "p10": 0.00038595,
    "p25": 0.000493489,
    "p50": 0.000640718,
    "p75": 0.000872517,
    "p90": 0.001073121,
    "p95": 0.001283585,
    "p99": 0.001594868
  },
  "rps": {
    "mean": 70886.50193182017,
    "stddev": 9726.452037319852,
    "max": 101114.34812600295,
    "percentiles": {
      "p10": 59074.96348046868,
      "p25": 63909.6759249352,
      "p50": 70212.87001907449,
      "p75": 77104.61856665243,
      "p90": 83816.34418711573,
      "p95": 88433.17128254552,
      "p99": 95383.50889861972
    }
  },
  "details": {
    "DNSDialup": {
      "average": 0.00072688518,
      "fastest": 0.000070228,
      "slowest": 0.001158221
    },
    "DNSLookup": {
      "average": 0.00000677886,
      "fastest": 0.000003366,
      "slowest": 0.000033772
    }
  },
  "statusCodeDistribution": {
    "200": 709026
  },
  "errorDistribution": {}
}