{
  "summary": {
    "successRate": 1,
    "total": 10.000535355,
    "slowest": 0.004470266,
    "fastest": 0.000043353,
    "average": 0.0007422417485736206,
    "requestsPerSec": 67160.00455557612,
    "totalData": 8731268,
    "sizePerRequest": 13,
    "sizePerSec": 873080.0592224895
  },
  "responseTimeHistogram": {
    "0.000043353": 1,
    "0.0004860442999999999": 155842,
    "0.0009287355999999999": 335019,
    "0.0013714269": 154976,
    "0.0018141181999999998": 19961,
    "0.0022568094999999995": 5496,
    "0.0026995007999999995": 253,
    "0.0031421920999999994": 38,
    "0.0035848833999999993": 18,
    "0.0040275747": 23,
    "0.004470266": 9
  },
  "latencyPercentiles": {
    "p10": 0.000396911,
    "p25": 0.000497461,
    "p50": 0.000697172,
    "p75": 0.000948029,
    "p90": 0.001087415,
    "p95": 0.00126973,
    "p99": 0.001777729
  },
  "rps": {
    "mean": 67154.8319908273,
    "stddev": 11161.331498736423,
    "max": 97256.88460931691,
    "percentiles": {
      "p10": 53021.71560597776,
      "p25": 58557.60311418279,
      "p50": 66702.7614943262,
      "p75": 75113.28754057284,
      "p90": 83114.16025673445,
      "p95": 85716.14182321988,
      "p99": 91922.30954452917
    }
  },
  "details": {
    "DNSDialup": {
      "average": 0.0006323419999999999,
      "fastest": 0.000088017,
      "slowest": 0.000864264
    },
    "DNSLookup": {
      "average": 0.00000626148,
      "fastest": 0.000003527,
      "slowest": 0.000031228
    }
  },
  "statusCodeDistribution": {
    "200": 671636
  },
  "errorDistribution": {}
}