{
  "summary": {
    "successRate": 1,
    "total": 10.000606799,
    "slowest": 0.004763612,
    "fastest": 0.00004221,
    "average": 0.0007202920151237526,
    "requestsPerSec": 69224.59945822734,
    "totalData": 8999744,
    "sizePerRequest": 13,
    "sizePerSec": 899919.7929569554
  },
  "responseTimeHistogram": {
    "0.00004221": 1,
    "0.0005143502000000001": 195297,
    "0.0009864904000000002": 388916,
    "0.0014586306": 90532,
    "0.0019307708000000001": 15725,
    "0.002402911": 1698,
    "0.0028750512": 65,
    "0.0033471914000000004": 25,
    "0.0038193316000000002": 21,
    "0.0042914718": 7,
    "0.004763612": 1
  },
  "latencyPercentiles": {
    "p10": 0.000390098,
    "p25": 0.000492866,
    "p50": 0.000681468,
    "p75": 0.000902803,
    "p90": 0.001054733,
    "p95": 0.001234064,
    "p99": 0.001693297
  },
  "rps": {
    "mean": 69236.4423815781,
    "stddev": 10949.030944637861,
    "max": 96185.36489366656,
    "percentiles": {
      "p10": 55321.116070003045,
      "p25": 61319.02729417106,
      "p50": 68554.79673101702,
      "p75": 76954.21424393509,
      "p90": 84451.40557056548,
      "p95": 88421.68984051596,
      "p99": 93094.38705187317
    }
  },
  "details": {
    "DNSDialup": {
      "average": 0.0007959793400000001,
      "fastest": 0.000090137,
      "slowest": 0.001644896
    },
    "DNSLookup": {
      "average": 0.000006238380000000001,
      "fastest": 0.000002886,
      "slowest": 0.000028092
    }
  },
  "statusCodeDistribution": {
    "200": 692288
  },
  "errorDistribution": {}
}