{
  "summary": {
    "successRate": 1,
    "total": 10.000640697,
    "slowest": 0.004668491,
    "fastest": 0.000047161,
    "average": 0.0007082835780910672,
    "requestsPerSec": 70415.18851999608,
    "totalData": 9154561,
    "sizePerRequest": 13,
    "sizePerSec": 915397.450759949
  },
  "responseTimeHistogram": {
    "0.000047161": 1,
    "0.000509294": 119284,
    "0.000971427": 520212,
    "0.00143356": 54821,
    "0.001895693": 9584,
    "0.002357826": 246,
    "0.002819959": 23,
    "0.003282092": 5,
    "0.003744225": 5,
    "0.004206358": 15,
    "0.004668491": 1
  },
  "latencyPercentiles": {
    "p10": 0.000456382,
    "p25": 0.000555116,
    "p50": 0.000695167,
    "p75": 0.000813646,
    "p90": 0.000954653,
    "p95": 0.001132596,
    "p99": 0.001494826
  },
  "rps": {
    "mean": 70419.33424909048,
    "stddev": 6668.4111201797205,
    "max": 90382.60065874689,
    "percentiles": {
      "p10": 62306.112229607665,
      "p25": 65902.14181961215,
      "p50": 70018.00806992636,
      "p75": 74839.96570386249,
      "p90": 79635.86675227027,
      "p95": 81765.59099266367,
      "p99": 86285.28437507639
    }
  },
  "details": {
    "DNSDialup": {
      "average": 0.0006432902200000001,
      "fastest": 0.000069695,
      "slowest": 0.001433499
    },
    "DNSLookup": {
      "average": 0.000005554560000000002,
      "fastest": 0.000002674,
      "slowest": 0.00003986
    }
  },
  "statusCodeDistribution": {
    "200": 704197
  },
  "errorDistribution": {}
}