{
  "summary": {
    "successRate": 1,
    "total": 10.000572803,
    "slowest": 0.004886955,
    "fastest": 0.000049369,
    "average": 0.0007675536287319936,
    "requestsPerSec": 64951.77954258226,
    "totalData": 8444215,
    "sizePerRequest": 13,
    "sizePerSec": 844373.1340535694
  },
  "responseTimeHistogram": {
    "0.000049369": 1,
    "0.0005331276": 182728,
    "0.0010168862000000001": 343003,
    "0.0015006448": 104628,
    "0.0019844034": 16182,
    "0.0024681620000000003": 2856,
    "0.0029519206": 85,
    "0.0034356792": 48,
    "0.0039194378": 16,
    "0.0044031964": 7,
    "0.004886955": 1
  },
  "latencyPercentiles": {
    "p10": 0.000413531,
    "p25": 0.000511246,
    "p50": 0.000737475,
    "p75": 0.000973656,
    "p90": 0.001098301,
    "p95": 0.001309124,
    "p99": 0.001815481
  },
  "rps": {
    "mean": 64942.741406140834,
    "stddev": 10728.86683979819,
    "max": 96733.59557774222,
    "percentiles": {
      "p10": 51911.12974621745,
      "p25": 56681.01984977242,
      "p50": 63768.936667017784,
      "p75": 72955.21250482531,
      "p90": 79824.96416171239,
      "p95": 83709.10644934201,
      "p99": 88605.27201368615
    }
  },
  "details": {
    "DNSDialup": {
      "average": 0.0008024793200000001,
      "fastest": 0.000090926,
      "slowest": 0.001656708
    },
    "DNSLookup": {
      "average": 0.00000814522,
      "fastest": 0.000003377,
      "slowest": 0.000049813
    }
  },
  "statusCodeDistribution": {
    "200": 649555
  },
  "errorDistribution": {}
}