{
  "summary": {
    "successRate": 1,
    "total": 10.000601442,
    "slowest": 0.003540717,
    "fastest": 0.000060433,
    "average": 0.0006877376874770777,
    "requestsPerSec": 72536.23736603261,
    "totalData": 9430278,
    "sizePerRequest": 13,
    "sizePerSec": 942971.0857584239
  },
  "responseTimeHistogram": {
    "0.000060433": 1,
    "0.0004084614": 111509,
    "0.0007564898000000001": 338211,
    "0.0011045182000000001": 230181,
    "0.0014525466": 31253,
    "0.001800575": 11807,
    "0.0021486034000000004": 2267,
    "0.0024966318000000003": 95,
    "0.0028446602000000002": 47,
    "0.0031926886": 20,
    "0.003540717": 15
  },
  "latencyPercentiles": {
    "p10": 0.000377221,
    "p25": 0.00046011,
    "p50": 0.000653227,
    "p75": 0.000866857,
    "p90": 0.001006497,
    "p95": 0.001184101,
    "p99": 0.001607157
  },
  "rps": {
    "mean": 72509.89092789424,
    "stddev": 11697.367553789589,
    "max": 101476.84369550539,
    "percentiles": {
      "p10": 57475.057530226215,
      "p25": 63666.50160908953,
      "p50": 72202.31811559155,
      "p75": 81041.02296582388,
      "p90": 88519.87271141882,
      "p95": 92107.69231385284,
      "p99": 97772.76248984509
    }
  },
  "details": {
    "DNSDialup": {
      "average": 0.00071006676,
      "fastest": 0.000088985,
      "slowest": 0.001666557
    },
    "DNSLookup": {
      "average": 0.00000735304,
      "fastest": 0.000003336,
      "slowest": 0.00003212
    }
  },
  "statusCodeDistribution": {
    "200": 725406
  },
  "errorDistribution": {}
}