{
  "summary": {
    "successRate": 1,
    "total": 10.000647197,
    "slowest": 0.003871051,
    "fastest": 0.000042469,
    "average": 0.000631467334495287,
    "requestsPerSec": 78999.28718983286,
    "totalData": 10270572,
    "sizePerRequest": 13,
    "sizePerSec": 1026990.7334678272
  },
  "responseTimeHistogram": {
    "0.000042469": 1,
    "0.0004253272": 172420,
    "0.0008081854": 432881,
    "0.0011910436000000001": 158882,
    "0.0015739018": 20647,
    "0.0019567599999999997": 4971,
    "0.0023396182": 155,
    "0.0027224764": 30,
    "0.0031053345999999997": 23,
    "0.0034881927999999996": 18,
    "0.0038710509999999995": 16
  },
  "latencyPercentiles": {
    "p10": 0.000376582,
    "p25": 0.000437325,
    "p50": 0.000562358,
    "p75": 0.000793982,
    "p90": 0.000939967,
    "p95": 0.001058013,
    "p99": 0.001479972
  },
  "rps": {
    "mean": 78996.18412289572,
    "stddev": 12749.420674135805,
    "max": 102519.38122387839,
    "percentiles": {
      "p10": 58233.670708408135,
      "p25": 70511.68312390576,
      "p50": 81767.49907047726,
      "p75": 88623.29020065731,
      "p90": 93636.75242532596,
      "p95": 95746.72440150664,
      "p99": 99670.0859990457
    }
  },
  "details": {
    "DNSDialup": {
      "average": 0.0007044260599999999,
      "fastest": 0.000120372,
      "slowest": 0.001119579
    },
    "DNSLookup": {
      "average": 0.0000072944000000000025,
      "fastest": 0.000003346,
      "slowest": 0.000031659
    }
  },
  "statusCodeDistribution": {
    "200": 790044
  },
  "errorDistribution": {}
}