{
  "summary": {
    "successRate": 1,
    "total": 10.000686375,
    "slowest": 0.00445174,
    "fastest": 0.000042349,
    "average": 0.0006136589750539786,
    "requestsPerSec": 81281.92101214653,
    "totalData": 10567375,
    "sizePerRequest": 13,
    "sizePerSec": 1056664.9731579048
  },
  "responseTimeHistogram": {
    "0.000042349": 1,
    "0.00048328810000000005": 301807,
    "0.0009242272000000001": 429340,
    "0.0013651663": 70518,
    "0.0018061054": 10221,
    "0.0022470445000000003": 877,
    "0.0026879836000000003": 58,
    "0.0031289227000000004": 25,
    "0.0035698618000000004": 2,
    "0.0040108009": 25,
    "0.00445174": 1
  },
  "latencyPercentiles": {
    "p10": 0.000356136,
    "p25": 0.000428781,
    "p50": 0.000559466,
    "p75": 0.000757556,
    "p90": 0.000924989,
    "p95": 0.001039586,
    "p99": 0.001433038
  },
  "rps": {
    "mean": 81278.26479027428,
    "stddev": 12371.61081772631,
    "max": 103101.04132051727,
    "percentiles": {
      "p10": 62139.440905395524,
      "p25": 73507.1881818045,
      "p50": 83841.22473019459,
      "p75": 90611.23435128835,
      "p90": 94980.9972743672,
      "p95": 97634.99238126178,
      "p99": 99727.56152394586
    }
  },
  "details": {
    "DNSDialup": {
      "average": 0.0007155878400000002,
      "fastest": 0.000113339,
      "slowest": 0.001338231
    },
    "DNSLookup": {
      "average": 0.00000731752,
      "fastest": 0.000003266,
      "slowest": 0.000030637
    }
  },
  "statusCodeDistribution": {
    "200": 812875
  },
  "errorDistribution": {}
}