{
  "summary": {
    "successRate": 1,
    "total": 10.000687006,
    "slowest": 0.003931178,
    "fastest": 0.000040432,
    "average": 0.0006150455942584045,
    "requestsPerSec": 81093.82880530479,
    "totalData": 10542922,
    "sizePerRequest": 13,
    "sizePerSec": 1054219.774468962
  },
  "responseTimeHistogram": {
    "0.000040432": 1,
    "0.0004295066": 190475,
    "0.0008185811999999999": 468388,
    "0.0012076558": 130582,
    "0.0015967304": 17584,
    "0.0019858049999999998": 3722,
    "0.0023748796": 166,
    "0.0027639542": 28,
    "0.0031530288": 17,
    "0.0035421033999999997": 15,
    "0.003931178": 16
  },
  "latencyPercentiles": {
    "p10": 0.000350183,
    "p25": 0.000437248,
    "p50": 0.000567871,
    "p75": 0.00074879,
    "p90": 0.000933947,
    "p95": 0.001049324,
    "p99": 0.001435165
  },
  "rps": {
    "mean": 81088.90350793126,
    "stddev": 12458.468505079754,
    "max": 102417.56717572204,
    "percentiles": {
      "p10": 61529.05401930802,
      "p25": 73168.77132817022,
      "p50": 83427.3307935711,
      "p75": 90752.23698761372,
      "p90": 95034.19330275388,
      "p95": 97409.01078586308,
      "p99": 100376.23539981969
    }
  },
  "details": {
    "DNSDialup": {
      "average": 0.0007334444000000001,
      "fastest": 0.000070531,
      "slowest": 0.00142175
    },
    "DNSLookup": {
      "average": 0.00000642996,
      "fastest": 0.000002995,
      "slowest": 0.000029365
    }
  },
  "statusCodeDistribution": {
    "200": 810994
  },
  "errorDistribution": {}
}