{
  "summary": {
    "successRate": 1,
    "total": 10.000560942,
    "slowest": 0.003302242,
    "fastest": 0.000040653,
    "average": 0.0006119558470504995,
    "requestsPerSec": 81511.22769289155,
    "totalData": 10597054,
    "sizePerRequest": 13,
    "sizePerSec": 1059645.9600075902
  },
  "responseTimeHistogram": {
    "0.000040653": 1,
    "0.00036681189999999996": 97813,
    "0.0006929708": 455331,
    "0.0010191297000000002": 219339,
    "0.0013452886": 30615,
    "0.0016714475": 9485,
    "0.0019976064": 2417,
    "0.0023237653": 77,
    "0.0026499241999999998": 30,
    "0.0029760830999999996": 23,
    "0.0033022419999999995": 27
  },
  "latencyPercentiles": {
    "p10": 0.000354789,
    "p25": 0.000429442,
    "p50": 0.000558653,
    "p75": 0.000756578,
    "p90": 0.000921481,
    "p95": 0.001029362,
    "p99": 0.001431624
  },
  "rps": {
    "mean": 81507.44367579318,
    "stddev": 12377.583308344014,
    "max": 103666.66803420668,
    "percentiles": {
      "p10": 62293.88348295051,
      "p25": 74017.20624608995,
      "p50": 84026.68719671933,
      "p75": 90977.05241772092,
      "p90": 95324.28862874773,
      "p95": 97243.24407064263,
      "p99": 100407.32973507284
    }
  },
  "details": {
    "DNSDialup": {
      "average": 0.00072526064,
      "fastest": 0.000073618,
      "slowest": 0.001448596
    },
    "DNSLookup": {
      "average": 0.0000065805399999999985,
      "fastest": 0.000003607,
      "slowest": 0.000026199
    }
  },
  "statusCodeDistribution": {
    "200": 815158
  },
  "errorDistribution": {}
}