{
  "summary": {
    "successRate": 1,
    "total": 10.000793052,
    "slowest": 0.006513086,
    "fastest": 0.000036478,
    "average": 0.0007097081890369116,
    "requestsPerSec": 70277.52662669535,
    "totalData": 9136803,
    "sizePerRequest": 13,
    "sizePerSec": 913607.8461470397
  },
  "responseTimeHistogram": {
    "0.000036478": 1,
    "0.0006841388": 353347,
    "0.0013317996": 323996,
    "0.0019794604000000003": 24407,
    "0.0026271212": 993,
    "0.003274782": 60,
    "0.0039224428": 20,
    "0.004570103600000001": 5,
    "0.005217764400000001": 0,
    "0.005865425200000001": 0,
    "0.006513086": 2
  },
  "latencyPercentiles": {
    "p10": 0.000376482,
    "p25": 0.000463526,
    "p50": 0.00068163,
    "p75": 0.000907389,
    "p90": 0.001031484,
    "p95": 0.001219332,
    "p99": 0.001673601
  },
  "rps": {
    "mean": 70272.94789072486,
    "stddev": 12647.905213360069,
    "max": 101209.50357239187,
    "percentiles": {
      "p10": 54651.191771331454,
      "p25": 60080.2648265848,
      "p50": 69216.66737350085,
      "p75": 79215.67072239252,
      "p90": 88482.26195894578,
      "p95": 92645.41478231722,
      "p99": 97803.00348509151
    }
  },
  "details": {
    "DNSDialup": {
      "average": 0.00070035952,
      "fastest": 0.000082286,
      "slowest": 0.001445664
    },
    "DNSLookup": {
      "average": 0.000006288499999999998,
      "fastest": 0.000003186,
      "slowest": 0.00002689
    }
  },
  "statusCodeDistribution": {
    "200": 702831
  },
  "errorDistribution": {}
}