{
  "summary": {
    "successRate": 1,
    "total": 10.000601608,
    "slowest": 0.004893178,
    "fastest": 0.000039413,
    "average": 0.000605356012242773,
    "requestsPerSec": 82402.94257305245,
    "totalData": 10713027,
    "sizePerRequest": 13,
    "sizePerSec": 1071238.253449682
  },
  "responseTimeHistogram": {
    "0.000039413": 1,
    "0.0005247895": 361328,
    "0.0010101659999999998": 417241,
    "0.0014955424999999998": 39623,
    "0.001980919": 5678,
    "0.0024662954999999996": 147,
    "0.0029516719999999994": 30,
    "0.0034370484999999996": 10,
    "0.003922424999999999": 13,
    "0.0044078015": 0,
    "0.004893178": 8
  },
  "latencyPercentiles": {
    "p10": 0.000342839,
    "p25": 0.000429444,
    "p50": 0.000560082,
    "p75": 0.000737598,
    "p90": 0.000920352,
    "p95": 0.001028862,
    "p99": 0.001417215
  },
  "rps": {
    "mean": 82401.71650592759,
    "stddev": 12647.607903155147,
    "max": 104081.8935171129,
    "percentiles": {
      "p10": 62029.496732009095,
      "p25": 74490.98829938588,
      "p50": 85312.63480120046,
      "p75": 92423.62347815569,
      "p90": 96136.80719718112,
      "p95": 98379.19770862715,
      "p99": 101275.31845433495
    }
  },
  "details": {
    "DNSDialup": {
      "average": 0.00075629536,
      "fastest": 0.000090699,
      "slowest": 0.001327495
    },
    "DNSLookup": {
      "average": 0.00000637038,
      "fastest": 0.000002895,
      "slowest": 0.000033552
    }
  },
  "statusCodeDistribution": {
    "200": 824079
  },
  "errorDistribution": {}
}