{
  "summary": {
    "successRate": 1,
    "total": 10.000657724,
    "slowest": 0.004507997,
    "fastest": 0.000038189,
    "average": 0.0006856794706170847,
    "requestsPerSec": 72738.21583297294,
    "totalData": 9456590,
    "sizePerRequest": 13,
    "sizePerSec": 945596.8058286484
  },
  "responseTimeHistogram": {
    "0.000038189": 1,
    "0.0004851698": 223558,
    "0.0009321506": 369517,
    "0.0013791314000000002": 115147,
    "0.0018261122": 16552,
    "0.002273093": 2470,
    "0.0027200738": 113,
    "0.0031670546": 35,
    "0.0036140354": 11,
    "0.0040610162": 14,
    "0.004507997": 12
  },
  "latencyPercentiles": {
    "p10": 0.000366654,
    "p25": 0.000450466,
    "p50": 0.000652469,
    "p75": 0.000876652,
    "p90": 0.001004934,
    "p95": 0.001169036,
    "p99": 0.001621932
  },
  "rps": {
    "mean": 72738.30900898775,
    "stddev": 12758.091311668548,
    "max": 104112.39978680712,
    "percentiles": {
      "p10": 56871.32801960532,
      "p25": 62780.93089801579,
      "p50": 71031.5095776454,
      "p75": 82220.10281513838,
      "p90": 91183.26925287224,
      "p95": 94664.23915269243,
      "p99": 100577.46476336064
    }
  },
  "details": {
    "DNSDialup": {
      "average": 0.0005363170199999999,
      "fastest": 0.00007004,
      "slowest": 0.000902593
    },
    "DNSLookup": {
      "average": 0.000006523299999999999,
      "fastest": 0.000003306,
      "slowest": 0.000039254
    }
  },
  "statusCodeDistribution": {
    "200": 727430
  },
  "errorDistribution": {}
}