{
  "summary": {
    "successRate": 1,
    "total": 10.000659588,
    "slowest": 0.004974411,
    "fastest": 0.000049813,
    "average": 0.0006798216301789099,
    "requestsPerSec": 73381.45984696625,
    "totalData": 9540219,
    "sizePerRequest": 13,
    "sizePerSec": 953958.9780105612
  },
  "responseTimeHistogram": {
    "0.000049813": 1,
    "0.0005422728": 282012,
    "0.0010347325999999998": 394062,
    "0.0015271923999999996": 47557,
    "0.0020196522": 9922,
    "0.002512112": 237,
    "0.0030045717999999996": 39,
    "0.0034970315999999996": 12,
    "0.0039894914": 2,
    "0.0044819512": 6,
    "0.004974411": 13
  },
  "latencyPercentiles": {
    "p10": 0.000366987,
    "p25": 0.000451352,
    "p50": 0.000644123,
    "p75": 0.000863923,
    "p90": 0.000999132,
    "p95": 0.001164057,
    "p99": 0.001604971
  },
  "rps": {
    "mean": 73358.00021235328,
    "stddev": 12222.661540660367,
    "max": 102247.47350194486,
    "percentiles": {
      "p10": 57234.47239288758,
      "p25": 63719.600149010315,
      "p50": 73075.42114216062,
      "p75": 82833.76304181915,
      "p90": 89773.20106814973,
      "p95": 93609.31980000496,
      "p99": 99576.13457880041
    }
  },
  "details": {
    "DNSDialup": {
      "average": 0.0006442439599999999,
      "fastest": 0.000079167,
      "slowest": 0.0009884
    },
    "DNSLookup": {
      "average": 0.000006180939999999999,
      "fastest": 0.000003607,
      "slowest": 0.000026219
    }
  },
  "statusCodeDistribution": {
    "200": 733863
  },
  "errorDistribution": {}
}