{
  "summary": {
    "successRate": 1,
    "total": 10.000671492,
    "slowest": 0.003873666,
    "fastest": 0.000043271,
    "average": 0.000662899741911318,
    "requestsPerSec": 75254.3467308205,
    "totalData": 9783722,
    "sizePerRequest": 13,
    "sizePerSec": 978306.5075006665
  },
  "responseTimeHistogram": {
    "0.000043271": 1,
    "0.0004263105": 152101,
    "0.00080935": 390784,
    "0.0011923895": 178261,
    "0.0015754290000000002": 24933,
    "0.0019584685000000003": 6110,
    "0.002341508": 286,
    "0.0027245475": 63,
    "0.003107587": 25,
    "0.0034906265000000003": 19,
    "0.0038736660000000004": 11
  },
  "latencyPercentiles": {
    "p10": 0.000370994,
    "p25": 0.000451325,
    "p50": 0.000620676,
    "p75": 0.000834796,
    "p90": 0.000965116,
    "p95": 0.001130082,
    "p99": 0.001542677
  },
  "rps": {
    "mean": 75240.9668096931,
    "stddev": 11549.042545681687,
    "max": 104453.22948615372,
    "percentiles": {
      "p10": 60732.95050194677,
      "p25": 66547.12904761052,
      "p50": 74607.46074607062,
      "p75": 83802.72358852047,
      "p90": 91318.55593056133,
      "p95": 95132.712736366,
      "p99": 99468.19145749955
    }
  },
  "details": {
    "DNSDialup": {
      "average": 0.00069559736,
      "fastest": 0.000120917,
      "slowest": 0.001430657
    },
    "DNSLookup": {
      "average": 0.000006974520000000002,
      "fastest": 0.000003306,
      "slowest": 0.000037009
    }
  },
  "statusCodeDistribution": {
    "200": 752594
  },
  "errorDistribution": {}
}