{
  "summary": {
    "successRate": 1,
    "total": 10.000651383,
    "slowest": 0.003681211,
    "fastest": 0.000051666,
    "average": 0.0006738203704373826,
    "requestsPerSec": 74033.8775590734,
    "totalData": 9625031,
    "sizePerRequest": 13,
    "sizePerSec": 962440.4082679542
  },
  "responseTimeHistogram": {
    "0.000051666": 1,
    "0.00041462050000000005": 134582,
    "0.0007775750000000001": 357318,
    "0.0011405294999999999": 210726,
    "0.001503484": 27223,
    "0.0018664385000000002": 9347,
    "0.002229393": 1058,
    "0.0025923475000000002": 71,
    "0.0029553020000000004": 28,
    "0.0033182565000000005": 4,
    "0.0036812110000000006": 29
  },
  "latencyPercentiles": {
    "p10": 0.000370584,
    "p25": 0.000449973,
    "p50": 0.000637885,
    "p75": 0.000851131,
    "p90": 0.000987863,
    "p95": 0.001147667,
    "p99": 0.001583676
  },
  "rps": {
    "mean": 74053.56470404634,
    "stddev": 12117.884947473249,
    "max": 102743.65577934124,
    "percentiles": {
      "p10": 58481.79263518029,
      "p25": 64511.218500898685,
      "p50": 73624.76000680028,
      "p75": 83141.85360910457,
      "p90": 90791.64300004939,
      "p95": 93757.40873577692,
      "p99": 98944.99028708201
    }
  },
  "details": {
    "DNSDialup": {
      "average": 0.0006467409199999999,
      "fastest": 0.000063697,
      "slowest": 0.00134304
    },
    "DNSLookup": {
      "average": 0.000007344360000000002,
      "fastest": 0.000003557,
      "slowest": 0.00002686
    }
  },
  "statusCodeDistribution": {
    "200": 740387
  },
  "errorDistribution": {}
}