{
  "summary": {
    "successRate": 1,
    "total": 10.000702046,
    "slowest": 0.004054111,
    "fastest": 0.000043138,
    "average": 0.0006649754138773749,
    "requestsPerSec": 75020.3332275139,
    "totalData": 9753328,
    "sizePerRequest": 13,
    "sizePerSec": 975264.3319576805
  },
  "responseTimeHistogram": {
    "0.000043138": 1,
    "0.0004442353": 191817,
    "0.0008453326": 371086,
    "0.0012464299": 160222,
    "0.0016475272": 21983,
    "0.0020486245": 4942,
    "0.0024497217999999996": 137,
    "0.0028508190999999997": 28,
    "0.0032519164": 7,
    "0.0036530137": 14,
    "0.004054111": 19
  },
  "latencyPercentiles": {
    "p10": 0.000365169,
    "p25": 0.000441391,
    "p50": 0.000626375,
    "p75": 0.000845086,
    "p90": 0.0009762,
    "p95": 0.001136909,
    "p99": 0.001564632
  },
  "rps": {
    "mean": 75004.67211214271,
    "stddev": 12623.181686169837,
    "max": 103942.85563938314,
    "percentiles": {
      "p10": 58816.66294127614,
      "p25": 64467.782250963486,
      "p50": 74539.40898552908,
      "p75": 84659.08357442573,
      "p90": 92469.99978983632,
      "p95": 95550.5685859796,
      "p99": 100232.09431660044
    }
  },
  "details": {
    "DNSDialup": {
      "average": 0.00071204246,
      "fastest": 0.000070389,
      "slowest": 0.00155331
    },
    "DNSLookup": {
      "average": 0.00000636486,
      "fastest": 0.000003246,
      "slowest": 0.000030557
    }
  },
  "statusCodeDistribution": {
    "200": 750256
  },
  "errorDistribution": {}
}