{
  "summary": {
    "successRate": 1,
    "total": 10.000718663,
    "slowest": 0.004425286,
    "fastest": 0.000043802,
    "average": 0.0006956054082746713,
    "requestsPerSec": 71714.94611216821,
    "totalData": 9323613,
    "sizePerRequest": 13,
    "sizePerSec": 932294.2994581868
  },
  "responseTimeHistogram": {
    "0.000043802": 1,
    "0.0004819504": 200211,
    "0.0009200988": 372778,
    "0.0013582472": 121643,
    "0.0017963955999999999": 19250,
    "0.0022345439999999998": 3132,
    "0.0026726924": 106,
    "0.0031108408": 38,
    "0.0035489892": 14,
    "0.0039871376": 15,
    "0.004425286": 13
  },
  "latencyPercentiles": {
    "p10": 0.000372593,
    "p25": 0.000463656,
    "p50": 0.000664477,
    "p75": 0.00087804,
    "p90": 0.001014416,
    "p95": 0.001198365,
    "p99": 0.001644781
  },
  "rps": {
    "mean": 71705.39138895822,
    "stddev": 11644.679483441712,
    "max": 101559.00578235941,
    "percentiles": {
      "p10": 56823.42829948953,
      "p25": 62446.66642398488,
      "p50": 71110.33944335548,
      "p75": 80357.51187124624,
      "p90": 87556.76304948637,
      "p95": 91081.33201833568,
      "p99": 96480.57304050066
    }
  },
  "details": {
    "DNSDialup": {
      "average": 0.0006962022200000001,
      "fastest": 0.000095548,
      "slowest": 0.001325235
    },
    "DNSLookup": {
      "average": 0.00000665988,
      "fastest": 0.000003277,
      "slowest": 0.000033282
    }
  },
  "statusCodeDistribution": {
    "200": 717201
  },
  "errorDistribution": {}
}