{
  "summary": {
    "successRate": 1,
    "total": 10.00064391,
    "slowest": 0.005190848,
    "fastest": 0.000040829,
    "average": 0.000686519010170413,
    "requestsPerSec": 72667.02089785736,
    "totalData": 9447321,
    "sizePerRequest": 13,
    "sizePerSec": 944671.2716721457
  },
  "responseTimeHistogram": {
    "0.000040829": 1,
    "0.0005558309": 291837,
    "0.0010708328": 387153,
    "0.0015858346999999997": 39718,
    "0.0021008366": 7788,
    "0.0026158385": 146,
    "0.0031308403999999995": 50,
    "0.0036458422999999995": 8,
    "0.0041608441999999995": 10,
    "0.0046758461": 0,
    "0.005190848": 6
  },
  "latencyPercentiles": {
    "p10": 0.000380321,
    "p25": 0.000452489,
    "p50": 0.000655115,
    "p75": 0.000870429,
    "p90": 0.000991956,
    "p95": 0.001168875,
    "p99": 0.001607179
  },
  "rps": {
    "mean": 72647.76880416265,
    "stddev": 11960.185893648446,
    "max": 101915.66443762563,
    "percentiles": {
      "p10": 57129.72459570175,
      "p25": 63106.708243082125,
      "p50": 72115.90155629093,
      "p75": 81104.16875427486,
      "p90": 89104.59779724879,
      "p95": 94263.1374494654,
      "p99": 98824.09341410024
    }
  },
  "details": {
    "DNSDialup": {
      "average": 0.0006548835399999999,
      "fastest": 0.000109455,
      "slowest": 0.001047286
    },
    "DNSLookup": {
      "average": 0.0000063575600000000005,
      "fastest": 0.000003347,
      "slowest": 0.000030297
    }
  },
  "statusCodeDistribution": {
    "200": 726717
  },
  "errorDistribution": {}
}