{
  "summary": {
    "successRate": 1,
    "total": 10.000883478,
    "slowest": 0.00431803,
    "fastest": 0.000048631,
    "average": 0.0006308537117286773,
    "requestsPerSec": 79068.51447069724,
    "totalData": 10279815,
    "sizePerRequest": 13,
    "sizePerSec": 1027890.6881190642
  },
  "responseTimeHistogram": {
    "0.000048631": 1,
    "0.0004755708999999999": 254655,
    "0.0009025107999999999": 427587,
    "0.0013294506999999996": 93542,
    "0.0017563905999999996": 12894,
    "0.0021833304999999996": 1923,
    "0.0026102703999999993": 89,
    "0.0030372102999999995": 27,
    "0.0034641501999999992": 10,
    "0.003891090099999999": 13,
    "0.00431803": 14
  },
  "latencyPercentiles": {
    "p10": 0.000366492,
    "p25": 0.000442989,
    "p50": 0.000575192,
    "p75": 0.000779048,
    "p90": 0.000947659,
    "p95": 0.001066756,
    "p99": 0.001481648
  },
  "rps": {
    "mean": 79070.8687283133,
    "stddev": 11987.017812461087,
    "max": 99167.87049056205,
    "percentiles": {
      "p10": 60059.48291186989,
      "p25": 70591.11194819544,
      "p50": 81911.50856695458,
      "p75": 88263.8707023444,
      "p90": 92398.60779423732,
      "p95": 94371.34060600094,
      "p99": 97102.01001160312
    }
  },
  "details": {
    "DNSDialup": {
      "average": 0.0005012904000000001,
      "fastest": 0.00006924,
      "slowest": 0.000835017
    },
    "DNSLookup": {
      "average": 0.000006299539999999998,
      "fastest": 0.000003256,
      "slowest": 0.000036218
    }
  },
  "statusCodeDistribution": {
    "200": 790755
  },
  "errorDistribution": {}
}