{
  "summary": {
    "successRate": 1,
    "total": 10.000617118,
    "slowest": 0.005192113,
    "fastest": 0.00004834,
    "average": 0.0006754109043190925,
    "requestsPerSec": 73867.04153190639,
    "totalData": 9603308,
    "sizePerRequest": 13,
    "sizePerSec": 960271.5399147832
  },
  "responseTimeHistogram": {
    "0.00004834": 1,
    "0.0005627173": 307257,
    "0.0010770946": 385454,
    "0.0015914719": 38846,
    "0.0021058492": 7011,
    "0.0026202265": 87,
    "0.0031346038": 37,
    "0.0036489811": 20,
    "0.0041633584": 0,
    "0.0046777357": 0,
    "0.005192113": 3
  },
  "latencyPercentiles": {
    "p10": 0.000371183,
    "p25": 0.000449828,
    "p50": 0.000641599,
    "p75": 0.000854281,
    "p90": 0.000981676,
    "p95": 0.001161051,
    "p99": 0.001584271
  },
  "rps": {
    "mean": 73859.48982458991,
    "stddev": 12137.214600502111,
    "max": 104058.94939483196,
    "percentiles": {
      "p10": 58277.4390610223,
      "p25": 64041.73599934706,
      "p50": 73453.04044050163,
      "p75": 82539.0622136679,
      "p90": 90600.0362400144,
      "p95": 94849.72028346517,
      "p99": 100665.28232705091
    }
  },
  "details": {
    "DNSDialup": {
      "average": 0.00060813436,
      "fastest": 0.000082113,
      "slowest": 0.00088267
    },
    "DNSLookup": {
      "average": 0.000005739939999999999,
      "fastest": 0.000003056,
      "slowest": 0.000029566
    }
  },
  "statusCodeDistribution": {
    "200": 738716
  },
  "errorDistribution": {}
}