{
  "summary": {
    "successRate": 1,
    "total": 10.000603164,
    "slowest": 0.004942838,
    "fastest": 0.000046934,
    "average": 0.0007491305258081048,
    "requestsPerSec": 66552.5857876146,
    "totalData": 8652358,
    "sizePerRequest": 13,
    "sizePerSec": 865183.6152389898
  },
  "responseTimeHistogram": {
    "0.000046934": 1,
    "0.0005365244": 189402,
    "0.0010261148": 379109,
    "0.0015157051999999999": 80521,
    "0.0020052956": 14912,
    "0.002494886": 1452,
    "0.0029844764": 107,
    "0.0034740668": 32,
    "0.0039636572": 26,
    "0.0044532476": 3,
    "0.004942838": 1
  },
  "latencyPercentiles": {
    "p10": 0.000409965,
    "p25": 0.000512847,
    "p50": 0.000710171,
    "p75": 0.000940876,
    "p90": 0.001082711,
    "p95": 0.0012803,
    "p99": 0.001764499
  },
  "rps": {
    "mean": 66537.65528714278,
    "stddev": 10357.294295709306,
    "max": 96535.45747352495,
    "percentiles": {
      "p10": 54520.92513106423,
      "p25": 58915.6573268985,
      "p50": 65347.22644054852,
      "p75": 73511.43102752542,
      "p90": 80580.77491043143,
      "p95": 85138.61035980353,
      "p99": 90966.1961009038
    }
  },
  "details": {
    "DNSDialup": {
      "average": 0.0008745494199999999,
      "fastest": 0.00008743,
      "slowest": 0.001832477
    },
    "DNSLookup": {
      "average": 0.00000688768,
      "fastest": 0.000003777,
      "slowest": 0.000034494
    }
  },
  "statusCodeDistribution": {
    "200": 665566
  },
  "errorDistribution": {}
}