{
  "summary": {
    "successRate": 1,
    "total": 10.000821702,
    "slowest": 0.003995751,
    "fastest": 0.000043693,
    "average": 0.0006864633428725062,
    "requestsPerSec": 72662.72928900179,
    "totalData": 9446931,
    "sizePerRequest": 13,
    "sizePerSec": 944615.4807570231
  },
  "responseTimeHistogram": {
    "0.000043693": 1,
    "0.0004388988": 154698,
    "0.0008341046": 360325,
    "0.0012293104": 181713,
    "0.0016245162": 23479,
    "0.002019722": 6145,
    "0.0024149278": 253,
    "0.0028101336": 29,
    "0.0032053394": 22,
    "0.0036005451999999998": 16,
    "0.003995751": 6
  },
  "latencyPercentiles": {
    "p10": 0.000383194,
    "p25": 0.000457135,
    "p50": 0.000658631,
    "p75": 0.000865706,
    "p90": 0.000982393,
    "p95": 0.001159946,
    "p99": 0.001596787
  },
  "rps": {
    "mean": 72658.39547327555,
    "stddev": 11440.439133510878,
    "max": 102310.11847071673,
    "percentiles": {
      "p10": 57825.22631009538,
      "p25": 63839.75301420382,
      "p50": 72199.1583240465,
      "p75": 81025.64832803291,
      "p90": 88418.91280544912,
      "p95": 91724.1142696417,
      "p99": 96918.23101152689
    }
  },
  "details": {
    "DNSDialup": {
      "average": 0.0008090836200000002,
      "fastest": 0.000095789,
      "slowest": 0.001480028
    },
    "DNSLookup": {
      "average": 0.00002223762,
      "fastest": 0.000002825,
      "slowest": 0.000807436
    }
  },
  "statusCodeDistribution": {
    "200": 726687
  },
  "errorDistribution": {}
}