{
  "summary": {
    "successRate": 1,
    "total": 10.000644384,
    "slowest": 0.004344045,
    "fastest": 0.000043692,
    "average": 0.0007492906695425999,
    "requestsPerSec": 66536.21251292361,
    "totalData": 8650265,
    "sizePerRequest": 13,
    "sizePerSec": 864970.7626680069
  },
  "responseTimeHistogram": {
    "0.000043692": 1,
    "0.00047372730000000006": 138481,
    "0.0009037626000000001": 327751,
    "0.0013337979": 169781,
    "0.0017638332": 22547,
    "0.0021938685000000005": 6470,
    "0.0026239038": 282,
    "0.0030539391000000003": 40,
    "0.0034839744000000005": 26,
    "0.0039140097": 13,
    "0.004344045": 13
  },
  "latencyPercentiles": {
    "p10": 0.000400377,
    "p25": 0.00050163,
    "p50": 0.000714368,
    "p75": 0.000950997,
    "p90": 0.001087307,
    "p95": 0.001282963,
    "p99": 0.001772405
  },
  "rps": {
    "mean": 66488.68869798162,
    "stddev": 10894.176254297703,
    "max": 95502.75703766356,
    "percentiles": {
      "p10": 53248.25356738244,
      "p25": 58402.56073690581,
      "p50": 65508.58817591201,
      "p75": 74133.90807816779,
      "p90": 81465.098760417,
      "p95": 84999.5599846205,
      "p99": 92551.23636445102
    }
  },
  "details": {
    "DNSDialup": {
      "average": 0.0008236938800000001,
      "fastest": 0.000091702,
      "slowest": 0.001384532
    },
    "DNSLookup": {
      "average": 0.000006598880000000001,
      "fastest": 0.000003156,
      "slowest": 0.000043051
    }
  },
  "statusCodeDistribution": {
    "200": 665405
  },
  "errorDistribution": {}
}