{
  "summary": {
    "successRate": 1,
    "total": 10.000667102,
    "slowest": 0.003745123,
    "fastest": 0.000040244,
    "average": 0.00070109369726146,
    "requestsPerSec": 71145.75385253134,
    "totalData": 9249565,
    "sizePerRequest": 13,
    "sizePerSec": 924894.8000829075
  },
  "responseTimeHistogram": {
    "0.000040244": 1,
    "0.0004107319": 95770,
    "0.0007812198": 345638,
    "0.0011517077": 231359,
    "0.0015221956": 27430,
    "0.0018926835": 9866,
    "0.0022631714": 1284,
    "0.0026336593": 95,
    "0.0030041472": 35,
    "0.0033746351": 13,
    "0.003745123": 14
  },
  "latencyPercentiles": {
    "p10": 0.000391897,
    "p25": 0.000467241,
    "p50": 0.000665741,
    "p75": 0.000887893,
    "p90": 0.001012624,
    "p95": 0.001183075,
    "p99": 0.001639844
  },
  "rps": {
    "mean": 71168.41087344635,
    "stddev": 11361.463187877342,
    "max": 99650.78897437395,
    "percentiles": {
      "p10": 56579.05225180791,
      "p25": 62398.27103705557,
      "p50": 70643.75674292818,
      "p75": 79900.17578038611,
      "p90": 86733.46176954792,
      "p95": 90646.92791458554,
      "p99": 95902.07148474715
    }
  },
  "details": {
    "DNSDialup": {
      "average": 0.0006995527400000001,
      "fastest": 0.000066635,
      "slowest": 0.001663052
    },
    "DNSLookup": {
      "average": 0.000006445999999999999,
      "fastest": 0.000003116,
      "slowest": 0.000030398
    }
  },
  "statusCodeDistribution": {
    "200": 711505
  },
  "errorDistribution": {}
}