{
  "summary": {
    "successRate": 1,
    "total": 10.000590466,
    "slowest": 0.003851236,
    "fastest": 0.000044556,
    "average": 0.0006222262088527391,
    "requestsPerSec": 80155.56708629247,
    "totalData": 10420839,
    "sizePerRequest": 13,
    "sizePerSec": 1042022.3721218023
  },
  "responseTimeHistogram": {
    "0.000044556": 1,
    "0.00042522400000000003": 175360,
    "0.000805892": 458745,
    "0.0011865600000000001": 143137,
    "0.0015672280000000002": 19783,
    "0.0019478960000000002": 4295,
    "0.002328564": 189,
    "0.0027092320000000002": 51,
    "0.0030899": 11,
    "0.003470568": 4,
    "0.003851236": 27
  },
  "latencyPercentiles": {
    "p10": 0.00036385,
    "p25": 0.000439448,
    "p50": 0.000566786,
    "p75": 0.000764463,
    "p90": 0.000938149,
    "p95": 0.001058844,
    "p99": 0.001451937
  },
  "rps": {
    "mean": 80149.00872755423,
    "stddev": 11758.598627139741,
    "max": 102045.59866018112,
    "percentiles": {
      "p10": 62039.94131421802,
      "p25": 72541.04664389472,
      "p50": 82484.07601868433,
      "p75": 89236.8458936686,
      "p90": 93115.7644989293,
      "p95": 95155.41851575024,
      "p99": 99072.15464169257
    }
  },
  "details": {
    "DNSDialup": {
      "average": 0.0007235364799999999,
      "fastest": 0.000096211,
      "slowest": 0.001389567
    },
    "DNSLookup": {
      "average": 0.000007813519999999999,
      "fastest": 0.000003777,
      "slowest": 0.000030066
    }
  },
  "statusCodeDistribution": {
    "200": 801603
  },
  "errorDistribution": {}
}