{
  "summary": {
    "successRate": 1,
    "total": 10.000608083,
    "slowest": 0.00482063,
    "fastest": 0.000042762,
    "average": 0.0007297473879226534,
    "requestsPerSec": 68335.24464994276,
    "totalData": 8884122,
    "sizePerRequest": 13,
    "sizePerSec": 888358.1804492559
  },
  "responseTimeHistogram": {
    "0.000042762": 1,
    "0.0005205488": 197597,
    "0.0009983356": 378868,
    "0.0014761224": 90426,
    "0.0019539092": 14475,
    "0.002431696": 1898,
    "0.0029094828": 85,
    "0.0033872696000000002": 23,
    "0.0038650564": 10,
    "0.0043428432": 9,
    "0.00482063": 2
  },
  "latencyPercentiles": {
    "p10": 0.000402832,
    "p25": 0.0004967,
    "p50": 0.000688797,
    "p75": 0.000921954,
    "p90": 0.001056742,
    "p95": 0.001237801,
    "p99": 0.001713323
  },
  "rps": {
    "mean": 68333.48610041243,
    "stddev": 10438.986165340342,
    "max": 96120.84175770081,
    "percentiles": {
      "p10": 55400.17174053241,
      "p25": 60769.35606607792,
      "p50": 67518.87827837087,
      "p75": 75473.33744199204,
      "p90": 82061.1092466966,
      "p95": 86721.558979561,
      "p99": 91791.41066622837
    }
  },
  "details": {
    "DNSDialup": {
      "average": 0.00093054416,
      "fastest": 0.000088055,
      "slowest": 0.001778798
    },
    "DNSLookup": {
      "average": 0.0000059399600000000005,
      "fastest": 0.000002604,
      "slowest": 0.000030587
    }
  },
  "statusCodeDistribution": {
    "200": 683394
  },
  "errorDistribution": {}
}