{
  "summary": {
    "successRate": 1,
    "total": 10.000584562,
    "slowest": 0.005233245,
    "fastest": 0.000040598,
    "average": 0.0006294897671835304,
    "requestsPerSec": 79235.46819562407,
    "totalData": 10301213,
    "sizePerRequest": 13,
    "sizePerSec": 1030061.0865431128
  },
  "responseTimeHistogram": {
    "0.000040598": 1,
    "0.0005598627": 391503,
    "0.0010791274": 363861,
    "0.0015983921": 32548,
    "0.0021176568": 4325,
    "0.0026369215": 106,
    "0.0031561862": 33,
    "0.0036754509": 11,
    "0.0041947156": 0,
    "0.0047139803": 1,
    "0.005233245": 12
  },
  "latencyPercentiles": {
    "p10": 0.000371585,
    "p25": 0.000437274,
    "p50": 0.000564511,
    "p75": 0.000784952,
    "p90": 0.000947206,
    "p95": 0.00106318,
    "p99": 0.001479535
  },
  "rps": {
    "mean": 79227.60760528037,
    "stddev": 12309.345408155174,
    "max": 100831.60062363552,
    "percentiles": {
      "p10": 59017.59016752948,
      "p25": 71049.3120359286,
      "p50": 82186.9012320936,
      "p75": 88665.79001619201,
      "p90": 93219.04465081853,
      "p95": 94942.03083704859,
      "p99": 98845.05357541837
    }
  },
  "details": {
    "DNSDialup": {
      "average": 0.00076633998,
      "fastest": 0.000072513,
      "slowest": 0.001083195
    },
    "DNSLookup": {
      "average": 0.00000675716,
      "fastest": 0.000002895,
      "slowest": 0.000028593
    }
  },
  "statusCodeDistribution": {
    "200": 792401
  },
  "errorDistribution": {}
}