{
  "summary": {
    "successRate": 1,
    "total": 10.00026629,
    "slowest": 0.003773844,
    "fastest": 0.000059661,
    "average": 0.0006074820265269456,
    "requestsPerSec": 82140.71267496217,
    "totalData": 10678577,
    "sizePerRequest": 13,
    "sizePerSec": 1067829.2647745083
  },
  "responseTimeHistogram": {
    "0.000059661": 1,
    "0.0004310793": 286402,
    "0.0008024976000000001": 348667,
    "0.0011739159": 164868,
    "0.0015453342": 15084,
    "0.0019167525": 5760,
    "0.0022881708000000002": 523,
    "0.0026595891": 38,
    "0.0030310074": 50,
    "0.0034024257000000004": 18,
    "0.003773844": 18
  },
  "latencyPercentiles": {
    "p10": 0.000355836,
    "p25": 0.000403274,
    "p50": 0.00050302,
    "p75": 0.000786602,
    "p90": 0.000930642,
    "p95": 0.001015275,
    "p99": 0.001482993
  },
  "rps": {
    "mean": 82140.45309240541,
    "stddev": 17166.77245533168,
    "max": 101019.08899642019,
    "percentiles": {
      "p10": 55922.419769116816,
      "p25": 62666.42013870426,
      "p50": 90403.2898779471,
      "p75": 96684.2032153567,
      "p90": 99100.27382971202,
      "p95": 99745.82840112422,
      "p99": 100365.73836546818
    }
  },
  "details": {
    "DNSDialup": {
      "average": 0.0007765919600000003,
      "fastest": 0.000094386,
      "slowest": 0.001250608
    },
    "DNSLookup": {
      "average": 0.000006518760000000001,
      "fastest": 0.000003056,
      "slowest": 0.000036949
    }
  },
  "statusCodeDistribution": {
    "200": 821429
  },
  "errorDistribution": {}
}