{
  "summary": {
    "successRate": 1,
    "total": 10.000644275,
    "slowest": 0.004069301,
    "fastest": 0.000045235,
    "average": 0.0006898487685556135,
    "requestsPerSec": 72296.94208876356,
    "totalData": 9399208,
    "sizePerRequest": 13,
    "sizePerSec": 939860.2471539264
  },
  "responseTimeHistogram": {
    "0.000045235": 1,
    "0.0004476416": 162866,
    "0.0008500482": 359937,
    "0.0012524548000000001": 171673,
    "0.0016548614": 22430,
    "0.0020572679999999997": 5831,
    "0.0024596746": 203,
    "0.0028620812": 20,
    "0.0032644878": 22,
    "0.0036668943999999997": 18,
    "0.004069301": 15
  },
  "latencyPercentiles": {
    "p10": 0.000376643,
    "p25": 0.000461428,
    "p50": 0.000657183,
    "p75": 0.000873266,
    "p90": 0.001005672,
    "p95": 0.001167984,
    "p99": 0.001619575
  },
  "rps": {
    "mean": 72282.41786826875,
    "stddev": 11535.509784299267,
    "max": 100994.31305831153,
    "percentiles": {
      "p10": 57508.36171579445,
      "p25": 63269.571220514634,
      "p50": 71938.09812417052,
      "p75": 80264.28366478597,
      "p90": 88610.34323277076,
      "p95": 91507.11720908099,
      "p99": 98329.19393768729
    }
  },
  "details": {
    "DNSDialup": {
      "average": 0.0006254050000000003,
      "fastest": 0.000075731,
      "slowest": 0.001446562
    },
    "DNSLookup": {
      "average": 0.000007227259999999998,
      "fastest": 0.000003136,
      "slowest": 0.000030116
    }
  },
  "statusCodeDistribution": {
    "200": 723016
  },
  "errorDistribution": {}
}