{
  "summary": {
    "successRate": 1,
    "total": 10.00097718,
    "slowest": 0.00377266,
    "fastest": 0.000053998,
    "average": 0.0006545768830983902,
    "requestsPerSec": 76195.95428373931,
    "totalData": 9906442,
    "sizePerRequest": 13,
    "sizePerSec": 990547.405688611
  },
  "responseTimeHistogram": {
    "0.000053998": 1,
    "0.0004258642": 143182,
    "0.0007977304": 415104,
    "0.0011695966": 173088,
    "0.0015414628": 22859,
    "0.001913329": 7031,
    "0.0022851952": 654,
    "0.0026570614": 35,
    "0.0030289276": 48,
    "0.0034007938": 17,
    "0.00377266": 15
  },
  "latencyPercentiles": {
    "p10": 0.000376621,
    "p25": 0.000455547,
    "p50": 0.000597412,
    "p75": 0.000815035,
    "p90": 0.000978513,
    "p95": 0.001107224,
    "p99": 0.001547134
  },
  "rps": {
    "mean": 76198.09064347115,
    "stddev": 12605.062554402946,
    "max": 99661.92227072836,
    "percentiles": {
      "p10": 57511.640356012096,
      "p25": 66509.78516436313,
      "p50": 79028.16563823524,
      "p75": 86112.07486543494,
      "p90": 91224.20178073556,
      "p95": 93491.5080050014,
      "p99": 96926.02463760975
    }
  },
  "details": {
    "DNSDialup": {
      "average": 0.0007485549000000002,
      "fastest": 0.000066745,
      "slowest": 0.001756437
    },
    "DNSLookup": {
      "average": 0.000006729240000000001,
      "fastest": 0.000003576,
      "slowest": 0.000034184
    }
  },
  "statusCodeDistribution": {
    "200": 762034
  },
  "errorDistribution": {}
}