{
  "summary": {
    "successRate": 1,
    "total": 10.00061012,
    "slowest": 0.00482869,
    "fastest": 0.000047997,
    "average": 0.0007083186699003047,
    "requestsPerSec": 70432.30278434252,
    "totalData": 9156758,
    "sizePerRequest": 13,
    "sizePerSec": 915619.9361964528
  },
  "responseTimeHistogram": {
    "0.000047997": 1,
    "0.0005260663": 234166,
    "0.0010041356": 379655,
    "0.0014822049": 75257,
    "0.0019602742": 12860,
    "0.0024383435": 1915,
    "0.0029164128000000004": 457,
    "0.0033944821000000003": 24,
    "0.0038725514000000003": 7,
    "0.0043506207": 17,
    "0.00482869": 7
  },
  "latencyPercentiles": {
    "p10": 0.000385645,
    "p25": 0.000474201,
    "p50": 0.000653201,
    "p75": 0.000882264,
    "p90": 0.001071176,
    "p95": 0.001303178,
    "p99": 0.001688268
  },
  "rps": {
    "mean": 70437.68212249342,
    "stddev": 13833.26008137444,
    "max": 107327.4221563634,
    "percentiles": {
      "p10": 54510.59686002638,
      "p25": 60907.09630886821,
      "p50": 69996.6218584353,
      "p75": 80163.0402148166,
      "p90": 89482.45021670513,
      "p95": 93105.0276714905,
      "p99": 98632.3843863198
    }
  },
  "details": {
    "DNSDialup": {
      "average": 0.0006225128399999999,
      "fastest": 0.000073617,
      "slowest": 0.00104646
    },
    "DNSLookup": {
      "average": 0.000006415639999999998,
      "fastest": 0.000003406,
      "slowest": 0.000030035
    }
  },
  "statusCodeDistribution": {
    "200": 704366
  },
  "errorDistribution": {}
}