{
  "summary": {
    "successRate": 1,
    "total": 10.000791955,
    "slowest": 0.005261064,
    "fastest": 0.000054351,
    "average": 0.0006143086489900345,
    "requestsPerSec": 81198.66943077509,
    "totalData": 10556663,
    "sizePerRequest": 13,
    "sizePerSec": 1055582.702600076
  },
  "responseTimeHistogram": {
    "0.000054351": 1,
    "0.0005750223": 420402,
    "0.0010956936": 359328,
    "0.0016163649": 28926,
    "0.0021370361999999998": 3298,
    "0.0026577074999999998": 48,
    "0.0031783787999999998": 22,
    "0.0036990500999999998": 22,
    "0.0042197214": 1,
    "0.0047403927": 0,
    "0.005261064": 3
  },
  "latencyPercentiles": {
    "p10": 0.000353447,
    "p25": 0.000421867,
    "p50": 0.000560499,
    "p75": 0.000770857,
    "p90": 0.000917144,
    "p95": 0.001036774,
    "p99": 0.001441159
  },
  "rps": {
    "mean": 81199.62270912128,
    "stddev": 13611.080937771741,
    "max": 108187.89688549619,
    "percentiles": {
      "p10": 60587.80401610786,
      "p25": 70540.44789281175,
      "p50": 83708.25363380898,
      "p75": 91935.05483640463,
      "p90": 97253.7824882342,
      "p95": 99971.57965103233,
      "p99": 103725.77990511945
    }
  },
  "details": {
    "DNSDialup": {
      "average": 0.0007288138999999999,
      "fastest": 0.000096316,
      "slowest": 0.00103063
    },
    "DNSLookup": {
      "average": 0.0000058391,
      "fastest": 0.000003066,
      "slowest": 0.000029184
    }
  },
  "statusCodeDistribution": {
    "200": 812051
  },
  "errorDistribution": {}
}