{
  "summary": {
    "successRate": 1,
    "total": 10.000620967,
    "slowest": 0.00427173,
    "fastest": 0.000049109,
    "average": 0.0006896777650748689,
    "requestsPerSec": 72324.50888666902,
    "totalData": 9402770,
    "sizePerRequest": 13,
    "sizePerSec": 940218.6155266972
  },
  "responseTimeHistogram": {
    "0.000049109": 1,
    "0.0004713710999999999": 196056,
    "0.0008936331999999999": 368442,
    "0.0013158953": 134715,
    "0.0017381573999999999": 20097,
    "0.0021604194999999995": 3813,
    "0.0025826815999999996": 90,
    "0.0030049436999999993": 32,
    "0.0034272057999999994": 18,
    "0.0038494678999999995": 14,
    "0.00427173": 12
  },
  "latencyPercentiles": {
    "p10": 0.00037772,
    "p25": 0.000459558,
    "p50": 0.000660175,
    "p75": 0.000869369,
    "p90": 0.001000091,
    "p95": 0.001183017,
    "p99": 0.001611742
  },
  "rps": {
    "mean": 72318.49957668888,
    "stddev": 11935.541699733129,
    "max": 102407.37333088268,
    "percentiles": {
      "p10": 57109.103191052374,
      "p25": 62613.85018366232,
      "p50": 71856.5205928636,
      "p75": 81258.45733420741,
      "p90": 88622.3328278726,
      "p95": 92125.31603684886,
      "p99": 97484.4600953926
    }
  },
  "details": {
    "DNSDialup": {
      "average": 0.00054987736,
      "fastest": 0.000085587,
      "slowest": 0.000913811
    },
    "DNSLookup": {
      "average": 0.000006017279999999999,
      "fastest": 0.000003557,
      "slowest": 0.000028854
    }
  },
  "statusCodeDistribution": {
    "200": 723290
  },
  "errorDistribution": {}
}