{
  "summary": {
    "successRate": 1,
    "total": 10.000849223,
    "slowest": 0.004314361,
    "fastest": 0.000039944,
    "average": 0.0006356609651611913,
    "requestsPerSec": 78474.73574494864,
    "totalData": 10202582,
    "sizePerRequest": 13,
    "sizePerSec": 1020171.5646843325
  },
  "responseTimeHistogram": {
    "0.000039944": 1,
    "0.0004673857": 244438,
    "0.0008948274": 422209,
    "0.0013222691": 101968,
    "0.0017497108": 13940,
    "0.0021771525": 2147,
    "0.0026045942": 55,
    "0.0030320359": 11,
    "0.0034594776": 19,
    "0.0038869193": 13,
    "0.004314361": 13
  },
  "latencyPercentiles": {
    "p10": 0.000368671,
    "p25": 0.000440297,
    "p50": 0.000577803,
    "p75": 0.000794579,
    "p90": 0.000949486,
    "p95": 0.001064649,
    "p99": 0.001491736
  },
  "rps": {
    "mean": 78479.29136022455,
    "stddev": 12867.25023015423,
    "max": 102015.88601798797,
    "percentiles": {
      "p10": 57309.30703146205,
      "p25": 68525.39461962008,
      "p50": 81870.26925209769,
      "p75": 88905.97251691458,
      "p90": 92852.48022181119,
      "p95": 95018.40404035091,
      "p99": 98667.94274537203
    }
  },
  "details": {
    "DNSDialup": {
      "average": 0.0005816631199999999,
      "fastest": 0.000077425,
      "slowest": 0.001246499
    },
    "DNSLookup": {
      "average": 0.00000619682,
      "fastest": 0.000002786,
      "slowest": 0.00004794
    }
  },
  "statusCodeDistribution": {
    "200": 784814
  },
  "errorDistribution": {}
}