{
  "summary": {
    "successRate": 1,
    "total": 10.000601786,
    "slowest": 0.004191484,
    "fastest": 0.000034623,
    "average": 0.0007272092270953007,
    "requestsPerSec": 68558.27425903667,
    "totalData": 8913112,
    "sizePerRequest": 13,
    "sizePerSec": 891257.5653674767
  },
  "responseTimeHistogram": {
    "0.000034623": 1,
    "0.00045030909999999995": 125592,
    "0.0008659951999999999": 353513,
    "0.0012816812999999997": 175224,
    "0.0016973673999999997": 24112,
    "0.0021130535": 6705,
    "0.0025287395999999997": 355,
    "0.0029444257": 71,
    "0.0033601117999999997": 24,
    "0.0037757978999999994": 16,
    "0.004191484": 11
  },
  "latencyPercentiles": {
    "p10": 0.000394832,
    "p25": 0.000494477,
    "p50": 0.000692124,
    "p75": 0.000913519,
    "p90": 0.001056183,
    "p95": 0.001247579,
    "p99": 0.001707551
  },
  "rps": {
    "mean": 68541.90765918643,
    "stddev": 10675.769910765272,
    "max": 97093.5916022795,
    "percentiles": {
      "p10": 55646.59846155091,
      "p25": 60793.122905662705,
      "p50": 67630.59608166544,
      "p75": 75904.51631872547,
      "p90": 83400.14689639225,
      "p95": 87653.76222970652,
      "p99": 93343.34865111244
    }
  },
  "details": {
    "DNSDialup": {
      "average": 0.0006499346800000001,
      "fastest": 0.000062066,
      "slowest": 0.0009983
    },
    "DNSLookup": {
      "average": 0.000006596279999999999,
      "fastest": 0.000002955,
      "slowest": 0.000032862
    }
  },
  "statusCodeDistribution": {
    "200": 685624
  },
  "errorDistribution": {}
}