{
  "summary": {
    "successRate": 1,
    "total": 10.000682018,
    "slowest": 0.003964086,
    "fastest": 0.000040825,
    "average": 0.0006491448859311266,
    "requestsPerSec": 76832.5598811175,
    "totalData": 9988914,
    "sizePerRequest": 13,
    "sizePerSec": 998823.2784545276
  },
  "responseTimeHistogram": {
    "0.000040825": 1,
    "0.00043315110000000003": 160208,
    "0.0008254772": 429388,
    "0.0012178033": 153375,
    "0.0016101294": 20223,
    "0.0020024555": 4833,
    "0.0023947816": 256,
    "0.0027871077": 44,
    "0.0031794338": 22,
    "0.0035717599": 17,
    "0.003964086": 11
  },
  "latencyPercentiles": {
    "p10": 0.000381363,
    "p25": 0.000450691,
    "p50": 0.00058697,
    "p75": 0.000808736,
    "p90": 0.000971508,
    "p95": 0.001097505,
    "p99": 0.001517849
  },
  "rps": {
    "mean": 76831.14635444598,
    "stddev": 12065.246171992361,
    "max": 97848.14289037182,
    "percentiles": {
      "p10": 57904.23859026703,
      "p25": 67655.51783603484,
      "p50": 79054.5159942307,
      "p75": 86213.27562284264,
      "p90": 90639.35560821096,
      "p95": 92568.49491950803,
      "p99": 96227.46289735397
    }
  },
  "details": {
    "DNSDialup": {
      "average": 0.0008159597600000001,
      "fastest": 0.000075919,
      "slowest": 0.001840351
    },
    "DNSLookup": {
      "average": 0.000007615460000000003,
      "fastest": 0.000003215,
      "slowest": 0.000035136
    }
  },
  "statusCodeDistribution": {
    "200": 768378
  },
  "errorDistribution": {}
}