{
  "summary": {
    "successRate": 1,
    "total": 10.00039299,
    "slowest": 0.003931489,
    "fastest": 0.000053617,
    "average": 0.0006245490038867186,
    "requestsPerSec": 79884.96060093335,
    "totalData": 10385453,
    "sizePerRequest": 13,
    "sizePerSec": 1038504.4878121335
  },
  "responseTimeHistogram": {
    "0.000053617": 1,
    "0.00044140419999999996": 260775,
    "0.0008291913999999999": 365690,
    "0.0012169785999999998": 150095,
    "0.0016047657999999998": 16283,
    "0.0019925529999999998": 5792,
    "0.0023803402": 155,
    "0.0027681274": 45,
    "0.0031559146": 24,
    "0.0035437017999999996": 3,
    "0.003931489": 18
  },
  "latencyPercentiles": {
    "p10": 0.000334346,
    "p25": 0.000403949,
    "p50": 0.000594556,
    "p75": 0.000794747,
    "p90": 0.000944779,
    "p95": 0.00103298,
    "p99": 0.001531201
  },
  "rps": {
    "mean": 79875.28338986778,
    "stddev": 18477.324356902773,
    "max": 104511.34993261576,
    "percentiles": {
      "p10": 56153.829060538665,
      "p25": 59984.93266615805,
      "p50": 84228.36811438134,
      "p75": 97728.61493845402,
      "p90": 101620.47578425595,
      "p95": 102806.63105779987,
      "p99": 103769.41135926162
    }
  },
  "details": {
    "DNSDialup": {
      "average": 0.0010173263200000003,
      "fastest": 0.000106649,
      "slowest": 0.00143357
    },
    "DNSLookup": {
      "average": 0.000006027380000000001,
      "fastest": 0.000003126,
      "slowest": 0.000027221
    }
  },
  "statusCodeDistribution": {
    "200": 798881
  },
  "errorDistribution": {}
}