{
  "summary": {
    "successRate": 1,
    "total": 10.000732871,
    "slowest": 0.004088131,
    "fastest": 0.000033035,
    "average": 0.0006878437080984769,
    "requestsPerSec": 72521.88508135585,
    "totalData": 9428536,
    "sizePerRequest": 13,
    "sizePerSec": 942784.5060576261
  },
  "responseTimeHistogram": {
    "0.000033035": 1,
    "0.0004385446": 155836,
    "0.0008440542": 367729,
    "0.0012495638": 171565,
    "0.0016550734": 23941,
    "0.002060583": 5863,
    "0.0024660926": 246,
    "0.0028716022": 42,
    "0.0032771118": 24,
    "0.0036826213999999998": 16,
    "0.004088131": 9
  },
  "latencyPercentiles": {
    "p10": 0.000376357,
    "p25": 0.00045721,
    "p50": 0.000652564,
    "p75": 0.000868515,
    "p90": 0.001006011,
    "p95": 0.001184804,
    "p99": 0.001622599
  },
  "rps": {
    "mean": 72525.93196548815,
    "stddev": 12196.996428519855,
    "max": 101393.37588039838,
    "percentiles": {
      "p10": 56687.14125944052,
      "p25": 63016.536480914154,
      "p50": 72151.6533686476,
      "p75": 81218.22536977234,
      "p90": 89766.57984221289,
      "p95": 93616.46713657018,
      "p99": 98199.2327018886
    }
  },
  "details": {
    "DNSDialup": {
      "average": 0.00082098676,
      "fastest": 0.000099662,
      "slowest": 0.001243285
    },
    "DNSLookup": {
      "average": 0.000006010860000000001,
      "fastest": 0.000003477,
      "slowest": 0.000024035
    }
  },
  "statusCodeDistribution": {
    "200": 725272
  },
  "errorDistribution": {}
}