{
  "summary": {
    "successRate": 1,
    "total": 10.000421899,
    "slowest": 0.005305845,
    "fastest": 0.000049216,
    "average": 0.0006048808797549512,
    "requestsPerSec": 82494.71955603141,
    "totalData": 10724766,
    "sizePerRequest": 13,
    "sizePerSec": 1072431.3542284083
  },
  "responseTimeHistogram": {
    "0.000049216": 1,
    "0.0005748789": 450721,
    "0.0011005417999999999": 347518,
    "0.0016262046999999998": 22166,
    "0.0021518676": 4430,
    "0.0026775304999999998": 76,
    "0.0032031933999999997": 41,
    "0.0037288562999999997": 23,
    "0.0042545192": 1,
    "0.0047801821": 0,
    "0.005305845": 5
  },
  "latencyPercentiles": {
    "p10": 0.000350428,
    "p25": 0.000400474,
    "p50": 0.000505161,
    "p75": 0.000781438,
    "p90": 0.000928508,
    "p95": 0.001011447,
    "p99": 0.00147363
  },
  "rps": {
    "mean": 82494.84772607766,
    "stddev": 16838.237845392785,
    "max": 101040.78005883374,
    "percentiles": {
      "p10": 56196.23605424319,
      "p25": 64121.343229929174,
      "p50": 90356.20781207149,
      "p75": 96509.01394190431,
      "p90": 99054.26192468284,
      "p95": 99759.8758774961,
      "p99": 100311.78663492916
    }
  },
  "details": {
    "DNSDialup": {
      "average": 0.00059167822,
      "fastest": 0.000064123,
      "slowest": 0.000862259
    },
    "DNSLookup": {
      "average": 0.000006228579999999999,
      "fastest": 0.000003206,
      "slowest": 0.000029285
    }
  },
  "statusCodeDistribution": {
    "200": 824982
  },
  "errorDistribution": {}
}