{
  "summary": {
    "successRate": 1,
    "total": 10.00070456,
    "slowest": 0.004352789,
    "fastest": 0.000039737,
    "average": 0.0006965393299210731,
    "requestsPerSec": 71609.35469130587,
    "totalData": 9309872,
    "sizePerRequest": 13,
    "sizePerSec": 930921.6109869762
  },
  "responseTimeHistogram": {
    "0.000039737": 1,
    "0.00047104220000000004": 190245,
    "0.0009023474000000001": 364030,
    "0.0013336526000000003": 138922,
    "0.0017649578000000002": 19210,
    "0.0021962630000000004": 3538,
    "0.0026275682000000008": 133,
    "0.0030588734000000007": 31,
    "0.0034901786000000007": 19,
    "0.0039214838": 12,
    "0.004352789": 3
  },
  "latencyPercentiles": {
    "p10": 0.000381912,
    "p25": 0.000462543,
    "p50": 0.000667159,
    "p75": 0.000883908,
    "p90": 0.001002682,
    "p95": 0.001185725,
    "p99": 0.001629624
  },
  "rps": {
    "mean": 71605.86136144609,
    "stddev": 11675.305543206627,
    "max": 103870.73232272318,
    "percentiles": {
      "p10": 56779.070533625374,
      "p25": 62441.44863360642,
      "p50": 70747.21788569837,
      "p75": 80193.5390872367,
      "p90": 88118.62827801738,
      "p95": 91645.54783727294,
      "p99": 96209.12062463567
    }
  },
  "details": {
    "DNSDialup": {
      "average": 0.0007759650600000001,
      "fastest": 0.000088652,
      "slowest": 0.00111875
    },
    "DNSLookup": {
      "average": 0.000006666499999999998,
      "fastest": 0.000003336,
      "slowest": 0.000035957
    }
  },
  "statusCodeDistribution": {
    "200": 716144
  },
  "errorDistribution": {}
}