{
  "summary": {
    "successRate": 1,
    "total": 10.000751206,
    "slowest": 0.005114379,
    "fastest": 0.000036238,
    "average": 0.0006593151104631517,
    "requestsPerSec": 75739.01044009233,
    "totalData": 9846811,
    "sizePerRequest": 13,
    "sizePerSec": 984607.1357212003
  },
  "responseTimeHistogram": {
    "0.000036238": 1,
    "0.0005440520999999999": 279111,
    "0.0010518662": 428263,
    "0.0015596802999999998": 44382,
    "0.0020674943999999997": 5445,
    "0.0025753085": 191,
    "0.0030831225999999995": 29,
    "0.0035909366999999992": 15,
    "0.004098750799999999": 4,
    "0.0046065648999999995": 0,
    "0.005114379": 6
  },
  "latencyPercentiles": {
    "p10": 0.000405537,
    "p25": 0.000488733,
    "p50": 0.000605169,
    "p75": 0.000786779,
    "p90": 0.000970441,
    "p95": 0.001122401,
    "p99": 0.001496475
  },
  "rps": {
    "mean": 75732.97236486197,
    "stddev": 8171.660546020362,
    "max": 97316.6216789815,
    "percentiles": {
      "p10": 65101.81924530093,
      "p25": 71022.1518091417,
      "p50": 76171.59174472195,
      "p75": 81168.1812722742,
      "p90": 85353.44913793051,
      "p95": 88386.505844117,
      "p99": 92126.3422868299
    }
  },
  "details": {
    "DNSDialup": {
      "average": 0.0006478688599999999,
      "fastest": 0.000083624,
      "slowest": 0.001012259
    },
    "DNSLookup": {
      "average": 0.000006100499999999999,
      "fastest": 0.000003206,
      "slowest": 0.000037419
    }
  },
  "statusCodeDistribution": {
    "200": 757447
  },
  "errorDistribution": {}
}