{
  "summary": {
    "successRate": 1,
    "total": 10.000798056,
    "slowest": 0.003958541,
    "fastest": 0.000057718,
    "average": 0.0006844934539836807,
    "requestsPerSec": 72879.1838330067,
    "totalData": 9475050,
    "sizePerRequest": 13,
    "sizePerSec": 947429.389829087
  },
  "responseTimeHistogram": {
    "0.000057718": 1,
    "0.00044780030000000004": 172080,
    "0.0008378826000000001": 351442,
    "0.0012279649": 174572,
    "0.0016180472000000001": 23862,
    "0.0020081295": 6594,
    "0.0023982118": 217,
    "0.0027882941000000002": 28,
    "0.0031783764000000003": 30,
    "0.0035684587000000003": 15,
    "0.003958541": 9
  },
  "latencyPercentiles": {
    "p10": 0.000371925,
    "p25": 0.000455504,
    "p50": 0.000656187,
    "p75": 0.000865648,
    "p90": 0.000994178,
    "p95": 0.001166618,
    "p99": 0.001604679
  },
  "rps": {
    "mean": 72879.45168251536,
    "stddev": 12338.168785460204,
    "max": 102078.44165604666,
    "percentiles": {
      "p10": 57284.44873432702,
      "p25": 62627.50600063485,
      "p50": 72254.2844328598,
      "p75": 82058.81349777507,
      "p90": 90256.17929264587,
      "p95": 93359.12433344207,
      "p99": 98412.61060394823
    }
  },
  "details": {
    "DNSDialup": {
      "average": 0.0008021267400000002,
      "fastest": 0.000103882,
      "slowest": 0.001109321
    },
    "DNSLookup": {
      "average": 0.00000616888,
      "fastest": 0.000002916,
      "slowest": 0.000029184
    }
  },
  "statusCodeDistribution": {
    "200": 728850
  },
  "errorDistribution": {}
}