{
  "summary": {
    "successRate": 1,
    "total": 10.000322677,
    "slowest": 0.003806736,
    "fastest": 0.000039423,
    "average": 0.0006966583509053777,
    "requestsPerSec": 71615.28913933464,
    "totalData": 9310288,
    "sizePerRequest": 13,
    "sizePerSec": 930998.7588113503
  },
  "responseTimeHistogram": {
    "0.000039423": 1,
    "0.0004161543": 151818,
    "0.0007928856": 288205,
    "0.0011696169": 244195,
    "0.0015463482": 20864,
    "0.0019230795": 10188,
    "0.0022998107999999996": 748,
    "0.0026765420999999997": 77,
    "0.0030532733999999997": 55,
    "0.0034300046999999998": 21,
    "0.003806736": 4
  },
  "latencyPercentiles": {
    "p10": 0.000367698,
    "p25": 0.000433181,
    "p50": 0.000712314,
    "p75": 0.000888864,
    "p90": 0.000990088,
    "p95": 0.001129474,
    "p99": 0.001669075
  },
  "rps": {
    "mean": 71608.85796005915,
    "stddev": 18086.569530261353,
    "max": 103047.57706633012,
    "percentiles": {
      "p10": 54274.986321097866,
      "p25": 56310.37237059484,
      "p50": 61438.33455408072,
      "p75": 92049.6939999461,
      "p90": 97912.56218172584,
      "p95": 99909.89050740191,
      "p99": 101034.22029041025
    }
  },
  "details": {
    "DNSDialup": {
      "average": 0.0007560742799999999,
      "fastest": 0.000096123,
      "slowest": 0.001097469
    },
    "DNSLookup": {
      "average": 0.000006198040000000001,
      "fastest": 0.000003146,
      "slowest": 0.000028052
    }
  },
  "statusCodeDistribution": {
    "200": 716176
  },
  "errorDistribution": {}
}