{
  "summary": {
    "successRate": 1,
    "total": 10.000783669,
    "slowest": 0.003535642,
    "fastest": 0.00004302,
    "average": 0.0006649818191839356,
    "requestsPerSec": 75015.12129749078,
    "totalData": 9752730,
    "sizePerRequest": 13,
    "sizePerSec": 975196.5768673803
  },
  "responseTimeHistogram": {
    "0.00004302": 1,
    "0.0003922822": 109394,
    "0.0007415443999999999": 378410,
    "0.0010908066": 216020,
    "0.0014400688": 33254,
    "0.001789331": 10726,
    "0.0021385932": 2081,
    "0.0024878554": 207,
    "0.0028371176": 50,
    "0.0031863798": 53,
    "0.003535642": 14
  },
  "latencyPercentiles": {
    "p10": 0.000362084,
    "p25": 0.000452978,
    "p50": 0.00062086,
    "p75": 0.000834059,
    "p90": 0.000985036,
    "p95": 0.001159722,
    "p99": 0.00156416
  },
  "rps": {
    "mean": 75006.65410917455,
    "stddev": 11681.217460188625,
    "max": 103891.81959015438,
    "percentiles": {
      "p10": 60111.64362536855,
      "p25": 66312.0605508181,
      "p50": 74404.49185362029,
      "p75": 83100.33240132936,
      "p90": 90714.25460367379,
      "p95": 95001.56752586512,
      "p99": 101083.1946782117
    }
  },
  "details": {
    "DNSDialup": {
      "average": 0.0006629699399999998,
      "fastest": 0.0000849,
      "slowest": 0.001320117
    },
    "DNSLookup": {
      "average": 0.000007899199999999997,
      "fastest": 0.000002846,
      "slowest": 0.000039293
    }
  },
  "statusCodeDistribution": {
    "200": 750210
  },
  "errorDistribution": {}
}