{
  "summary": {
    "successRate": 1,
    "total": 10.000662387,
    "slowest": 0.004268167,
    "fastest": 0.000037069,
    "average": 0.0006290953551924859,
    "requestsPerSec": 79284.1483210846,
    "totalData": 10307622,
    "sizePerRequest": 13,
    "sizePerSec": 1030693.9281740999
  },
  "responseTimeHistogram": {
    "0.000037069": 1,
    "0.0004601788": 235753,
    "0.0008832886000000001": 435570,
    "0.0013063984000000002": 105055,
    "0.0017295082000000001": 14015,
    "0.002152618": 2348,
    "0.0025757278": 73,
    "0.0029988376": 46,
    "0.0034219474": 11,
    "0.0038450572": 18,
    "0.004268167": 4
  },
  "latencyPercentiles": {
    "p10": 0.000370064,
    "p25": 0.000440077,
    "p50": 0.000567452,
    "p75": 0.00077948,
    "p90": 0.000946415,
    "p95": 0.001059624,
    "p99": 0.00147716
  },
  "rps": {
    "mean": 79276.12277521916,
    "stddev": 12126.96203540487,
    "max": 99888.65971159688,
    "percentiles": {
      "p10": 60471.59524372527,
      "p25": 71871.34486464983,
      "p50": 82073.36174596753,
      "p75": 88323.90044746068,
      "p90": 93103.82939053742,
      "p95": 95094.07542687852,
      "p99": 97828.11570032313
    }
  },
  "details": {
    "DNSDialup": {
      "average": 0.0006931411999999999,
      "fastest": 0.000083096,
      "slowest": 0.001202555
    },
    "DNSLookup": {
      "average": 0.000007918340000000001,
      "fastest": 0.000003075,
      "slowest": 0.000031689
    }
  },
  "statusCodeDistribution": {
    "200": 792894
  },
  "errorDistribution": {}
}