{
  "summary": {
    "successRate": 1,
    "total": 10.000765121,
    "slowest": 0.003068037,
    "fastest": 0.000036239,
    "average": 0.00046123905764431213,
    "requestsPerSec": 108120.3274866913,
    "totalData": 14056718,
    "sizePerRequest": 13,
    "sizePerSec": 1405564.2573269869
  },
  "responseTimeHistogram": {
    "0.000036239": 1,
    "0.0003394188": 252931,
    "0.0006425986": 717252,
    "0.0009457783999999999": 95709,
    "0.0012489582": 14800,
    "0.001552138": 441,
    "0.0018553177999999998": 98,
    "0.0021584976": 12,
    "0.0024616774": 12,
    "0.0027648572": 17,
    "0.003068037": 13
  },
  "latencyPercentiles": {
    "p10": 0.00026926,
    "p25": 0.000346521,
    "p50": 0.000450688,
    "p75": 0.000551089,
    "p90": 0.000645836,
    "p95": 0.000744847,
    "p99": 0.000990142
  },
  "rps": {
    "mean": 108143.20069711476,
    "stddev": 12555.333888621411,
    "max": 146907.4624475348,
    "percentiles": {
      "p10": 94003.94816582289,
      "p25": 98610.9611807169,
      "p50": 106143.48476269789,
      "p75": 116620.44356375719,
      "p90": 125610.07392792849,
      "p95": 130792.36556856589,
      "p99": 138527.02662289402
    }
  },
  "details": {
    "DNSDialup": {
      "average": 0.0004130010400000001,
      "fastest": 0.000071133,
      "slowest": 0.000569097
    },
    "DNSLookup": {
      "average": 0.000005480179999999999,
      "fastest": 0.000003029,
      "slowest": 0.000030527
    }
  },
  "statusCodeDistribution": {
    "200": 1081286
  },
  "errorDistribution": {}
}