{
  "summary": {
    "successRate": 1,
    "total": 10.000586879,
    "slowest": 0.004233175,
    "fastest": 0.000039203,
    "average": 0.0007344759904844274,
    "requestsPerSec": 67895.3153665213,
    "totalData": 8826909,
    "sizePerRequest": 13,
    "sizePerSec": 882639.0997647769
  },
  "responseTimeHistogram": {
    "0.000039203": 1,
    "0.00045860019999999994": 123813,
    "0.0008779974": 351213,
    "0.0012973945999999999": 172345,
    "0.0017167918": 24255,
    "0.0021361889999999997": 6845,
    "0.0025555861999999995": 407,
    "0.0029749833999999998": 73,
    "0.0033943805999999996": 12,
    "0.0038137777999999994": 20,
    "0.004233175": 9
  },
  "latencyPercentiles": {
    "p10": 0.000403457,
    "p25": 0.000500099,
    "p50": 0.000692858,
    "p75": 0.000924702,
    "p90": 0.001062365,
    "p95": 0.001269001,
    "p99": 0.001735737
  },
  "rps": {
    "mean": 67881.81742058472,
    "stddev": 10876.509506164824,
    "max": 95321.11362666478,
    "percentiles": {
      "p10": 54305.58261389274,
      "p25": 59420.18921672886,
      "p50": 67016.72067180712,
      "p75": 75524.25326780538,
      "p90": 83048.9066896987,
      "p95": 86853.14543969277,
      "p99": 92607.84700501389
    }
  },
  "details": {
    "DNSDialup": {
      "average": 0.00089062394,
      "fastest": 0.000134989,
      "slowest": 0.001274655
    },
    "DNSLookup": {
      "average": 0.00000796844,
      "fastest": 0.000004409,
      "slowest": 0.000045806
    }
  },
  "statusCodeDistribution": {
    "200": 678993
  },
  "errorDistribution": {}
}