{
  "summary": {
    "successRate": 1,
    "total": 10.001654169,
    "slowest": 0.011711034,
    "fastest": 0.000316034,
    "average": 0.0021660232606387723,
    "requestsPerSec": 23039.188928788884,
    "totalData": 2995590,
    "sizePerRequest": 13,
    "sizePerSec": 299509.4560742555
  },
  "responseTimeHistogram": {
    "0.000316034": 1,
    "0.001455534": 573,
    "0.0025950340000000004": 206314,
    "0.0037345340000000003": 13249,
    "0.004874034": 9154,
    "0.006013534": 314,
    "0.007153034000000001": 25,
    "0.008292534": 86,
    "0.009432034": 36,
    "0.010571534": 106,
    "0.011711034": 572
  },
  "latencyPercentiles": {
    "p10": 0.001886714,
    "p25": 0.001922468,
    "p50": 0.001965441,
    "p75": 0.0020367,
    "p90": 0.002621576,
    "p95": 0.003636502,
    "p99": 0.00451489
  },
  "rps": {
    "mean": 23072.44530054765,
    "stddev": 4448.918515695638,
    "max": 43368.068264802605,
    "percentiles": {
      "p10": 16930.306942457704,
      "p25": 20368.04656821137,
      "p50": 25245.823572206835,
      "p75": 26016.71053317682,
      "p90": 26439.603882654992,
      "p95": 26711.408104670827,
      "p99": 27206.910555281305
    }
  },
  "details": {
    "DNSDialup": {
      "average": 0.000504973,
      "fastest": 0.000059896,
      "slowest": 0.001092493
    },
    "DNSLookup": {
      "average": 0.000006170160000000002,
      "fastest": 0.000002811,
      "slowest": 0.000040377
    }
  },
  "statusCodeDistribution": {
    "200": 230430
  },
  "errorDistribution": {}
}