{
  "summary": {
    "successRate": 1,
    "total": 10.000624882,
    "slowest": 0.014574441,
    "fastest": 0.000413928,
    "average": 0.0031780107236231295,
    "requestsPerSec": 15699.31897781585,
    "totalData": 2041039,
    "sizePerRequest": 13,
    "sizePerSec": 204091.14671160604
  },
  "responseTimeHistogram": {
    "0.000413928": 1,
    "0.0018299793000000001": 193,
    "0.0032460306": 135597,
    "0.0046620819": 16005,
    "0.0060781332": 4196,
    "0.007494184500000001": 195,
    "0.0089102358": 129,
    "0.0103262871": 186,
    "0.0117423384": 20,
    "0.0131583897": 462,
    "0.014574441": 19
  },
  "latencyPercentiles": {
    "p10": 0.002891243,
    "p25": 0.00295601,
    "p50": 0.003018727,
    "p75": 0.003090399,
    "p90": 0.003488428,
    "p95": 0.004328925,
    "p99": 0.005623944
  },
  "rps": {
    "mean": 15710.701663802076,
    "stddev": 2436.2281854344374,
    "max": 24143.303429030548,
    "percentiles": {
      "p10": 13010.624475948172,
      "p25": 15438.359692327589,
      "p50": 16414.143018652077,
      "p75": 17076.25572757749,
      "p90": 17410.49921536966,
      "p95": 17643.149446723266,
      "p99": 17974.48266125249
    }
  },
  "details": {
    "DNSDialup": {
      "average": 0.0007302646399999999,
      "fastest": 0.000097281,
      "slowest": 0.001642758
    },
    "DNSLookup": {
      "average": 0.000006688460000000002,
      "fastest": 0.000003226,
      "slowest": 0.000037309
    }
  },
  "statusCodeDistribution": {
    "200": 157003
  },
  "errorDistribution": {}
}