{
  "summary": {
    "successRate": 1,
    "total": 10.00114573,
    "slowest": 0.014430687,
    "fastest": 0.00040828,
    "average": 0.003080557023208954,
    "requestsPerSec": 16194.444553904126,
    "totalData": 2105519,
    "sizePerRequest": 13,
    "sizePerSec": 210527.77920075363
  },
  "responseTimeHistogram": {
    "0.00040828": 1,
    "0.0018105207": 20,
    "0.0032127614": 135437,
    "0.0046150021": 25167,
    "0.006017242799999999": 654,
    "0.007419483499999999": 79,
    "0.0088217242": 532,
    "0.0102239649": 23,
    "0.0116262056": 11,
    "0.0130284463": 12,
    "0.014430687": 27
  },
  "latencyPercentiles": {
    "p10": 0.00278593,
    "p25": 0.002863008,
    "p50": 0.002954441,
    "p75": 0.003083295,
    "p90": 0.003681015,
    "p95": 0.003878296,
    "p99": 0.004488618
  },
  "rps": {
    "mean": 16200.081612619897,
    "stddev": 1644.5633620712922,
    "max": 19425.01355976584,
    "percentiles": {
      "p10": 15003.425281993103,
      "p25": 15562.325557625874,
      "p50": 16296.812997395007,
      "p75": 17278.15156515805,
      "p90": 17812.516699234453,
      "p95": 18102.499975360482,
      "p99": 18539.27753713904
    }
  },
  "details": {
    "DNSDialup": {
      "average": 0.0007494606599999998,
      "fastest": 0.00007391,
      "slowest": 0.001683176
    },
    "DNSLookup": {
      "average": 0.000009011359999999999,
      "fastest": 0.000003136,
      "slowest": 0.000042879
    }
  },
  "statusCodeDistribution": {
    "200": 161963
  },
  "errorDistribution": {}
}