{
  "summary": {
    "successRate": 1,
    "total": 10.000800422,
    "slowest": 0.013584176,
    "fastest": 0.000969806,
    "average": 0.0031736266120255285,
    "requestsPerSec": 15721.94158120757,
    "totalData": 2044016,
    "sizePerRequest": 13,
    "sizePerSec": 204385.2405556984
  },
  "responseTimeHistogram": {
    "0.000969806": 1,
    "0.002231243": 103,
    "0.00349268": 141358,
    "0.004754117": 11461,
    "0.006015554": 3370,
    "0.007276991": 129,
    "0.008538428": 155,
    "0.009799865": 157,
    "0.011061302": 64,
    "0.012322739000000001": 334,
    "0.013584176": 100
  },
  "latencyPercentiles": {
    "p10": 0.002873115,
    "p25": 0.002942485,
    "p50": 0.003014734,
    "p75": 0.003110739,
    "p90": 0.003495909,
    "p95": 0.004263374,
    "p99": 0.005476083
  },
  "rps": {
    "mean": 15734.141971625384,
    "stddev": 2387.603971678955,
    "max": 19638.427210280206,
    "percentiles": {
      "p10": 12999.368472540917,
      "p25": 15426.450191498365,
      "p50": 16350.245940800762,
      "p75": 17125.25482736012,
      "p90": 17457.746734648405,
      "p95": 17700.63191256006,
      "p99": 18115.1404574072
    }
  },
  "details": {
    "DNSDialup": {
      "average": 0.00074263796,
      "fastest": 0.000067046,
      "slowest": 0.00127259
    },
    "DNSLookup": {
      "average": 0.000006530360000000001,
      "fastest": 0.000003497,
      "slowest": 0.000027001
    }
  },
  "statusCodeDistribution": {
    "200": 157232
  },
  "errorDistribution": {}
}