{
  "summary": {
    "successRate": 1,
    "total": 10.00081763,
    "slowest": 0.014521217,
    "fastest": 0.000920172,
    "average": 0.003109309466704011,
    "requestsPerSec": 16047.18793377297,
    "totalData": 2086305,
    "sizePerRequest": 13,
    "sizePerSec": 208613.4431390486
  },
  "responseTimeHistogram": {
    "0.000920172": 1,
    "0.0022802765": 701,
    "0.003640381": 145846,
    "0.0050004855": 10962,
    "0.00636059": 2080,
    "0.0077206945": 95,
    "0.009080799": 101,
    "0.0104409035": 255,
    "0.011801008": 15,
    "0.0131611125": 87,
    "0.014521217": 342
  },
  "latencyPercentiles": {
    "p10": 0.002808735,
    "p25": 0.002877623,
    "p50": 0.002949149,
    "p75": 0.003031574,
    "p90": 0.003469152,
    "p95": 0.004272691,
    "p99": 0.005491443
  },
  "rps": {
    "mean": 16079.728998412264,
    "stddev": 2544.153647562203,
    "max": 25590.309465823557,
    "percentiles": {
      "p10": 13311.85953566031,
      "p25": 15806.564466222995,
      "p50": 16673.46830338377,
      "p75": 17485.613058658444,
      "p90": 18002.453734444345,
      "p95": 18205.55947494714,
      "p99": 18780.666816697645
    }
  },
  "details": {
    "DNSDialup": {
      "average": 0.00079940244,
      "fastest": 0.000125274,
      "slowest": 0.001050435
    },
    "DNSLookup": {
      "average": 0.000006720660000000001,
      "fastest": 0.000003908,
      "slowest": 0.000033994
    }
  },
  "statusCodeDistribution": {
    "200": 160485
  },
  "errorDistribution": {}
}