{
  "summary": {
    "successRate": 1,
    "total": 10.0006444,
    "slowest": 0.013777986,
    "fastest": 0.00163448,
    "average": 0.0030629384140983236,
    "requestsPerSec": 16290.250256273484,
    "totalData": 2117869,
    "sizePerRequest": 13,
    "sizePerSec": 211773.25333155532
  },
  "responseTimeHistogram": {
    "0.00163448": 1,
    "0.0028488306000000003": 48157,
    "0.0040631812": 106077,
    "0.0052775318000000005": 6052,
    "0.0064918824": 1726,
    "0.007706233000000001": 97,
    "0.0089205836": 201,
    "0.010134934200000001": 106,
    "0.011349284800000001": 13,
    "0.012563635400000002": 444,
    "0.013777986000000002": 39
  },
  "latencyPercentiles": {
    "p10": 0.0027744,
    "p25": 0.002836133,
    "p50": 0.002899524,
    "p75": 0.002978611,
    "p90": 0.00335048,
    "p95": 0.004133253,
    "p99": 0.005756526
  },
  "rps": {
    "mean": 16304.247526472842,
    "stddev": 2599.339420629911,
    "max": 21740.78462491855,
    "percentiles": {
      "p10": 13442.302927312434,
      "p25": 16068.372531961004,
      "p50": 16905.732733970293,
      "p75": 17840.476473021667,
      "p90": 18236.09470224432,
      "p95": 18423.272194635094,
      "p99": 18852.80975812746
    }
  },
  "details": {
    "DNSDialup": {
      "average": 0.00071791528,
      "fastest": 0.000088836,
      "slowest": 0.00148632
    },
    "DNSLookup": {
      "average": 0.00000667822,
      "fastest": 0.000003506,
      "slowest": 0.000028393
    }
  },
  "statusCodeDistribution": {
    "200": 162913
  },
  "errorDistribution": {}
}