{
  "summary": {
    "successRate": 1,
    "total": 10.000604732,
    "slowest": 0.012802323,
    "fastest": 0.000396629,
    "average": 0.0029231076764750633,
    "requestsPerSec": 17069.367760709534,
    "totalData": 2219152,
    "sizePerRequest": 13,
    "sizePerSec": 221901.78088922394
  },
  "responseTimeHistogram": {
    "0.000396629": 1,
    "0.0016371984": 195,
    "0.0028777677999999997": 117400,
    "0.0041183372": 46307,
    "0.005358906599999999": 5419,
    "0.006599475999999999": 523,
    "0.0078400454": 54,
    "0.0090806148": 255,
    "0.0103211842": 10,
    "0.0115617536": 514,
    "0.012802323": 26
  },
  "latencyPercentiles": {
    "p10": 0.002592068,
    "p25": 0.002681907,
    "p50": 0.00279572,
    "p75": 0.00291301,
    "p90": 0.003173693,
    "p95": 0.003939898,
    "p99": 0.005217114
  },
  "rps": {
    "mean": 17093.16494853806,
    "stddev": 2529.013907390814,
    "max": 26323.962703244677,
    "percentiles": {
      "p10": 14242.986758336376,
      "p25": 16602.834103781162,
      "p50": 17731.581720201008,
      "p75": 18448.57509823377,
      "p90": 19095.06861812953,
      "p95": 19620.86989584117,
      "p99": 20155.251832039095
    }
  },
  "details": {
    "DNSDialup": {
      "average": 0.0007112535000000002,
      "fastest": 0.000066544,
      "slowest": 0.001380699
    },
    "DNSLookup": {
      "average": 0.000006000380000000001,
      "fastest": 0.000002925,
      "slowest": 0.000030006
    }
  },
  "statusCodeDistribution": {
    "200": 170704
  },
  "errorDistribution": {}
}