{
  "summary": {
    "successRate": 1,
    "total": 10.000637431,
    "slowest": 0.015005199,
    "fastest": 0.001685658,
    "average": 0.003321187860174297,
    "requestsPerSec": 15022.742403828679,
    "totalData": 1953081,
    "sizePerRequest": 13,
    "sizePerSec": 195295.65124977284
  },
  "responseTimeHistogram": {
    "0.001685658": 1,
    "0.0030176121": 17608,
    "0.0043495662": 125275,
    "0.0056815202999999995": 5902,
    "0.007013474400000001": 636,
    "0.0083454285": 63,
    "0.0096773826": 152,
    "0.0110093367": 111,
    "0.0123412908": 347,
    "0.0136732449": 91,
    "0.015005199": 51
  },
  "latencyPercentiles": {
    "p10": 0.003004904,
    "p25": 0.00308505,
    "p50": 0.003170985,
    "p75": 0.00326694,
    "p90": 0.003640635,
    "p95": 0.004328489,
    "p99": 0.005656523
  },
  "rps": {
    "mean": 15042.747280848373,
    "stddev": 2228.1591955629124,
    "max": 20586.694221859656,
    "percentiles": {
      "p10": 12330.853027360998,
      "p25": 15022.03131112087,
      "p50": 15707.633910080627,
      "p75": 16127.927118598713,
      "p90": 16532.584069943492,
      "p95": 16701.511311511596,
      "p99": 17212.911404844795
    }
  },
  "details": {
    "DNSDialup": {
      "average": 0.0007836807199999999,
      "fastest": 0.000166043,
      "slowest": 0.001282781
    },
    "DNSLookup": {
      "average": 0.00000660962,
      "fastest": 0.000003276,
      "slowest": 0.000027942
    }
  },
  "statusCodeDistribution": {
    "200": 150237
  },
  "errorDistribution": {}
}