{
  "summary": {
    "successRate": 1,
    "total": 10.000372657,
    "slowest": 0.015097269,
    "fastest": 0.001055432,
    "average": 0.003202582210532068,
    "requestsPerSec": 15578.519455567524,
    "totalData": 2025283,
    "sizePerRequest": 13,
    "sizePerSec": 202520.7529223778
  },
  "responseTimeHistogram": {
    "0.001055432": 1,
    "0.0024596157": 293,
    "0.0038637994000000004": 142756,
    "0.0052679831": 11182,
    "0.0066721668000000005": 275,
    "0.008076350500000001": 321,
    "0.0094805342": 846,
    "0.0108847179": 72,
    "0.0122889016": 8,
    "0.013693085300000001": 16,
    "0.015097269000000002": 21
  },
  "latencyPercentiles": {
    "p10": 0.00285522,
    "p25": 0.002939868,
    "p50": 0.00304752,
    "p75": 0.003224707,
    "p90": 0.00377728,
    "p95": 0.00403983,
    "p99": 0.005273245
  },
  "rps": {
    "mean": 15590.021420347288,
    "stddev": 1937.5338808711774,
    "max": 20160.44387893583,
    "percentiles": {
      "p10": 13918.829392401389,
      "p25": 15148.896292444026,
      "p50": 15827.189528892515,
      "p75": 16725.921833657794,
      "p90": 17326.60193098302,
      "p95": 17595.21973070411,
      "p99": 18130.403403593307
    }
  },
  "details": {
    "DNSDialup": {
      "average": 0.0007655632400000002,
      "fastest": 0.00007306,
      "slowest": 0.001198182
    },
    "DNSLookup": {
      "average": 0.000007136320000000001,
      "fastest": 0.000003267,
      "slowest": 0.00003194
    }
  },
  "statusCodeDistribution": {
    "200": 155791
  },
  "errorDistribution": {}
}