{
  "summary": {
    "successRate": 1,
    "total": 10.000669844,
    "slowest": 0.015663745,
    "fastest": 0.000396155,
    "average": 0.0033478141509080427,
    "requestsPerSec": 14904.10165769292,
    "totalData": 1937663,
    "sizePerRequest": 13,
    "sizePerSec": 193753.32155000794
  },
  "responseTimeHistogram": {
    "0.000396155": 1,
    "0.001922914": 91,
    "0.003449673": 130411,
    "0.004976431999999999": 13473,
    "0.006503190999999999": 4177,
    "0.00802995": 147,
    "0.009556709": 107,
    "0.011083468": 186,
    "0.012610227": 28,
    "0.014136985999999999": 225,
    "0.015663745": 205
  },
  "latencyPercentiles": {
    "p10": 0.003020141,
    "p25": 0.00309027,
    "p50": 0.00316997,
    "p75": 0.00326625,
    "p90": 0.00369211,
    "p95": 0.004585972,
    "p99": 0.006094317
  },
  "rps": {
    "mean": 14945.797257049639,
    "stddev": 2346.772438965098,
    "max": 20114.96821834149,
    "percentiles": {
      "p10": 11953.90122264702,
      "p25": 15027.61775591086,
      "p50": 15648.83175655512,
      "p75": 16048.913879722604,
      "p90": 16496.63254850772,
      "p95": 16709.07685370104,
      "p99": 17282.15938571962
    }
  },
  "details": {
    "DNSDialup": {
      "average": 0.0008362291599999999,
      "fastest": 0.000118194,
      "slowest": 0.001320609
    },
    "DNSLookup": {
      "average": 0.00000662114,
      "fastest": 0.000003456,
      "slowest": 0.00003265
    }
  },
  "statusCodeDistribution": {
    "200": 149051
  },
  "errorDistribution": {}
}