{
  "summary": {
    "successRate": 1,
    "total": 10.000662096,
    "slowest": 0.015024114,
    "fastest": 0.00177619,
    "average": 0.0032970611029868742,
    "requestsPerSec": 15131.99811645751,
    "totalData": 1967290,
    "sizePerRequest": 13,
    "sizePerSec": 196715.97551394763
  },
  "responseTimeHistogram": {
    "0.00177619": 1,
    "0.0031009823999999997": 58001,
    "0.0044257748": 83485,
    "0.005750567199999999": 8957,
    "0.007075359599999999": 236,
    "0.008400152": 51,
    "0.0097249444": 342,
    "0.0110497368": 162,
    "0.0123745292": 64,
    "0.0136993216": 14,
    "0.015024114": 17
  },
  "latencyPercentiles": {
    "p10": 0.002992389,
    "p25": 0.003062727,
    "p50": 0.003131238,
    "p75": 0.003222737,
    "p90": 0.003705088,
    "p95": 0.004692377,
    "p99": 0.005246584
  },
  "rps": {
    "mean": 15139.123730367466,
    "stddev": 1991.96424836139,
    "max": 18799.767436982576,
    "percentiles": {
      "p10": 12419.563296104747,
      "p25": 14904.19851272059,
      "p50": 15816.49637218528,
      "p75": 16337.086820790433,
      "p90": 16672.220600154258,
      "p95": 16846.867986738926,
      "p99": 17243.55376810934
    }
  },
  "details": {
    "DNSDialup": {
      "average": 0.0007531343600000001,
      "fastest": 0.000078696,
      "slowest": 0.001270927
    },
    "DNSLookup": {
      "average": 0.0000075569799999999976,
      "fastest": 0.000003526,
      "slowest": 0.000061365
    }
  },
  "statusCodeDistribution": {
    "200": 151330
  },
  "errorDistribution": {}
}