{
  "summary": {
    "successRate": 0.16838107551210052,
    "total": 10.000493657,
    "slowest": 0.021592807,
    "fastest": 0.000485481,
    "average": 0.0032063281274714874,
    "requestsPerSec": 49499.55641974765,
    "totalData": 1083576,
    "sizePerRequest": 13,
    "sizePerSec": 108352.25111527712
  },
  "responseTimeHistogram": {
    "0.000485481": 1,
    "0.0025962135999999998": 435,
    "0.0047069462": 81770,
    "0.0068176788": 483,
    "0.008928411399999999": 562,
    "0.011039143999999999": 51,
    "0.013149876599999999": 0,
    "0.015260609199999999": 0,
    "0.0173713418": 0,
    "0.019482074399999997": 13,
    "0.021592807": 37
  },
  "latencyPercentiles": {
    "p10": 0.002867017,
    "p25": 0.002947144,
    "p50": 0.003048996,
    "p75": 0.003207015,
    "p90": 0.003776309,
    "p95": 0.003996984,
    "p99": 0.005698758
  },
  "rps": {
    "mean": 15591.2311269298,
    "stddev": 1989.1545422734878,
    "max": 19217.689883537376,
    "percentiles": {
      "p10": 14106.02468314106,
      "p25": 15207.872481082924,
      "p50": 15916.470363532511,
      "p75": 16638.204645506004,
      "p90": 17264.87622539341,
      "p95": 17565.56039039568,
      "p99": 18316.42038908673
    }
  },
  "details": {
    "DNSDialup": {
      "average": 0.0005650557600000003,
      "fastest": 0.000077344,
      "slowest": 0.000937485
    },
    "DNSLookup": {
      "average": 0.000011668440000000001,
      "fastest": 0.000003787,
      "slowest": 0.000252522
    }
  },
  "statusCodeDistribution": {
    "200": 83352
  },
  "errorDistribution": {
    "Connection refused (os error 111)": 411668
  }
}