{
  "summary": {
    "successRate": 1,
    "total": 10.00063041,
    "slowest": 0.013897786,
    "fastest": 0.001609577,
    "average": 0.00309393717133649,
    "requestsPerSec": 16127.483307324825,
    "totalData": 2096705,
    "sizePerRequest": 13,
    "sizePerSec": 209657.28299522272
  },
  "responseTimeHistogram": {
    "0.001609577": 1,
    "0.0028383979": 34594,
    "0.0040672188": 117325,
    "0.0052960397000000005": 6684,
    "0.006524860600000001": 1755,
    "0.007753681500000001": 76,
    "0.008982502400000002": 187,
    "0.010211323300000002": 120,
    "0.011440144200000002": 61,
    "0.012668965100000002": 345,
    "0.013897786000000002": 137
  },
  "latencyPercentiles": {
    "p10": 0.002774551,
    "p25": 0.002851873,
    "p50": 0.002931283,
    "p75": 0.003018469,
    "p90": 0.003402002,
    "p95": 0.004293758,
    "p99": 0.005729717
  },
  "rps": {
    "mean": 16148.747953729131,
    "stddev": 2612.340064903916,
    "max": 22561.904224731126,
    "percentiles": {
      "p10": 13273.357866923108,
      "p25": 15883.517121376684,
      "p50": 16737.88620542577,
      "p75": 17644.59671820651,
      "p90": 18112.212400706878,
      "p95": 18337.08082483286,
      "p99": 18808.469453794587
    }
  },
  "details": {
    "DNSDialup": {
      "average": 0.0006775526999999999,
      "fastest": 0.000083078,
      "slowest": 0.001146487
    },
    "DNSLookup": {
      "average": 0.000006460940000000001,
      "fastest": 0.000003426,
      "slowest": 0.000028444
    }
  },
  "statusCodeDistribution": {
    "200": 161285
  },
  "errorDistribution": {}
}