{
  "summary": {
    "successRate": 1,
    "total": 10.001101695,
    "slowest": 0.012980693,
    "fastest": 0.000208704,
    "average": 0.002226711220684596,
    "requestsPerSec": 22412.330844717006,
    "totalData": 2913924,
    "sizePerRequest": 13,
    "sizePerSec": 291360.3009813211
  },
  "responseTimeHistogram": {
    "0.000208704": 1,
    "0.0014859029": 911,
    "0.0027631018": 202044,
    "0.004040300699999999": 14118,
    "0.005317499599999999": 6121,
    "0.006594698499999999": 152,
    "0.0078718974": 1,
    "0.0091490963": 99,
    "0.0104262952": 56,
    "0.0117034941": 569,
    "0.012980693": 76
  },
  "latencyPercentiles": {
    "p10": 0.001931833,
    "p25": 0.001971284,
    "p50": 0.002021935,
    "p75": 0.002115785,
    "p90": 0.002686692,
    "p95": 0.003728537,
    "p99": 0.004656338
  },
  "rps": {
    "mean": 22463.595136345564,
    "stddev": 4298.532103405847,
    "max": 41639.040764693775,
    "percentiles": {
      "p10": 17172.895506848363,
      "p25": 20115.121481617407,
      "p50": 24119.085432302356,
      "p75": 25263.49474133354,
      "p90": 25849.14751565051,
      "p95": 26305.90304464155,
      "p99": 27333.87638146705
    }
  },
  "details": {
    "DNSDialup": {
      "average": 0.00047166832000000003,
      "fastest": 0.000061054,
      "slowest": 0.000950008
    },
    "DNSLookup": {
      "average": 0.000006997720000000002,
      "fastest": 0.000003563,
      "slowest": 0.0000402
    }
  },
  "statusCodeDistribution": {
    "200": 224148
  },
  "errorDistribution": {}
}