{
  "summary": {
    "successRate": 1,
    "total": 10.000465599,
    "slowest": 0.014602756,
    "fastest": 0.000306292,
    "average": 0.003236192948858982,
    "requestsPerSec": 15415.482256687677,
    "totalData": 2004106,
    "sizePerRequest": 13,
    "sizePerSec": 200401.2693369398
  },
  "responseTimeHistogram": {
    "0.000306292": 1,
    "0.0017359384": 413,
    "0.0031655848": 90964,
    "0.0045952312": 59918,
    "0.0060248776": 1834,
    "0.007454524": 336,
    "0.0088841704": 506,
    "0.0103138168": 150,
    "0.0117434632": 13,
    "0.0131731096": 18,
    "0.014602756": 9
  },
  "latencyPercentiles": {
    "p10": 0.002839721,
    "p25": 0.002945906,
    "p50": 0.003097931,
    "p75": 0.003324591,
    "p90": 0.003845377,
    "p95": 0.004157831,
    "p99": 0.005205829
  },
  "rps": {
    "mean": 15421.079087719749,
    "stddev": 1827.0296674916108,
    "max": 21779.263451405255,
    "percentiles": {
      "p10": 13433.699779266284,
      "p25": 14802.0693292922,
      "p50": 15714.245366899173,
      "p75": 16531.003897810206,
      "p90": 17155.35518457429,
      "p95": 17632.139864544013,
      "p99": 18320.130159018492
    }
  },
  "details": {
    "DNSDialup": {
      "average": 0.00086826238,
      "fastest": 0.000113391,
      "slowest": 0.001866797
    },
    "DNSLookup": {
      "average": 0.0000418157,
      "fastest": 0.000003276,
      "slowest": 0.001767077
    }
  },
  "statusCodeDistribution": {
    "200": 154162
  },
  "errorDistribution": {}
}