{
  "summary": {
    "successRate": 1,
    "total": 10.000652561,
    "slowest": 0.014078885,
    "fastest": 0.000306862,
    "average": 0.003003752383071954,
    "requestsPerSec": 16610.416069027957,
    "totalData": 2159495,
    "sizePerRequest": 13,
    "sizePerSec": 215935.40889736344
  },
  "responseTimeHistogram": {
    "0.000306862": 1,
    "0.0016840643": 156,
    "0.0030612666": 140795,
    "0.0044384689": 21047,
    "0.0058156712": 3151,
    "0.0071928734999999995": 115,
    "0.0085700758": 166,
    "0.0099472781": 171,
    "0.0113244804": 422,
    "0.0127016827": 68,
    "0.014078885": 23
  },
  "latencyPercentiles": {
    "p10": 0.002733146,
    "p25": 0.002800044,
    "p50": 0.002874937,
    "p75": 0.00297255,
    "p90": 0.003201975,
    "p95": 0.003807126,
    "p99": 0.005339561
  },
  "rps": {
    "mean": 16626.671947314255,
    "stddev": 2262.1391052149515,
    "max": 22375.53308704383,
    "percentiles": {
      "p10": 14138.575689912288,
      "p25": 16292.323710771923,
      "p50": 17128.110655207536,
      "p75": 17917.882345212165,
      "p90": 18408.77730501889,
      "p95": 18610.399491237033,
      "p99": 19018.882028768992
    }
  },
  "details": {
    "DNSDialup": {
      "average": 0.0007471589199999997,
      "fastest": 0.000094155,
      "slowest": 0.001331621
    },
    "DNSLookup": {
      "average": 0.00002783358,
      "fastest": 0.000003045,
      "slowest": 0.001045966
    }
  },
  "statusCodeDistribution": {
    "200": 166115
  },
  "errorDistribution": {}
}