{
  "summary": {
    "successRate": 1,
    "total": 10.000637937,
    "slowest": 0.014561814,
    "fastest": 0.000973046,
    "average": 0.003244867952275018,
    "requestsPerSec": 15374.619196155385,
    "totalData": 1998828,
    "sizePerRequest": 13,
    "sizePerSec": 199870.04955002002
  },
  "responseTimeHistogram": {
    "0.000973046": 1,
    "0.0023319228": 298,
    "0.0036907996": 139177,
    "0.0050496764": 10649,
    "0.0064085532": 2697,
    "0.0077674300000000005": 122,
    "0.0091263068": 151,
    "0.0104851836": 163,
    "0.0118440604": 106,
    "0.0132029372": 321,
    "0.014561814000000001": 71
  },
  "latencyPercentiles": {
    "p10": 0.00291605,
    "p25": 0.002994023,
    "p50": 0.003073079,
    "p75": 0.003181913,
    "p90": 0.003603755,
    "p95": 0.004457673,
    "p99": 0.005718949
  },
  "rps": {
    "mean": 15395.344950130862,
    "stddev": 2455.527386749752,
    "max": 21381.92392516267,
    "percentiles": {
      "p10": 12366.405122225442,
      "p25": 15223.69415758706,
      "p50": 16076.166213223407,
      "p75": 16708.405754162406,
      "p90": 17107.583242917448,
      "p95": 17343.467933682256,
      "p99": 18088.459803824637
    }
  },
  "details": {
    "DNSDialup": {
      "average": 0.0006992041999999999,
      "fastest": 0.000097794,
      "slowest": 0.001612126
    },
    "DNSLookup": {
      "average": 0.0000066478599999999975,
      "fastest": 0.000003206,
      "slowest": 0.000028904
    }
  },
  "statusCodeDistribution": {
    "200": 153756
  },
  "errorDistribution": {}
}