{
  "summary": {
    "successRate": 1,
    "total": 10.001159298,
    "slowest": 0.016014192,
    "fastest": 0.000774202,
    "average": 0.003192832637904359,
    "requestsPerSec": 15628.588180897907,
    "totalData": 2031952,
    "sizePerRequest": 13,
    "sizePerSec": 203171.6463516728
  },
  "responseTimeHistogram": {
    "0.000774202": 1,
    "0.002298201": 79,
    "0.0038222": 143609,
    "0.005346199": 10120,
    "0.006870198": 1634,
    "0.008394197": 129,
    "0.009918196": 131,
    "0.011442195": 151,
    "0.012966194": 187,
    "0.014490193": 242,
    "0.016014192": 21
  },
  "latencyPercentiles": {
    "p10": 0.002887481,
    "p25": 0.002950544,
    "p50": 0.003017891,
    "p75": 0.003095446,
    "p90": 0.003554464,
    "p95": 0.004399757,
    "p99": 0.005697559
  },
  "rps": {
    "mean": 15644.181823925222,
    "stddev": 2509.1083124680063,
    "max": 18851.7253640527,
    "percentiles": {
      "p10": 12611.280790667288,
      "p25": 15404.692269265215,
      "p50": 16349.58010165826,
      "p75": 17105.927203776155,
      "p90": 17434.039963028026,
      "p95": 17629.90031092763,
      "p99": 18024.32382500408
    }
  },
  "details": {
    "DNSDialup": {
      "average": 0.0005161681799999999,
      "fastest": 0.000081012,
      "slowest": 0.000774272
    },
    "DNSLookup": {
      "average": 0.000006241059999999999,
      "fastest": 0.000003126,
      "slowest": 0.000031679
    }
  },
  "statusCodeDistribution": {
    "200": 156304
  },
  "errorDistribution": {}
}