{
  "summary": {
    "successRate": 1,
    "total": 10.001241819,
    "slowest": 0.014988803,
    "fastest": 0.001006449,
    "average": 0.003246813027313618,
    "requestsPerSec": 15367.69161085715,
    "totalData": 1998048,
    "sizePerRequest": 13,
    "sizePerSec": 199779.99094114293
  },
  "responseTimeHistogram": {
    "0.001006449": 1,
    "0.0024046844": 84,
    "0.0038029198": 140156,
    "0.0052011552": 9857,
    "0.0065993905999999995": 2767,
    "0.007997625999999999": 81,
    "0.0093958614": 99,
    "0.0107940968": 174,
    "0.0121923322": 53,
    "0.013590567599999999": 172,
    "0.014988802999999998": 252
  },
  "latencyPercentiles": {
    "p10": 0.002896759,
    "p25": 0.002969722,
    "p50": 0.003050644,
    "p75": 0.003180107,
    "p90": 0.003646382,
    "p95": 0.004532975,
    "p99": 0.005934884
  },
  "rps": {
    "mean": 15417.778267142952,
    "stddev": 2521.5297542054054,
    "max": 22042.372787904464,
    "percentiles": {
      "p10": 12291.687200233147,
      "p25": 15226.100581618557,
      "p50": 16071.434311225727,
      "p75": 16816.850773353042,
      "p90": 17304.255053391895,
      "p95": 17572.66911058164,
      "p99": 18138.70618512865
    }
  },
  "details": {
    "DNSDialup": {
      "average": 0.0007644256600000002,
      "fastest": 0.00008669,
      "slowest": 0.001215402
    },
    "DNSLookup": {
      "average": 0.000006822200000000001,
      "fastest": 0.000003196,
      "slowest": 0.000032531
    }
  },
  "statusCodeDistribution": {
    "200": 153696
  },
  "errorDistribution": {}
}