{
  "summary": {
    "successRate": 1,
    "total": 10.000580304,
    "slowest": 0.01401922,
    "fastest": 0.000304159,
    "average": 0.0030230133864427677,
    "requestsPerSec": 16503.94226962852,
    "totalData": 2145637,
    "sizePerRequest": 13,
    "sizePerSec": 214551.2495051707
  },
  "responseTimeHistogram": {
    "0.000304159": 1,
    "0.0016756651": 55,
    "0.0030471712": 133350,
    "0.0044186773": 26675,
    "0.0057901834": 3965,
    "0.0071616895": 142,
    "0.0085331956": 91,
    "0.0099047017": 220,
    "0.0112762078": 507,
    "0.0126477139": 25,
    "0.01401922": 18
  },
  "latencyPercentiles": {
    "p10": 0.002718166,
    "p25": 0.002787661,
    "p50": 0.002875798,
    "p75": 0.002996882,
    "p90": 0.003318501,
    "p95": 0.003968224,
    "p99": 0.005344919
  },
  "rps": {
    "mean": 16523.805121500256,
    "stddev": 2428.9237444647397,
    "max": 24401.006134824893,
    "percentiles": {
      "p10": 13829.262719917126,
      "p25": 16067.736757849318,
      "p50": 17117.61402483129,
      "p75": 17851.685986436412,
      "p90": 18470.146994111226,
      "p95": 18686.51063361195,
      "p99": 19215.59124756049
    }
  },
  "details": {
    "DNSDialup": {
      "average": 0.0008454452399999999,
      "fastest": 0.000099898,
      "slowest": 0.001431157
    },
    "DNSLookup": {
      "average": 0.000006424159999999999,
      "fastest": 0.000003206,
      "slowest": 0.000030747
    }
  },
  "statusCodeDistribution": {
    "200": 165049
  },
  "errorDistribution": {}
}