{
  "summary": {
    "successRate": 1,
    "total": 10.000669677,
    "slowest": 0.017351242,
    "fastest": 0.001005926,
    "average": 0.0031310823470802576,
    "requestsPerSec": 15932.133061692766,
    "totalData": 2071316,
    "sizePerRequest": 13,
    "sizePerSec": 207117.72980200595
  },
  "responseTimeHistogram": {
    "0.001005926": 1,
    "0.0026404576": 1876,
    "0.0042749892": 147487,
    "0.005909520799999999": 9217,
    "0.007544052399999999": 142,
    "0.009178584": 155,
    "0.0108131156": 351,
    "0.0124476472": 52,
    "0.0140821788": 12,
    "0.015716710399999997": 18,
    "0.017351242": 21
  },
  "latencyPercentiles": {
    "p10": 0.002808004,
    "p25": 0.002883528,
    "p50": 0.002967458,
    "p75": 0.003081738,
    "p90": 0.003481416,
    "p95": 0.00452227,
    "p99": 0.005235933
  },
  "rps": {
    "mean": 15956.975702041576,
    "stddev": 2200.222481459052,
    "max": 21133.718319236403,
    "percentiles": {
      "p10": 13149.253157552255,
      "p25": 15289.589348788952,
      "p50": 16526.809790842617,
      "p75": 17341.474834629098,
      "p90": 17819.24835207074,
      "p95": 18154.150199212498,
      "p99": 18785.316394819645
    }
  },
  "details": {
    "DNSDialup": {
      "average": 0.0010338272200000006,
      "fastest": 0.000137459,
      "slowest": 0.001559033
    },
    "DNSLookup": {
      "average": 0.0000071186399999999985,
      "fastest": 0.000003256,
      "slowest": 0.000036007
    }
  },
  "statusCodeDistribution": {
    "200": 159332
  },
  "errorDistribution": {}
}