{
  "summary": {
    "successRate": 1,
    "total": 10.000660593,
    "slowest": 0.01470179,
    "fastest": 0.000974596,
    "average": 0.0031599871988651773,
    "requestsPerSec": 15790.056919892913,
    "totalData": 2052843,
    "sizePerRequest": 13,
    "sizePerSec": 205270.73995860788
  },
  "responseTimeHistogram": {
    "0.000974596": 1,
    "0.0023473154": 211,
    "0.0037200348": 144088,
    "0.005092754200000001": 10164,
    "0.0064654736": 2479,
    "0.007838193": 158,
    "0.0092109124": 217,
    "0.0105836318": 289,
    "0.0119563512": 52,
    "0.0133290706": 234,
    "0.01470179": 18
  },
  "latencyPercentiles": {
    "p10": 0.00283343,
    "p25": 0.002907532,
    "p50": 0.002991888,
    "p75": 0.003096353,
    "p90": 0.003524284,
    "p95": 0.004352544,
    "p99": 0.005803435
  },
  "rps": {
    "mean": 15807.13764113367,
    "stddev": 2471.8785845168413,
    "max": 21646.832512607514,
    "percentiles": {
      "p10": 12860.35701222953,
      "p25": 15483.988249060254,
      "p50": 16423.271776106787,
      "p75": 17223.925755267082,
      "p90": 17744.34892656609,
      "p95": 17984.579679774957,
      "p99": 18464.233375065174
    }
  },
  "details": {
    "DNSDialup": {
      "average": 0.0007590751800000002,
      "fastest": 0.000073889,
      "slowest": 0.001365978
    },
    "DNSLookup": {
      "average": 0.000007076939999999999,
      "fastest": 0.000003537,
      "slowest": 0.000029385
    }
  },
  "statusCodeDistribution": {
    "200": 157911
  },
  "errorDistribution": {}
}