{
  "summary": {
    "successRate": 1,
    "total": 10.001277378,
    "slowest": 0.013328453,
    "fastest": 0.00143665,
    "average": 0.003203892613406965,
    "requestsPerSec": 15572.010865590455,
    "totalData": 2024620,
    "sizePerRequest": 13,
    "sizePerSec": 202436.1412526759
  },
  "responseTimeHistogram": {
    "0.00143665": 1,
    "0.0026258303": 677,
    "0.0038150106": 143084,
    "0.0050041909": 8738,
    "0.0061933712000000005": 2289,
    "0.007382551500000001": 133,
    "0.0085717318": 219,
    "0.0097609121": 119,
    "0.0109500924": 29,
    "0.0121392727": 203,
    "0.013328453": 248
  },
  "latencyPercentiles": {
    "p10": 0.002899078,
    "p25": 0.002975953,
    "p50": 0.003053132,
    "p75": 0.003138087,
    "p90": 0.003495812,
    "p95": 0.004279096,
    "p99": 0.005669904
  },
  "rps": {
    "mean": 15579.48127779858,
    "stddev": 2369.472700168583,
    "max": 21764.45980059123,
    "percentiles": {
      "p10": 12740.333347310254,
      "p25": 15292.03894399961,
      "p50": 16291.250318549257,
      "p75": 16858.010098550312,
      "p90": 17216.19355165542,
      "p95": 17464.383242659245,
      "p99": 17960.121506741718
    }
  },
  "details": {
    "DNSDialup": {
      "average": 0.0007171239,
      "fastest": 0.000068876,
      "slowest": 0.001630921
    },
    "DNSLookup": {
      "average": 0.000006586520000000001,
      "fastest": 0.000003346,
      "slowest": 0.000024245
    }
  },
  "statusCodeDistribution": {
    "200": 155740
  },
  "errorDistribution": {}
}