{
  "summary": {
    "successRate": 1,
    "total": 10.000456839,
    "slowest": 0.013419628,
    "fastest": 0.000977333,
    "average": 0.0029491659036113924,
    "requestsPerSec": 16915.127251018177,
    "totalData": 2199067,
    "sizePerRequest": 13,
    "sizePerSec": 219896.6542632363
  },
  "responseTimeHistogram": {
    "0.000977333": 1,
    "0.0022215624999999996": 1052,
    "0.0034657919999999997": 151316,
    "0.0047100215": 15758,
    "0.005954250999999999": 418,
    "0.0071984805": 62,
    "0.008442709999999999": 450,
    "0.0096869395": 58,
    "0.010931169": 9,
    "0.012175398499999998": 17,
    "0.013419628": 18
  },
  "latencyPercentiles": {
    "p10": 0.002686286,
    "p25": 0.002766514,
    "p50": 0.002850056,
    "p75": 0.002963387,
    "p90": 0.003463501,
    "p95": 0.00361269,
    "p99": 0.004210691
  },
  "rps": {
    "mean": 16918.78602501857,
    "stddev": 1756.6880880191864,
    "max": 23986.45437751268,
    "percentiles": {
      "p10": 15382.507153619765,
      "p25": 16146.565079032578,
      "p50": 17066.054162636327,
      "p75": 17869.647963851574,
      "p90": 18651.440673378038,
      "p95": 19110.401791694025,
      "p99": 20254.65665575903
    }
  },
  "details": {
    "DNSDialup": {
      "average": 0.0008824108399999998,
      "fastest": 0.000093303,
      "slowest": 0.001230085
    },
    "DNSLookup": {
      "average": 0.000007685779999999997,
      "fastest": 0.000002995,
      "slowest": 0.000057891
    }
  },
  "statusCodeDistribution": {
    "200": 169159
  },
  "errorDistribution": {}
}