{
  "summary": {
    "successRate": 1,
    "total": 10.000651552,
    "slowest": 0.01445513,
    "fastest": 0.001289057,
    "average": 0.003217525884365366,
    "requestsPerSec": 15505.58973020001,
    "totalData": 2015858,
    "sizePerRequest": 13,
    "sizePerSec": 201572.66649260014
  },
  "responseTimeHistogram": {
    "0.001289057": 1,
    "0.0026056643000000003": 1303,
    "0.0039222716": 141916,
    "0.0052388789000000005": 10138,
    "0.0065554862": 747,
    "0.0078720935": 62,
    "0.009188700800000001": 130,
    "0.010505308100000001": 233,
    "0.0118219154": 376,
    "0.0131385227": 140,
    "0.01445513": 20
  },
  "latencyPercentiles": {
    "p10": 0.00290104,
    "p25": 0.002985157,
    "p50": 0.003068333,
    "p75": 0.003163474,
    "p90": 0.003619286,
    "p95": 0.004285966,
    "p99": 0.005307563
  },
  "rps": {
    "mean": 15519.715784368129,
    "stddev": 2345.7046330204407,
    "max": 25493.10957666862,
    "percentiles": {
      "p10": 12864.114747903785,
      "p25": 15166.59111852958,
      "p50": 16072.676298254406,
      "p75": 16802.049850081923,
      "p90": 17229.21903255746,
      "p95": 17520.902436606262,
      "p99": 18114.319369460994
    }
  },
  "details": {
    "DNSDialup": {
      "average": 0.0007442069,
      "fastest": 0.000082655,
      "slowest": 0.001799509
    },
    "DNSLookup": {
      "average": 0.0000065593,
      "fastest": 0.000003397,
      "slowest": 0.000027421
    }
  },
  "statusCodeDistribution": {
    "200": 155066
  },
  "errorDistribution": {}
}