{
  "summary": {
    "successRate": 1,
    "total": 10.00099695,
    "slowest": 0.013582317,
    "fastest": 0.000987779,
    "average": 0.0030205004061642643,
    "requestsPerSec": 16516.053432053093,
    "totalData": 2147301,
    "sizePerRequest": 13,
    "sizePerSec": 214708.6946166902
  },
  "responseTimeHistogram": {
    "0.000987779": 1,
    "0.0022472328000000003": 1156,
    "0.0035066866000000004": 145217,
    "0.0047661404000000004": 17762,
    "0.0060255942000000005": 363,
    "0.0072850480000000006": 69,
    "0.0085445018": 527,
    "0.009803955599999999": 39,
    "0.0110634094": 9,
    "0.0123228632": 18,
    "0.013582317": 16
  },
  "latencyPercentiles": {
    "p10": 0.002719521,
    "p25": 0.002810882,
    "p50": 0.002912886,
    "p75": 0.003064834,
    "p90": 0.003571027,
    "p95": 0.003787695,
    "p99": 0.004383812
  },
  "rps": {
    "mean": 16512.886830960022,
    "stddev": 1797.3964052528693,
    "max": 26032.027012353337,
    "percentiles": {
      "p10": 15055.970570596683,
      "p25": 15738.365413368196,
      "p50": 16636.23538429097,
      "p75": 17512.805363281488,
      "p90": 18257.31693636317,
      "p95": 18632.33082043997,
      "p99": 19810.832563246684
    }
  },
  "details": {
    "DNSDialup": {
      "average": 0.0007818786800000002,
      "fastest": 0.000093214,
      "slowest": 0.001810593
    },
    "DNSLookup": {
      "average": 0.000006793920000000002,
      "fastest": 0.000002985,
      "slowest": 0.000035156
    }
  },
  "statusCodeDistribution": {
    "200": 165177
  },
  "errorDistribution": {}
}