{
  "summary": {
    "successRate": 1,
    "total": 10.000817387,
    "slowest": 0.013407021,
    "fastest": 0.000951339,
    "average": 0.0030731063117338535,
    "requestsPerSec": 16233.673080666162,
    "totalData": 2110550,
    "sizePerRequest": 13,
    "sizePerSec": 211037.7500486601
  },
  "responseTimeHistogram": {
    "0.000951339": 1,
    "0.0021969071999999997": 182,
    "0.0034424753999999997": 139928,
    "0.0046880436": 20658,
    "0.0059336117999999995": 754,
    "0.007179179999999999": 177,
    "0.0084247482": 313,
    "0.0096703164": 237,
    "0.0109158846": 61,
    "0.0121614528": 15,
    "0.013407021": 24
  },
  "latencyPercentiles": {
    "p10": 0.002770501,
    "p25": 0.002845481,
    "p50": 0.002935248,
    "p75": 0.003074222,
    "p90": 0.003676816,
    "p95": 0.003902787,
    "p99": 0.004666226
  },
  "rps": {
    "mean": 16239.408168908556,
    "stddev": 1818.2353578380093,
    "max": 19904.0882997378,
    "percentiles": {
      "p10": 14923.244445548731,
      "p25": 15581.33598557623,
      "p50": 16495.799354751776,
      "p75": 17291.725688085196,
      "p90": 17889.794244250304,
      "p95": 18225.026221257252,
      "p99": 18858.47447179431
    }
  },
  "details": {
    "DNSDialup": {
      "average": 0.00088981274,
      "fastest": 0.000113772,
      "slowest": 0.001406612
    },
    "DNSLookup": {
      "average": 0.00000700928,
      "fastest": 0.000003807,
      "slowest": 0.000028774
    }
  },
  "statusCodeDistribution": {
    "200": 162350
  },
  "errorDistribution": {}
}