{
  "summary": {
    "successRate": 1,
    "total": 10.000620279,
    "slowest": 0.014481421,
    "fastest": 0.001025073,
    "average": 0.0032028033533610277,
    "requestsPerSec": 15579.13365905531,
    "totalData": 2025413,
    "sizePerRequest": 13,
    "sizePerSec": 202528.73756771904
  },
  "responseTimeHistogram": {
    "0.001025073": 1,
    "0.0023707078": 920,
    "0.0037163426": 141849,
    "0.005061977399999999": 9398,
    "0.006407612199999999": 2778,
    "0.007753247": 105,
    "0.009098881799999998": 100,
    "0.010444516599999999": 141,
    "0.011790151399999999": 89,
    "0.0131357862": 214,
    "0.014481421": 206
  },
  "latencyPercentiles": {
    "p10": 0.00289915,
    "p25": 0.00296841,
    "p50": 0.003039668,
    "p75": 0.003131123,
    "p90": 0.00351791,
    "p95": 0.004356129,
    "p99": 0.005755459
  },
  "rps": {
    "mean": 15601.491623484566,
    "stddev": 2495.673911927079,
    "max": 24061.79230022649,
    "percentiles": {
      "p10": 12603.421829026622,
      "p25": 15253.40675306445,
      "p50": 16210.848299681642,
      "p75": 16997.43125047884,
      "p90": 17358.775076532333,
      "p95": 17603.297097547504,
      "p99": 19202.27546964423
    }
  },
  "details": {
    "DNSDialup": {
      "average": 0.0008379934400000001,
      "fastest": 0.000108752,
      "slowest": 0.001232789
    },
    "DNSLookup": {
      "average": 0.00000781734,
      "fastest": 0.000003297,
      "slowest": 0.000047349
    }
  },
  "statusCodeDistribution": {
    "200": 155801
  },
  "errorDistribution": {}
}