{
  "summary": {
    "successRate": 1,
    "total": 10.000656609,
    "slowest": 0.01408068,
    "fastest": 0.00106024,
    "average": 0.002953853054760203,
    "requestsPerSec": 16888.891060212984,
    "totalData": 2195700,
    "sizePerRequest": 13,
    "sizePerSec": 219555.5837827688
  },
  "responseTimeHistogram": {
    "0.00106024": 1,
    "0.002362284": 297,
    "0.003664328": 160369,
    "0.004966372": 7388,
    "0.006268416000000001": 242,
    "0.007570460000000001": 55,
    "0.008872504": 496,
    "0.010174548": 10,
    "0.011476592": 9,
    "0.012778636000000001": 26,
    "0.014080680000000002": 7
  },
  "latencyPercentiles": {
    "p10": 0.00269112,
    "p25": 0.002764793,
    "p50": 0.002842563,
    "p75": 0.002951183,
    "p90": 0.003489653,
    "p95": 0.003659276,
    "p99": 0.004212553
  },
  "rps": {
    "mean": 16894.578983229458,
    "stddev": 1715.6776857751431,
    "max": 22482.828990283102,
    "percentiles": {
      "p10": 15393.506314758357,
      "p25": 16071.687763268093,
      "p50": 17041.771085106888,
      "p75": 17975.78917994468,
      "p90": 18655.738364421217,
      "p95": 18889.83438538747,
      "p99": 19340.67334295549
    }
  },
  "details": {
    "DNSDialup": {
      "average": 0.00079685148,
      "fastest": 0.000082033,
      "slowest": 0.001703343
    },
    "DNSLookup": {
      "average": 0.00003884086,
      "fastest": 0.000003486,
      "slowest": 0.001620671
    }
  },
  "statusCodeDistribution": {
    "200": 168900
  },
  "errorDistribution": {}
}