{
  "summary": {
    "successRate": 1,
    "total": 10.000799274,
    "slowest": 0.014384057,
    "fastest": 0.001685338,
    "average": 0.0031510368042561034,
    "requestsPerSec": 15834.734370852048,
    "totalData": 2058680,
    "sizePerRequest": 13,
    "sizePerSec": 205851.5468210766
  },
  "responseTimeHistogram": {
    "0.001685338": 1,
    "0.0029552099": 53472,
    "0.0042250818": 96599,
    "0.0054949537": 6281,
    "0.0067648256": 1172,
    "0.0080346975": 47,
    "0.0093045694": 337,
    "0.0105744413": 261,
    "0.0118443132": 51,
    "0.0131141851": 100,
    "0.014384057": 39
  },
  "latencyPercentiles": {
    "p10": 0.002870097,
    "p25": 0.002930106,
    "p50": 0.002994933,
    "p75": 0.003069426,
    "p90": 0.003446662,
    "p95": 0.004288975,
    "p99": 0.005671069
  },
  "rps": {
    "mean": 15841.759704597152,
    "stddev": 2324.1795759841434,
    "max": 19394.783792689992,
    "percentiles": {
      "p10": 13037.45661284889,
      "p25": 15561.534977762514,
      "p50": 16508.754592560806,
      "p75": 17221.544151733266,
      "p90": 17574.03766327139,
      "p95": 17731.542641204305,
      "p99": 18143.77184958658
    }
  },
  "details": {
    "DNSDialup": {
      "average": 0.0007960234400000001,
      "fastest": 0.000119092,
      "slowest": 0.001061119
    },
    "DNSLookup": {
      "average": 0.0000063501599999999995,
      "fastest": 0.000003677,
      "slowest": 0.000024175
    }
  },
  "statusCodeDistribution": {
    "200": 158360
  },
  "errorDistribution": {}
}