{
  "summary": {
    "successRate": 1,
    "total": 10.000595866,
    "slowest": 0.016123575,
    "fastest": 0.000798179,
    "average": 0.003255153892456389,
    "requestsPerSec": 15325.886782514646,
    "totalData": 1992484,
    "sizePerRequest": 13,
    "sizePerSec": 199236.5281726904
  },
  "responseTimeHistogram": {
    "0.000798179": 1,
    "0.0023307186": 376,
    "0.0038632582": 140557,
    "0.005395797799999999": 10816,
    "0.0069283374": 872,
    "0.008460877": 61,
    "0.009993416599999999": 193,
    "0.0115259562": 342,
    "0.0130584958": 9,
    "0.0145910354": 21,
    "0.016123575": 20
  },
  "latencyPercentiles": {
    "p10": 0.002897393,
    "p25": 0.003001277,
    "p50": 0.003105962,
    "p75": 0.003220676,
    "p90": 0.003602759,
    "p95": 0.004624433,
    "p99": 0.005390975
  },
  "rps": {
    "mean": 15335.282853608249,
    "stddev": 2112.066748733187,
    "max": 19214.796633071543,
    "percentiles": {
      "p10": 12525.176858002184,
      "p25": 14950.962369037768,
      "p50": 15918.294896324202,
      "p75": 16608.61369008823,
      "p90": 17109.886535284484,
      "p95": 17379.626174584504,
      "p99": 18067.668840105667
    }
  },
  "details": {
    "DNSDialup": {
      "average": 0.0009575719200000005,
      "fastest": 0.000141174,
      "slowest": 0.001947479
    },
    "DNSLookup": {
      "average": 0.00000594382,
      "fastest": 0.000002715,
      "slowest": 0.000028783
    }
  },
  "statusCodeDistribution": {
    "200": 153268
  },
  "errorDistribution": {}
}