{
  "summary": {
    "successRate": 1,
    "total": 10.000617717,
    "slowest": 0.014255468,
    "fastest": 0.001520836,
    "average": 0.0031239075939061348,
    "requestsPerSec": 15972.413356873842,
    "totalData": 2076542,
    "sizePerRequest": 13,
    "sizePerSec": 207641.37363935995
  },
  "responseTimeHistogram": {
    "0.001520836": 1,
    "0.0027942992": 13582,
    "0.0040677624": 136475,
    "0.005341225600000001": 7530,
    "0.006614688800000001": 1250,
    "0.007888152": 46,
    "0.0091616152": 148,
    "0.0104350784": 145,
    "0.0117085416": 99,
    "0.0129820048": 435,
    "0.014255468": 23
  },
  "latencyPercentiles": {
    "p10": 0.002806284,
    "p25": 0.002881063,
    "p50": 0.002956707,
    "p75": 0.003053063,
    "p90": 0.003477276,
    "p95": 0.004262308,
    "p99": 0.005592771
  },
  "rps": {
    "mean": 15996.2634007783,
    "stddev": 2553.1399975597437,
    "max": 21755.007536569206,
    "percentiles": {
      "p10": 13130.953596913992,
      "p25": 15625.31144200462,
      "p50": 16623.630490740332,
      "p75": 17421.379516943143,
      "p90": 17934.73060581854,
      "p95": 18187.257002922357,
      "p99": 19046.593682124832
    }
  },
  "details": {
    "DNSDialup": {
      "average": 0.0007351241400000003,
      "fastest": 0.000093705,
      "slowest": 0.001649817
    },
    "DNSLookup": {
      "average": 0.00000730726,
      "fastest": 0.000003306,
      "slowest": 0.000031468
    }
  },
  "statusCodeDistribution": {
    "200": 159734
  },
  "errorDistribution": {}
}