{
  "summary": {
    "successRate": 1,
    "total": 10.001469161,
    "slowest": 0.013600584,
    "fastest": 0.001065948,
    "average": 0.0030639073838675582,
    "requestsPerSec": 16281.60796965537,
    "totalData": 2116920,
    "sizePerRequest": 13,
    "sizePerSec": 211660.90360551982
  },
  "responseTimeHistogram": {
    "0.001065948": 1,
    "0.0023194115999999997": 355,
    "0.0035728751999999997": 144031,
    "0.0048263388": 17460,
    "0.0060798024": 341,
    "0.007333266": 68,
    "0.0085867296": 529,
    "0.0098401932": 10,
    "0.0110936568": 8,
    "0.012347120400000001": 15,
    "0.013600584": 22
  },
  "latencyPercentiles": {
    "p10": 0.002783571,
    "p25": 0.002858722,
    "p50": 0.002945784,
    "p75": 0.003077089,
    "p90": 0.003624263,
    "p95": 0.003812371,
    "p99": 0.004404044
  },
  "rps": {
    "mean": 16294.716386719427,
    "stddev": 1628.486668009222,
    "max": 24625.16199052191,
    "percentiles": {
      "p10": 15019.394544174467,
      "p25": 15641.840358775142,
      "p50": 16456.2722228661,
      "p75": 17232.538009215976,
      "p90": 17822.693635807125,
      "p95": 18074.749935834407,
      "p99": 18587.735371137143
    }
  },
  "details": {
    "DNSDialup": {
      "average": 0.0008011016799999999,
      "fastest": 0.000104345,
      "slowest": 0.001248779
    },
    "DNSLookup": {
      "average": 0.000009255619999999996,
      "fastest": 0.000003126,
      "slowest": 0.000129782
    }
  },
  "statusCodeDistribution": {
    "200": 162840
  },
  "errorDistribution": {}
}