{
  "summary": {
    "successRate": 1,
    "total": 10.000587663,
    "slowest": 0.016909108,
    "fastest": 0.000987232,
    "average": 0.003131370993347932,
    "requestsPerSec": 15933.863625790009,
    "totalData": 2071524,
    "sizePerRequest": 13,
    "sizePerSec": 207140.2271352701
  },
  "responseTimeHistogram": {
    "0.000987232": 1,
    "0.0025794195999999997": 402,
    "0.0041716072": 150683,
    "0.0057637948": 7095,
    "0.0073559824": 357,
    "0.008948169999999998": 259,
    "0.0105403576": 101,
    "0.012132545199999999": 115,
    "0.013724732799999998": 296,
    "0.015316920399999998": 18,
    "0.016909108": 21
  },
  "latencyPercentiles": {
    "p10": 0.002837752,
    "p25": 0.002904713,
    "p50": 0.002974084,
    "p75": 0.00304928,
    "p90": 0.0034396,
    "p95": 0.004223721,
    "p99": 0.005512713
  },
  "rps": {
    "mean": 15956.132507256065,
    "stddev": 2417.197985022652,
    "max": 22632.978448230526,
    "percentiles": {
      "p10": 13317.100488737557,
      "p25": 15627.781507185044,
      "p50": 16623.49817741186,
      "p75": 17324.88026054228,
      "p90": 17690.207676003207,
      "p95": 17919.305903831028,
      "p99": 18409.094383843356
    }
  },
  "details": {
    "DNSDialup": {
      "average": 0.0005542297200000002,
      "fastest": 0.00006942,
      "slowest": 0.000861999
    },
    "DNSLookup": {
      "average": 0.000005714860000000001,
      "fastest": 0.000003346,
      "slowest": 0.000026029
    }
  },
  "statusCodeDistribution": {
    "200": 159348
  },
  "errorDistribution": {}
}