{
  "summary": {
    "successRate": 1,
    "total": 10.000688345,
    "slowest": 0.016964783,
    "fastest": 0.001588531,
    "average": 0.0031335434187801693,
    "requestsPerSec": 15924.203865389027,
    "totalData": 2070289,
    "sizePerRequest": 13,
    "sizePerSec": 207014.65025005734
  },
  "responseTimeHistogram": {
    "0.001588531": 1,
    "0.0031261562": 133780,
    "0.0046637814": 20166,
    "0.0062014066": 4376,
    "0.0077390318": 124,
    "0.009276657": 154,
    "0.0108142822": 150,
    "0.0123519074": 149,
    "0.0138895326": 314,
    "0.0154271578": 18,
    "0.016964783": 21
  },
  "latencyPercentiles": {
    "p10": 0.002837107,
    "p25": 0.002900084,
    "p50": 0.002966823,
    "p75": 0.003042973,
    "p90": 0.003466588,
    "p95": 0.004284392,
    "p99": 0.005634462
  },
  "rps": {
    "mean": 15964.710246197375,
    "stddev": 2580.0574158254335,
    "max": 36531.014831485336,
    "percentiles": {
      "p10": 13217.678645188198,
      "p25": 15630.715919853932,
      "p50": 16522.82793907961,
      "p75": 17377.07587861855,
      "p90": 17776.85824662914,
      "p95": 18028.56084609244,
      "p99": 18641.723906449548
    }
  },
  "details": {
    "DNSDialup": {
      "average": 0.0007319332,
      "fastest": 0.000071486,
      "slowest": 0.00114586
    },
    "DNSLookup": {
      "average": 0.000006656159999999998,
      "fastest": 0.000003116,
      "slowest": 0.000028814
    }
  },
  "statusCodeDistribution": {
    "200": 159253
  },
  "errorDistribution": {}
}