{
  "summary": {
    "successRate": 1,
    "total": 10.000400599,
    "slowest": 0.013057835,
    "fastest": 0.001529068,
    "average": 0.0030207454714212974,
    "requestsPerSec": 16515.138405207,
    "totalData": 2147054,
    "sizePerRequest": 13,
    "sizePerSec": 214696.799267691
  },
  "responseTimeHistogram": {
    "0.001529068": 1,
    "0.0026819447": 7933,
    "0.0038348213999999997": 151941,
    "0.0049876981": 3794,
    "0.0061405748": 193,
    "0.007293451499999999": 57,
    "0.0084463282": 1083,
    "0.0095992049": 108,
    "0.0107520816": 16,
    "0.011904958299999999": 16,
    "0.013057834999999999": 16
  },
  "latencyPercentiles": {
    "p10": 0.002729575,
    "p25": 0.002800716,
    "p50": 0.002890553,
    "p75": 0.003025117,
    "p90": 0.003525224,
    "p95": 0.003719002,
    "p99": 0.004717816
  },
  "rps": {
    "mean": 16525.246708748084,
    "stddev": 1951.862816438285,
    "max": 19973.622712793294,
    "percentiles": {
      "p10": 15172.030733108479,
      "p25": 15871.553725661475,
      "p50": 16765.66596642433,
      "p75": 17613.96233631659,
      "p90": 18411.29258139671,
      "p95": 18711.698553936185,
      "p99": 19153.777682733344
    }
  },
  "details": {
    "DNSDialup": {
      "average": 0.0005303856000000001,
      "fastest": 0.000063599,
      "slowest": 0.001049581
    },
    "DNSLookup": {
      "average": 0.000007781499999999998,
      "fastest": 0.000003637,
      "slowest": 0.000033332
    }
  },
  "statusCodeDistribution": {
    "200": 165158
  },
  "errorDistribution": {}
}