{
  "summary": {
    "successRate": 1,
    "total": 10.000603099,
    "slowest": 0.017715551,
    "fastest": 0.000435031,
    "average": 0.0033232973749150784,
    "requestsPerSec": 15014.494477339522,
    "totalData": 1952002,
    "sizePerRequest": 13,
    "sizePerSec": 195188.4282054138
  },
  "responseTimeHistogram": {
    "0.000435031": 1,
    "0.002163083": 259,
    "0.0038911350000000004": 137370,
    "0.005619187": 9976,
    "0.007347239": 1753,
    "0.009075291000000001": 94,
    "0.010803343000000002": 102,
    "0.012531395": 149,
    "0.014259447000000001": 337,
    "0.015987499000000002": 93,
    "0.017715551": 20
  },
  "latencyPercentiles": {
    "p10": 0.003007224,
    "p25": 0.003070422,
    "p50": 0.003137412,
    "p75": 0.003222777,
    "p90": 0.003667435,
    "p95": 0.004570182,
    "p99": 0.006091641
  },
  "rps": {
    "mean": 15066.084662786372,
    "stddev": 2446.8915189115746,
    "max": 22634.24282363808,
    "percentiles": {
      "p10": 11866.990347209101,
      "p25": 15059.39161270749,
      "p50": 15831.86838130857,
      "p75": 16268.965958941568,
      "p90": 16628.719592623118,
      "p95": 16844.602823817117,
      "p99": 17517.630630160736
    }
  },
  "details": {
    "DNSDialup": {
      "average": 0.0007651320800000002,
      "fastest": 0.000094835,
      "slowest": 0.00171207
    },
    "DNSLookup": {
      "average": 0.00000673506,
      "fastest": 0.000003086,
      "slowest": 0.000033492
    }
  },
  "statusCodeDistribution": {
    "200": 150154
  },
  "errorDistribution": {}
}