{
  "summary": {
    "successRate": 1,
    "total": 10.000827583,
    "slowest": 0.014790338,
    "fastest": 0.000952707,
    "average": 0.002932673797732162,
    "requestsPerSec": 17010.192265405443,
    "totalData": 2211508,
    "sizePerRequest": 13,
    "sizePerSec": 221132.49945027076
  },
  "responseTimeHistogram": {
    "0.000952707": 1,
    "0.0023364701": 596,
    "0.0037202332": 163062,
    "0.005103996299999999": 5671,
    "0.006487759399999999": 188,
    "0.0078715225": 341,
    "0.0092552856": 166,
    "0.0106390487": 50,
    "0.0120228118": 12,
    "0.013406574899999999": 18,
    "0.014790338": 11
  },
  "latencyPercentiles": {
    "p10": 0.002651911,
    "p25": 0.002728213,
    "p50": 0.002812072,
    "p75": 0.002935324,
    "p90": 0.003482106,
    "p95": 0.00366092,
    "p99": 0.004380782
  },
  "rps": {
    "mean": 17016.00431467409,
    "stddev": 1824.5082251283523,
    "max": 22639.94818857875,
    "percentiles": {
      "p10": 15483.558572190783,
      "p25": 16229.482477869351,
      "p50": 17248.921038674533,
      "p75": 18096.463197071982,
      "p90": 18791.905572584317,
      "p95": 19152.415021712266,
      "p99": 19531.93750810228
    }
  },
  "details": {
    "DNSDialup": {
      "average": 0.0007460450600000001,
      "fastest": 0.000078791,
      "slowest": 0.001498786
    },
    "DNSLookup": {
      "average": 0.0000069687399999999984,
      "fastest": 0.000003427,
      "slowest": 0.000034355
    }
  },
  "statusCodeDistribution": {
    "200": 170116
  },
  "errorDistribution": {}
}