{
  "summary": {
    "successRate": 1,
    "total": 10.00055307,
    "slowest": 0.013589734,
    "fastest": 0.000328751,
    "average": 0.0030539099982925724,
    "requestsPerSec": 16339.396317007895,
    "totalData": 2124239,
    "sizePerRequest": 13,
    "sizePerSec": 212412.15212110264
  },
  "responseTimeHistogram": {
    "0.000328751": 1,
    "0.0016548492999999998": 139,
    "0.0029809475999999996": 123467,
    "0.0043070459": 32377,
    "0.0056331442": 6002,
    "0.0069592425": 603,
    "0.008285340799999999": 14,
    "0.009611439099999999": 156,
    "0.010937537399999999": 154,
    "0.012263635699999999": 203,
    "0.013589734": 287
  },
  "latencyPercentiles": {
    "p10": 0.002755442,
    "p25": 0.002818265,
    "p50": 0.002888248,
    "p75": 0.002976903,
    "p90": 0.00340002,
    "p95": 0.004210197,
    "p99": 0.005514961
  },
  "rps": {
    "mean": 16359.897519232867,
    "stddev": 2637.9568965005406,
    "max": 22770.49190416262,
    "percentiles": {
      "p10": 13445.560281012662,
      "p25": 16137.65237051093,
      "p50": 16984.80513202357,
      "p75": 17898.373037891728,
      "p90": 18351.189690199586,
      "p95": 18594.89768685808,
      "p99": 19148.09798175915
    }
  },
  "details": {
    "DNSDialup": {
      "average": 0.0005939764599999999,
      "fastest": 0.000073152,
      "slowest": 0.000837144
    },
    "DNSLookup": {
      "average": 0.000006139079999999999,
      "fastest": 0.000003377,
      "slowest": 0.000031279
    }
  },
  "statusCodeDistribution": {
    "200": 163403
  },
  "errorDistribution": {}
}