{
  "summary": {
    "successRate": 1,
    "total": 10.000628477,
    "slowest": 0.016522634,
    "fastest": 0.001338286,
    "average": 0.0033319311833769523,
    "requestsPerSec": 14975.858801718789,
    "totalData": 1946984,
    "sizePerRequest": 13,
    "sizePerSec": 194686.16442234424
  },
  "responseTimeHistogram": {
    "0.001338286": 1,
    "0.0028567208000000004": 1084,
    "0.004375155600000001": 138072,
    "0.005893590400000001": 9812,
    "0.007412025200000001": 196,
    "0.008930460000000001": 26,
    "0.0104488948": 240,
    "0.011967329600000002": 286,
    "0.013485764400000001": 11,
    "0.0150041992": 17,
    "0.016522634": 23
  },
  "latencyPercentiles": {
    "p10": 0.003048928,
    "p25": 0.003102832,
    "p50": 0.003158805,
    "p75": 0.003245835,
    "p90": 0.003680125,
    "p95": 0.004783239,
    "p99": 0.005351503
  },
  "rps": {
    "mean": 14988.381420629334,
    "stddev": 2016.6474025743985,
    "max": 20487.64872218894,
    "percentiles": {
      "p10": 12224.1145106952,
      "p25": 14836.466551135978,
      "p50": 15759.763279837804,
      "p75": 16100.175491911996,
      "p90": 16387.130392912717,
      "p95": 16576.210786713353,
      "p99": 16922.343710068613
    }
  },
  "details": {
    "DNSDialup": {
      "average": 0.0007484869599999998,
      "fastest": 0.000068605,
      "slowest": 0.001654918
    },
    "DNSLookup": {
      "average": 0.00000702466,
      "fastest": 0.000003406,
      "slowest": 0.000028073
    }
  },
  "statusCodeDistribution": {
    "200": 149768
  },
  "errorDistribution": {}
}