{
  "summary": {
    "successRate": 1,
    "total": 10.000638306,
    "slowest": 0.015580676,
    "fastest": 0.001166883,
    "average": 0.0031234507839389258,
    "requestsPerSec": 15975.480275508724,
    "totalData": 2076945,
    "sizePerRequest": 13,
    "sizePerSec": 207681.2435816134
  },
  "responseTimeHistogram": {
    "0.001166883": 1,
    "0.0026082622999999997": 2374,
    "0.0040496416": 146592,
    "0.005491020899999999": 8563,
    "0.006932400199999999": 1361,
    "0.0083737795": 75,
    "0.0098151588": 200,
    "0.0112565381": 117,
    "0.0126979174": 33,
    "0.0141392967": 323,
    "0.015580676": 126
  },
  "latencyPercentiles": {
    "p10": 0.002763661,
    "p25": 0.00285554,
    "p50": 0.002948024,
    "p75": 0.003051699,
    "p90": 0.003525006,
    "p95": 0.004430536,
    "p99": 0.005802679
  },
  "rps": {
    "mean": 16014.175337688459,
    "stddev": 2711.027670949265,
    "max": 22853.642984932485,
    "percentiles": {
      "p10": 12850.756633475297,
      "p25": 15672.159323171658,
      "p50": 16784.88957904554,
      "p75": 17513.274910532746,
      "p90": 18057.47927677192,
      "p95": 18320.62536003033,
      "p99": 18935.22519943893
    }
  },
  "details": {
    "DNSDialup": {
      "average": 0.0007464881000000002,
      "fastest": 0.000076767,
      "slowest": 0.001643296
    },
    "DNSLookup": {
      "average": 0.0000073139,
      "fastest": 0.000003717,
      "slowest": 0.000040255
    }
  },
  "statusCodeDistribution": {
    "200": 159765
  },
  "errorDistribution": {}
}