{
  "summary": {
    "successRate": 1,
    "total": 10.000639735,
    "slowest": 0.014165663,
    "fastest": 0.001054483,
    "average": 0.003239407360682043,
    "requestsPerSec": 15400.114800755793,
    "totalData": 2002143,
    "sizePerRequest": 13,
    "sizePerSec": 200201.49240982533
  },
  "responseTimeHistogram": {
    "0.001054483": 1,
    "0.002365601": 88,
    "0.003676719": 140380,
    "0.004987837": 10649,
    "0.006298955": 2211,
    "0.007610073": 80,
    "0.008921191": 79,
    "0.010232309": 208,
    "0.011543427": 277,
    "0.012854545": 16,
    "0.014165663": 22
  },
  "latencyPercentiles": {
    "p10": 0.002946601,
    "p25": 0.003023264,
    "p50": 0.00309109,
    "p75": 0.003173375,
    "p90": 0.003520041,
    "p95": 0.004548327,
    "p99": 0.005146715
  },
  "rps": {
    "mean": 15411.747557943767,
    "stddev": 1963.0740654697274,
    "max": 18134.56633427888,
    "percentiles": {
      "p10": 13017.984598007832,
      "p25": 15042.247656768342,
      "p50": 16028.424545990249,
      "p75": 16599.98669988965,
      "p90": 16974.82040535904,
      "p95": 17167.461255750524,
      "p99": 17504.28855069566
    }
  },
  "details": {
    "DNSDialup": {
      "average": 0.0008054661599999998,
      "fastest": 0.000115355,
      "slowest": 0.001667506
    },
    "DNSLookup": {
      "average": 0.000011180160000000006,
      "fastest": 0.000003055,
      "slowest": 0.000194392
    }
  },
  "statusCodeDistribution": {
    "200": 154011
  },
  "errorDistribution": {}
}