{
  "summary": {
    "successRate": 1,
    "total": 10.000635217,
    "slowest": 0.013682495,
    "fastest": 0.001158593,
    "average": 0.0029904937240410336,
    "requestsPerSec": 16682.94027127297,
    "totalData": 2168920,
    "sizePerRequest": 13,
    "sizePerSec": 216878.22352654862
  },
  "responseTimeHistogram": {
    "0.001158593": 1,
    "0.0024109832000000003": 681,
    "0.0036633734000000003": 158184,
    "0.0049157636": 6397,
    "0.0061681538": 195,
    "0.007420544": 136,
    "0.0086729342": 1136,
    "0.0099253244": 66,
    "0.0111777146": 9,
    "0.0124301048": 16,
    "0.013682495": 19
  },
  "latencyPercentiles": {
    "p10": 0.002719755,
    "p25": 0.002794108,
    "p50": 0.002871749,
    "p75": 0.002966868,
    "p90": 0.003490596,
    "p95": 0.003653731,
    "p99": 0.004759647
  },
  "rps": {
    "mean": 16691.764723196764,
    "stddev": 1943.920096919816,
    "max": 23753.52619592874,
    "percentiles": {
      "p10": 15244.784603730955,
      "p25": 16071.903609488205,
      "p50": 16926.11530330156,
      "p75": 17850.26475657113,
      "p90": 18421.167763877816,
      "p95": 18660.99516653184,
      "p99": 19064.77639074189
    }
  },
  "details": {
    "DNSDialup": {
      "average": 0.0007695565199999999,
      "fastest": 0.000093796,
      "slowest": 0.00110362
    },
    "DNSLookup": {
      "average": 0.00000698558,
      "fastest": 0.000003076,
      "slowest": 0.000028393
    }
  },
  "statusCodeDistribution": {
    "200": 166840
  },
  "errorDistribution": {}
}