{
  "summary": {
    "successRate": 1,
    "total": 10.000366103,
    "slowest": 0.014020298,
    "fastest": 0.001484929,
    "average": 0.0030804744964003697,
    "requestsPerSec": 16195.607073966341,
    "totalData": 2105506,
    "sizePerRequest": 13,
    "sizePerSec": 210542.89196156245
  },
  "responseTimeHistogram": {
    "0.001484929": 1,
    "0.0027384659": 9308,
    "0.0039920028": 148521,
    "0.0052455397": 2699,
    "0.0064990766000000005": 188,
    "0.007752613500000001": 162,
    "0.0090061504": 994,
    "0.0102596873": 48,
    "0.0115132242": 9,
    "0.0127667611": 16,
    "0.014020298": 16
  },
  "latencyPercentiles": {
    "p10": 0.002778941,
    "p25": 0.00285455,
    "p50": 0.002946102,
    "p75": 0.003097107,
    "p90": 0.003604464,
    "p95": 0.003800344,
    "p99": 0.004858073
  },
  "rps": {
    "mean": 16205.74302344397,
    "stddev": 1907.3403135697831,
    "max": 22945.004430025012,
    "percentiles": {
      "p10": 14936.075112310496,
      "p25": 15639.760964300347,
      "p50": 16454.54946830499,
      "p75": 17303.90722225092,
      "p90": 17859.5688057955,
      "p95": 18210.85660101602,
      "p99": 18733.88585273087
    }
  },
  "details": {
    "DNSDialup": {
      "average": 0.0008757136799999996,
      "fastest": 0.000087031,
      "slowest": 0.001563714
    },
    "DNSLookup": {
      "average": 0.0000150345,
      "fastest": 0.000003506,
      "slowest": 0.000426348
    }
  },
  "statusCodeDistribution": {
    "200": 161962
  },
  "errorDistribution": {}
}