{
  "summary": {
    "successRate": 1,
    "total": 10.000764399,
    "slowest": 0.01350477,
    "fastest": 0.000997505,
    "average": 0.0030949376140306144,
    "requestsPerSec": 16122.067630762513,
    "totalData": 2096029,
    "sizePerRequest": 13,
    "sizePerSec": 209586.87919991266
  },
  "responseTimeHistogram": {
    "0.000997505": 1,
    "0.0022482315": 45,
    "0.003498958": 146226,
    "0.0047496845": 12496,
    "0.006000411": 1742,
    "0.0072511375": 114,
    "0.008501864": 51,
    "0.009752590499999998": 504,
    "0.011003316999999999": 20,
    "0.012254043499999999": 17,
    "0.01350477": 17
  },
  "latencyPercentiles": {
    "p10": 0.002815965,
    "p25": 0.00288238,
    "p50": 0.002950735,
    "p75": 0.003026568,
    "p90": 0.003408589,
    "p95": 0.004436844,
    "p99": 0.004882707
  },
  "rps": {
    "mean": 16131.701264101972,
    "stddev": 2015.410942401763,
    "max": 19926.177842867975,
    "percentiles": {
      "p10": 13867.966905805208,
      "p25": 15474.128814083791,
      "p50": 16558.847314982897,
      "p75": 17456.620548749557,
      "p90": 17851.580539384788,
      "p95": 18109.773844945743,
      "p99": 18505.37025844667
    }
  },
  "details": {
    "DNSDialup": {
      "average": 0.0008029916999999998,
      "fastest": 0.00007892,
      "slowest": 0.001335579
    },
    "DNSLookup": {
      "average": 0.00000668158,
      "fastest": 0.000003737,
      "slowest": 0.000024715
    }
  },
  "statusCodeDistribution": {
    "200": 161233
  },
  "errorDistribution": {}
}