{
  "summary": {
    "successRate": 1,
    "total": 10.000871903,
    "slowest": 0.014668195,
    "fastest": 0.000263757,
    "average": 0.0029773651747923542,
    "requestsPerSec": 16756.139027211375,
    "totalData": 2178488,
    "sizePerRequest": 13,
    "sizePerSec": 217829.8073537479
  },
  "responseTimeHistogram": {
    "0.000263757": 1,
    "0.0017042008000000002": 8,
    "0.0031446446": 142208,
    "0.0045850884": 24098,
    "0.0060255322": 546,
    "0.007465976": 134,
    "0.0089064198": 530,
    "0.0103468636": 2,
    "0.0117873074": 11,
    "0.0132277512": 19,
    "0.014668195": 19
  },
  "latencyPercentiles": {
    "p10": 0.002717318,
    "p25": 0.002787129,
    "p50": 0.002865658,
    "p75": 0.002978805,
    "p90": 0.003497121,
    "p95": 0.003655652,
    "p99": 0.004322035
  },
  "rps": {
    "mean": 16761.198637893074,
    "stddev": 1672.288763536214,
    "max": 19959.378012004054,
    "percentiles": {
      "p10": 15403.31017135642,
      "p25": 16103.918586639853,
      "p50": 16929.29445111857,
      "p75": 17776.69800797172,
      "p90": 18361.831631835776,
      "p95": 18642.247060288642,
      "p99": 19156.620699516126
    }
  },
  "details": {
    "DNSDialup": {
      "average": 0.00071071982,
      "fastest": 0.000069603,
      "slowest": 0.001220787
    },
    "DNSLookup": {
      "average": 0.0000069790799999999976,
      "fastest": 0.000003126,
      "slowest": 0.000035407
    }
  },
  "statusCodeDistribution": {
    "200": 167576
  },
  "errorDistribution": {}
}